OCC_CODE,A_PCT10_2019,A_PCT10_2022,A_PCT10_2024,A_PCT25_2019,A_PCT25_2022,A_PCT25_2024,A_PCT75_2019,A_PCT75_2022,A_PCT75_2024,A_PCT90_2019,A_PCT90_2022,A_PCT90_2024,TOT_EMP_2019,TOT_EMP_2022,TOT_EMP_2024,real_median_wage_2019,real_median_wage_2022,real_median_wage_2024,OCC_TITLE,emp_change_pct_19_24,emp_change_pct_19_22,emp_change_pct_22_24,wage_change_pct_19_24,wage_change_pct_19_22,wage_change_pct_22_24
11-1011,62290.0,74920.0,73710.0,112790.0,122480.0,126080.0,,,,,,,205890.0,199240.0,211850.0,214526.98,204871.12,206420.0,Chief Executives,2.894749623585409,-3.229880033027345,6.3290503914876535,-3.7790025291923697,-4.501000293762591,0.756026520477852
11-1021,45050.0,43470.0,47420.0,65660.0,62070.0,67160.0,157430.0,154560.0,164130.0,,221270.0,,2400280.0,3376680.0,3584420.0,117207.14,106046.1,102950.0,General and Operations Managers,49.33341110203809,40.67858749812522,6.15219683239158,-12.164054169396165,-9.522491547869873,-2.919579315033737
11-1031,17690.0,20970.0,20380.0,19070.0,28690.0,29120.0,75520.0,94030.0,80350.0,100470.0,149710.0,137820.0,52280.0,42890.0,26510.0,34041.01,51985.29,44810.0,Legislators,-49.29227237949503,-17.960979342004592,-38.1907204476568,31.63534219460585,52.71371207846065,-13.80253914136095
11-2011,61930.0,60380.0,63000.0,86330.0,85020.0,85990.0,175940.0,172920.0,178570.0,,,,25100.0,22010.0,21100.0,145968.13,138184.22999999998,126960.0,Advertising and Promotions Managers,-15.93625498007968,-12.310756972111554,-4.134484325306679,-13.022109689286289,-5.332602397523366,-8.12265625390103
11-2021,71010.0,76790.0,81900.0,97710.0,103060.0,111210.0,185320.0,198530.0,211080.0,,,,263680.0,328570.0,384980.0,159156.55000000002,151383.24,161030.0,Marketing Managers,46.00273058252427,24.609375,17.168335514502235,1.1771114666659854,-4.884065406042055,6.372409521688141
11-2022,59810.0,61040.0,66910.0,85150.0,87910.0,95910.0,177830.0,180390.0,201490.0,,,,402600.0,536390.0,603710.0,147282.32,141178.6,138060.0,Sales Managers,49.95280675608544,33.23149528067561,12.55056954827644,-6.261661277470376,-4.144231296736771,-2.208975014626867
11-3021,87480.0,97430.0,104450.0,113110.0,127180.0,134350.0,185610.0,207850.0,216220.0,,,,433960.0,533220.0,645970.0,170216.68,177359.66999999998,171200.0,Computer and Information Systems Managers,48.8547331551295,22.873075859526224,21.14511833764675,0.5776872160824703,4.196410128549088,-3.4729823301994105
11-3031,68370.0,79050.0,86490.0,92310.0,104150.0,118360.0,181980.0,203720.0,214210.0,,,,654790.0,740780.0,818620.0,151062.07,151112.99,161700.0,Financial Managers,25.02023549534965,13.132454680126454,10.507843084316532,7.0420920354129874,0.0337079983082342,7.006022447176785
11-3051,65050.0,67720.0,74900.0,82400.0,85350.0,94620.0,136880.0,139430.0,156330.0,176070.0,178470.0,197310.0,185790.0,211710.0,234380.0,122673.24,116272.36,121440.0,Industrial Production Managers,26.15318370202917,13.951235265622476,10.708044022483586,-1.0053048244262606,-5.2178290880716975,4.444426861207599
11-3061,71450.0,80000.0,85500.0,92560.0,101790.0,107430.0,152890.0,166980.0,175460.0,193400.0,210000.0,219140.0,72100.0,75070.0,81240.0,140850.93,141989.35,139510.0,Purchasing Managers,12.676837725381414,4.119278779472954,8.218995604102837,-0.9520206930831008,0.808244574600972,-1.74615208816718
11-3071,55850.0,57780.0,61200.0,72050.0,75640.0,78360.0,124460.0,130240.0,136050.0,160500.0,169070.0,180590.0,132040.0,169910.0,213000.0,109973.28,106543.36,102010.0,"Transportation, Storage, and Distribution Managers",61.31475310511966,28.68070281732808,25.36048496262727,-7.241104384628702,-3.118866691981905,-4.254943714934465
11-3111,69870.0,77230.0,81660.0,91430.0,99270.0,105210.0,163980.0,172520.0,190890.0,,217650.0,,16900.0,16850.0,20070.0,142200.01,141913.68,140360.0,Compensation and Benefits Managers,18.757396449704142,-0.2958579881656805,19.10979228486647,-1.2939591213812214,-0.2013572291591373,-1.0948063639812549
11-3121,68300.0,76610.0,83790.0,88150.0,98230.0,105590.0,156560.0,171170.0,189960.0,205720.0,224360.0,,154800.0,181360.0,215520.0,135745.36000000002,140530.0,140030.0,Human Resources Managers,39.22480620155039,17.157622739018088,18.8354653727393,3.156380446447661,3.5247171616031547,-0.3557959154628905
11-3131,64720.0,68450.0,75810.0,84720.0,88680.0,96110.0,152340.0,161630.0,169310.0,196070.0,210470.0,219990.0,38510.0,39550.0,44960.0,131826.05000000002,129720.0,127090.0,Training and Development Managers,16.74889639054791,2.70059724746819,13.67888748419722,-3.5926510731376817,-1.5975977433898818,-2.0274437249460373
11-9013,37530.0,37440.0,51700.0,53870.0,53160.0,67970.0,99260.0,103130.0,115200.0,132760.0,139040.0,156530.0,5060.0,6250.0,5910.0,82759.08,81896.56,87980.0,"Farmers, Ranchers, and Other Agricultural Managers",16.798418972332016,23.517786561264824,-5.44,6.308576654066235,-1.042205882424024,7.42819967041351
11-9021,56140.0,62210.0,65160.0,71900.0,78950.0,83480.0,126040.0,131280.0,139330.0,164790.0,168390.0,176990.0,293380.0,303220.0,348330.0,110787.38,109699.88,106980.0,Construction Managers,18.729974776740065,3.354011861749267,14.87698700613416,-3.4366549691851227,-0.981609999261662,-2.4793828397989044
11-9031,30850.0,35190.0,37060.0,37420.0,40470.0,45310.0,62090.0,63240.0,72690.0,82590.0,85390.0,96400.0,52360.0,60010.0,71620.0,56068.23,53714.89,56270.0,"Education and Childcare Administrators, Preschool and Daycare",36.783804430863256,14.61038961038961,19.346775537410437,0.3598651143437144,-4.197278922484273,4.7568002094019
11-9032,63070.0,64690.0,72400.0,76650.0,80290.0,83840.0,121500.0,128740.0,132550.0,148630.0,158770.0,165820.0,271020.0,285910.0,319630.0,112113.2,109526.92,104070.0,"Education Administrators, Kindergarten through Secondary",17.935945686665193,5.494059479005239,11.793921164002658,-7.174177527713059,-2.306847008202423,-4.982263721101623
11-9033,55320.0,61000.0,63820.0,70490.0,77010.0,79880.0,135070.0,132010.0,140940.0,194090.0,196420.0,212420.0,144880.0,167060.0,176420.0,110961.83,108035.14,103960.0,"Education Administrators, Postsecondary",21.76974047487576,15.309221424627278,5.6027774452292585,-6.310124842029012,-2.637564647230496,-3.772050464321145
11-9039,46110.0,48650.0,49490.0,61280.0,64460.0,65180.0,115990.0,119520.0,121720.0,146190.0,154690.0,158050.0,44550.0,50180.0,53330.0,99378.35,96349.53,89040.0,"Education Administrators, All Other",19.70819304152637,12.637485970819304,6.277401355121562,-10.403020376168456,-3.0477664400747315,-7.586471880039268
11-9041,92510.0,102450.0,111450.0,115670.0,128420.0,134930.0,179220.0,189130.0,207210.0,,221550.0,,194250.0,197180.0,210340.0,168437.29,172873.52,167740.0,Architectural and Engineering Managers,8.283140283140284,1.5083655083655083,6.674104878790953,-0.4139760263300414,2.6337576435716707,-2.9695236147213238
11-9051,33210.0,38740.0,42380.0,42260.0,48110.0,53090.0,71270.0,77450.0,82300.0,93040.0,100520.0,105420.0,235470.0,231100.0,244230.0,64337.16,66276.11,65310.0,Food Service Managers,3.720219136195694,-1.8558627425999068,5.68152315015145,1.5120965861719673,3.013732654658672,-1.4577047445904725
11-9071,47160.0,49710.0,51670.0,58840.0,61920.0,70190.0,97770.0,114790.0,120490.0,136650.0,163190.0,165220.0,4450.0,4800.0,4620.0,87190.11,87247.51,85580.0,Gambling Managers,3.820224719101124,7.865168539325842,-3.75,-1.846665866117156,0.0658331547006812,-1.911240790711385
11-9081,31380.0,36860.0,39490.0,40010.0,47000.0,50040.0,75130.0,83630.0,90670.0,105720.0,122440.0,126990.0,38340.0,39870.0,41350.0,63302.09,66924.70999999999,68130.0,Lodging Managers,7.8508085550339075,3.9906103286384975,3.712064208678204,7.626778199582346,5.722749438446642,1.8009640983128776
11-9111,58820.0,64100.0,69680.0,76770.0,81430.0,88560.0,133520.0,143200.0,162420.0,189000.0,209990.0,219080.0,394910.0,476750.0,565840.0,117439.74,113321.23,117960.0,Medical and Health Services Managers,43.28327973462308,20.723709199564457,18.686942842160462,0.4430016619587157,-3.5069134178941552,4.0934695114057655
11-9121,66050.0,73730.0,79830.0,94940.0,103780.0,114110.0,176510.0,210330.0,214820.0,,,,67720.0,82570.0,100870.0,150143.30000000002,156139.63999999998,161180.0,Natural Sciences Managers,48.9515652687537,21.928529238038983,22.16301320092043,7.3507775571737,3.993744642618063,3.228110427307259
11-9131,65370.0,74900.0,81430.0,70160.0,76420.0,87150.0,86300.0,91250.0,99590.0,94880.0,100340.0,109140.0,13850.0,13460.0,13810.0,89434.7,89463.56,92730.0,Postmasters and Mail Superintendents,-0.2888086642599278,-2.815884476534296,2.600297176820208,3.6845877494976818,0.0322693540650335,3.6511401960753656
11-9141,31030.0,35210.0,39360.0,41630.0,45400.0,49530.0,84430.0,84200.0,95760.0,129160.0,129900.0,141040.0,220750.0,261120.0,296640.0,68337.88,65584.27,66700.0,"Property, Real Estate, and Community Association Managers",34.378255945639864,18.2876557191393,13.602941176470589,-2.396738090207078,-4.029405067877436,1.7012158555702392
11-9151,41220.0,46770.0,50020.0,52480.0,58590.0,62420.0,88180.0,95420.0,100600.0,112480.0,123320.0,129820.0,156460.0,162880.0,195490.0,78095.45,80253.44,78240.0,Social and Community Service Managers,24.94567301546721,4.103285184711748,20.02087426326129,0.1850940099583303,2.763272380145073,-2.508851957000226
11-9161,40430.0,46920.0,51260.0,54050.0,59480.0,64470.0,103330.0,106200.0,119690.0,141230.0,147870.0,160420.0,10060.0,11290.0,12570.0,86748.17,85593.58,86130.0,Emergency Management Directors,24.950298210735586,12.226640159045726,11.33746678476528,-0.7126029286842573,-1.3309675581628944,0.6267058814457793
11-9171,44120.0,43910.0,45820.0,57020.0,53490.0,59780.0,111310.0,97910.0,99330.0,161870.0,133010.0,132470.0,9400.0,13680.0,13120.0,88795.05,77950.91,76830.0,Funeral Home Managers,39.57446808510638,45.53191489361702,-4.093567251461988,-13.47490654039837,-12.21255013652225,-1.4379691013228757
13-1011,37300.0,45180.0,48530.0,50590.0,62910.0,63100.0,120430.0,161340.0,168850.0,189420.0,,,17060.0,13130.0,14220.0,85759.62,89214.93,96310.0,"Agents and Business Managers of Artists, Performers, and Athletes",-16.64712778429074,-23.036342321219227,8.3015993907083,12.302269996065752,4.029064028035569,7.9527832393076
13-1020,38230.0,41060.0,46460.0,49280.0,51820.0,58670.0,84630.0,90920.0,99190.0,107510.0,116370.0,127520.0,421280.0,464880.0,486900.0,74873.94,73097.22,75650.0,Buyers and Purchasing Agents,15.576338777060386,10.34941131788834,4.736706246773361,1.036488797036723,-2.372948451757716,3.492307915403621
13-1031,41100.0,46040.0,47810.0,51030.0,57050.0,60100.0,83050.0,85250.0,95990.0,100400.0,102630.0,112150.0,287960.0,285270.0,305020.0,77676.77,78080.62999999999,76790.0,"Claims Adjusters, Examiners, and Investigators",5.924433949159606,-0.9341575218780386,6.923265678129491,-1.141615440497853,0.5199237815887375,-1.6529451670663906
13-1032,44430.0,49940.0,56690.0,53430.0,60980.0,64280.0,77810.0,80590.0,86430.0,93720.0,94440.0,101800.0,13750.0,11430.0,7790.0,73583.01000000001,74999.78,76650.0,"Insurance Appraisers, Auto Damage",-43.34545454545455,-16.87272727272727,-31.84601924759405,4.1680681450785855,1.9254037039256608,2.200299787546045
13-1041,38920.0,41050.0,46230.0,51050.0,52490.0,59130.0,91260.0,97050.0,104800.0,109950.0,118060.0,130030.0,317600.0,359640.0,397770.0,80305.15000000001,77496.89,78420.0,Compliance Officers,25.242443324937025,13.236775818639796,10.602268935602268,-2.3474833183177024,-3.4969861833269835,1.1911574774161913
13-1051,39380.0,42110.0,46330.0,51300.0,53080.0,59830.0,86080.0,93420.0,99630.0,111350.0,120600.0,128640.0,210000.0,225310.0,219530.0,75885.75,76967.2,77070.0,Cost Estimators,4.538095238095238,7.29047619047619,-2.5653544006036126,1.5605696721716529,1.425102868456854,0.1335633880406236
13-1071,37180.0,39340.0,45440.0,47450.0,49160.0,55870.0,81430.0,86280.0,97270.0,105930.0,116060.0,126540.0,633040.0,835360.0,917460.0,72012.96,69443.44,72910.0,Human Resources Specialists,44.92923038038671,31.960065714646785,9.828098065504692,1.2456646692484152,-3.568135513385374,4.991918603110672
13-1074,33900.0,29880.0,29800.0,38640.0,34890.0,32860.0,81330.0,72690.0,58250.0,95990.0,85190.0,86860.0,160.0,550.0,410.0,72001.33,53325.73,48690.0,Farm Labor Contractors,156.25,243.75,-25.454545454545453,-32.376249160953,-25.937854203526527,-8.693233079040825
13-1075,19230.0,38900.0,49880.0,44920.0,61240.0,67670.0,94740.0,106230.0,123090.0,124380.0,131660.0,153440.0,75580.0,62200.0,64590.0,80270.26000000001,88652.81,93500.0,Labor Relations Specialists,-14.540883831701509,-17.70309605715798,3.842443729903537,16.481496384837907,10.44290874353713,5.467610107338958
13-1081,44020.0,46260.0,49260.0,57080.0,60020.0,62920.0,96240.0,99400.0,104330.0,120400.0,124050.0,132110.0,182050.0,202970.0,235640.0,86934.25,83799.12,80880.0,Logisticians,29.436967865970885,11.491348530623457,16.09597477459723,-6.964171198348176,-3.606323169521799,-3.4834733348035107
13-1111,49700.0,55590.0,59720.0,64060.0,70310.0,76770.0,113770.0,127480.0,133140.0,154310.0,167650.0,174140.0,709750.0,808860.0,893900.0,99157.38,103008.49,101190.0,Management Analysts,25.945755547728076,13.964071856287424,10.513562297554584,2.049892806768387,3.883835978723909,-1.7653787566442252
13-1121,28590.0,32050.0,35990.0,37640.0,40030.0,45610.0,65860.0,70230.0,77150.0,86390.0,92880.0,101310.0,117610.0,112070.0,134670.0,58847.8,56817.36,59440.0,"Meeting, Convention, and Event Planners",14.505569254315107,-4.710483802397755,20.165967698759705,1.0063247903914794,-3.450324396154151,4.615913164568012
13-1131,33530.0,37700.0,43200.0,43940.0,46930.0,52590.0,76620.0,80230.0,85280.0,100410.0,102740.0,106960.0,81660.0,94630.0,105930.0,67419.11,66146.39,66490.0,Fundraisers,29.720793534166056,15.88292921871173,11.941244848356758,-1.3781107463447688,-1.887773362775037,0.5194690141064396
13-1141,40140.0,42250.0,48300.0,50000.0,52410.0,59700.0,82920.0,89740.0,99210.0,105600.0,117060.0,128830.0,89300.0,93550.0,102370.0,75083.28,73270.18,77020.0,"Compensation, Benefits, and Job Analysis Specialists",14.63605823068309,4.759238521836506,9.428113308391236,2.579429135221585,-2.4147852890816783,5.117798263904916
13-1151,32680.0,34950.0,37510.0,44680.0,46480.0,48900.0,81290.0,83920.0,91550.0,104200.0,108530.0,120190.0,312450.0,367180.0,436610.0,71187.23,68189.48,65850.0,Training and Development Specialists,39.737558009281486,17.516402624419907,18.90898197069557,-7.497454248465625,-4.211078307162675,-3.4308517970807166
13-1161,34350.0,38280.0,42070.0,46800.0,49980.0,56220.0,89580.0,99000.0,104870.0,122630.0,131850.0,144610.0,678500.0,798620.0,861140.0,74187.77,73756.62999999999,76950.0,Market Research Analysts and Marketing Specialists,26.91820191599116,17.703758290346354,7.82850416969272,3.723295632150685,-0.5811470003748784,4.329603996278044
13-2011,44480.0,48560.0,52780.0,55900.0,60920.0,64660.0,94340.0,101150.0,106450.0,124450.0,132690.0,141420.0,1280700.0,1402420.0,1448290.0,83212.65000000001,84318.0,81680.0,Accountants and Auditors,13.08581244631842,9.504177402982744,3.2707748035538566,-1.841847363351616,1.3283437073569837,-3.128632083303683
13-2020,31160.0,35700.0,38480.0,41980.0,46530.0,49310.0,78670.0,82950.0,90810.0,104540.0,117600.0,122760.0,56320.0,59970.0,59070.0,66302.63,66546.36,65420.0,Property Appraisers and Assessors,4.8828125,6.480823863636363,-1.500750375187594,-1.3312141614895283,0.3676023107982231,-1.6925944559552175
13-2031,50230.0,53000.0,60510.0,61040.0,65360.0,72240.0,96780.0,104290.0,110380.0,116510.0,128170.0,134640.0,51460.0,48430.0,47170.0,89016.02,88923.06,87930.0,Budget Analysts,-8.336572094830936,-5.888068402642829,-2.601693165393351,-1.2200275860457523,-0.1044306406869307,-1.116763188311331
13-2041,43430.0,47960.0,52930.0,55320.0,60290.0,63850.0,101860.0,105900.0,113850.0,145840.0,161800.0,168840.0,73930.0,71960.0,67370.0,85654.95,85236.84999999999,80970.0,Credit Analysts,-8.87325848775869,-2.66468280806168,-6.378543635352973,-5.4695613038125614,-0.4881212352584478,-5.005874806495068
13-2052,42950.0,46700.0,49990.0,57780.0,61960.0,70620.0,154480.0,165590.0,172540.0,,,,210190.0,283060.0,270480.0,102169.55,103116.59,102140.0,Personal Financial Advisors,28.683572006280038,34.66863314144346,-4.444287430226807,-0.0289225116485321,0.9269297946403734,-0.9470735989233126
13-2053,42360.0,47340.0,51640.0,53510.0,59790.0,63070.0,94390.0,100790.0,104820.0,124320.0,130210.0,138020.0,100050.0,105900.0,107820.0,81433.26000000001,82404.62999999999,79880.0,Insurance Underwriters,7.766116941529236,5.847076461769116,1.813031161473088,-1.907402454476229,1.1928418437380264,-3.06369921204669
13-2061,43500.0,48490.0,53420.0,58860.0,62250.0,66800.0,114030.0,118370.0,127210.0,158200.0,162760.0,171540.0,64550.0,63370.0,62830.0,94307.67,88869.01,90400.0,Financial Examiners,-2.6646010844306742,-1.8280402788536017,-0.8521382357582452,-4.143533606545468,-5.766932848621966,1.7227490212842531
13-2071,31670.0,33670.0,38980.0,37250.0,39090.0,45420.0,58470.0,58390.0,61760.0,76740.0,74310.0,77920.0,32110.0,29090.0,28110.0,53439.85,51152.92,50480.0,Credit Counselors,-12.457178449081283,-9.405169729056368,-3.368855276727398,-5.538657013445956,-4.279446892160064,-1.3155065243587234
13-2072,32560.0,34920.0,38490.0,44840.0,47890.0,50460.0,92960.0,99200.0,101920.0,132680.0,138580.0,145780.0,308370.0,345550.0,290530.0,73583.01000000001,71064.94,74180.0,Loan Officers,-5.785257969322568,12.056944579563512,-15.92244248299812,0.8113150032867513,-3.4220807221667155,4.383399183901369
13-2081,33090.0,36570.0,40020.0,41700.0,44530.0,46820.0,76850.0,78330.0,79330.0,101780.0,107120.0,110300.0,53760.0,50610.0,53530.0,63837.07,62643.95,59740.0,"Tax Examiners and Collectors, and Revenue Agents",-0.427827380952381,-5.859375,5.769610748863861,-6.41801072636949,-1.8690080857407811,-4.635643186612589
13-2082,21750.0,27680.0,30500.0,28450.0,34350.0,37750.0,63070.0,74500.0,75590.0,87060.0,96610.0,96240.0,66670.0,82370.0,73570.0,50102.04,52158.25,50560.0,Tax Preparers,10.349482525873706,23.548822558872057,-10.683501274735947,0.9140545973776698,4.104044466053676,-3.064232408104183
15-1211,55180.0,61390.0,63160.0,70000.0,79100.0,80900.0,117120.0,130400.0,132360.0,147670.0,161980.0,166030.0,589060.0,505210.0,497800.0,105739.96,110521.44,103790.0,Computer Systems Analysts,-15.49247954367976,-14.234543170474996,-1.4667168108311397,-1.844108887501004,4.521923405304859,-6.090619159504258
15-1212,57810.0,66010.0,69660.0,75450.0,85270.0,92160.0,128640.0,141130.0,159600.0,158860.0,174540.0,186420.0,125570.0,163690.0,179430.0,115985.99,121072.0,124910.0,Information Security Analysts,42.89241060762921,30.357569483156805,9.615737063962367,7.694041323439145,4.3850209839998735,3.1700145368045463
15-1221,69990.0,78190.0,80670.0,93290.0,99410.0,102710.0,154020.0,176790.0,181210.0,189780.0,232010.0,232120.0,30780.0,33780.0,38480.0,142862.92,147686.22,140910.0,Computer and Information Research Scientists,25.016244314489928,9.746588693957117,13.913558318531678,-1.3669887189762135,3.376173467544964,-4.588254747125359
15-1231,38990.0,42440.0,46010.0,49160.0,52100.0,56720.0,83230.0,89060.0,95710.0,106420.0,115220.0,124470.0,185430.0,168920.0,146450.0,73803.98,73562.05,73340.0,Computer Network Support Specialists,-21.021409696381387,-8.903629401930647,-13.302154866208856,-0.6286652833627617,-0.3278007500408419,-0.3018540130406954
15-1232,32330.0,36580.0,38780.0,40340.0,45330.0,47580.0,68060.0,73720.0,77010.0,88470.0,94920.0,98010.0,647330.0,696830.0,697210.0,60790.01,62579.09,60340.0,Computer User Support Specialists,7.705497968578623,7.646795297607094,0.0545326693741658,-0.7402696594391118,2.943049359590489,-3.578016235135405
15-1241,64770.0,73490.0,79520.0,85290.0,95380.0,102120.0,142610.0,160270.0,164440.0,168390.0,185170.0,198030.0,152420.0,173920.0,177010.0,131058.47,137178.9,130390.0,Computer Network Architects,16.133053405064953,14.105760398897782,1.7766789328426864,-0.5100547869969801,4.669999581102994,-4.948938940318077
15-1244,52370.0,56260.0,60320.0,65460.0,70120.0,75860.0,106310.0,115070.0,123390.0,132520.0,140430.0,150320.0,354450.0,325930.0,318570.0,97122.13,97852.12,96800.0,Network and Computer Systems Administrators,-10.12272534913246,-8.046268867259133,-2.2581535912619275,-0.3316751805175655,0.7516206656505481,-1.0752143131901435
15-1251,50150.0,54310.0,52190.0,65760.0,72460.0,71860.0,112120.0,124060.0,128960.0,140250.0,157690.0,162090.0,199540.0,132740.0,109870.0,100657.65,105721.8,98670.0,Computer Programmers,-44.938358223915,-33.47699709331462,-17.229169805635074,-1.9746636246723508,5.031063212781139,-6.670147500326331
15-1299,43780.0,46540.0,52650.0,62620.0,65430.0,76360.0,117260.0,132030.0,147530.0,146440.0,166780.0,176800.0,393160.0,416320.0,439380.0,102983.65,106737.94,108970.0,"Computer Occupations, All Other",11.756028080170925,5.890731508800489,5.539008455034589,5.812913020659096,3.645520429699271,2.091158963719927
15-2011,64860.0,71760.0,75240.0,81210.0,84800.0,90970.0,148720.0,155670.0,164860.0,193600.0,199300.0,206430.0,22260.0,25010.0,28340.0,126011.05,123223.19,125770.0,Actuaries,27.31356693620845,12.353998203054807,13.314674130347862,-0.1912927477391886,-2.2123932782085385,2.0668268691956424
15-2021,58100.0,57680.0,63430.0,76170.0,82110.0,85720.0,127860.0,140070.0,153340.0,162060.0,171540.0,187660.0,2630.0,2070.0,2220.0,122149.89,121190.91,121680.0,Mathematicians,-15.5893536121673,-21.29277566539924,7.246376811594203,-0.3846831135091479,-0.7850846202153849,0.4035698717007828
15-2031,48670.0,50440.0,53910.0,62780.0,64060.0,66910.0,112680.0,113980.0,124120.0,140790.0,149640.0,159280.0,99680.0,105080.0,107760.0,98634.03,92663.32,91290.0,Operations Research Analysts,8.105939004815408,5.417335473515249,2.5504377617053677,-7.445736527241155,-6.053397595130207,-1.482053524522964
15-2041,52690.0,58090.0,60390.0,68480.0,76360.0,79210.0,118790.0,129060.0,137610.0,146770.0,161300.0,170700.0,39090.0,30780.0,29800.0,106019.08,106932.52,103300.0,Statisticians,-23.76566896904579,-21.25863392171911,-3.1838856400259905,-2.564708163851263,0.8615807645189788,-3.397020850158577
17-1011,48700.0,51310.0,60510.0,62600.0,65220.0,76110.0,105600.0,105190.0,123300.0,137620.0,136400.0,159800.0,105850.0,107490.0,111140.0,93912.25,89550.04,96690.0,"Architects, Except Landscape and Naval",4.997638167217762,1.5493623051487957,3.395664712996558,2.95781434264433,-4.6449850791563465,7.9731511007700355
17-1012,42320.0,42870.0,51990.0,54600.0,54870.0,62650.0,90090.0,94860.0,101580.0,112290.0,121660.0,132250.0,20280.0,18120.0,19580.0,80665.68000000001,79140.01,79660.0,Landscape Architects,-3.451676528599606,-10.650887573964498,8.057395143487858,-1.2467259930121553,-1.8913495801436409,0.6570507130337806
17-1021,41670.0,47550.0,50500.0,52340.0,58660.0,62860.0,85050.0,90690.0,99650.0,103380.0,107600.0,121440.0,11300.0,13270.0,12790.0,76141.61,77713.09,78380.0,Cartographers and Photogrammetrists,13.1858407079646,17.43362831858407,-3.617181612660136,2.939772353119404,2.063891215328906,0.8581694538204614
17-1022,36110.0,39060.0,43680.0,47750.0,48850.0,53590.0,84120.0,85890.0,94550.0,104850.0,106880.0,116330.0,45220.0,47770.0,53080.0,73757.46,68189.48,72740.0,Surveyors,17.381689517912427,5.639097744360902,11.115763031191124,-1.3794672430422716,-7.549039785263768,6.673346093854953
17-2011,72450.0,78170.0,85350.0,91240.0,97620.0,104740.0,145530.0,160840.0,174480.0,166620.0,176280.0,205850.0,63200.0,61580.0,68440.0,135489.5,137157.28,134830.0,Aerospace Engineers,8.291139240506329,-2.5632911392405067,11.139980513153622,-0.4867535860712453,1.2309293340074314,-1.6967965535624494
17-2021,47330.0,50480.0,43020.0,61140.0,63010.0,49930.0,103210.0,106700.0,103940.0,160950.0,146350.0,132700.0,1550.0,1500.0,1680.0,93877.36,90004.06,84630.0,Agricultural Engineers,8.38709677419355,-3.225806451612903,12.0,-9.850468739214651,-4.125914917079052,-5.97090842346445
17-2031,55280.0,63420.0,71860.0,70990.0,78500.0,86630.0,118020.0,129230.0,133570.0,148210.0,159130.0,165060.0,19780.0,19210.0,21860.0,106309.83,107613.55,106950.0,Bioengineers and Biomedical Engineers,10.51567239635996,-2.8816986855409503,13.7948984903696,0.6021738535373429,1.2263400289512278,-0.6166045075178757
17-2041,66810.0,72490.0,78520.0,84720.0,84670.0,96040.0,137860.0,134490.0,152290.0,176090.0,171400.0,182150.0,30120.0,20380.0,20330.0,126499.51,114867.06,121860.0,Chemical Engineers,-32.50332005312085,-32.33731739707835,-0.2453385672227674,-3.667611044501287,-9.195648267728476,6.087854951628432
17-2051,55380.0,61040.0,65920.0,68130.0,74330.0,78790.0,113580.0,117540.0,128290.0,144560.0,138690.0,160990.0,310850.0,307570.0,355410.0,101250.78,97225.14,99590.0,Civil Engineers,14.334888209747469,-1.055171304487695,15.554182787658094,-1.6402639071027392,-3.975910111507289,2.4323544301401885
17-2061,68460.0,78380.0,85430.0,88800.0,103490.0,115500.0,150840.0,167740.0,185380.0,185240.0,208200.0,223820.0,67880.0,74640.0,75710.0,136326.86000000002,143081.16,155020.0,Computer Hardware Engineers,11.53506187389511,9.95875073659399,1.4335476956055735,13.712000701842603,4.954489526128591,8.344103444506597
17-2071,63020.0,65480.0,74670.0,77080.0,80550.0,87590.0,125520.0,132880.0,141630.0,155880.0,166970.0,175460.0,185570.0,182210.0,188790.0,114590.39,111688.92,111910.0,Electrical Engineers,1.735194266314598,-1.8106374952847983,3.611217825585863,-2.339105399676185,-2.5320360634081105,0.1979426428333282
17-2072,66620.0,74880.0,79390.0,82420.0,86190.0,98920.0,133050.0,137870.0,164000.0,164210.0,171430.0,199060.0,128800.0,106640.0,93940.0,122777.91,116931.77,127590.0,"Electronics Engineers, Except Computer",-27.065217391304348,-17.20496894409938,-11.909227306826708,3.9193451004337807,-4.761556863119769,9.114913765523273
17-2081,54330.0,60020.0,64950.0,68000.0,75550.0,80510.0,114250.0,123540.0,130830.0,142070.0,150840.0,161910.0,53150.0,45440.0,37950.0,103344.18,104348.93,104170.0,Environmental Engineers,-28.598306679209784,-14.506114769520224,-16.483274647887324,0.7990967657781912,0.972236656190978,-0.1714727692943214
17-2111,53650.0,59090.0,62050.0,68940.0,78830.0,85400.0,118440.0,127780.0,136150.0,143880.0,152550.0,166670.0,25860.0,21520.0,23220.0,106309.83,108813.46,109660.0,"Health and Safety Engineers, Except Mining Safety Engineers and Inspectors",-10.208816705336426,-16.782675947409125,7.899628252788105,3.151326645899065,2.355031514959614,0.7779736073092504
17-2112,57290.0,62730.0,70000.0,70540.0,77600.0,81910.0,110160.0,117000.0,127480.0,134070.0,134990.0,157140.0,291710.0,321400.0,350230.0,102367.26,104154.35,101140.0,Industrial Engineers,20.061019505673443,10.1779164238456,8.970130678282514,-1.1988794073417706,1.745763245006247,-2.894118200536023
17-2121,65440.0,66360.0,79700.0,75500.0,81320.0,88480.0,116770.0,119550.0,133780.0,147710.0,150260.0,167660.0,11360.0,7450.0,8440.0,107461.2,104759.71,105670.0,Marine Engineers and Naval Architects,-25.70422535211268,-34.41901408450704,13.288590604026846,-1.6668341689837791,-2.5139213036891506,0.8689313859307249
17-2131,57340.0,60700.0,68040.0,72420.0,78580.0,85820.0,120180.0,130260.0,138370.0,148960.0,162300.0,172000.0,26820.0,21510.0,22770.0,108577.68,108251.34,108310.0,Materials Engineers,-15.100671140939598,-19.798657718120804,5.857740585774058,-0.2465331733004495,-0.3005590099180706,0.0541887056548246
17-2141,57130.0,61990.0,68740.0,70280.0,76980.0,81800.0,111980.0,122680.0,130290.0,138020.0,151260.0,161240.0,306990.0,277560.0,286760.0,102844.09,104111.11,102320.0,Mechanical Engineers,-6.589791198410372,-9.586631486367637,3.314598645337945,-0.509596613670262,1.2319813418544556,-1.7203831560339722
17-2151,52160.0,55460.0,62500.0,68240.0,74250.0,81040.0,120890.0,121990.0,129860.0,151230.0,158540.0,163740.0,6280.0,7390.0,6770.0,106019.08,105386.69,101020.0,"Mining and Geological Engineers, Including Mining Safety Engineers",7.802547770700636,17.67515923566879,-8.389715832205685,-4.715264459944382,-0.5964869719676867,-4.143492883209447
17-2161,71860.0,79440.0,88290.0,90170.0,98320.0,103010.0,138330.0,137810.0,157600.0,179430.0,169580.0,187430.0,15850.0,12250.0,14740.0,131953.98,132400.88,127520.0,Nuclear Engineers,-7.003154574132492,-22.71293375394322,20.3265306122449,-3.3602472619620944,0.3386786817646532,-3.686440754774442
17-2171,79270.0,76960.0,78840.0,107020.0,101080.0,107330.0,193430.0,169230.0,191100.0,,220040.0,228790.0,32620.0,20540.0,18970.0,160168.36000000002,142475.8,141280.0,Petroleum Engineers,-41.84549356223176,-37.03249540159411,-7.643622200584225,-11.792816009354166,-11.046226608051692,-0.8393004285640007
17-2199,53730.0,59380.0,62840.0,72180.0,79670.0,85750.0,128780.0,135310.0,152670.0,158830.0,168320.0,183510.0,152340.0,150420.0,150750.0,115183.52,113072.6,117750.0,"Engineers, All Other",-1.0437179992122882,-1.260338716029933,0.2193857199840446,2.2281659737434625,-1.8326580052424275,4.136634339353662
17-3011,35890.0,37770.0,44040.0,44920.0,47580.0,52880.0,69050.0,74440.0,79510.0,82230.0,86180.0,98190.0,98800.0,105960.0,109550.0,65523.420000000006,64665.42,64280.0,Architectural and Civil Drafters,10.880566801619434,7.246963562753036,3.388070970177425,-1.897672618431708,-1.309455458826794,-0.5960217995955153
17-3012,37770.0,43270.0,48680.0,47880.0,49960.0,58800.0,79100.0,80980.0,91780.0,100650.0,99420.0,110180.0,24140.0,20930.0,20020.0,71559.39,69443.44,73720.0,Electrical and Electronics Drafters,-17.06710853355427,-13.297431648715824,-4.3478260869565215,3.0193242284485664,-2.9569145293161347,6.158335474164295
17-3013,36350.0,39030.0,46500.0,45050.0,48400.0,56470.0,72460.0,77930.0,85580.0,92010.0,99070.0,107600.0,55210.0,47540.0,39900.0,66360.78,66276.11,68510.0,Mechanical Drafters,-27.73048360804202,-13.892410795145809,-16.070677324358435,3.2386900817018747,-0.1275904231384836,3.3705810434559296
17-3019,33450.0,38000.0,42170.0,40530.0,46390.0,50970.0,64590.0,71850.0,77750.0,80430.0,86250.0,96620.0,14600.0,17980.0,16010.0,61441.29,62308.84,62010.0,"Drafters, All Other",9.657534246575343,23.15068493150685,-10.956618464961068,0.9256153313187256,1.411998348341963,-0.4796109187717128
17-3021,41680.0,47950.0,53730.0,52130.0,57580.0,64570.0,80520.0,96150.0,102220.0,99970.0,109610.0,120440.0,11540.0,9750.0,9060.0,76781.26000000001,80437.20999999999,79830.0,Aerospace Engineering and Operations Technologists and Technicians,-21.49046793760832,-15.511265164644714,-7.076923076923077,3.970682429540737,4.761513421373889,-0.754886948465756
17-3022,33880.0,37430.0,43550.0,40590.0,46300.0,51730.0,67070.0,74590.0,79550.0,80650.0,85740.0,97840.0,68870.0,62350.0,62130.0,62115.83,64460.03,64200.0,Civil Engineering Technologists and Technicians,-9.786554377813273,-9.46711195005082,-0.3528468323977546,3.355296065431305,3.7739172124078473,-0.4033972680434664
17-3023,39190.0,43930.0,48250.0,50790.0,52400.0,60610.0,78910.0,81890.0,94810.0,96690.0,101480.0,111790.0,122550.0,99050.0,92710.0,75897.38,71767.59,77180.0,Electrical and Electronic Engineering Technologists and Technicians,-24.349245206038358,-19.175846593227256,-6.400807672892478,1.6899397581313025,-5.441281372295075,7.541579701923952
17-3024,36520.0,40300.0,47770.0,45390.0,48550.0,58570.0,74600.0,78250.0,87320.0,93450.0,99390.0,109580.0,14290.0,14540.0,14680.0,67861.05,65476.17,70760.0,Electro-Mechanical and Mechatronics Technologists and Technicians,2.729181245626312,1.749475157452764,0.9628610729023384,4.271890871125626,-3.5143576469860176,8.069851978208257
17-3025,32610.0,35810.0,39670.0,38780.0,42190.0,48250.0,64890.0,66550.0,75290.0,82930.0,84430.0,92280.0,18010.0,13400.0,12500.0,58871.060000000005,55109.38,58890.0,Environmental Engineering Technologists and Technicians,-30.5941143808995,-25.596890616324263,-6.7164179104477615,0.0321720043770148,-6.389693000261941,6.860211455835655
17-3026,35850.0,40710.0,46370.0,44440.0,48750.0,53230.0,71220.0,75510.0,79040.0,87790.0,90430.0,97670.0,67110.0,66560.0,73410.0,65767.65000000001,66168.01,64790.0,Industrial Engineering Technologists and Technicians,9.387572641931158,-0.8195499925495455,10.291466346153848,-1.4865211087822183,0.6087491342627964,-2.0825924793567085
17-3027,35140.0,39890.0,46940.0,44170.0,49060.0,57330.0,72140.0,77310.0,82980.0,88640.0,94720.0,100890.0,42820.0,39610.0,37450.0,66267.74,67011.19,68730.0,Mechanical Engineering Technologists and Technicians,-12.540868752919195,-7.496496964035497,-5.453168391820248,3.7156239219867686,1.1218882672021062,2.5649596731530924
17-3031,28410.0,31840.0,36910.0,34960.0,37720.0,44180.0,59070.0,61070.0,65240.0,75190.0,77310.0,80870.0,53030.0,56580.0,56720.0,52346.630000000005,51001.58,51940.0,Surveying and Mapping Technicians,6.958325476145578,6.694323967565528,0.2474372569812654,-0.7768026327578387,-2.569506384651701,1.839982212315772
19-1011,38260.0,45910.0,48440.0,47130.0,54770.0,59610.0,80830.0,101100.0,128450.0,111740.0,145780.0,235750.0,2690.0,2520.0,2470.0,70128.90000000001,75010.59,79120.0,Animal Scientists,-8.178438661710038,-6.319702602230483,-1.984126984126984,12.820819947268516,6.961024627507328,5.478439777636736
19-1012,40360.0,47900.0,49580.0,52790.0,62160.0,65240.0,94800.0,102810.0,111700.0,124660.0,132230.0,141860.0,13460.0,14720.0,14370.0,80212.11,86328.66,85310.0,Food Scientists and Technologists,6.760772659732541,9.36106983655275,-2.377717391304348,6.355511655284968,7.625469520749426,-1.1799789316780818
19-1013,38410.0,38520.0,45320.0,49630.0,50220.0,57950.0,82420.0,94290.0,98110.0,111480.0,123480.0,131440.0,14150.0,16010.0,16600.0,73501.6,71054.13,71410.0,Soil and Plant Scientists,17.314487632508836,13.14487632508834,3.685196752029981,-2.845652339540916,-3.3298186706139745,0.5008435118408956
19-1021,50620.0,61540.0,64890.0,66550.0,78700.0,78730.0,132200.0,133150.0,134460.0,182870.0,171010.0,168900.0,31360.0,32500.0,34520.0,109891.87,112218.61,103650.0,Biochemists and Biophysicists,10.076530612244898,3.635204081632653,6.215384615384616,-5.680010723268254,2.1172994872141047,-7.635640826419077
19-1022,43500.0,46270.0,51220.0,54760.0,59110.0,63920.0,108390.0,108120.0,120750.0,133280.0,136630.0,150650.0,18270.0,19710.0,19760.0,87980.95,88631.19,87330.0,Microbiologists,8.15544608648057,7.881773399014778,0.2536783358701167,-0.7398760754458744,0.7390690825684484,-1.4680949223405466
19-1023,38880.0,44610.0,48240.0,49860.0,52960.0,58360.0,79000.0,83070.0,90590.0,101780.0,104750.0,113350.0,19250.0,17410.0,16920.0,73583.01000000001,72891.83,72860.0,Zoologists and Wildlife Biologists,-12.103896103896105,-9.55844155844156,-2.8144744399770247,-0.9825773639866175,-0.9393200957666824,-0.0436674453090308
19-1029,48670.0,50730.0,54500.0,63360.0,63920.0,67950.0,101000.0,114670.0,121350.0,133080.0,155570.0,159780.0,40100.0,55300.0,59710.0,95621.86,94371.3,93330.0,"Biological Scientists, All Other",48.90274314214464,37.90523690773068,7.974683544303797,-2.3967950424725064,-1.3078181077004754,-1.1034074978303816
19-1031,39270.0,41360.0,45260.0,49480.0,50230.0,53190.0,79630.0,82750.0,87980.0,98060.0,102670.0,107720.0,22070.0,22880.0,25590.0,72873.58,69681.26,67950.0,Conservation Scientists,15.949252378794744,3.670140462165836,11.844405594405597,-6.75633062078191,-4.380627382379193,-2.484541754841969
19-1032,38890.0,45260.0,49240.0,49300.0,51710.0,58810.0,74400.0,79660.0,85450.0,90080.0,97460.0,103220.0,9510.0,9430.0,9650.0,71861.77,69421.81999999999,70660.0,Foresters,1.4721345951629865,-0.8412197686645636,2.332979851537646,-1.672335652183357,-3.3953380218717286,1.783560269667387
19-1041,44000.0,51170.0,56950.0,56220.0,62320.0,68040.0,92600.0,100940.0,106040.0,119290.0,123430.0,134860.0,7410.0,9430.0,11460.0,82561.37,84880.12,83980.0,Epidemiologists,54.655870445344135,27.26045883940621,21.52704135737009,1.718273328070991,2.8085168644851706,-1.0604603292266734
19-1042,49020.0,58190.0,61860.0,61920.0,66780.0,77260.0,121850.0,132870.0,133870.0,159680.0,170260.0,168210.0,127180.0,110550.0,156300.0,103262.77,108024.33,100590.0,"Medical Scientists, Except Epidemiologists",22.896681868218277,-13.075955338889765,41.38398914518318,-2.5883191008724675,4.611110083527682,-6.8820885072835
19-1099,39380.0,47710.0,52360.0,53780.0,62210.0,66340.0,104340.0,124530.0,123720.0,145510.0,169150.0,168860.0,6450.0,8320.0,7320.0,88283.33,90728.33,87800.0,"Life Scientists, All Other",13.488372093023257,28.992248062015506,-12.01923076923077,-0.5474759504427413,2.76949226994496,-3.227580624486312
19-2011,59420.0,63390.0,70730.0,79010.0,83980.0,94990.0,160650.0,166020.0,177690.0,185780.0,181510.0,191880.0,2070.0,2160.0,1560.0,133268.17,138724.72999999998,132170.0,Astronomers,-24.637681159420293,4.3478260869565215,-27.77777777777778,-0.8240302241713177,4.094421045925646,-4.724990273904287
19-2012,62470.0,74760.0,80020.0,88670.0,108050.0,117450.0,164210.0,176280.0,210260.0,201990.0,219760.0,,16730.0,18840.0,21340.0,142874.55000000002,154420.85,166290.0,Physicists,27.55528989838613,12.61207411835027,13.26963906581741,16.38881802252394,8.081425278329826,7.686235375598563
19-2021,49700.0,50490.0,49990.0,70050.0,66210.0,69440.0,119110.0,115400.0,128940.0,147160.0,141520.0,160710.0,9290.0,9900.0,8780.0,110926.94,90566.18,97450.0,Atmospheric and Space Scientists,-5.489773950484392,6.566200215285253,-11.313131313131311,-12.149384090104714,-18.35510832625511,7.600872643629231
19-2031,44460.0,49050.0,53210.0,57090.0,61960.0,63930.0,104670.0,109270.0,120210.0,133690.0,139200.0,154430.0,83530.0,83940.0,83250.0,90283.69,87204.27,84150.0,Chemists,-0.3352089069795283,0.4908416137914521,-0.8220157255182273,-6.79379631027487,-3.410826473751791,-3.5024317043190707
19-2032,51950.0,61730.0,61460.0,69060.0,80900.0,79980.0,126310.0,135250.0,134140.0,157780.0,165840.0,168500.0,6710.0,7620.0,8330.0,112590.03,112834.78,104160.0,Materials Scientists,24.14307004470939,13.561847988077496,9.317585301837273,-7.487368108881398,0.2173815923132803,-7.688037323243773
19-2041,42810.0,46920.0,50130.0,54100.0,59060.0,62090.0,95140.0,100670.0,103730.0,124760.0,130770.0,134830.0,84290.0,77270.0,84930.0,82991.68000000001,82674.87999999999,80060.0,"Environmental Scientists and Specialists, Including Health",0.7592834262664611,-8.328390081860244,9.913291057331437,-3.532498679385702,-0.3817250114710504,-3.162847046164434
19-2042,51000.0,49150.0,58790.0,65180.0,62770.0,72440.0,130870.0,131610.0,134350.0,187910.0,173620.0,178880.0,29200.0,25230.0,22510.0,107042.52,94565.88,99240.0,"Geoscientists, Except Hydrologists and Geographers",-22.910958904109588,-13.595890410958903,-10.78081648830757,-7.289178169572244,-11.655779404296547,4.94271295312856
19-2043,51220.0,54590.0,60010.0,63650.0,66580.0,73330.0,104280.0,110880.0,114940.0,127400.0,150490.0,139420.0,6440.0,6270.0,5720.0,94517.01,92955.19,92060.0,Hydrologists,-11.180124223602483,-2.639751552795031,-8.771929824561402,-2.599542664331012,-1.652422140734252,-0.9630339091340704
19-2099,51680.0,56520.0,61990.0,77460.0,80530.0,82450.0,139300.0,143350.0,154900.0,165270.0,176280.0,191880.0,17550.0,19820.0,22580.0,127825.33,116715.57,117960.0,"Physical Scientists, All Other",28.66096866096866,12.934472934472934,13.925327951564077,-7.717820873218166,-8.691360311762942,1.0662073620511878
19-3011,59450.0,62480.0,62340.0,78800.0,81810.0,82260.0,143620.0,156940.0,166030.0,185020.0,207230.0,212710.0,19000.0,16370.0,15880.0,122138.26,123169.14,115440.0,Economists,-16.42105263157895,-13.842105263157894,-2.993280390959072,-5.484161965300642,0.8440270886452698,-6.275224459633313
19-3022,32150.0,30770.0,36950.0,43030.0,44150.0,46110.0,79920.0,80620.0,85370.0,108860.0,104890.0,118730.0,9930.0,7880.0,7720.0,68814.71,65303.21,63380.0,Survey Researchers,-22.255790533736157,-20.644511581067476,-2.030456852791878,-7.897599219701726,-5.102833391290913,-2.945046652377424
19-3032,51080.0,72490.0,51880.0,61380.0,85990.0,80790.0,148170.0,209630.0,198170.0,197700.0,210030.0,224590.0,630.0,1280.0,1050.0,108019.44,150561.68,109840.0,Industrial-Organizational Psychologists,66.66666666666666,103.1746031746032,-17.96875,1.6854003316440058,39.383873865667134,-27.046510108016857
19-3039,46100.0,40000.0,51410.0,75740.0,68410.0,73820.0,114870.0,124020.0,145200.0,129530.0,138860.0,163570.0,14220.0,13900.0,17790.0,118381.77,115040.02,117580.0,"Psychologists, All Other",25.105485232067508,-2.250351617440225,27.98561151079137,-0.6772748878480226,-2.822858620883954,2.207909908221513
19-3041,46920.0,57490.0,60710.0,62460.0,71680.0,78150.0,108500.0,126920.0,134780.0,141770.0,166040.0,168590.0,2630.0,2980.0,2950.0,97017.46,106575.79,101690.0,Sociologists,12.167300380228136,13.307984790874524,-1.006711409395973,4.816184633157778,9.852175062097055,-4.584333834166272
19-3051,45850.0,49960.0,55590.0,57960.0,62130.0,66210.0,94000.0,100500.0,104450.0,116280.0,121460.0,128550.0,38560.0,39880.0,43040.0,86469.05,85982.73999999999,83720.0,Urban and Regional Planners,11.618257261410788,3.423236514522822,7.923771313941826,-3.1792300250783403,-0.5624093244924192,-2.631621183507284
19-3091,39460.0,40260.0,44510.0,49760.0,50020.0,51240.0,81480.0,81120.0,83080.0,97950.0,100560.0,104510.0,6720.0,7350.0,8070.0,74048.21,69119.14,64910.0,Anthropologists and Archeologists,20.089285714285715,9.375,9.79591836734694,-12.34089250773247,-6.656568740824399,-6.089688037206481
19-3092,52280.0,57430.0,62390.0,63300.0,67430.0,75590.0,97620.0,105360.0,117190.0,113140.0,121060.0,133680.0,1400.0,1360.0,1380.0,94831.02,96100.9,97200.0,Geographers,-1.4285714285714286,-2.857142857142857,1.4705882352941175,2.498106632196929,1.339097691873387,1.1436937635339584
19-3093,29760.0,37280.0,38630.0,41880.0,47290.0,55190.0,89550.0,93340.0,96330.0,114810.0,123260.0,128500.0,3040.0,3120.0,3140.0,74059.84,69767.73999999999,74050.0,Historians,3.289473684210526,2.631578947368421,0.641025641025641,-0.0132865531440474,-5.795448653413248,6.137879770793794
19-3094,60960.0,65200.0,74750.0,87990.0,89810.0,103030.0,148960.0,163320.0,172050.0,164210.0,176280.0,191880.0,6010.0,5660.0,5950.0,142141.86000000002,138389.62,139380.0,Political Scientists,-0.9983361064891848,-5.823627287853577,5.123674911660777,-1.943030715934078,-2.639785352464094,0.7156461590110622
19-3099,52820.0,56120.0,62570.0,66480.0,70990.0,79210.0,105320.0,113780.0,127880.0,126070.0,137020.0,160810.0,33690.0,33210.0,36970.0,96912.79,96100.9,100340.0,"Social Scientists and Related Workers, All Other",9.735826654793708,-1.4247551202137132,11.321890996687744,3.5363856514707623,-0.8377532005837556,4.411092924207792
19-4021,29540.0,33480.0,38060.0,35870.0,39040.0,45380.0,59210.0,63060.0,66410.0,73350.0,79110.0,81990.0,79530.0,73710.0,76190.0,53335.18,53671.65,52000.0,Biological Technicians,-4.199673079341129,-7.317993210109392,3.3645366978700317,-2.503375820612212,0.6308594064930524,-3.1145865647879307
19-4031,31110.0,35770.0,39030.0,37700.0,41430.0,46680.0,64200.0,64370.0,72940.0,80350.0,81610.0,90990.0,65760.0,56030.0,55640.0,57289.380000000005,54958.04,57790.0,Chemical Technicians,-15.389294403892944,-14.796228710462286,-0.6960556844547563,0.8738443320559505,-4.069410421268311,5.152949413770941
19-4042,29040.0,32180.0,36130.0,35910.0,38780.0,38050.0,61030.0,62900.0,64170.0,80710.0,82690.0,85630.0,32620.0,33920.0,39390.0,54126.02,52298.78,49490.0,"Environmental Science and Protection Technicians, Including Health",20.754138565297364,3.9852851011649295,16.12617924528302,-8.565233505068363,-3.375899428777518,-5.370641533129452
19-4051,52860.0,63500.0,64370.0,64140.0,78410.0,83330.0,98430.0,107470.0,113710.0,117480.0,126050.0,126890.0,6420.0,5880.0,5990.0,95459.04,108554.02,104240.0,Nuclear Technicians,-6.697819314641744,-8.411214953271028,1.870748299319728,9.198667826535852,13.717904558855798,-3.9740766855064327
19-4061,28190.0,33860.0,36410.0,36840.0,41980.0,46190.0,61050.0,64100.0,73060.0,78800.0,82350.0,100620.0,35580.0,28720.0,32940.0,55254.130000000005,54558.07,58040.0,Social Science Research Assistants,-7.419898819561552,-19.280494659921303,14.69359331476323,5.041921753179347,-1.259742936862828,6.382062268698288
19-4071,29830.0,32550.0,36190.0,36160.0,35360.0,42560.0,53790.0,52830.0,66020.0,61370.0,62400.0,80790.0,19060.0,29120.0,31080.0,52916.5,44883.12,54310.0,Forest and Conservation Technicians,63.06400839454355,52.7806925498426,6.730769230769231,2.633394120926365,-15.1812383661051,21.00317446737216
19-4092,35620.0,39710.0,45560.0,45180.0,49320.0,53310.0,77200.0,82160.0,88710.0,97350.0,104330.0,110710.0,16520.0,17590.0,19450.0,68791.45,68902.94,67440.0,Forensic Science Technicians,17.736077481840194,6.476997578692494,10.574189880613986,-1.9645610028571825,0.1620695595164882,-2.1231895184733807
19-4099,30050.0,33270.0,37310.0,38010.0,39360.0,46270.0,63940.0,65740.0,77990.0,81710.0,90760.0,101870.0,64260.0,70770.0,71400.0,58789.65,54363.49,60130.0,"Life, Physical, and Social Science Technicians, All Other",11.11111111111111,10.130718954248366,0.8902077151335311,2.2799081130777243,-7.52880821709264,10.607321200312937
19-5011,43630.0,47160.0,50610.0,57400.0,60320.0,64410.0,92470.0,99070.0,105390.0,111130.0,121510.0,130460.0,92780.0,109430.0,128430.0,86178.3,84934.17,83910.0,Occupational Health and Safety Specialists,38.424229359775815,17.945677947833584,17.362697614913642,-2.6321011205837235,-1.4436696941109357,-1.2058397697887648
19-5012,32830.0,36180.0,40550.0,40090.0,46860.0,49510.0,68940.0,75510.0,74810.0,89720.0,94830.0,94670.0,20580.0,23670.0,31450.0,59952.65,62665.57,58440.0,Occupational Health and Safety Technicians,52.818270165208936,15.014577259475216,32.868610054921845,-2.523074459594365,4.52510439488496,-6.743048854418782
21-1012,34380.0,38280.0,43580.0,44010.0,47380.0,51690.0,74430.0,76590.0,83490.0,96090.0,98530.0,105870.0,296460.0,308000.0,342350.0,66337.52,65011.34,65140.0,"Educational, Guidance, and Career Counselors and Advisors",15.479322674222493,3.892599338865277,11.152597402597404,-1.805192596889368,-1.9991401547721523,0.1979039349135143
21-1013,32070.0,36840.0,42610.0,37740.0,44730.0,48600.0,64630.0,75220.0,85020.0,87700.0,98700.0,111610.0,59050.0,62080.0,65870.0,57696.43,61152.17,63780.0,Marriage and Family Therapists,11.54953429297206,5.131244707874682,6.105025773195876,10.544101255484955,5.989521362066939,4.297198284214611
21-1015,23820.0,29120.0,34480.0,28140.0,33790.0,38700.0,48110.0,53470.0,59040.0,63790.0,71270.0,77200.0,109040.0,82420.0,88930.0,41809.85,43229.19,46110.0,Rehabilitation Counselors,-18.442773294203963,-24.413059427732943,7.898568308662945,10.28501656906208,3.394750280137328,6.6640388126634
21-1018,29520.0,34580.0,39090.0,35960.0,39810.0,47170.0,59650.0,64400.0,76230.0,76080.0,82710.0,98210.0,283540.0,344970.0,440380.0,53777.12,53736.51,59190.0,"Substance Abuse, Behavioral Disorder, and Mental Health Counselors",55.31494674472738,21.66537349227622,27.657477461808277,10.065395841205325,-0.0755153864692044,10.148574963279168
21-1019,27030.0,31930.0,36160.0,33690.0,36730.0,42760.0,59170.0,52770.0,66510.0,77590.0,75340.0,91420.0,25420.0,37270.0,33340.0,49927.59,46904.59,49830.0,"Counselors, All Other",31.156569630212434,46.6168371361133,-10.544674000536624,-0.1954630696174275,-6.054768515764544,6.23693757903012
21-1021,30870.0,36380.0,40580.0,37320.0,42060.0,47480.0,60600.0,65250.0,74060.0,78230.0,81920.0,94030.0,327710.0,344770.0,382960.0,55114.57,54936.42,58570.0,"Child, Family, and School Social Workers",16.85941838820909,5.205822220866009,11.076949850625056,6.2695399782670895,-0.3232357614329595,6.614155054151693
21-1022,35000.0,38520.0,45030.0,44200.0,47510.0,55360.0,71000.0,75390.0,83410.0,86130.0,87830.0,100870.0,174890.0,182420.0,185940.0,66000.25,65162.68,68090.0,Healthcare Social Workers,6.318257190233862,4.305563497055291,1.9296129810327811,3.166275885318616,-1.2690406475733045,4.492325975543056
21-1023,29540.0,34630.0,39620.0,35790.0,39730.0,46550.0,61930.0,73050.0,78980.0,80900.0,97660.0,104130.0,117770.0,107940.0,125910.0,54253.95,55390.44,60060.0,Mental Health and Substance Abuse Social Workers,6.911777192833489,-8.346777617389828,16.648137854363533,10.70161711727901,2.094759920706217,8.43026341729729
21-1029,34210.0,37500.0,44530.0,43570.0,46340.0,52010.0,78720.0,81660.0,95390.0,90800.0,95560.0,112740.0,58410.0,54620.0,64940.0,71210.49,66395.02,69480.0,"Social Workers, All Other",11.17959253552474,-6.488614963191234,18.894177956792387,-2.430105452160216,-6.762304261633364,4.646402697069743
21-1091,32890.0,37140.0,42210.0,40970.0,45490.0,49880.0,75050.0,81610.0,84460.0,98680.0,106210.0,112900.0,58590.0,56190.0,65150.0,64220.86,64849.19,63000.0,Health Education Specialists,11.196449906127324,-4.09626216077829,15.94589784659192,-1.9010334025424145,0.9783892647965076,-2.851523665908541
21-1092,36370.0,38550.0,45390.0,43040.0,46140.0,52580.0,72450.0,78810.0,84030.0,94860.0,101080.0,106290.0,88120.0,89920.0,86820.0,63139.27,64708.66,64520.0,Probation Officers and Correctional Treatment Specialists,-1.4752610077167498,2.042669087607808,-3.447508896797153,2.186800702637195,2.485600482869048,-0.291552938972923
21-1093,23750.0,28610.0,33280.0,28190.0,32850.0,37770.0,43800.0,47130.0,53040.0,54230.0,58770.0,63850.0,404450.0,399560.0,424220.0,40774.78,41640.12,45120.0,Social and Human Service Assistants,4.88811966868587,-1.2090493262455186,6.171788967864651,10.656636283506622,2.1222432101411624,8.357036435053514
21-1094,26660.0,32180.0,37930.0,32850.0,38010.0,44370.0,52850.0,59220.0,63150.0,68350.0,73730.0,78560.0,58950.0,61300.0,60730.0,46938.68,49931.39,51030.0,Community Health Workers,3.0195080576759965,3.986429177268872,-0.929853181076672,8.716308170574885,6.375786451600256,2.2002391681865867
21-1099,26030.0,30900.0,36470.0,33680.0,37190.0,45420.0,57320.0,60260.0,67590.0,73220.0,78030.0,83210.0,97480.0,94270.0,110390.0,50927.77,51120.49,54940.0,"Community and Social Service Specialists, All Other",13.243742306114076,-3.29298317603611,17.099819666914183,7.878275447756687,0.3784182971294322,7.471583312288287
21-2011,26810.0,31170.0,37140.0,36810.0,41040.0,47220.0,65320.0,68180.0,76340.0,86970.0,93530.0,99720.0,53180.0,53140.0,58080.0,58615.2,60049.55,60820.0,Clergy,9.213990221887927,-0.0752162467092892,9.296198720361309,3.7614816634593,2.4470615130546194,1.283023769536998
21-2021,23540.0,30150.0,33990.0,30580.0,38060.0,42210.0,62240.0,72290.0,74990.0,90870.0,101650.0,106530.0,21820.0,24030.0,21460.0,51009.18,53379.78,54840.0,"Directors, Religious Activities and Education",-1.6498625114573784,10.128322639780018,-10.694964627548895,7.510059953914178,4.647398762340424,2.7355301951413087
21-2099,20740.0,26880.0,29120.0,24780.0,30790.0,34700.0,46640.0,54200.0,60310.0,65630.0,72600.0,75920.0,9450.0,10720.0,12170.0,36785.69,42558.97,45120.0,"Religious Workers, All Other",28.78306878306878,13.43915343915344,13.526119402985074,22.656391656646917,15.69436375938578,6.017603339554502
23-1011,59670.0,66470.0,72780.0,80950.0,94440.0,99760.0,186350.0,208980.0,215420.0,,,,657170.0,707160.0,747750.0,143002.48,146734.94,151160.0,Lawyers,13.78334373145457,7.606859716663878,5.739860851858137,5.704460510055482,2.6100666226208045,3.015682563403098
23-1012,33910.0,38850.0,42000.0,41640.0,44800.0,49840.0,72160.0,76600.0,78060.0,96990.0,106670.0,113150.0,16630.0,15540.0,13220.0,62813.630000000005,62146.69,60400.0,Judicial Law Clerks,-20.505111244738423,-6.554419723391461,-14.929214929214927,-3.84252589764356,-1.061775923473949,-2.810592165085534
23-1021,45970.0,46070.0,56970.0,65130.0,65250.0,76920.0,129880.0,122970.0,161290.0,172010.0,151470.0,203990.0,14380.0,12490.0,16230.0,113822.81,102684.19,115230.0,"Administrative Law Judges, Adjudicators, and Hearing Officers",12.86509040333797,-13.143254520166897,29.943955164131303,1.2362987699917112,-9.785929551379022,12.21785943873151
23-1022,37420.0,33980.0,46200.0,46460.0,48130.0,60030.0,94230.0,98680.0,101010.0,123730.0,194630.0,133480.0,6090.0,7780.0,7860.0,74350.59,69216.43,67710.0,"Arbitrators, Mediators, and Conciliators",29.064039408866996,27.7504105090312,1.0282776349614395,-8.931455688515715,-6.905338612645849,-2.176405226331368
23-1023,39110.0,46470.0,46520.0,77910.0,86210.0,86060.0,165320.0,183820.0,189890.0,204200.0,227850.0,216540.0,28670.0,28230.0,25580.0,159226.33000000002,163263.43,156210.0,"Judges, Magistrate Judges, and Magistrates",-10.777816532961284,-1.5347052668294383,-9.3871767623096,-1.8943663400393744,2.535447497910664,-4.32027552036607
23-2011,32160.0,37690.0,39710.0,39500.0,46850.0,48190.0,65610.0,75560.0,78280.0,82500.0,94960.0,98990.0,329870.0,345240.0,367220.0,60173.62,63995.2,61010.0,Paralegals and Legal Assistants,11.32264225300876,4.659411283232789,6.366585563665855,1.3899446302216776,6.350922547122799,-4.664724854364073
23-2093,29060.0,34060.0,36710.0,36700.0,40040.0,45020.0,62090.0,65690.0,70290.0,79920.0,83990.0,87240.0,52890.0,53680.0,48170.0,56033.34,54579.69,54980.0,"Title Examiners, Abstractors, and Searchers",-8.924182265078464,1.4936660994516922,-10.264530551415795,-1.8798451065026711,-2.5942590607663374,0.733441322220784
23-2099,32070.0,38950.0,41510.0,43950.0,47000.0,50960.0,93050.0,97660.0,103460.0,134710.0,148910.0,176950.0,45080.0,46480.0,47380.0,67919.2,67389.54,68760.0,"Legal Support Workers, All Other",5.1020408163265305,3.1055900621118013,1.93631669535284,1.2379415540819134,-0.7798383962119747,2.033639048433936
25-1011,39470.0,48100.0,46460.0,57680.0,62340.0,63040.0,133160.0,133750.0,140360.0,196980.0,206630.0,210530.0,83920.0,78410.0,81780.0,101413.6,95981.99,97270.0,"Business Teachers, Postsecondary",-2.550047664442326,-6.565776930409914,4.29792118352251,-4.085842529995983,-5.355899011572427,1.341928834774117
25-1021,42750.0,48620.0,48910.0,59550.0,63170.0,65200.0,123720.0,125790.0,132200.0,169980.0,165880.0,172380.0,31800.0,33870.0,36240.0,99064.34,91625.56,96690.0,"Computer Science Teachers, Postsecondary",13.962264150943396,6.509433962264151,6.997342781222321,-2.396765576795844,-7.50903907500923,5.527322288671417
25-1022,38790.0,47740.0,48150.0,53170.0,59900.0,60880.0,106460.0,103960.0,106270.0,154320.0,159730.0,161020.0,51150.0,46560.0,48820.0,85701.47,83691.02,79350.0,"Mathematical Science Teachers, Postsecondary",-4.55522971652004,-8.973607038123168,4.853951890034365,-7.411156424738106,-2.3458757475221805,-5.18696032142995
25-1031,43000.0,48900.0,59590.0,63450.0,66270.0,78090.0,124060.0,128980.0,129310.0,175390.0,171740.0,166720.0,6780.0,6420.0,9120.0,102227.7,100770.82,101480.0,"Architecture Teachers, Postsecondary",34.51327433628318,-5.3097345132743365,42.05607476635514,-0.7314064583278281,-1.425132327148126,0.7037553132940741
25-1032,53030.0,56860.0,59790.0,74510.0,78570.0,80060.0,136400.0,136530.0,136400.0,185720.0,178740.0,200650.0,36080.0,36010.0,39910.0,117474.63,111937.55,106120.0,"Engineering Teachers, Postsecondary",10.61529933481153,-0.1940133037694013,10.830324909747292,-9.665601841010272,-4.713426209556908,-5.197138940418119
25-1041,40750.0,48130.0,49080.0,57770.0,65020.0,63980.0,113790.0,118620.0,123290.0,149700.0,150550.0,160870.0,9470.0,8240.0,8700.0,96831.38,92814.66,86350.0,"Agricultural Sciences Teachers, Postsecondary",-8.130939809926083,-12.988384371700109,5.582524271844661,-10.824362928629132,-4.148159408654509,-6.96512813816266
25-1042,44750.0,49800.0,50760.0,59710.0,62220.0,64010.0,122410.0,121530.0,125310.0,173930.0,166750.0,169560.0,53090.0,49920.0,53250.0,96877.9,88263.65,83460.0,"Biological Science Teachers, Postsecondary",0.3013750235449237,-5.970992653983801,6.670673076923077,-13.850320867814029,-8.891862850041148,-5.442387664684153
25-1043,49210.0,51840.0,58670.0,63810.0,76550.0,81380.0,112470.0,115980.0,125080.0,138950.0,138310.0,154630.0,1770.0,1270.0,1310.0,99378.35,104316.5,100830.0,"Forestry and Conservation Science Teachers, Postsecondary",-25.98870056497175,-28.24858757062147,3.149606299212598,1.4607306319736584,4.969040037392444,-3.3422325327249287
25-1051,47660.0,50590.0,53310.0,65900.0,64200.0,66620.0,127210.0,131650.0,135500.0,173140.0,178740.0,199260.0,11020.0,11150.0,11480.0,107042.52,105689.37,101390.0,"Atmospheric, Earth, Marine, and Space Sciences Teachers, Postsecondary",4.174228675136116,1.17967332123412,2.9596412556053813,-5.280630538219769,-1.2641238266812187,-4.06793038883664
25-1052,45940.0,50130.0,52870.0,59100.0,62770.0,64980.0,112340.0,108000.0,125920.0,159160.0,163180.0,171600.0,21380.0,20650.0,20390.0,92516.65,87258.31999999999,86220.0,"Chemistry Teachers, Postsecondary",-4.630495790458372,-3.4144059869036485,-1.2590799031476998,-6.805964115648382,-5.683658022637023,-1.1899381056155935
25-1053,44760.0,47330.0,50670.0,59920.0,61680.0,64360.0,115350.0,106720.0,124680.0,158030.0,141190.0,164290.0,6060.0,6240.0,7130.0,95866.09,89766.23999999999,87710.0,"Environmental Science Teachers, Postsecondary",17.656765676567655,2.9702970297029703,14.262820512820513,-8.507794570530619,-6.362885979807882,-2.2906607205559584
25-1054,49690.0,50820.0,54880.0,64660.0,63450.0,66730.0,124880.0,125950.0,130150.0,168900.0,166570.0,169740.0,13780.0,12860.0,13590.0,104193.17,93560.55,97360.0,"Physics Teachers, Postsecondary",-1.3788098693759072,-6.676342525399129,5.67651632970451,-6.558174590522582,-10.20471879298806,4.060953040571049
25-1061,46700.0,50920.0,51380.0,63600.0,64400.0,67410.0,117210.0,119590.0,122870.0,157840.0,167180.0,169090.0,5850.0,4930.0,5260.0,100273.86,91885.0,95770.0,"Anthropology and Archeology Teachers, Postsecondary",-10.085470085470083,-15.726495726495726,6.693711967545639,-4.4915594153850265,-8.365949012035639,4.228111225989008
25-1062,38610.0,48280.0,51130.0,54920.0,62360.0,64320.0,105140.0,104720.0,107810.0,157030.0,162440.0,164650.0,10600.0,9340.0,11430.0,89632.41,87463.70999999999,84290.0,"Area, Ethnic, and Cultural Studies Teachers, Postsecondary",7.830188679245283,-11.88679245283019,22.376873661670235,-5.960355188485955,-2.4195489109352426,-3.628602079651083
25-1063,51090.0,51480.0,57550.0,73330.0,76580.0,80850.0,146270.0,144980.0,166600.0,206150.0,213680.0,217160.0,13270.0,11640.0,12420.0,121382.31,112348.33,119980.0,"Economics Teachers, Postsecondary",-6.40542577241899,-12.283345892991711,6.701030927835052,-1.155283665305099,-7.442583684558316,6.792864655843125
25-1064,43740.0,49920.0,49990.0,62170.0,63600.0,66400.0,105300.0,102950.0,120220.0,137690.0,133030.0,164350.0,3970.0,3340.0,3290.0,93644.76,88555.51999999999,86730.0,"Geography Teachers, Postsecondary",-17.12846347607053,-15.869017632241814,-1.497005988023952,-7.38403302010706,-5.434623357462841,-2.0614412291859274
25-1065,44340.0,49300.0,50490.0,61590.0,62820.0,65330.0,122800.0,122090.0,127480.0,184340.0,164370.0,173380.0,15750.0,15190.0,17170.0,99936.59,90555.37,94680.0,"Political Science Teachers, Postsecondary",9.015873015873016,-3.555555555555556,13.0348913759052,-5.259925318644549,-9.38717240602266,4.554815468149492
25-1066,41010.0,47270.0,47870.0,56180.0,61010.0,62290.0,105830.0,102710.0,106640.0,151030.0,136680.0,158900.0,37480.0,40050.0,41610.0,89109.06,85193.61,80330.0,"Psychology Teachers, Postsecondary",11.019210245464247,6.856990394877268,3.895131086142322,-9.852039736475728,-4.393997647377266,-5.7088906081101625
25-1067,39920.0,47990.0,49330.0,54980.0,61320.0,64130.0,103300.0,103340.0,113000.0,147930.0,155040.0,167240.0,13850.0,12030.0,12380.0,87562.27,85366.56999999999,82540.0,"Sociology Teachers, Postsecondary",-10.613718411552346,-13.140794223826717,2.9093931837073983,-5.735655322777726,-2.507586886452363,-3.311097072308273
25-1069,30880.0,42080.0,45280.0,49260.0,56760.0,59550.0,107530.0,105190.0,105390.0,164920.0,166340.0,176350.0,16830.0,16200.0,17540.0,83189.39,81496.59,75040.0,"Social Sciences Teachers, Postsecondary, All Other",4.21865715983363,-3.7433155080213902,8.271604938271606,-9.796189153448534,-2.03487488007786,-7.922527801469971
25-1071,44350.0,48670.0,51760.0,62350.0,64730.0,74400.0,159950.0,167120.0,176090.0,,,,201920.0,207700.0,229720.0,113183.16,108424.3,105620.0,"Health Specialties Teachers, Postsecondary",13.76782884310618,2.862519809825673,10.601829561868078,-6.682230819496472,-4.204565414148183,-2.5864128244314264
25-1072,41130.0,47760.0,47950.0,56260.0,61800.0,62210.0,99640.0,100630.0,102020.0,133460.0,127290.0,130040.0,59680.0,69190.0,74250.0,86759.8,84944.98,79940.0,"Nursing Instructors and Teachers, Postsecondary",24.41353887399464,15.934986595174264,7.313195548489666,-7.860552928891034,-2.091775223087198,-5.892025638242538
25-1081,31730.0,38190.0,38650.0,47980.0,50990.0,50630.0,91270.0,97340.0,96260.0,128140.0,129570.0,126450.0,61300.0,58280.0,59090.0,76188.13,72351.33,72090.0,"Education Teachers, Postsecondary",-3.605220228384992,-4.926590538336052,1.3898421413864104,-5.378961263388411,-5.035955075941623,-0.3611958480929124
25-1082,46230.0,50370.0,53590.0,56750.0,61920.0,62130.0,91160.0,96130.0,97020.0,118330.0,121230.0,126200.0,4390.0,4330.0,4100.0,83049.83,82555.97,78630.0,"Library Science Teachers, Postsecondary",-6.605922551252847,-1.366742596810934,-5.311778290993072,-5.321901321170677,-0.5946550402330752,-4.755525251535414
25-1111,35650.0,40720.0,45640.0,48350.0,51670.0,56100.0,88510.0,97710.0,99730.0,125680.0,129640.0,143130.0,14070.0,13900.0,13560.0,73106.18000000001,70254.19,71470.0,"Criminal Justice and Law Enforcement Teachers, Postsecondary",-3.624733475479744,-1.2082444918265811,-2.446043165467626,-2.238087122046327,-3.901161297170779,1.7305871720960666
25-1112,37600.0,43400.0,58330.0,59160.0,62940.0,84540.0,179230.0,176900.0,173580.0,,,,16180.0,14830.0,22800.0,132035.39,117677.66,126650.0,"Law Teachers, Postsecondary",40.91470951792336,-8.34363411619283,53.74241402562373,-4.078747372200751,-10.874152755560475,7.624505789799025
25-1113,34900.0,40130.0,45370.0,53320.0,51400.0,57080.0,96050.0,85040.0,98570.0,128350.0,109610.0,129280.0,13640.0,12050.0,13350.0,83817.41,71897.31,76210.0,"Social Work Teachers, Postsecondary",-2.126099706744868,-11.656891495601172,10.78838174273859,-9.076169258868775,-14.2215083954515,5.998402443707564
25-1121,35180.0,40960.0,47040.0,50030.0,58570.0,60730.0,100620.0,103690.0,121600.0,149560.0,167610.0,194530.0,94060.0,97830.0,97890.0,80863.39,83539.68,80190.0,"Art, Drama, and Music Teachers, Postsecondary",4.071869019774612,4.008079948968744,0.0613308800981294,-0.8327501481201807,3.309643585310972,-4.009687372515663
25-1122,38160.0,46930.0,47100.0,51470.0,58520.0,60060.0,97920.0,99850.0,103230.0,137830.0,133720.0,160210.0,29120.0,27350.0,29260.0,82142.69,82426.25,77800.0,"Communications Teachers, Postsecondary",0.4807692307692308,-6.078296703296704,6.983546617915905,-5.286763800893302,0.34520418067633,-5.612593075628213
25-1123,37960.0,45980.0,47540.0,50150.0,53460.0,59780.0,99180.0,100200.0,103730.0,140890.0,133220.0,154800.0,67930.0,57680.0,59590.0,79653.87,80296.68,78270.0,"English Language and Literature Teachers, Postsecondary",-12.277344325040485,-15.089062269983808,3.311373092926491,-1.737354380898248,0.8070041041320374,-2.5239897838864485
25-1124,40530.0,46420.0,47090.0,53040.0,59250.0,59790.0,99090.0,99570.0,101680.0,135430.0,130250.0,134960.0,24860.0,19520.0,21170.0,81398.37,82188.43,77010.0,"Foreign Language and Literature Teachers, Postsecondary",-14.843121480289623,-21.48028962188254,8.452868852459016,-5.391225893098346,0.9706091166199,-6.300680034890547
25-1125,39580.0,46540.0,47730.0,55520.0,61140.0,62370.0,101530.0,102870.0,106770.0,139140.0,134420.0,158140.0,21030.0,18250.0,19860.0,87422.71,85831.4,81500.0,"History Teachers, Postsecondary",-5.563480741797433,-13.219210651450307,8.821917808219178,-6.774795702398159,-1.8202478509302813,-5.046404928732369
25-1126,41540.0,46940.0,47550.0,55570.0,61200.0,60980.0,103960.0,100150.0,101680.0,151180.0,132600.0,134910.0,23490.0,21620.0,20840.0,87504.12,85161.18,78050.0,"Philosophy and Religion Teachers, Postsecondary",-11.281396338867603,-7.960834397616007,-3.6077705827937097,-10.80419984796144,-2.677519641360889,-8.350260059806585
25-1192,36430.0,47770.0,47580.0,54540.0,58220.0,56870.0,101880.0,107060.0,99530.0,137050.0,149650.0,133180.0,2150.0,2420.0,2630.0,88946.24,82631.64,77280.0,"Family and Consumer Sciences Teachers, Postsecondary",22.32558139534884,12.558139534883722,8.677685950413224,-13.1160575196883,-7.0993445029267175,-6.476502221183071
25-1193,33740.0,39920.0,44150.0,47790.0,52980.0,57290.0,92350.0,99860.0,101420.0,127910.0,133490.0,158240.0,15880.0,13400.0,12680.0,74873.94,78534.65,75890.0,"Recreation and Fitness Studies Teachers, Postsecondary",-20.151133501259448,-15.617128463476073,-5.3731343283582085,1.3570275585871368,4.889164374146722,-3.3674944753685083
25-1194,32840.0,37680.0,38680.0,41970.0,46890.0,48030.0,72460.0,77840.0,80070.0,99230.0,102330.0,106580.0,112210.0,103100.0,111150.0,63523.060000000005,64687.04,61490.0,"Career/Technical Education Teachers, Postsecondary",-0.9446573389181,-8.118705997682916,7.807953443258972,-3.200507028471243,1.8323739442023037,-4.942319203352017
25-1199,31570.0,44870.0,39720.0,50610.0,57600.0,55500.0,104240.0,109000.0,122510.0,144210.0,168320.0,172850.0,201320.0,214520.0,151530.0,80212.11,83150.52,78490.0,"Postsecondary Teachers, All Other",-24.73177031591496,6.5567256109676135,-29.363229535707625,-2.146945143320629,3.663299718708314,-5.604919848967876
25-2011,21140.0,23920.0,28300.0,24830.0,28870.0,31250.0,39720.0,44090.0,46550.0,55050.0,58580.0,60070.0,431350.0,415360.0,445080.0,35494.76,38191.73,37120.0,"Preschool Teachers, Except Special Education",3.1830300220238783,-3.7069665005216175,7.155238828967643,4.578816704212109,7.598220131647583,-2.80618343290549
25-2012,37420.0,40620.0,45750.0,45720.0,48550.0,50290.0,71470.0,77200.0,77720.0,90180.0,100020.0,99360.0,124290.0,119250.0,114410.0,66116.55,65389.69,61430.0,"Kindergarten Teachers, Except Special Education",-7.949151178694988,-4.055032585083273,-4.058700209643606,-7.08831601164913,-1.099361657557764,-6.055526490491078
25-2021,39020.0,45470.0,46440.0,47300.0,49120.0,50680.0,77440.0,78860.0,79410.0,97900.0,101310.0,102010.0,1430480.0,1394200.0,1393310.0,69396.21,66686.89,62340.0,"Elementary School Teachers, Except Special Education",-2.598428499524635,-2.5362116212739783,-0.06383589155071,-10.168004852138186,-3.904132516746962,-6.51835765620499
25-2022,39990.0,45910.0,47050.0,47850.0,49320.0,53540.0,76430.0,78970.0,79380.0,96280.0,100570.0,100980.0,622330.0,611120.0,620370.0,69384.58,66816.61,62970.0,"Middle School Teachers, Except Special and Career/Technical Education",-0.3149454469493677,-1.801295132807353,1.5136143474276738,-9.24496480341886,-3.701067297661816,-5.756966718305525
25-2023,40770.0,46790.0,47090.0,50500.0,51630.0,55920.0,77460.0,77810.0,78270.0,97050.0,99250.0,98430.0,11860.0,11110.0,14200.0,70710.40000000001,67703.03,63620.0,"Career/Technical Education Teachers, Middle School",19.73018549747049,-6.323777403035413,27.81278127812781,-10.02737928225552,-4.253080169253758,-6.030793599636529
25-2031,40540.0,46480.0,47330.0,49060.0,50090.0,57800.0,79820.0,79520.0,83010.0,99660.0,101710.0,104670.0,1035850.0,1042090.0,1072540.0,71710.58,67411.16,64580.0,"Secondary School Teachers, Except Special and Career/Technical Education",3.542018632041319,0.602403822947338,2.922012494122389,-9.94355365693598,-5.995516979502883,-4.199838721066369
25-2032,42620.0,47250.0,48840.0,51240.0,51340.0,58840.0,76730.0,78320.0,78650.0,94050.0,98090.0,98720.0,74520.0,88280.0,104450.0,71768.73,67562.5,63910.0,"Career/Technical Education Teachers, Secondary School",40.16371443907676,18.46484165324745,18.316719528772087,-10.950075332251242,-5.860811526134009,-5.406105457909343
25-2051,35110.0,38020.0,38740.0,45990.0,48760.0,49370.0,79910.0,81270.0,81330.0,115260.0,113700.0,132530.0,22340.0,22970.0,28200.0,69780.0,67281.44,62190.0,"Special Education Teachers, Preschool",26.230975828111013,2.820053715308863,22.768828907270358,-10.877042132416165,-3.5806248208655744,-7.567376679214954
25-2052,40560.0,45730.0,47590.0,48800.0,50450.0,57050.0,77420.0,79580.0,79320.0,97210.0,101100.0,100620.0,193830.0,195010.0,231570.0,70314.98,67443.59,63000.0,"Special Education Teachers, Kindergarten and Elementary School",19.470670174895528,0.6087808904710312,18.747756525306396,-10.403160180092486,-4.083610633182289,-6.588602415737355
25-2057,41370.0,46220.0,48070.0,50010.0,50920.0,58590.0,79030.0,80010.0,81940.0,98610.0,100560.0,102730.0,85840.0,82970.0,95330.0,71454.72,68092.19,64880.0,"Special Education Teachers, Middle School",11.055452003727863,-3.3434296365330853,14.896950705074124,-9.2012396102035,-4.70581929367297,-4.717413259876063
25-2058,41170.0,46880.0,47930.0,49820.0,51870.0,58180.0,79150.0,80820.0,87140.0,98890.0,102850.0,106050.0,143170.0,152490.0,162780.0,71768.73,68708.36,69590.0,"Special Education Teachers, Secondary School",13.697003562198784,6.509743661381575,6.747983474326186,-3.035765019110685,-4.264210889617241,1.2831626311558002
25-2059,34180.0,38680.0,43220.0,45730.0,50730.0,53470.0,81510.0,89770.0,87890.0,100890.0,121850.0,109360.0,35600.0,42780.0,39350.0,71163.97,69129.95,67430.0,"Special Education Teachers, All Other",10.53370786516854,20.168539325842698,-8.01776531089294,-5.246995073490139,-2.858216032635622,-2.459064414193844
25-3011,32580.0,36970.0,39750.0,42640.0,46320.0,47950.0,71700.0,76770.0,76580.0,93760.0,97010.0,95750.0,51950.0,36490.0,36260.0,63209.05,63335.79,59950.0,"Adult Basic Education, Adult Secondary Education, and English as a Second Language Instructors",-30.20211742059673,-29.75938402309913,-0.6303096738832557,-5.15598636587641,0.2005092625185759,-5.345776850655847
25-3021,21400.0,26290.0,28980.0,27540.0,31230.0,35410.0,57160.0,60640.0,62180.0,80330.0,81340.0,90780.0,252780.0,248150.0,308520.0,45577.97,47682.91,45590.0,Self-Enrichment Teachers,22.050795157844767,-1.8316322493868185,24.328027402780577,0.0263943304188379,4.61832767014414,-4.3892245670408885
25-3031,18880.0,22850.0,26240.0,22860.0,28460.0,31310.0,37340.0,46680.0,51930.0,49200.0,61190.0,63460.0,587120.0,397200.0,481300.0,33482.770000000004,38105.25,38470.0,"Substitute Teachers, Short-Term",-18.023572693827496,-32.34773129854204,21.17321248741188,14.894914608319429,13.805548346209097,0.957217181359524
25-4011,31870.0,35310.0,39330.0,39530.0,45390.0,47890.0,72560.0,78400.0,79850.0,91350.0,101870.0,104780.0,6560.0,7230.0,7050.0,62743.85,63389.84,61570.0,Archivists,7.4695121951219505,10.21341463414634,-2.489626556016597,-1.870860650087616,1.0295670412319264,-2.870870158372377
25-4012,30740.0,36320.0,37110.0,40980.0,46170.0,47270.0,73370.0,79200.0,81350.0,94750.0,102980.0,105520.0,12890.0,11620.0,12280.0,63464.91,65270.78,61770.0,Curators,-4.732350659425912,-9.852598913886734,5.679862306368331,-2.670625389683848,2.8454621616890265,-5.363471985473437
25-4013,26110.0,29640.0,30720.0,33530.0,36320.0,37460.0,58470.0,62520.0,62990.0,76330.0,81650.0,82790.0,13190.0,12240.0,13070.0,51672.09,51098.87,47460.0,Museum Technicians and Conservators,-0.9097801364670204,-7.202426080363912,6.781045751633987,-8.151576605475032,-1.1093416194313186,-7.121233796363787
25-4022,33820.0,36260.0,38920.0,46030.0,48300.0,50920.0,75700.0,78090.0,80640.0,94520.0,98650.0,100880.0,135690.0,131680.0,131830.0,69198.5,66654.45999999999,64320.0,Librarians and Media Collections Specialists,-2.8447195813987767,-2.955265679121527,0.1139125151883353,-7.050008309428672,-3.6764380730796304,-3.502331276856781
25-4031,22010.0,25730.0,27890.0,26470.0,30400.0,33510.0,45560.0,47940.0,49740.0,56170.0,59570.0,60960.0,88720.0,73330.0,73770.0,40588.7,40645.6,39970.0,Library Technicians,-16.850766456266907,-17.346708746618575,0.6000272739669985,-1.524315881021083,0.140186800759803,-1.662172535280568
25-9021,27370.0,31080.0,36780.0,36640.0,39070.0,46010.0,65050.0,71050.0,69110.0,82210.0,87540.0,85230.0,8720.0,8220.0,10260.0,57812.73,57779.45,58120.0,Farm and Home Management Educators,17.660550458715598,-5.73394495412844,24.817518248175183,0.5314919395780078,-0.0575651763893628,0.5893964030464169
25-9031,38260.0,42000.0,46560.0,50930.0,52140.0,59120.0,85090.0,84900.0,94780.0,103790.0,105210.0,115410.0,176690.0,198660.0,210850.0,77095.27,71875.69,74720.0,Instructional Coordinators,19.3332956024676,12.434206802875092,6.136111950065438,-3.0809542530949097,-6.770298618838745,3.957262879841567
25-9044,18950.0,23190.0,28020.0,24570.0,30310.0,32640.0,47370.0,50380.0,60410.0,59480.0,63630.0,73560.0,137500.0,135160.0,155010.0,37309.04,41132.05,44930.0,"Teaching Assistants, Postsecondary",12.734545454545454,-1.7018181818181817,14.686297721219296,20.42657758012535,10.24687314388147,9.233553883164111
25-9045,18940.0,22720.0,23710.0,22920.0,27670.0,29120.0,35300.0,37780.0,40400.0,43040.0,46840.0,48140.0,1346910.0,1254240.0,1375300.0,32470.96,33424.52,35240.0,"Teaching Assistants, Except Postsecondary",2.107787454247129,-6.880192440474866,9.652060211761704,8.52774294323297,2.936654783227837,5.431581366015139
25-9099,18840.0,26520.0,24160.0,25500.0,32330.0,33280.0,58740.0,62690.0,68800.0,81360.0,82110.0,95310.0,129040.0,129170.0,114640.0,46880.53,51509.65,48400.0,"Educational Instruction and Library Workers, All Other",-11.15933044017359,0.1007439553626782,-11.248741967949217,3.2411536303023905,9.874291096964994,-6.037024130429932
27-1011,53240.0,57820.0,61060.0,69110.0,77220.0,80130.0,130330.0,153760.0,160460.0,188750.0,207060.0,211410.0,42890.0,54470.0,50370.0,109577.86,113699.58,111040.0,Art Directors,17.43996269526696,26.99930053625554,-7.527079126124472,1.3343388892610235,3.761453271673677,-2.339129133106738
27-1012,20710.0,23220.0,22620.0,26030.0,30620.0,31350.0,46250.0,54170.0,52070.0,62960.0,88380.0,65850.0,4640.0,4760.0,4370.0,40367.73,41240.15,38480.0,Craft Artists,-5.818965517241379,2.586206896551724,-8.193277310924369,-4.676334289790392,2.161181716187653,-6.692870903718831
27-1013,20070.0,28440.0,26420.0,32400.0,38760.0,39740.0,74110.0,83440.0,89630.0,112970.0,124670.0,140660.0,12350.0,12080.0,10000.0,58789.65,62222.36,60560.0,"Fine Artists, Including Painters, Sculptors, and Illustrators",-19.02834008097166,-2.186234817813765,-17.218543046357617,3.011329375153617,5.838969954745434,-2.6716440842166715
27-1014,40250.0,52660.0,57220.0,55390.0,67900.0,73030.0,103330.0,131280.0,135600.0,139940.0,174140.0,174630.0,29340.0,35990.0,21280.0,87539.01000000001,106964.95,99800.0,Special Effects Artists and Animators,-27.471029311520105,22.66530334014997,-40.87246457349264,14.006315584332048,22.19118082326952,-6.698409151782895
27-1019,27950.0,27310.0,33720.0,38440.0,37030.0,44760.0,93010.0,105900.0,112420.0,109900.0,121660.0,133180.0,7550.0,7510.0,7370.0,75001.87,75410.56,72760.0,"Artists and Related Workers, All Other",-2.384105960264901,-0.5298013245033113,-1.8641810918774968,-2.9890854721355558,0.5449064136667557,-3.514839301020968
27-1021,39860.0,43680.0,49390.0,53270.0,58170.0,62040.0,90980.0,100140.0,103170.0,114950.0,125780.0,134840.0,32770.0,30450.0,30250.0,80119.07,82058.70999999999,79450.0,Commercial and Industrial Designers,-7.689960329569728,-7.079646017699115,-0.6568144499178982,-0.8350945661251521,2.42094672342051,-3.179077516573185
27-1022,37260.0,34660.0,35970.0,52410.0,52840.0,53730.0,100830.0,104800.0,107990.0,149010.0,139920.0,169620.0,22030.0,20560.0,20910.0,85817.77,82912.7,80690.0,Fashion Designers,-5.083976395823877,-6.672719019518839,1.7023346303501945,-5.975184393628504,-3.3851613715900646,-2.680771462031748
27-1023,19710.0,23540.0,27260.0,23280.0,28590.0,30200.0,34870.0,37770.0,43420.0,41400.0,46560.0,48690.0,41770.0,42840.0,40160.0,32610.52,35845.96,36120.0,Floral Designers,-3.8544409863538425,2.5616471151544173,-6.2558356676003735,10.761803246314376,9.921460927332648,0.7644934045566109
27-1024,30810.0,35430.0,37600.0,39000.0,44350.0,47200.0,68920.0,76970.0,79000.0,89210.0,100920.0,103030.0,215930.0,211890.0,214260.0,60603.93,62687.19,61300.0,Graphic Designers,-0.7733987866438198,-1.870976705413792,1.1185048846099392,1.1485558774818725,3.437499845307053,-2.212876346826194
27-1025,31970.0,36610.0,38480.0,42260.0,47590.0,49770.0,73490.0,79770.0,80830.0,96470.0,101550.0,106090.0,60650.0,64290.0,69580.0,65174.52,66578.79,63490.0,Interior Designers,14.723825226710636,6.001648804616653,8.228340332866697,-2.584629698845506,2.154630367818573,-4.639300293682108
27-1026,21630.0,28740.0,30050.0,24710.0,30750.0,33580.0,37330.0,41780.0,44750.0,49410.0,49990.0,53800.0,140850.0,173110.0,192480.0,34261.98,38245.78,37350.0,Merchandise Displayers and Window Trimmers,36.65601703940362,22.903798367057156,11.189417133614466,9.012964224484389,11.627465779852756,-2.3421669005050987
27-1027,30910.0,33160.0,35990.0,38500.0,41570.0,48920.0,78560.0,82790.0,100020.0,105990.0,118180.0,129420.0,12040.0,9490.0,10850.0,63499.8,64849.19,66280.0,Set and Exhibit Designers,-9.883720930232558,-21.17940199335548,14.330874604847208,4.378281506398441,2.125030315056098,2.206365260691776
27-1029,30130.0,34120.0,36530.0,45140.0,44170.0,46850.0,90630.0,93680.0,95330.0,132610.0,135230.0,131950.0,10610.0,11180.0,9680.0,75153.06,70686.59,66220.0,"Designers, All Other",-8.765315739868049,5.372290292177191,-13.416815742397135,-11.886488720485897,-5.943164523174441,-6.318864723846485
27-2012,35480.0,42140.0,43060.0,50840.0,58080.0,59810.0,114530.0,127970.0,131160.0,173680.0,179930.0,198530.0,129210.0,153770.0,145270.0,86550.46,92230.92,83480.0,Producers and Directors,12.429378531073446,19.00781673245105,-5.52773622943357,-3.54759524097273,6.563177133893906,-9.488054548301154
27-2021,19280.0,28510.0,24960.0,25770.0,44690.0,36750.0,109920.0,215530.0,130770.0,,,,11330.0,11930.0,14370.0,59743.310000000005,101905.87,62360.0,Athletes and Sports Competitors,26.831421006178285,5.29567519858782,20.452640402347026,4.379887890376336,70.57285577247056,-38.80627288692987
27-2022,19040.0,24910.0,27490.0,23950.0,31340.0,33960.0,53980.0,62330.0,61930.0,78890.0,93590.0,93980.0,241390.0,218970.0,250940.0,40518.92,48526.09,45920.0,Coaches and Scouts,3.9562533659223664,-9.287874394133974,14.600173539754303,13.329772856729653,19.76155830412064,-5.370492450555973
27-2023,18310.0,22090.0,25070.0,21580.0,28080.0,30920.0,44750.0,48610.0,53560.0,62490.0,69010.0,93180.0,20120.0,12720.0,15080.0,33203.65,38926.81,38820.0,"Umpires, Referees, and Other Sports Officials",-25.04970178926441,-36.779324055666,18.553459119496853,16.91485725213944,17.23653875402251,-0.2743867272966824
27-2032,21800.0,29020.0,33080.0,31820.0,33700.0,39600.0,66040.0,75390.0,71190.0,101710.0,100420.0,94090.0,4630.0,5400.0,3430.0,53881.79,55120.19,55600.0,Choreographers,-25.917926565874733,16.630669546436287,-36.48148148148148,3.1888510014236706,2.298364623743929,0.8704795828896907
27-2041,23100.0,31750.0,34990.0,33290.0,45050.0,47330.0,75010.0,98200.0,96590.0,125200.0,165760.0,157010.0,10580.0,11690.0,12330.0,60092.21,68038.14,63670.0,Music Directors and Composers,16.5406427221172,10.491493383742911,5.474764756201882,5.953833283881557,13.222895280436516,-6.420134354054946
27-3011,19330.0,23920.0,26000.0,24010.0,31030.0,33280.0,56060.0,68400.0,72080.0,105180.0,171650.0,131780.0,29230.0,26820.0,23880.0,40274.69,45131.75,45680.0,Broadcast Announcers and Radio Disc Jockeys,-18.3031132398221,-8.244953814574068,-10.961968680089486,13.421108889975311,12.059832117888424,1.2147767369977898
27-3023,24520.0,30470.0,34590.0,31450.0,37690.0,40420.0,75920.0,83290.0,97460.0,117170.0,136500.0,162430.0,44100.0,44530.0,41550.0,53812.01,60492.76,60280.0,"News Analysts, Reporters, and Journalists",-5.782312925170068,0.9750566893424036,-6.6921176734785535,12.019603058871056,12.41497948134625,-0.3517115106005988
27-3031,34590.0,38630.0,40750.0,45480.0,49980.0,51970.0,83170.0,92880.0,95940.0,115430.0,128450.0,129480.0,244730.0,264750.0,280590.0,71117.45,72902.64,69780.0,Public Relations Specialists,14.65288276876558,8.18044375434152,5.98300283286119,-1.8806214227309852,2.5101996767319443,-4.283301674671863
27-3041,32620.0,38400.0,36200.0,44190.0,50880.0,50210.0,85730.0,102850.0,101210.0,122280.0,145240.0,140840.0,95970.0,101430.0,95480.0,71373.31,78999.48,75260.0,Editors,-0.5105762217359592,5.689277899343545,-5.866114561766736,5.445579026669776,10.684904483202471,-4.733550144887025
27-3042,44320.0,47460.0,54400.0,56570.0,61260.0,68640.0,93590.0,102120.0,102740.0,117250.0,128110.0,130430.0,50760.0,48620.0,55530.0,84724.55,86436.76,91670.0,Technical Writers,9.397163120567376,-4.21591804570528,14.212258329905389,8.197682962022219,2.0209136548969475,6.05441481147605
27-3043,33660.0,39610.0,41080.0,46640.0,50980.0,52890.0,87110.0,105000.0,98320.0,122450.0,161260.0,133680.0,45860.0,54010.0,47800.0,73501.6,79075.15,72270.0,Writers and Authors,4.230266027038813,17.771478412559965,-11.497870764673207,-1.6756097826441951,7.582896154641515,-8.60592739944217
27-3091,28170.0,33540.0,35630.0,37740.0,41440.0,45020.0,71590.0,73430.0,80020.0,94370.0,93140.0,99830.0,58870.0,52160.0,53360.0,60278.29,57984.84,59440.0,Interpreters and Translators,-9.35960591133005,-11.397995583489044,2.3006134969325154,-1.3906997029942303,-3.8047695115438818,2.5095524968250382
27-3092,31570.0,33030.0,39100.0,44120.0,44850.0,50210.0,85400.0,91960.0,92710.0,106210.0,116380.0,127020.0,14530.0,14240.0,12630.0,69931.19,68708.36,67310.0,Court Reporters and Simultaneous Captioners,-13.07639366827254,-1.9958706125258088,-11.3061797752809,-3.748241664413264,-1.7486188923712034,-2.035210853526413
27-3099,22820.0,34710.0,38530.0,30790.0,47020.0,52690.0,67790.0,105870.0,99520.0,92660.0,,148070.0,25160.0,23780.0,23590.0,55335.54,70265.0,71770.0,"Media and Communication Workers, All Other",-6.24006359300477,-5.484896661367249,-0.798990748528175,29.69964691769521,26.979875862781853,2.141891411086601
27-4011,26690.0,31310.0,35290.0,34270.0,39420.0,43860.0,62610.0,68100.0,73590.0,83170.0,89990.0,98190.0,73960.0,56110.0,70080.0,53393.33,54763.46,54830.0,Audio and Video Technicians,-5.246078961600865,-24.13466738777717,24.89752272322224,2.6907293476544694,2.5661070399617283,0.1215043753626978
27-4012,21620.0,29450.0,29190.0,27320.0,37940.0,36900.0,60520.0,100320.0,80390.0,82080.0,128960.0,115400.0,28650.0,33020.0,21080.0,47182.91,65616.7,53920.0,Broadcast Technicians,-26.422338568935427,15.25305410122164,-36.15990308903695,14.278665728756442,39.06878571075839,-17.825797396089712
27-4014,25990.0,31200.0,36600.0,35270.0,41600.0,47680.0,79130.0,99470.0,99950.0,121320.0,135950.0,134980.0,12890.0,13420.0,13050.0,63662.62,65584.27,66430.0,Sound Engineering Technicians,1.2412723041117144,4.111714507370055,-2.7570789865871834,4.3469464498947685,3.0184902851940456,1.289531773396267
27-4021,20630.0,26990.0,29610.0,25150.0,31050.0,34790.0,57250.0,59750.0,62370.0,79440.0,82450.0,94760.0,50620.0,47380.0,51230.0,42193.64,43423.77,42520.0,Photographers,1.2050572896088505,-6.400632161201106,8.125791473195441,0.7734815010034701,2.9154393884955114,-2.0812794467177698
27-4031,26560.0,33190.0,36240.0,37180.0,42710.0,48060.0,78120.0,84240.0,102400.0,110790.0,116770.0,131420.0,21500.0,22970.0,24460.0,64151.08,62946.63,68810.0,"Camera Operators, Television, Video, and Film",13.767441860465116,6.837209302325581,6.486721811057902,7.262418652967336,-1.8775210019846964,9.314827497516552
27-4032,32750.0,36930.0,39170.0,45310.0,46800.0,50230.0,99220.0,97960.0,101570.0,168320.0,166730.0,145900.0,27570.0,32080.0,28860.0,74176.14,68665.12,70980.0,Film and Video Editors,4.678998911860719,16.35836053681538,-10.037406483790525,-4.308851876088456,-7.429639773652289,3.37126040120516
29-1011,35290.0,38170.0,44780.0,52800.0,52750.0,59320.0,97760.0,100320.0,104000.0,147480.0,132630.0,149990.0,35010.0,37740.0,37630.0,81805.42,81485.78,79000.0,Chiropractors,7.483576121108254,7.79777206512425,-0.291467938526762,-3.4293815739837266,-0.3907320566290099,-3.050569068615406
29-1021,80850.0,68160.0,83860.0,113060.0,105480.0,126090.0,,212220.0,220380.0,,,,110730.0,120740.0,113490.0,180962.8,167598.24,172790.0,"Dentists, General",2.4925494445949608,9.040007224781,-6.004638065264204,-4.516287325350855,-7.385252659662663,3.097741360529806
29-1029,94240.0,83940.0,75360.0,113830.0,166800.0,172780.0,,,,,,,5330.0,5250.0,5900.0,171216.86000000002,229971.94,225770.0,"Dentists, All Other Specialists",10.694183864915573,-1.50093808630394,12.38095238095238,31.862014056325982,34.31617657279779,-1.827153347491004
29-1031,38890.0,44140.0,48830.0,50220.0,56490.0,61260.0,74900.0,80430.0,85200.0,87360.0,95130.0,101760.0,67670.0,69880.0,76570.0,71257.01000000001,71832.45,73850.0,Dietitians and Nutritionists,13.152061474804198,3.2658489729569973,9.57355466514024,3.6389261912617306,0.8075556355788542,2.8086888307443267
29-1041,59200.0,62150.0,70060.0,87780.0,96980.0,103310.0,142790.0,156030.0,163710.0,194100.0,191430.0,203210.0,39420.0,40640.0,41890.0,134035.75,135762.79,134830.0,Optometrists,6.265854895991882,3.0948756976154232,3.0757874015748032,0.5925657893509754,1.2884920627519212,-0.6870733873397917
29-1051,88400.0,79950.0,86930.0,112140.0,123020.0,127250.0,148660.0,147750.0,158620.0,162900.0,164230.0,172040.0,311200.0,325480.0,328870.0,148968.67,143502.75,137480.0,Pharmacists,5.6780205655527,4.5886889460154245,1.0415386506083324,-7.7121383979597935,-3.669174196158167,-4.196957898019376
29-1071,72720.0,83820.0,95240.0,92800.0,104240.0,113770.0,130530.0,140660.0,160160.0,157120.0,168120.0,182200.0,120090.0,140910.0,155540.0,130558.38,136216.81,133260.0,Physician Assistants,29.519527021400616,17.336997252060954,10.382513661202186,2.0692811905294746,4.334022833310272,-2.170664545734111
29-1081,54150.0,60280.0,57500.0,85090.0,97920.0,91130.0,178960.0,208180.0,217960.0,,,,9770.0,9320.0,9520.0,146817.12,160766.32,152800.0,Podiatrists,-2.55885363357216,-4.605936540429887,2.145922746781116,4.075056097000135,9.501071809609131,-4.955216988234853
29-1122,56800.0,63320.0,67090.0,69710.0,77700.0,80490.0,101590.0,104730.0,110460.0,121490.0,123870.0,129830.0,133570.0,134980.0,152280.0,98796.85,100727.58,98340.0,Occupational Therapists,14.007636445309576,1.0556262633824962,12.816713587198103,-0.4624135283665478,1.954242468256828,-2.370333924432615
29-1123,62120.0,67910.0,74420.0,73940.0,80700.0,83470.0,104210.0,107430.0,117190.0,124740.0,128830.0,132500.0,233350.0,229740.0,248630.0,104018.72,105635.32,101020.0,Physical Therapists,6.548103706878081,-1.5470323548317977,8.222338295464438,-2.882865699558696,1.5541433311234665,-4.369106847974705
29-1124,59280.0,65760.0,77860.0,70170.0,77930.0,86520.0,105830.0,105760.0,120360.0,128630.0,133260.0,141550.0,17860.0,15510.0,18700.0,99506.28,96781.93,101990.0,Radiation Therapists,4.703247480403135,-13.157894736842104,20.56737588652482,2.496043465799346,-2.737867398921963,5.381242138899284
29-1125,30880.0,33930.0,39520.0,37840.0,41600.0,48230.0,61960.0,66530.0,77680.0,77970.0,84410.0,96600.0,19070.0,15920.0,15060.0,56079.86,55487.73,60280.0,Recreational Therapists,-21.02779234399581,-16.518091242789723,-5.402010050251256,7.489569339153128,-1.0558692550231128,8.636630116243724
29-1126,44850.0,51970.0,61900.0,52820.0,62260.0,68410.0,74160.0,81610.0,95530.0,86980.0,100520.0,108820.0,132090.0,129910.0,136420.0,71326.79000000001,76253.73999999999,80450.0,Respiratory Therapists,3.278067983950337,-1.6503898856840031,5.011161573396967,12.790720008568998,6.907572876895178,5.503021884565937
29-1127,49840.0,56370.0,60480.0,61940.0,66700.0,75310.0,99380.0,104500.0,112510.0,121260.0,126680.0,132850.0,154360.0,162760.0,178790.0,92016.56,90955.34,95410.0,Speech-Language Pathologists,15.826639025654316,5.441824306815237,9.848857213074464,3.6878579247039904,-1.1532924073666753,4.897634377486802
29-1128,34990.0,39250.0,40930.0,41530.0,46070.0,48650.0,61650.0,62850.0,65430.0,78310.0,77980.0,79830.0,7280.0,6580.0,8110.0,57184.71,55509.35,58160.0,Exercise Physiologists,11.4010989010989,-9.615384615384617,23.25227963525836,1.7055083430518418,-2.929734189436304,4.775141485173221
29-1129,31090.0,37990.0,38840.0,41070.0,47340.0,49510.0,71500.0,82760.0,85010.0,95340.0,111800.0,120050.0,12170.0,16920.0,19320.0,61231.95,65724.8,65010.0,"Therapists, All Other",58.75102711585867,39.0304026294166,14.184397163120568,6.170063177801778,7.337427601113468,-1.0875651200155845
29-1131,58080.0,62350.0,70350.0,75580.0,82580.0,98420.0,122590.0,132980.0,161610.0,160780.0,174500.0,212890.0,74540.0,78810.0,80630.0,111019.98,111624.06,125510.0,Veterinarians,8.17011000804937,5.728467936678293,2.309351605126253,13.051722761974908,0.5441182749267178,12.439916627293435
29-1141,52080.0,61250.0,66030.0,60110.0,66680.0,78610.0,90760.0,101100.0,107960.0,111220.0,129400.0,135320.0,2982280.0,3072700.0,3282010.0,85247.90000000001,87798.81999999999,93600.0,Registered Nurses,10.050364150918089,3.031908472712153,6.811924366192599,9.797426094953646,2.992355236903177,6.607355315253677
29-1151,127480.0,143870.0,137230.0,148110.0,174190.0,187110.0,203730.0,227160.0,,,,,43570.0,46540.0,50350.0,203280.77,219540.29,223210.0,Nurse Anesthetists,15.56116593986688,6.816616938260271,8.186506231198969,9.803795017108593,7.998552937397846,1.6715428407241428
29-1161,69000.0,77510.0,74670.0,86990.0,102510.0,104260.0,127110.0,137010.0,146520.0,158990.0,171230.0,177040.0,6930.0,7950.0,8280.0,122149.89,130671.28,128790.0,Nurse Midwives,19.480519480519483,14.71861471861472,4.150943396226415,5.436034367284327,6.976174927378158,-1.4397042716655095
29-1171,81410.0,87340.0,97960.0,92790.0,103250.0,109940.0,127030.0,135470.0,149570.0,152160.0,165240.0,169950.0,200600.0,258230.0,307390.0,127720.66,131460.41,129210.0,Nurse Practitioners,53.23529411764706,28.728813559322035,19.037292336289354,1.166091687907028,2.928069742201457,-1.7118537816822594
29-1181,54010.0,56990.0,61930.0,66030.0,68750.0,76440.0,96610.0,101100.0,109330.0,120750.0,120380.0,129830.0,13590.0,13940.0,14730.0,90248.8,89377.08,92120.0,Audiologists,8.388520971302428,2.57542310522443,5.667144906743185,2.0733793690331583,-0.9659075799345822,3.0689299762310407
29-1215,85590.0,65090.0,81330.0,147030.0,132600.0,167580.0,,,,,,,109370.0,100940.0,107950.0,239101.17,228415.3,238380.0,Family Medicine Physicians,-1.298345067203072,-7.707780927128097,6.944719635426987,-0.3016170937181163,-4.469183484129343,4.362536134838608
29-1216,60970.0,64620.0,70100.0,107250.0,94630.0,135240.0,,,,,,,44610.0,67220.0,66640.0,234449.17,231831.26,236350.0,General Internal Medicine Physicians,49.38354629006949,50.6837032055593,-0.8628384409401963,0.810764226633853,-1.116621568760526,1.9491504294977389
29-1221,69940.0,78230.0,96240.0,127610.0,139050.0,159510.0,,,,,,,29740.0,33430.0,42960.0,203885.53,205768.35,210130.0,"Pediatricians, General",44.45191661062542,12.407531943510424,28.50732874663476,3.0627332896061827,0.9234691642903776,2.119689446895013
29-1292,53130.0,61510.0,66470.0,64260.0,75100.0,80060.0,91560.0,96870.0,102920.0,103340.0,107640.0,120060.0,221560.0,214700.0,219070.0,88643.86,87993.4,94260.0,Dental Hygienists,-1.1238490702292832,-3.096226755732081,2.035398230088496,6.335622117538653,-0.7337902478524811,7.121670488923041
29-2010,30920.0,35220.0,38020.0,39030.0,40440.0,46580.0,68100.0,74920.0,80010.0,81530.0,84670.0,97990.0,326020.0,333600.0,343040.0,61778.560000000005,62027.78,61890.0,Clinical Laboratory Technologists and Technicians,5.220538617262744,2.325010735537697,2.8297362110311752,0.1803862051818544,0.4034085611577768,-0.2221262795476459
29-2031,29710.0,33950.0,37890.0,38770.0,39430.0,46470.0,76190.0,81740.0,91430.0,94370.0,102000.0,108900.0,56110.0,55750.0,61180.0,67128.36,68124.62,67260.0,Cardiovascular Technologists and Technicians,9.035822491534486,-0.6415968633042238,9.739910313901346,0.1961019157923706,1.484111931231442,-1.2691740519066317
29-2032,52770.0,61430.0,64760.0,61830.0,68580.0,78080.0,89130.0,97350.0,103630.0,102060.0,107730.0,123170.0,72790.0,81080.0,86460.0,86434.16,87939.34999999999,89340.0,Diagnostic Medical Sonographers,18.78005220497321,11.388927050419014,6.635421805624075,3.361911540529805,1.7414295459110007,1.5927454546798547
29-2033,56560.0,64680.0,75570.0,66880.0,76910.0,83020.0,93370.0,100740.0,108190.0,105690.0,114100.0,128090.0,18110.0,16910.0,16960.0,90655.85,92209.3,97020.0,Nuclear Medicine Technologists,-6.350082827167311,-6.6261733848702375,0.2956830277942046,7.020120598946448,1.7135684018185229,5.217152716699939
29-2034,41480.0,47760.0,52360.0,49580.0,57350.0,62910.0,74660.0,80050.0,93610.0,89760.0,97940.0,106990.0,207360.0,215820.0,223460.0,70373.13,70416.34,77660.0,Radiologic Technologists and Technicians,7.764274691358025,4.079861111111112,3.5399870262255586,10.354619724886463,0.0614012763109895,10.286902159356767
29-2035,51150.0,60530.0,64910.0,61030.0,67770.0,78150.0,87280.0,93360.0,102440.0,101580.0,104850.0,121420.0,37900.0,38380.0,41530.0,85375.83,86577.29,88180.0,Magnetic Resonance Imaging Technologists,9.577836411609498,1.2664907651715038,8.207399687337155,3.284501011586064,1.4072601109705076,1.8511898443575752
29-2051,20190.0,25040.0,28280.0,23670.0,29710.0,32460.0,36360.0,39480.0,44290.0,47040.0,49920.0,53440.0,29230.0,19690.0,29950.0,33029.200000000004,36710.76,37040.0,Dietetic Technicians,2.463222716387273,-32.63770099213137,52.1076688674454,12.143194506678924,11.146379567170856,0.8968487713139088
29-2052,24120.0,29640.0,35100.0,27980.0,34590.0,36920.0,40440.0,45710.0,48580.0,49130.0,50640.0,59450.0,417780.0,453630.0,487920.0,39483.85,40850.99,43460.0,Pharmacy Technicians,16.788740485422952,8.581071377279908,7.559023874082402,10.07031989028426,3.462529616539419,6.386650605040421
29-2053,23440.0,28660.0,32980.0,27440.0,31660.0,37170.0,43200.0,45710.0,48910.0,62120.0,58880.0,60150.0,78470.0,100950.0,136300.0,39286.14,40407.78,42590.0,Psychiatric Technicians,73.69695425003185,28.64789091372499,35.01733531451213,8.409734323606239,2.855052697974399,5.4004946572170045
29-2055,33420.0,38860.0,43290.0,39760.0,47860.0,51740.0,59320.0,64360.0,77140.0,71400.0,78560.0,90700.0,109000.0,107400.0,113890.0,56172.9,60492.76,62830.0,Surgical Technologists,4.486238532110091,-1.4678899082568808,6.042830540037244,11.85108833619058,7.690291937927352,3.863668974601267
29-2056,24530.0,29000.0,32120.0,29080.0,34510.0,37390.0,42540.0,46740.0,50960.0,51230.0,54680.0,60880.0,110650.0,118750.0,131320.0,41077.16,41337.44,45980.0,Veterinary Technologists and Technicians,18.68052417532761,7.320379575237235,10.585263157894737,11.935683966467,0.6336367947540471,11.230884157315996
29-2057,24980.0,29830.0,34210.0,29940.0,35100.0,37100.0,46320.0,48080.0,49730.0,56370.0,58970.0,60810.0,58600.0,66060.0,76520.0,42961.22,42007.66,44080.0,Ophthalmic Medical Technicians,30.580204778156997,12.73037542662116,15.834090221011202,2.6041625447322,-2.219583149640548,4.933243127562935
29-2061,34560.0,40490.0,47960.0,40810.0,47800.0,55220.0,56040.0,62110.0,73160.0,63360.0,72650.0,80510.0,697510.0,632020.0,632430.0,55219.240000000005,59044.22,62340.0,Licensed Practical and Licensed Vocational Nurses,-9.330332181617468,-9.389112700893175,0.0648713648302268,12.895432823776629,6.926897219157663,5.581884221690114
29-2081,25640.0,29540.0,34470.0,30050.0,34310.0,37900.0,49170.0,52000.0,59680.0,60840.0,64760.0,73240.0,72330.0,73460.0,79690.0,44007.92,42818.41,46560.0,"Opticians, Dispensing",10.175584128300844,1.5622839762201022,8.48080588075143,5.79913797334662,-2.702945288029978,8.73827402745689
29-2091,41360.0,40360.0,46220.0,52120.0,54600.0,59990.0,86580.0,93980.0,98880.0,108130.0,110120.0,118730.0,9830.0,9150.0,9930.0,79560.83,83312.67,78310.0,Orthotists and Prosthetists,1.017293997965412,-6.917599186164802,8.524590163934425,-1.5721681133794123,4.715687355197271,-6.004692923657348
29-2092,29020.0,32400.0,36950.0,38640.0,40610.0,47150.0,64780.0,75150.0,78110.0,85260.0,91740.0,91000.0,8210.0,10080.0,10580.0,62127.46,63800.62,61560.0,Hearing Aid Specialists,28.867235079171746,22.77710109622412,4.9603174603174605,-0.9133803313381864,2.693108651150387,-3.5119094453940973
29-9091,31300.0,39670.0,45380.0,39860.0,47320.0,51590.0,59430.0,63240.0,70880.0,73470.0,78000.0,84100.0,28600.0,29720.0,28950.0,56335.72,58201.04,60250.0,Athletic Trainers,1.2237762237762235,3.916083916083916,-2.590847913862719,6.948131664954311,3.31107865489249,3.5204869191340893
29-9092,61310.0,64360.0,78680.0,70740.0,79940.0,87060.0,98110.0,104610.0,113220.0,114750.0,128380.0,137780.0,2390.0,3220.0,3510.0,95226.44,97279.19,98910.0,Genetic Counselors,46.86192468619247,34.72803347280335,9.006211180124224,3.868211391710115,2.155651308607147,1.6764222646179494
31-1120,19430.0,22500.0,25600.0,22680.0,27100.0,30370.0,29460.0,34110.0,37980.0,34180.0,38350.0,44190.0,3161500.0,3504230.0,3988140.0,29400.64,32624.58,34900.0,Home Health and Personal Care Aides,26.147082081290527,10.84074015498972,13.809310461927444,18.70489894097544,10.965543607213988,6.974557220353495
31-1131,21960.0,28030.0,31390.0,25460.0,30770.0,36260.0,35260.0,39260.0,46070.0,40620.0,45940.0,50140.0,1419920.0,1310090.0,1388430.0,34494.58,38656.56,39530.0,Nursing Assistants,-2.2177305763705,-7.734942813679643,5.97974184979658,14.597713611819591,12.06560566906452,2.2594871349132006
31-1132,21590.0,27630.0,31610.0,24480.0,30720.0,34850.0,35460.0,38590.0,43160.0,42860.0,46700.0,49570.0,46990.0,44790.0,53020.0,33703.74,37316.12,37700.0,Orderlies,12.832517556927009,-4.681847201532241,18.374637195802634,11.85702239573413,10.718039006946997,1.0287243153897154
31-1133,21440.0,25900.0,30920.0,24820.0,29760.0,35930.0,38520.0,46320.0,48770.0,47690.0,52050.0,58530.0,55020.0,30590.0,34900.0,36180.93,40169.96,41590.0,Psychiatric Aides,-36.56852053798619,-44.40203562340967,14.089571755475646,14.950057944889751,11.02522793084644,3.535079447427881
31-2011,41730.0,47940.0,49070.0,52150.0,57470.0,59950.0,73190.0,76270.0,77340.0,82210.0,85580.0,86930.0,44990.0,43810.0,47910.0,71536.13,69454.25,68340.0,Occupational Therapy Assistants,6.4903311847077125,-2.622805067792843,9.358593928326869,-4.467854215764823,-2.9102496878151007,-1.6042934737615049
31-2012,18960.0,25100.0,27970.0,21920.0,30590.0,34840.0,39330.0,53240.0,44190.0,62120.0,68070.0,65580.0,7560.0,3710.0,5000.0,33994.49,40061.86,37370.0,Occupational Therapy Aides,-33.86243386243386,-50.92592592592593,34.77088948787062,9.929579764250036,17.848098324169605,-6.719258666472302
31-2021,33450.0,43340.0,46020.0,47690.0,53970.0,58240.0,69880.0,75310.0,77270.0,80840.0,85230.0,87630.0,96840.0,97740.0,108010.0,68372.77,67854.37,65510.0,Physical Therapist Assistants,11.534489880214789,0.929368029739777,10.507468794761612,-4.187003100795835,-0.7581965744550188,-3.455002234933425
31-2022,20310.0,22380.0,24960.0,23320.0,26940.0,29710.0,32310.0,35280.0,38240.0,39740.0,41320.0,46930.0,49270.0,42800.0,44010.0,31401.0,33954.21,34520.0,Physical Therapist Aides,-10.6758676679521,-13.131723158108382,2.8271028037383177,9.932804687748796,8.130983089710515,1.6663323929492126
31-9011,21810.0,29040.0,33280.0,29420.0,39080.0,44870.0,59370.0,67300.0,77170.0,80630.0,90530.0,97450.0,107240.0,86270.0,96040.0,49799.66,53898.66,57950.0,Massage Therapists,-10.443864229765012,-19.554270794479677,11.324910165758665,16.36625631580616,8.230979890224136,7.51658761089794
31-9091,27980.0,31450.0,36190.0,33440.0,36910.0,39520.0,48550.0,48870.0,56910.0,56930.0,59200.0,61780.0,351470.0,363880.0,375430.0,46613.04,48450.42,47300.0,Dental Assistants,6.817082539050275,3.53088457051811,3.1741233373639663,1.4737506929391413,3.9417725168751008,-2.374427301146199
31-9092,25820.0,30390.0,35020.0,29460.0,35330.0,37610.0,40270.0,45360.0,48160.0,48720.0,51710.0,57830.0,712430.0,752460.0,793460.0,40472.4,41369.87,44200.0,Medical Assistants,11.373748999901744,5.618797636259001,5.448794620312043,9.210227216572276,2.217486484616662,6.841041559956569
31-9093,26530.0,31570.0,35400.0,30910.0,36240.0,38910.0,46630.0,50300.0,56160.0,56910.0,62960.0,67070.0,56900.0,63890.0,72760.0,43542.72,44839.88,46490.0,Medical Equipment Preparers,27.873462214411248,12.284710017574692,13.883236813272813,6.768708982810441,2.979051377589632,3.680027689636999
31-9094,22160.0,24340.0,26370.0,25690.0,29120.0,31200.0,42460.0,43950.0,45680.0,51260.0,51280.0,53890.0,55780.0,48680.0,43070.0,38820.94,37543.13,37550.0,Medical Transcriptionists,-22.78594478307637,-12.72857655073503,-11.524239934264584,-3.2738516893202543,-3.2915483241776347,0.0182989537633186
31-9095,20300.0,24590.0,29360.0,23560.0,28600.0,34450.0,34970.0,39590.0,42570.0,46500.0,50180.0,58660.0,37280.0,43230.0,41100.0,32389.55,35964.869999999995,37000.0,Pharmacy Aides,10.246781115879829,15.96030042918455,-4.9271339347675225,14.234374975879568,11.03849852807463,2.8781697250678366
31-9096,20790.0,25270.0,29160.0,24080.0,29190.0,34320.0,34220.0,37510.0,44550.0,39800.0,44920.0,48150.0,97030.0,111880.0,114190.0,33250.17,37553.94,37320.0,Veterinary Assistants and Laboratory Animal Caretakers,17.685251983922498,15.304544986086777,2.0647121916338937,12.240027644971445,12.943602995112496,-0.622943957411646
31-9097,26000.0,30250.0,34860.0,29860.0,35020.0,37540.0,41490.0,45280.0,48170.0,49750.0,51610.0,57750.0,128290.0,137090.0,138880.0,41298.130000000005,41650.93,43660.0,Phlebotomists,8.254735365188246,6.859459038116766,1.305711576336713,5.719072510062792,0.8542759684276156,4.823589773385612
31-9099,23790.0,28750.0,32450.0,29460.0,33550.0,37570.0,48440.0,50400.0,57650.0,58500.0,61520.0,68180.0,93270.0,107170.0,103650.0,44728.98,43694.02,46050.0,"Healthcare Support Workers, All Other",11.12898037954326,14.902969872413424,-3.284501259680881,2.953387267046994,-2.313846638130372,5.391996433379221
33-1011,41850.0,42100.0,50340.0,47710.0,47430.0,56890.0,86670.0,86800.0,102190.0,105780.0,110240.0,125170.0,46430.0,55900.0,53390.0,74117.99,68438.11,76310.0,First-Line Supervisors of Correctional Officers,14.99030799052337,20.396295498600043,-4.490161001788909,2.9574601254027457,-7.663294700787223,11.50220250091652
33-1012,52320.0,54070.0,62370.0,68170.0,72260.0,80940.0,118970.0,122850.0,133520.0,146580.0,155760.0,165050.0,121340.0,131860.0,153130.0,105937.67,104089.49,105980.0,First-Line Supervisors of Police and Detectives,26.199109939014345,8.669853304763475,16.130744729258303,0.0399574580033728,-1.744591890684407,1.81623524142544
33-1021,43150.0,46170.0,53970.0,58540.0,61820.0,72240.0,101430.0,101820.0,115990.0,126720.0,128810.0,142300.0,69590.0,84040.0,93680.0,90481.4,86642.15,92430.0,First-Line Supervisors of Firefighting and Prevention Workers,34.617042678545765,20.764477654835463,11.470728224654929,2.1535917879254645,-4.243137263570208,6.680178181173951
33-2011,25550.0,29150.0,34490.0,34470.0,37400.0,44180.0,69040.0,70730.0,77410.0,92020.0,84750.0,101330.0,324620.0,321450.0,332240.0,59138.55,55866.08,59530.0,Firefighters,2.34735999014232,-0.9765264000985768,3.356665111214808,0.6619201857333281,-5.533564823621831,6.558398226616233
33-2021,38090.0,42930.0,47580.0,48060.0,53290.0,60700.0,78180.0,96470.0,105390.0,96400.0,125610.0,149870.0,13710.0,14510.0,14050.0,71710.58,75075.45,78060.0,Fire Inspectors and Investigators,2.4799416484318018,5.835156819839534,-3.1702274293590627,8.854230435732074,4.692292267054589,3.9754007468486745
33-2022,28090.0,30000.0,33590.0,33760.0,35270.0,41000.0,69080.0,72990.0,77780.0,89710.0,90120.0,100450.0,2160.0,2290.0,2780.0,52649.01,52006.91,52380.0,Forest Fire Inspectors and Prevention Specialists,28.703703703703702,6.018518518518518,21.397379912663755,-0.5109497785428483,-1.2195860852844256,0.7173854397425339
33-3011,24620.0,28290.0,32950.0,34530.0,37510.0,43420.0,67180.0,72150.0,77880.0,82900.0,82530.0,93950.0,19650.0,16470.0,16910.0,55626.29,53077.1,57050.0,Bailiffs,-13.944020356234097,-16.18320610687023,2.671523982999393,2.5594192961637368,-4.582707205531777,7.485148962546939
33-3012,31740.0,35510.0,41750.0,37110.0,39850.0,47520.0,60110.0,64110.0,75330.0,78090.0,82600.0,93000.0,423050.0,363250.0,365380.0,52544.34,53628.41,57970.0,Correctional Officers and Jailers,-13.63195839735256,-14.135444982862548,0.5863730213351687,10.325869541800309,2.0631527582228504,8.095690325333166
33-3021,44860.0,47990.0,54160.0,58890.0,61240.0,68390.0,107050.0,110530.0,120080.0,139180.0,150570.0,159410.0,105620.0,107400.0,110790.0,96726.71,93268.68,93580.0,Detectives and Criminal Investigators,4.89490626775232,1.685286877485325,3.156424581005586,-3.2531965576002806,-3.5750518135063345,0.333788362824484
33-3031,33930.0,31200.0,35670.0,45740.0,46300.0,53260.0,70050.0,72800.0,82100.0,80540.0,85300.0,94470.0,6800.0,6530.0,6420.0,66872.5,64319.5,68180.0,Fish and Game Wardens,-5.588235294117648,-3.970588235294117,-1.6845329249617151,1.955213279001084,-3.817712811693895,6.002067802143984
33-3041,26610.0,29220.0,35410.0,32200.0,34650.0,39930.0,53040.0,52250.0,61210.0,64210.0,64460.0,76030.0,7650.0,8150.0,7770.0,47589.96,44937.17,47150.0,Parking Enforcement Workers,1.568627450980392,6.535947712418301,-4.662576687116564,-0.9244807097967704,-5.57426398341163,4.924275382717696
33-3051,36960.0,40560.0,47640.0,47190.0,50210.0,58980.0,84440.0,84520.0,97190.0,105230.0,104100.0,115280.0,665280.0,655890.0,666990.0,73443.45,71118.98999999999,76290.0,Police and Sheriff's Patrol Officers,0.257034632034632,-1.4114357864357865,1.6923569500983398,3.875839166052252,-3.164965698098342,7.270927216486076
33-3052,43220.0,50080.0,58370.0,57780.0,56990.0,65920.0,83200.0,92580.0,114040.0,99320.0,114310.0,141870.0,4690.0,3370.0,3000.0,83526.66,74751.15,82320.0,Transit and Railroad Police,-36.034115138592746,-28.14498933901919,-10.979228486646884,-1.4446405494964163,-10.506238367486512,10.125396064140828
33-9011,24280.0,28430.0,32880.0,30440.0,33260.0,38160.0,47370.0,50040.0,57110.0,59610.0,62050.0,69990.0,11980.0,11490.0,11790.0,43717.17,42504.92,45830.0,Animal Control Workers,-1.5859766277128546,-4.090150250417363,2.610966057441253,4.832952361737966,-2.772937955498949,7.822812041523668
33-9021,30390.0,33710.0,37250.0,37030.0,38360.0,41940.0,67940.0,75740.0,75310.0,89760.0,92660.0,98770.0,35000.0,32050.0,38700.0,58743.130000000005,56341.72,52370.0,Private Detectives and Investigators,10.571428571428571,-8.428571428571429,20.74882995319813,-10.849149509057492,-4.087984416220252,-7.049341056680558
33-9031,24490.0,27400.0,34020.0,28050.0,30290.0,37410.0,43680.0,44630.0,50610.0,57700.0,57190.0,62360.0,10280.0,10500.0,10000.0,39762.97,38883.57,43900.0,Gambling Surveillance Officers and Gambling Investigators,-2.723735408560312,2.140077821011673,-4.761904761904762,10.404227853201103,-2.211605420822442,12.901155938099308
33-9032,21150.0,24020.0,29800.0,24650.0,28860.0,35100.0,37950.0,39440.0,46660.0,50310.0,51350.0,59580.0,1126370.0,1124890.0,1241770.0,34517.840000000004,37564.75,38370.0,Security Guards,10.245301277555331,-0.1313955449807789,10.39034927859613,11.159910353602646,8.827058703557338,2.1436319954212397
33-9091,20060.0,26000.0,29940.0,24410.0,29120.0,34280.0,38510.0,40510.0,46920.0,49710.0,57060.0,61440.0,84920.0,91270.0,90180.0,34610.88,36083.78,37700.0,Crossing Guards and Flaggers,6.194065002355158,7.477626000942063,-1.1942587925934045,8.92528592165239,4.2555982396287,4.479076194345496
33-9092,17830.0,20460.0,24860.0,19720.0,22880.0,28840.0,27620.0,31260.0,37750.0,35930.0,36930.0,44600.0,143940.0,107930.0,143590.0,27237.46,29478.87,33720.0,"Lifeguards, Ski Patrol, and Other Recreational Protective Service Workers",-0.2431568709184382,-25.017368347922748,33.03993329009543,23.800090023078518,8.229144714668694,14.387016870049637
33-9093,34640.0,38540.0,45010.0,38010.0,42600.0,52210.0,45180.0,52460.0,69990.0,50240.0,59950.0,75940.0,46730.0,47550.0,46340.0,48578.51,51574.51,63360.0,Transportation Security Screeners,-0.8345816392039376,1.7547613952493046,-2.544689800210305,30.428043182057245,6.167336132787919,22.85138530642367
35-1011,28370.0,33750.0,36000.0,37380.0,42950.0,47710.0,68500.0,72820.0,76790.0,86990.0,91520.0,96030.0,128190.0,160190.0,182320.0,59929.39,61098.12,60990.0,Chefs and Head Cooks,42.22638271316016,24.962945627584052,13.814844871714838,1.769766053016726,1.9501783682430205,-0.1769612551089875
35-1012,22420.0,27700.0,29340.0,26610.0,31200.0,35400.0,44910.0,46710.0,50920.0,57990.0,59650.0,63420.0,1011100.0,1169620.0,1187460.0,38844.2,40051.05,42010.0,First-Line Supervisors of Food Preparation and Serving Workers,17.44238947680744,15.67797448323608,1.5252817154289426,8.149994078910096,3.106898842040745,4.891132691901971
35-2011,17540.0,20680.0,22370.0,19450.0,22550.0,26540.0,26410.0,31970.0,35710.0,30490.0,35800.0,38980.0,527220.0,725590.0,668230.0,27342.13,29878.84,30160.0,"Cooks, Fast Food",26.745950457114677,37.6256591176359,-7.905290866742927,10.305963727039549,9.277660518767188,0.9410003868958764
35-2012,19200.0,23250.0,26800.0,22710.0,27490.0,30530.0,33940.0,37760.0,42860.0,40570.0,45230.0,48320.0,402480.0,417780.0,448260.0,32273.25,35143.31,36450.0,"Cooks, Institution and Cafeteria",11.374478234943352,3.8014311270125214,7.295705873904926,12.94183263228835,8.892999620428677,3.7181756641591313
35-2013,27390.0,24950.0,38240.0,30520.0,26620.0,42800.0,49100.0,52070.0,47150.0,81670.0,92030.0,92480.0,390.0,610.0,900.0,44042.81,41694.17,44530.0,"Cooks, Private Household",130.76923076923077,56.41025641025641,47.540983606557376,1.1061737432284688,-5.332629775438941,6.8015024642534
35-2014,19970.0,23610.0,28010.0,23520.0,28690.0,31310.0,32600.0,37350.0,43610.0,38740.0,44570.0,47340.0,1401890.0,1321480.0,1452130.0,32319.77,36872.91,36830.0,"Cooks, Restaurant",3.5837333884969578,-5.735828060689498,9.886642249598934,13.955018863067403,14.087785896991209,-0.1163726974627069
35-2015,18700.0,21510.0,23770.0,21130.0,25330.0,30160.0,30120.0,35170.0,39990.0,36070.0,40110.0,46010.0,152670.0,133290.0,150420.0,29249.45,32819.16,35620.0,"Cooks, Short Order",-1.4737669483199056,-12.694045981528786,12.851676794958362,21.78006765939188,12.2043662359463,8.534161142454604
35-2019,20050.0,23650.0,26430.0,24940.0,28990.0,31200.0,37890.0,38030.0,42230.0,45860.0,46040.0,49600.0,19340.0,18590.0,23590.0,35773.880000000005,36094.59,36210.0,"Cooks, All Other",21.975180972078597,-3.877973112719752,26.89618074233459,1.2191017580424468,0.8964920774598444,0.3197432080541807
35-2021,18220.0,21770.0,23490.0,20800.0,25880.0,28740.0,29650.0,34970.0,37540.0,35500.0,38780.0,44260.0,863740.0,904330.0,888770.0,28842.4,32202.99,34220.0,Food Preparation Workers,2.897862782781856,4.699330817144047,-1.7206108389636523,18.644772973122897,11.65156158988155,6.263424607466581
35-3011,17780.0,19100.0,19930.0,19390.0,22340.0,25790.0,31390.0,37560.0,46790.0,46140.0,57220.0,71920.0,646850.0,613070.0,745610.0,27539.84,31759.78,33530.0,Bartenders,15.267836438123211,-5.222230810852594,21.61906470712969,21.750888894053126,15.323037461365058,5.573779163457685
35-3023,17580.0,21150.0,22620.0,19210.0,23010.0,27150.0,25780.0,31480.0,35440.0,30410.0,35350.0,38800.0,3996820.0,3325050.0,3780930.0,26446.62,30192.33,30480.0,Fast Food and Counter Workers,-5.401544227660991,-16.807612051581007,13.710470519240312,15.251022625953716,14.163284381898327,0.952791652714454
35-3031,17420.0,18250.0,18500.0,18950.0,21810.0,25690.0,29620.0,36400.0,45350.0,42950.0,55360.0,62510.0,2579020.0,2122210.0,2302690.0,26621.07,31478.72,33760.0,Waiters and Waitresses,-10.71453497840265,-17.71254197330769,8.50434217160413,26.8168409459124,18.247388252989072,7.247054518099855
35-3041,18510.0,22680.0,26590.0,20800.0,26920.0,29800.0,29280.0,35170.0,37550.0,36530.0,41920.0,44770.0,277580.0,248870.0,271780.0,28412.09,32754.3,34460.0,"Food Servers, Nonrestaurant",-2.0894877152532603,-10.342964190503638,9.205609354281352,21.286396037743085,15.282965807865592,5.207560534036755
35-9011,17870.0,20680.0,22260.0,19590.0,23320.0,27830.0,27140.0,33860.0,36880.0,34600.0,39760.0,46380.0,477270.0,439770.0,522010.0,27295.61,31478.72,32670.0,Dining Room and Cafeteria Attendants and Bartender Helpers,9.374148804659836,-7.857187755358602,18.70068444868909,19.689576455701115,15.325211636596498,3.7843978408270815
35-9021,18360.0,21670.0,23960.0,20580.0,24940.0,28740.0,26760.0,33710.0,36750.0,30950.0,36350.0,41600.0,514330.0,431840.0,471670.0,27877.11,31435.48,33670.0,Dishwashers,-8.294285769836486,-16.038341142846033,9.22332345313079,20.780095210730234,12.764486706118388,7.108273835805913
35-9031,17600.0,20500.0,22010.0,19290.0,22630.0,26630.0,26350.0,31300.0,35840.0,31560.0,36180.0,42600.0,423380.0,400420.0,427150.0,26853.67,29965.32,30380.0,"Hosts and Hostesses, Restaurant, Lounge, and Coffee Shop",0.890453020926827,-5.423024233549058,6.675490734728536,13.131650161784211,11.587429204276352,1.3838664162438457
35-9099,18480.0,21660.0,24040.0,21910.0,27040.0,29890.0,29890.0,35360.0,38860.0,36620.0,41960.0,47360.0,72300.0,81930.0,89580.0,29040.11,33338.04,34830.0,"Food Preparation and Serving Related Workers, All Other",23.900414937759336,13.319502074688796,9.337239106554376,19.937562219977814,14.799978374737565,4.475248094968988
37-1011,26240.0,29890.0,34390.0,31900.0,35970.0,38600.0,53890.0,56640.0,60330.0,67340.0,68540.0,74190.0,155550.0,165750.0,174660.0,47427.14,48039.64,47520.0,First-Line Supervisors of Housekeeping and Janitorial Workers,12.285438765670202,6.557377049180328,5.375565610859728,0.1957950658631336,1.2914546396852098,-1.0816900376439111
37-1012,32380.0,36520.0,39270.0,38850.0,43080.0,46350.0,62520.0,64270.0,70320.0,78220.0,80600.0,83080.0,103580.0,122910.0,124130.0,57417.310000000005,54925.61,56170.0,"First-Line Supervisors of Landscaping, Lawn Service, and Groundskeeping Workers",19.839737401042672,18.661903842440623,0.9925962086079244,-2.172358823497661,-4.339632072627583,2.2655915883319264
37-2011,19620.0,23160.0,27570.0,23050.0,27920.0,30830.0,34950.0,37560.0,41650.0,44880.0,46400.0,49040.0,2145450.0,2148350.0,2199900.0,31901.09,34581.19,35930.0,"Janitors and Cleaners, Except Maids and Housekeeping Cleaners",2.537929105782004,0.1351697779020718,2.399515907556962,12.6293803754041,8.40128033242752,3.9004152257339832
37-2012,18680.0,22520.0,26800.0,21290.0,26510.0,29630.0,30080.0,35480.0,38510.0,37900.0,42720.0,47590.0,926960.0,771390.0,854910.0,28900.55,32386.76,34660.0,Maids and Housekeeping Cleaners,-7.772719426943989,-16.782816950030206,10.82720802706802,19.92851347119692,12.06278081212987,7.019041114331912
37-2019,21770.0,25950.0,30640.0,24920.0,31090.0,35610.0,40660.0,45940.0,48400.0,56390.0,58780.0,61640.0,18150.0,15630.0,16370.0,36320.49,40213.2,42360.0,"Building Cleaning Workers, All Other",-9.80716253443526,-13.884297520661155,4.73448496481126,16.628382491535774,10.71766928254547,5.338545552206746
37-2021,24920.0,29250.0,32460.0,30120.0,35090.0,37060.0,48150.0,47010.0,49300.0,60320.0,58970.0,61410.0,79450.0,91160.0,96110.0,43414.79,41413.11,44730.0,Pest Control Workers,20.969162995594715,14.738829452485842,5.430013163668276,3.029405416909765,-4.610594684438183,8.009275323683731
37-3011,21710.0,27550.0,29990.0,25450.0,30400.0,35250.0,37480.0,42020.0,45870.0,46530.0,48530.0,53900.0,912660.0,914230.0,943430.0,35401.72,38797.09,38090.0,Landscaping and Groundskeeping Workers,3.371463633773804,0.1720246312975259,3.193944631000952,7.593642342801419,9.5909746758067,-1.8225335972362784
37-3012,25020.0,29270.0,34590.0,29570.0,35730.0,38040.0,43310.0,48170.0,50960.0,57350.0,56400.0,58910.0,25780.0,22740.0,25200.0,41681.92,44796.64,45200.0,"Pesticide Handlers, Sprayers, and Applicators, Vegetation",-2.2498060512024827,-11.792086889061288,10.817941952506596,8.440302174180081,7.472592433361997,0.9004246747077473
37-3013,26450.0,30650.0,37660.0,32160.0,37950.0,43690.0,50800.0,58860.0,63130.0,62390.0,72370.0,78900.0,47210.0,48150.0,47870.0,46496.74,50893.48,50430.0,Tree Trimmers and Pruners,1.39800889642025,1.9911035797500527,-0.5815160955347871,8.459216710676925,9.45601777673015,-0.910686398336282
37-3019,22630.0,29120.0,30790.0,27220.0,32770.0,37810.0,46430.0,49980.0,52830.0,65440.0,67370.0,76090.0,14310.0,16050.0,13580.0,37320.67,42721.12,43410.0,"Grounds Maintenance Workers, All Other",-5.101327742837177,12.159329140461216,-15.389408099688474,16.31623976739968,14.470399379217996,1.6125045410794585
39-1013,28280.0,35200.0,38360.0,38970.0,46430.0,49190.0,63170.0,65480.0,74080.0,77510.0,77590.0,82370.0,29420.0,21900.0,25530.0,58975.73,60849.49,61590.0,First-Line Supervisors of Gambling Services Workers,-13.222297756628144,-25.56084296397009,16.575342465753426,4.432789555974969,3.1771713550641847,1.2169535028148997
39-2011,20810.0,27050.0,29120.0,24120.0,29660.0,32870.0,42080.0,46250.0,48900.0,59110.0,66850.0,70800.0,16530.0,17710.0,20110.0,35390.090000000004,38505.22,38750.0,Animal Trainers,21.657592256503328,7.138535995160314,13.551665725578768,9.493928950166543,8.80226639717502,0.6357060159635468
39-2021,18630.0,22250.0,24500.0,21200.0,26370.0,28870.0,30070.0,35450.0,37160.0,38630.0,44280.0,46480.0,212450.0,256670.0,277300.0,28819.14,31921.93,33470.0,Animal Caretakers,30.524829371616853,20.814309249235112,8.037557953792808,16.138094335917035,10.766421204796538,4.849550136849494
39-3011,17040.0,19590.0,22340.0,18570.0,22060.0,24480.0,24720.0,37630.0,45430.0,36370.0,61060.0,73530.0,98890.0,71290.0,82980.0,24725.38,31478.72,33280.0,Gambling Dealers,-16.088583274345233,-27.909798766306,16.39781175480432,34.598538020447,27.313392150090294,5.7222148804017525
39-3012,19350.0,20890.0,22200.0,21850.0,24760.0,24960.0,31030.0,36230.0,36310.0,43030.0,43480.0,45900.0,9970.0,7910.0,7600.0,28784.25,31284.14,30460.0,Gambling and Sports Book Writers and Runners,-23.77131394182548,-20.661985957873625,-3.919089759797725,5.821760163978565,8.684923178474337,-2.63437000345862
39-3019,18650.0,22140.0,22880.0,22920.0,25740.0,27570.0,37080.0,37600.0,38950.0,51860.0,48440.0,56740.0,10470.0,12260.0,14920.0,32912.9,32808.35,34530.0,"Gambling Service Workers, All Other",42.50238777459408,17.096466093600764,21.69657422512235,4.9132710882359145,-0.3176566027302452,5.247597029414773
39-3021,18260.0,21730.0,24160.0,20560.0,26380.0,29250.0,34200.0,38490.0,75380.0,52980.0,50220.0,82040.0,4540.0,1900.0,1950.0,29249.45,36062.16,38180.0,Motion Picture Projectionists,-57.04845814977973,-58.14977973568281,2.631578947368421,30.532368984715948,23.291754203925187,5.872748609622951
39-3031,17680.0,20020.0,22880.0,19460.0,22240.0,27140.0,27840.0,32450.0,35650.0,35170.0,37300.0,40210.0,138160.0,98350.0,119210.0,27330.5,29889.65,31150.0,"Ushers, Lobby Attendants, and Ticket Takers",-13.71598147075854,-28.814418066010425,21.209964412811388,13.975229139605934,9.363714531384344,4.216677010269448
39-3091,17820.0,20170.0,21940.0,19560.0,22790.0,26430.0,26680.0,31970.0,35360.0,32130.0,36920.0,39940.0,338110.0,324580.0,371590.0,27179.31,30030.18,30490.0,Amusement and Recreation Attendants,9.902102865931203,-4.001656265712343,14.48333230636515,12.180919971846226,10.48911837717734,1.531192953222391
39-3092,24370.0,31310.0,33610.0,29800.0,37220.0,39240.0,55530.0,65330.0,83090.0,87780.0,85820.0,115240.0,7460.0,5730.0,6290.0,48159.83,52396.07,54810.0,Costume Attendants,-15.683646112600536,-23.19034852546917,9.773123909249565,13.808541267691348,8.796210451739547,4.607082172384303
39-3093,18700.0,22620.0,23530.0,21210.0,25730.0,29120.0,32030.0,36010.0,41530.0,39540.0,45770.0,50790.0,15990.0,12130.0,14960.0,29202.93,32657.01,34800.0,"Locker Room, Coatroom, and Dressing Room Attendants",-6.441525953721075,-24.140087554721703,23.33058532563891,19.16612476898722,11.8278542598294,6.562113310434732
39-3099,18320.0,18700.0,22700.0,22120.0,21470.0,28180.0,37330.0,35300.0,40360.0,51230.0,44850.0,52860.0,4500.0,4930.0,8060.0,30772.98,29468.06,34550.0,"Entertainment Attendants and Related Workers, All Other",79.11111111111111,9.555555555555555,63.48884381338742,12.273819435101837,-4.240473298328605,17.245587256168214
39-4011,26090.0,31600.0,35160.0,36090.0,41490.0,46160.0,60760.0,62680.0,64760.0,76110.0,79830.0,78740.0,3890.0,3950.0,3420.0,55544.880000000005,53952.71,56280.0,Embalmers,-12.082262210796916,1.5424164524421593,-13.41772151898734,1.3234703180563092,-2.8664568183422223,4.313573868671288
39-4021,19390.0,23210.0,26820.0,22720.0,27880.0,29420.0,34860.0,37270.0,39230.0,43710.0,46420.0,46690.0,34370.0,32950.0,30560.0,32482.59,33683.96,34610.0,Funeral Attendants,-11.085248763456503,-4.131510037823683,-7.253414264036419,6.549385378444268,3.698504337246504,2.749201697187625
39-4031,29370.0,30440.0,31470.0,40050.0,38480.0,38470.0,71530.0,71360.0,67140.0,89880.0,93250.0,85940.0,25440.0,23940.0,25700.0,62976.45,55747.17,49800.0,"Morticians, Undertakers, and Funeral Arrangers",1.022012578616352,-5.89622641509434,7.351712614870509,-20.92282114981077,-11.47933870518266,-10.668111044919408
39-5011,20300.0,22880.0,27770.0,23880.0,28930.0,32050.0,42210.0,46770.0,59180.0,56630.0,60910.0,78440.0,20030.0,12690.0,18100.0,35064.450000000004,37824.19,38960.0,Barbers,-9.63554667998003,-36.64503245132302,42.63199369582348,11.10968516545959,7.870478504582248,3.0028666839924534
39-5012,18420.0,21800.0,24580.0,20900.0,27400.0,29060.0,36730.0,45710.0,48300.0,51870.0,60080.0,70220.0,385960.0,298050.0,295460.0,30342.67,35986.49,35250.0,"Hairdressers, Hairstylists, and Cosmetologists",-23.4480257021453,-22.776971706912637,-0.8689817144774367,16.1730328939411,18.600274794538503,-2.046573589144143
39-5091,23920.0,37440.0,22010.0,38250.0,48420.0,28850.0,118560.0,107450.0,132530.0,145420.0,170860.0,157090.0,3400.0,2970.0,3320.0,88073.99,104175.97,50280.0,"Makeup Artists, Theatrical and Performance",-2.3529411764705883,-12.647058823529411,11.784511784511784,-42.911636000594505,18.28233284310157,-51.73551059807746
39-5092,20230.0,23330.0,27910.0,23420.0,29120.0,31510.0,30200.0,35110.0,37660.0,36730.0,45180.0,47990.0,111780.0,138020.0,147820.0,29970.51,33651.53,34660.0,Manicurists and Pedicurists,32.24190373948828,23.47468241188048,7.100420228952325,15.64701434843784,12.282140010296777,2.9968028199609384
39-5093,17920.0,21430.0,22880.0,19450.0,24650.0,27390.0,25340.0,30190.0,35610.0,29230.0,33770.0,35970.0,12120.0,7480.0,8890.0,26225.65,30116.66,31470.0,Shampooers,-26.65016501650165,-38.28382838283829,18.850267379679146,19.9970258125156,14.836658004663366,4.493658991402102
39-5094,20500.0,25540.0,27160.0,25220.0,31020.0,34130.0,46770.0,53050.0,55860.0,62540.0,79300.0,77330.0,56660.0,61990.0,70240.0,39646.67,41142.86,41560.0,Skincare Specialists,23.967525591246027,9.40698905753618,13.308598160993707,4.825953856906525,3.773810007246517,1.0138818740359796
39-6011,18690.0,22210.0,25480.0,21580.0,27240.0,29830.0,31550.0,36600.0,40780.0,39510.0,45560.0,48490.0,39790.0,26520.0,31220.0,29749.54,34062.31,36020.0,Baggage Porters and Bellhops,-21.538074893189243,-33.350087961799446,17.722473604826547,21.077502374826636,14.496930036565258,5.7473788477645895
39-6012,22250.0,26880.0,30770.0,26090.0,30460.0,33860.0,39640.0,42880.0,45700.0,51270.0,56550.0,58050.0,41670.0,37600.0,44200.0,36506.57,38440.36,37320.0,Concierges,6.071514278857691,-9.7672186225102,17.5531914893617,2.228174271096957,5.297101316283619,-2.914540862780683
39-7010,19500.0,23400.0,26890.0,22970.0,28220.0,31250.0,35780.0,42870.0,45910.0,45850.0,55130.0,59930.0,48710.0,41180.0,49010.0,32098.8,37229.64,36660.0,Tour and Travel Guides,0.6158899609936358,-15.458838020940258,19.01408450704225,14.209877004747842,15.98452278589854,-1.53007120133313
39-9011,18000.0,21250.0,22900.0,20210.0,23530.0,28000.0,29220.0,33870.0,36960.0,35800.0,39090.0,44560.0,561520.0,459460.0,520180.0,28179.49,30830.12,32050.0,Childcare Workers,-7.362159851830745,-18.17566604929477,13.215513864101336,13.735202446886008,9.4062383669825,3.956779928200088
39-9031,21110.0,23920.0,27580.0,26910.0,31530.0,34090.0,57470.0,60060.0,60920.0,75400.0,80330.0,82050.0,325500.0,250540.0,303620.0,46973.57,49055.78,46180.0,Exercise Trainers and Group Fitness Instructors,-6.721966205837174,-23.029185867895546,21.186237726510736,-1.689396824639898,4.432726743996676,-5.862265364040688
39-9032,18860.0,22580.0,25640.0,22170.0,27040.0,30460.0,33630.0,37500.0,41120.0,44000.0,48270.0,49460.0,358750.0,270380.0,309640.0,30645.05,34246.08,35380.0,Recreation Workers,-13.689198606271775,-24.63275261324042,14.520304756268953,15.450945585012915,11.750772147540966,3.311094291667829
39-9041,20600.0,25580.0,28490.0,24310.0,29800.0,33890.0,36980.0,43430.0,47590.0,46640.0,51480.0,58350.0,107930.0,86770.0,82810.0,34250.35,38613.32,39180.0,Residential Advisors,-23.27434448253497,-19.60529973130733,-4.563789328108793,14.39299160446536,12.7384683660167,1.4675764736106616
41-1011,26290.0,29310.0,31120.0,31960.0,35900.0,37580.0,54290.0,57860.0,60510.0,70060.0,74580.0,76560.0,1171900.0,1097160.0,1113160.0,46927.05,48915.25,47320.0,First-Line Supervisors of Retail Sales Workers,-5.01237306937452,-6.377677276218108,1.458310547231033,0.8373635248753055,4.236788803046424,-3.2612528812589123
41-1012,41780.0,47570.0,48880.0,55860.0,63150.0,62730.0,103830.0,115320.0,118190.0,146740.0,161690.0,162120.0,249090.0,237520.0,219010.0,86945.88,89560.84999999999,84130.0,First-Line Supervisors of Non-Retail Sales Workers,-12.075956481593,-4.644907463165924,-7.793027955540587,-3.238658347008512,3.0075835680770457,-6.06386607541129
41-2011,18150.0,21440.0,23070.0,20320.0,23920.0,27780.0,26550.0,31690.0,35410.0,31270.0,35900.0,38220.0,3596630.0,3296040.0,3148030.0,27504.95,30527.44,31190.0,Cashiers,-12.472787025632329,-8.357545813720066,-4.490540163347532,13.3977702195423,10.988894726222,2.1703752427324443
41-2012,19430.0,21130.0,22810.0,22470.0,24960.0,28870.0,31460.0,36800.0,39350.0,38960.0,46840.0,49190.0,21290.0,18800.0,21930.0,29877.47,32440.81,34810.0,Gambling Change Persons and Booth Cashiers,3.0061061531235325,-11.695631751996242,16.648936170212767,16.509195725073102,8.579508238147328,7.303116044266473
41-2021,19620.0,24620.0,28580.0,23630.0,29680.0,34200.0,37910.0,44960.0,48290.0,50860.0,57490.0,62030.0,411560.0,370770.0,398620.0,33517.66,38732.23,38540.0,Counter and Rental Clerks,-3.144134512586257,-9.911070074837204,7.511395204574264,14.984160588776174,15.557679145859204,-0.4963050152289087
41-2022,20570.0,23510.0,27770.0,24840.0,29030.0,30630.0,41980.0,46270.0,48410.0,56090.0,59070.0,61750.0,256170.0,259280.0,265060.0,36878.73,38699.8,37440.0,Parts Salespersons,3.470351719561229,1.2140375531873364,2.229250231410058,1.5219341880807629,4.937995424462806,-3.255313980950795
41-2031,18900.0,22590.0,25600.0,21780.0,26950.0,29140.0,31480.0,36090.0,37850.0,42780.0,47200.0,47930.0,4317950.0,3640040.0,3800250.0,29365.75,33078.6,34580.0,Retail Salespersons,-11.989485751340336,-15.699811253025162,4.401325260161976,17.756229621242433,12.643470709925674,4.538886168096599
41-3011,25390.0,30510.0,33480.0,35250.0,39990.0,44980.0,79010.0,82880.0,91430.0,118300.0,132640.0,133540.0,129740.0,106560.0,97470.0,61999.53,63184.45,61460.0,Advertising Sales Agents,-24.872822568213348,-17.866502235239707,-8.530405405405405,-0.8702162742201415,1.911175778267994,-2.729231638480666
41-3021,28000.0,31530.0,36390.0,36520.0,40030.0,45520.0,77460.0,81970.0,91150.0,125500.0,130350.0,135660.0,410050.0,445540.0,469480.0,59243.22,62546.66,60370.0,Insurance Sales Agents,14.493354468967198,8.655042068040483,5.373254926605917,1.9019560381761809,5.576064231485046,-3.4800579279533013
41-3031,35320.0,40200.0,47080.0,43510.0,48300.0,51600.0,112770.0,110710.0,129480.0,204130.0,189620.0,215210.0,437880.0,443220.0,472300.0,72420.01000000001,72945.87999999999,78140.0,"Securities, Commodities, and Financial Services Sales Agents",7.860601077920891,1.2195121951219512,6.5610757637290735,7.898355716879893,0.7261390878018116,7.120511809577197
41-3041,23660.0,29650.0,33280.0,30400.0,36590.0,38760.0,54710.0,58520.0,60880.0,69420.0,64100.0,74160.0,66670.0,53180.0,59150.0,47287.58,50158.4,48450.0,Travel Agents,-11.27943602819859,-20.23398830058497,11.226024821361417,2.458193039271619,6.070981006006228,-3.406009761076912
41-3091,27320.0,34390.0,36930.0,37550.0,45280.0,47120.0,80790.0,94170.0,98780.0,120460.0,135210.0,142040.0,1039670.0,1075750.0,1189330.0,65279.19,67454.4,66260.0,"Sales Representatives of Services, Except Advertising, Insurance, Financial Services, and Travel",14.394952244462186,3.4703319322477326,10.558215198698582,1.5024849419853366,3.3321645075559174,-1.7706776726203095
41-4011,41080.0,46160.0,48840.0,57050.0,62500.0,65640.0,117560.0,138180.0,146150.0,158580.0,182610.0,194890.0,306980.0,290830.0,293930.0,94226.26,105624.51,100070.0,"Sales Representatives, Wholesale and Manufacturing, Technical and Scientific Products",-4.251091276304645,-5.260929050752492,1.0659147955850496,6.20181677591787,12.096680904028222,-5.258732087845893
41-4012,30530.0,35790.0,37860.0,42070.0,47220.0,49040.0,85730.0,93280.0,97570.0,125300.0,129450.0,134470.0,1344530.0,1273400.0,1266860.0,69698.59,68351.63,66780.0,"Sales Representatives, Wholesale and Manufacturing, Except Technical and Scientific Products",-5.776739827300246,-5.290324500011156,-0.5135856761426103,-4.187444824924,-1.9325498550257496,-2.2993306816531
41-9011,21750.0,26200.0,30910.0,25230.0,29420.0,33860.0,41880.0,41620.0,50100.0,54490.0,58220.0,60320.0,77760.0,43410.0,64770.0,35971.590000000004,37586.37,37960.0,Demonstrators and Product Promoters,-16.705246913580247,-44.17438271604938,49.20525224602626,5.5277234061658,4.489042602787342,0.9940571542290588
41-9012,21930.0,27170.0,38010.0,23530.0,29540.0,45760.0,39620.0,95000.0,89990.0,55630.0,156000.0,124380.0,2320.0,2070.0,5350.0,32971.05,46623.53,89990.0,Models,130.60344827586206,-10.775862068965516,158.45410628019323,172.93640936518548,41.40747716557402,93.01412827385658
41-9021,23600.0,36360.0,36920.0,35940.0,49280.0,48200.0,95790.0,97320.0,114220.0,178720.0,173000.0,166730.0,42730.0,52310.0,49590.0,69454.36,67227.39,72280.0,Real Estate Brokers,16.054294406739995,22.41984554177393,-5.199770598355955,4.068340706040628,-3.206378980383666,7.515701561521279
41-9022,24930.0,29130.0,31940.0,33600.0,36090.0,38940.0,75340.0,78240.0,85440.0,111800.0,113320.0,125140.0,162330.0,193010.0,190600.0,56905.59,54028.38,56320.0,Real Estate Sales Agents,17.41514199470215,18.899772069241667,-1.2486399668410963,-1.0290553177640434,-5.056111359182826,4.241511590760268
41-9031,59180.0,64790.0,70580.0,76350.0,82940.0,90690.0,139620.0,155180.0,159200.0,174270.0,195140.0,202670.0,63550.0,59700.0,56690.0,120835.7,117320.93,121520.0,Sales Engineers,-10.794649881982693,-6.058221872541306,-5.041876046901173,0.5663061495899001,-2.908718201657295,3.579131191680809
41-9041,19170.0,22350.0,24620.0,22170.0,27360.0,29120.0,33960.0,36990.0,38640.0,44480.0,46100.0,48930.0,134800.0,96520.0,66430.0,30575.27,33543.43,34410.0,Telemarketers,-50.71958456973293,-28.39762611275965,-31.174886033982595,12.541933399116342,9.707714764252286,2.5834269184755394
41-9091,19550.0,20540.0,23440.0,23020.0,25130.0,31200.0,39670.0,39030.0,42970.0,61580.0,51860.0,55970.0,8930.0,8640.0,4590.0,31889.46,33619.1,34530.0,"Door-to-Door Sales Workers, News and Street Vendors, and Related Workers",-48.600223964165735,-3.2474804031354982,-46.875,8.280290729287987,5.423861050014643,2.70947169912342
41-9099,21650.0,27860.0,28060.0,24740.0,32710.0,35040.0,47530.0,66330.0,66240.0,69940.0,93070.0,95850.0,118910.0,119490.0,99070.0,37006.66,47693.72,46370.0,"Sales and Related Workers, All Other",-16.68488773021613,0.487763855016399,-17.08929617541217,25.301770005723284,28.878747771347097,-2.775459746063006
43-1011,34290.0,38420.0,43920.0,43360.0,48040.0,53190.0,72480.0,77430.0,82340.0,91570.0,97490.0,102980.0,1487870.0,1495440.0,1495580.0,65849.06,66340.97,66140.0,First-Line Supervisors of Office and Administrative Support Workers,0.5181904333039848,0.5087810090935364,0.0093617931846145,0.4418286305074094,0.7470266090358822,-0.3029349736671037
43-2011,21870.0,25640.0,29820.0,25670.0,29650.0,34250.0,37790.0,40070.0,46330.0,47970.0,52710.0,60940.0,68050.0,47430.0,35730.0,35599.43,37478.27,38370.0,"Switchboard Operators, Including Answering Service",-47.49448934606907,-30.30124908155768,-24.667931688804558,7.782624609438971,5.27772495233771,2.379325406428854
43-2021,23360.0,27430.0,31440.0,27700.0,31220.0,35860.0,47630.0,49510.0,48530.0,57620.0,64390.0,57510.0,4740.0,4030.0,3950.0,41577.25,41434.73,39130.0,Telephone Operators,-16.666666666666664,-14.978902953586498,-1.9851116625310172,-5.886031423434691,-0.3427836136348702,-5.562314512487462
43-2099,23510.0,29540.0,35980.0,33520.0,38880.0,44620.0,58230.0,58780.0,64310.0,72840.0,74320.0,89110.0,3240.0,1240.0,1390.0,49764.77,49920.58,49910.0,"Communications Equipment Operators, All Other",-57.098765432098766,-61.72839506172839,12.096774193548388,0.2918329573310514,0.3130929772206274,-0.0211936640159263
43-3011,25800.0,29510.0,33960.0,30740.0,34800.0,38290.0,45840.0,48290.0,54990.0,56860.0,59610.0,65830.0,235870.0,202840.0,165020.0,43031.0,42667.07,46040.0,Bill and Account Collectors,-30.037732649340736,-14.003476491287572,-18.64523762571485,6.992633217912668,-0.8457391183100562,7.90522995837305
43-3021,27650.0,31580.0,35760.0,32940.0,36800.0,40260.0,47580.0,49520.0,56350.0,57300.0,60480.0,64990.0,466450.0,441980.0,417500.0,45054.62,46277.61,47170.0,Billing and Posting Clerks,-10.494158001929469,-5.246007074713259,-5.538712158921219,4.695145581074699,2.714460803353792,1.9283407245966235
43-3031,25870.0,30460.0,34600.0,33020.0,37180.0,41390.0,51370.0,55310.0,60220.0,62410.0,65540.0,72660.0,1512660.0,1550750.0,1455770.0,47950.49,49574.66,49210.0,"Bookkeeping, Accounting, and Auditing Clerks",-3.760924464188912,2.5180807319556275,-6.124778333064646,2.6266884863950337,3.3871812363127014,-0.7355774099106202
43-3041,20970.0,23480.0,27940.0,24040.0,28230.0,31870.0,33950.0,37200.0,43840.0,40550.0,44460.0,49350.0,14330.0,11730.0,13490.0,32610.52,34289.32,36990.0,Gambling Cage Workers,-5.861828332170272,-18.143754361479413,15.004262574595057,13.429653988958162,5.148031984770556,7.876155024363272
43-3051,30320.0,34220.0,36670.0,37000.0,40470.0,45440.0,57030.0,61170.0,65750.0,66210.0,73580.0,78830.0,142700.0,159190.0,156950.0,53707.34,53650.03,55290.0,Payroll and Timekeeping Clerks,9.985984583041343,11.555711282410652,-1.407123563037879,2.946822538595276,-0.1067079471819027,3.056792326117993
43-3061,29450.0,32450.0,36810.0,35530.0,37800.0,41240.0,51290.0,53100.0,57680.0,59920.0,62280.0,65890.0,66030.0,63340.0,59900.0,50369.53,48904.44,48510.0,Procurement Clerks,-9.28365894290474,-4.07390580039376,-5.4310072623934325,-3.691775563520245,-2.90868308677886,-0.8065525338803493
43-3071,23330.0,28570.0,31270.0,26920.0,31140.0,36420.0,36390.0,39450.0,45550.0,40230.0,46350.0,48270.0,442120.0,352440.0,339340.0,36320.49,39326.78,39340.0,Tellers,-23.247082240115805,-20.284085768569614,-3.716944728180683,8.313516695397013,8.277118508037752,0.0336157702207024
43-3099,28650.0,33330.0,38770.0,34700.0,39000.0,46350.0,52370.0,56520.0,61190.0,63710.0,68740.0,75860.0,30500.0,41850.0,37030.0,49334.46,50947.53,52150.0,"Financial Clerks, All Other",21.40983606557377,37.21311475409836,-11.517323775388292,5.7070453390996905,3.269661814480182,2.360212555937454
43-4011,35600.0,40090.0,47730.0,43490.0,48070.0,53880.0,63770.0,63500.0,77400.0,78160.0,79860.0,91650.0,47990.0,42700.0,40090.0,61348.25,59109.08,62940.0,Brokerage Clerks,-16.461762867264014,-11.023129818712231,-6.112412177985949,2.594613538283488,-3.6499329646730025,6.4811023957740606
43-4021,26540.0,29930.0,33530.0,32330.0,34740.0,38510.0,46090.0,48140.0,52480.0,55050.0,59840.0,62200.0,6250.0,4970.0,6260.0,44356.82,41834.7,46740.0,Correspondence Clerks,0.16,-20.48,25.95573440643863,5.372747640610847,-5.685980194251983,11.725433671091231
43-4031,25990.0,30310.0,34860.0,31860.0,36440.0,39730.0,49380.0,51990.0,59590.0,61100.0,63640.0,72370.0,154020.0,159760.0,170010.0,45798.94,47715.34,47700.0,"Court, Municipal, and License Clerks",10.381768601480328,3.726788728736528,6.415873810716074,4.150882094651093,4.184376319626599,-0.032148990240867
43-4041,26950.0,30830.0,34590.0,32780.0,36500.0,40850.0,49360.0,53290.0,59530.0,60570.0,64080.0,71730.0,26700.0,16290.0,11960.0,46636.3,48461.23,49130.0,"Credit Authorizers, Checkers, and Clerks",-55.2059925093633,-38.98876404494382,-26.580724370779617,5.347122306014835,3.9131106026850175,1.380010371177133
43-4051,22980.0,27990.0,30690.0,27630.0,31520.0,35970.0,43980.0,47010.0,50140.0,56380.0,59630.0,62730.0,2919230.0,2879840.0,2725930.0,40367.73,40840.18,42830.0,Customer Service Representatives,-6.621609122953656,-1.3493284187953674,-5.344394133007389,6.099599853645465,1.1703655370267216,4.872211630800843
43-4061,32180.0,33230.0,37690.0,37160.0,39060.0,43850.0,55960.0,59680.0,61680.0,62840.0,66060.0,72280.0,139780.0,149760.0,156260.0,54184.17,53217.63,51500.0,"Eligibility Interviewers, Government Programs",11.789955644584346,7.139791100300472,4.340277777777778,-4.953790009148426,-1.7838051224185971,-3.227558235870326
43-4071,22150.0,26190.0,29620.0,26370.0,31030.0,35120.0,40280.0,46570.0,50020.0,50740.0,57280.0,61080.0,102300.0,87250.0,78980.0,38041.73,40310.49,41270.0,File Clerks,-22.795698924731184,-14.71163245356794,-9.478510028653297,8.48612825967693,5.96387177975343,2.3802985277529545
43-4081,18340.0,22280.0,26600.0,20940.0,25630.0,29210.0,29160.0,34380.0,37430.0,35550.0,37860.0,44720.0,267940.0,243180.0,261430.0,28458.61,31251.71,34270.0,"Hotel, Motel, and Resort Desk Clerks",-2.4296484287527056,-9.240874822721503,7.504729007319681,20.42049840101115,9.814604437813369,9.657999514266583
43-4111,23710.0,29520.0,31980.0,28310.0,33930.0,37380.0,42820.0,46910.0,50440.0,51360.0,55620.0,60960.0,188570.0,168680.0,157310.0,40670.11,41834.7,43830.0,"Interviewers, Except Eligibility and Loan",-16.577398313623586,-10.547807180357427,-6.740573867678444,7.769563445980351,2.863503442700294,4.769485618398131
43-4121,19030.0,22060.0,25090.0,22490.0,26620.0,30190.0,35730.0,38960.0,44200.0,44970.0,48750.0,52790.0,85910.0,77660.0,80070.0,31970.870000000003,33673.15,36010.0,"Library Assistants, Clerical",-6.797811663368641,-9.603072983354672,3.103270667010044,12.6337819396219,5.32447193335683,6.939802186608614
43-4131,26610.0,31750.0,36360.0,33230.0,37890.0,42720.0,50010.0,53740.0,59520.0,60090.0,61940.0,65910.0,208530.0,242630.0,173100.0,47264.32,50255.69,48950.0,Loan Interviewers and Clerks,-16.990361099122428,16.352563180357745,-28.65680253884516,3.566495826026906,6.329023669440279,-2.59809386757996
43-4141,26820.0,32760.0,36980.0,31060.0,36620.0,40050.0,43600.0,47230.0,51510.0,51310.0,55400.0,60110.0,43420.0,45170.0,38030.0,42507.65,44126.42,46610.0,New Accounts Clerks,-12.413634269921694,4.030400736987564,-15.806951516493248,9.650851082099337,3.808185114914601,5.628328788059403
43-4151,23260.0,28470.0,33530.0,27300.0,33070.0,38110.0,43660.0,46670.0,51890.0,54050.0,56220.0,61680.0,137180.0,113500.0,83420.0,39821.12,41142.86,44660.0,Order Clerks,-39.189386207902025,-17.261991543956846,-26.50220264317181,12.151541694457608,3.3191934330325163,8.54860357301364
43-4161,28760.0,32240.0,36090.0,34470.0,38370.0,42360.0,49640.0,53080.0,58560.0,59320.0,62580.0,67140.0,117340.0,103680.0,92580.0,48183.09,49650.33,49440.0,"Human Resources Assistants, Except Payroll and Timekeeping",-21.10107380262485,-11.64138401227203,-10.70601851851852,2.608612274555236,3.045134714274236,-0.423622562025271
43-4171,21130.0,24350.0,28280.0,25050.0,28960.0,32660.0,36680.0,38170.0,44070.0,43380.0,46220.0,48870.0,1057370.0,1011170.0,964530.0,34948.15,36710.76,37230.0,Receptionists and Information Clerks,-8.780275589434163,-4.369331454457758,-4.612478613882928,6.529244037238017,5.043500156660655,1.4144082007563938
43-4181,24750.0,29990.0,34550.0,29260.0,33940.0,37200.0,61340.0,61310.0,54930.0,72630.0,68090.0,75050.0,123660.0,119130.0,127440.0,44635.94,42331.96,41460.0,Reservation and Transportation Ticket Agents and Travel Clerks,3.056768558951965,-3.66327025715672,6.975572903550743,-7.115208058797467,-5.161714976765367,-2.059814853836201
43-4199,25770.0,29730.0,34170.0,32290.0,36110.0,39610.0,50530.0,53350.0,58680.0,59830.0,63610.0,68850.0,153850.0,150590.0,143910.0,48101.68,48342.32,48360.0,"Information and Record Clerks, All Other",-6.460838479038024,-2.1189470263243417,-4.435885516966598,0.5370290601076714,0.500273587117954,0.0365725103801395
43-5011,26780.0,32720.0,37240.0,34080.0,38400.0,43490.0,55940.0,58710.0,62230.0,69040.0,70280.0,76350.0,95810.0,93480.0,97800.0,50869.62,50655.66,49900.0,Cargo and Freight Agents,2.0770274501617783,-2.431896461747208,4.621309370988447,-1.9060885455798624,-0.4206046752462597,-1.491758275383237
43-5021,20990.0,26350.0,29880.0,24760.0,30550.0,35130.0,36570.0,39730.0,44630.0,46080.0,46800.0,50590.0,74720.0,75800.0,71920.0,34529.47,38137.68,38340.0,Couriers and Messengers,-3.747323340471092,1.4453961456102784,-5.118733509234828,11.035587861615015,10.449653585763114,0.5304989710963008
43-5031,27190.0,31090.0,35640.0,33650.0,37720.0,42140.0,52650.0,59440.0,62840.0,64950.0,70730.0,78110.0,95320.0,95730.0,101140.0,48741.33,50698.9,50730.0,Public Safety Telecommunicators,6.105749055812002,0.4301300881242131,5.651310978794526,4.080048697891498,4.016242478405903,0.0613425537832153
43-5032,25260.0,30160.0,34600.0,31640.0,36090.0,40240.0,52740.0,57320.0,61520.0,67850.0,71930.0,76130.0,199360.0,206370.0,211000.0,46740.97,48461.23,48880.0,"Dispatchers, Except Police, Fire, and Ambulance",5.83868378812199,3.5162520064205456,2.243543150651742,4.576349185735766,3.680411424923348,0.8641340717105284
43-5041,25810.0,29130.0,33980.0,31720.0,34660.0,39620.0,57760.0,61980.0,68030.0,72420.0,78600.0,86480.0,30450.0,20460.0,19620.0,49171.64,48385.56,49180.0,"Meter Readers, Utilities",-35.56650246305419,-32.80788177339902,-4.105571847507331,0.0170016700683576,-1.5986450726475705,1.6418948132459403
43-5051,35770.0,39770.0,42600.0,43170.0,50150.0,55410.0,60750.0,68310.0,74050.0,61980.0,69620.0,74050.0,81170.0,77690.0,78060.0,56207.79,60752.2,61630.0,Postal Service Clerks,-3.831464826906492,-4.287298262905014,0.4762517698545501,9.646723345643013,8.085018108699872,1.444885946517168
43-5052,36990.0,39640.0,42390.0,38050.0,43580.0,46030.0,64410.0,71340.0,75300.0,65620.0,71340.0,76880.0,339650.0,326760.0,336040.0,59673.53,58644.25,57490.0,Postal Service Mail Carriers,-1.0628588252612985,-3.79508317385544,2.8400048965601665,-3.659126584266087,-1.7248518731839708,-1.9682236536403823
43-5053,35760.0,38580.0,42600.0,39030.0,39770.0,47380.0,60750.0,67160.0,72970.0,61270.0,68310.0,74050.0,102390.0,119530.0,111930.0,69942.82,53109.53,56530.0,"Postal Service Mail Sorters, Processors, and Processing Machine Operators",9.317316144154702,16.7399160074226,-6.358236426001842,-19.17683616416954,-24.06721662066243,6.440407211285811
43-5061,30190.0,35030.0,38570.0,37180.0,40800.0,46600.0,61650.0,64400.0,71480.0,76100.0,79260.0,84810.0,370380.0,389920.0,385000.0,56126.380000000005,54731.03,57770.0,"Production, Planning, and Expediting Clerks",3.947297370268373,5.275662832766348,-1.2617972917521545,2.928426882332328,-2.486085865505678,5.5525540082107
43-5071,23940.0,28970.0,32900.0,28030.0,32800.0,37040.0,41760.0,46050.0,49390.0,51560.0,55730.0,60300.0,704910.0,848240.0,857630.0,39762.97,40818.56,43190.0,"Shipping, Receiving, and Inventory Clerks",21.665177114808984,20.33309216779447,1.1069980194284637,8.618646947147052,2.654706124819138,5.809710092663735
43-5111,23980.0,30000.0,34580.0,28190.0,34490.0,38650.0,43320.0,47130.0,53060.0,51540.0,53600.0,60120.0,60920.0,52610.0,49720.0,40751.52,43185.95,45650.0,"Weighers, Measurers, Checkers, and Samplers, Recordkeeping",-18.384766907419568,-13.640840446487196,-5.4932522334157,12.020361449094404,5.973838521851437,5.705675109613203
43-6011,37890.0,43520.0,48300.0,48020.0,53070.0,60000.0,75820.0,81930.0,90440.0,91330.0,101600.0,107710.0,542690.0,475240.0,472770.0,70815.07,71324.38,74260.0,Executive Secretaries and Executive Administrative Assistants,-12.883966905599884,-12.428826770347712,-0.5197373958421009,4.8646848756909975,0.7192113204152698,4.115871739789389
43-6012,28760.0,31240.0,35530.0,35780.0,38960.0,42720.0,63480.0,64590.0,72090.0,79610.0,81400.0,87660.0,168140.0,159940.0,154540.0,55009.9,52731.18,54140.0,Legal Secretaries and Administrative Assistants,-8.088497680504341,-4.876888307362911,-3.37626609978742,-1.5813517203267076,-4.142381644031349,2.671702017667725
43-6013,26180.0,30230.0,35050.0,30590.0,35240.0,37880.0,44650.0,46550.0,49720.0,53230.0,55620.0,60050.0,604780.0,682630.0,830760.0,42542.54,41618.5,44640.0,Medical Secretaries and Administrative Assistants,37.36565362611197,12.872449485763418,21.699895990507304,4.930265094655841,-2.172037682752372,7.259992551389407
43-6014,24250.0,29000.0,31600.0,30100.0,34620.0,37770.0,47510.0,49920.0,55650.0,57570.0,60790.0,64150.0,2038340.0,1826710.0,1737820.0,43833.47,44321.0,46290.0,"Secretaries and Administrative Assistants, Except Legal, Medical, and Executive",-14.743369604678316,-10.382468086776496,-4.866125438630106,5.6042334772948585,1.1122322736484216,4.442589291757858
43-9021,23380.0,26850.0,30100.0,27700.0,30830.0,34900.0,39850.0,43540.0,47260.0,49190.0,51510.0,56930.0,159930.0,157380.0,135280.0,38948.87,39121.39,39850.0,Data Entry Keyers,-15.412993184518225,-1.5944475708122303,-14.04244503748888,2.313622962617394,0.4429396796363971,1.8624338245650285
43-9022,27850.0,31140.0,35300.0,33550.0,36970.0,39740.0,48710.0,50380.0,56000.0,58860.0,59640.0,64370.0,47460.0,41990.0,36030.0,46915.42,47920.73,47850.0,Word Processors and Typists,-24.0834386852086,-11.525495153813738,-14.193855679923791,1.992052932703153,2.142813599451945,-0.1475979184791131
43-9031,23850.0,29370.0,34650.0,33060.0,33720.0,42680.0,60720.0,68000.0,71990.0,78190.0,86820.0,92880.0,8740.0,6560.0,4000.0,52788.57,51790.71,53620.0,Desktop Publishers,-54.23340961098398,-24.94279176201373,-39.02439024390244,1.5750189861176391,-1.8902955696659345,3.532081332733227
43-9041,28380.0,33710.0,36900.0,34030.0,37710.0,41600.0,50550.0,54890.0,59500.0,61910.0,64350.0,73100.0,257000.0,227580.0,229070.0,47392.25,49812.48,48450.0,Insurance Claims and Policy Processing Clerks,-10.867704280155642,-11.447470817120625,0.6547148255558485,2.231905005565256,5.106805437597911,-2.73521816219549
43-9051,21380.0,26280.0,29460.0,25420.0,30390.0,34440.0,38470.0,39920.0,44940.0,47110.0,47990.0,52150.0,83580.0,67750.0,62730.0,36006.48,37910.67,38150.0,"Mail Clerks and Mail Machine Operators, Except Postal Service",-24.94615936826992,-18.93993778415889,-7.409594095940959,5.953150655104293,5.28846474301291,0.6312998424981721
43-9061,21140.0,26000.0,29120.0,26220.0,31180.0,35350.0,43590.0,47880.0,52560.0,55300.0,59700.0,63840.0,2956060.0,2517350.0,2510550.0,39588.52,41121.24,43630.0,"Office Clerks, General",-15.071074335432971,-14.841038409233912,-0.270125330208354,10.208717072525054,3.8716274313866585,6.100886062774377
43-9071,23120.0,27040.0,29850.0,27300.0,30920.0,34420.0,40600.0,42250.0,46680.0,50490.0,51210.0,56340.0,45960.0,30410.0,24740.0,38902.35,39683.51,39020.0,"Office Machine Operators, Except Computer",-46.17058311575283,-33.833768494342905,-18.645182505754686,0.3024238895593748,2.0080020872775126,-1.6720043161504663
43-9081,24630.0,29350.0,33530.0,31660.0,34870.0,38590.0,54120.0,57940.0,62380.0,63920.0,72660.0,78040.0,7730.0,5120.0,5160.0,47252.69,49088.21,49210.0,Proofreaders and Copy Markers,-33.247089262613194,-33.76455368693402,0.78125,4.142219204874892,3.884477264680586,0.2481043818872207
43-9111,31980.0,35820.0,38050.0,39090.0,41330.0,45970.0,61990.0,64560.0,63620.0,75650.0,79250.0,79410.0,9810.0,6710.0,5900.0,57998.810000000005,52839.28,51440.0,Statistical Assistants,-39.85728848114169,-31.60040774719674,-12.071535022354697,-11.30852512318788,-8.895923899128285,-2.6481814286644307
43-9199,22390.0,26440.0,30480.0,25420.0,31360.0,35390.0,47350.0,49720.0,57500.0,59700.0,62900.0,71840.0,188360.0,174590.0,195890.0,41251.61,41791.46,46040.0,"Office and Administrative Support Workers, All Other",3.997664047568486,-7.310469314079422,12.200011455409818,11.60776512722776,1.3086761946988217,10.166048278763174
45-1011,30130.0,36020.0,39610.0,36940.0,42850.0,47660.0,64000.0,70640.0,76640.0,80950.0,85400.0,90840.0,22560.0,27670.0,29530.0,56149.64,58903.69,59330.0,"First-Line Supervisors of Farming, Fishing, and Forestry Workers",30.895390070921984,22.65070921985816,6.722081676906397,5.66407905731898,4.904839995412251,0.7237407367857684
45-2011,28100.0,32610.0,37440.0,33960.0,36610.0,42740.0,56340.0,57740.0,64960.0,70320.0,72220.0,80240.0,13760.0,14000.0,12090.0,52904.87,48342.32,50990.0,Agricultural Inspectors,-12.136627906976743,1.744186046511628,-13.642857142857142,-3.619458851330704,-8.624064287465412,5.476940287516198
45-2021,26030.0,29640.0,37130.0,31730.0,36700.0,43310.0,56750.0,60240.0,59630.0,69550.0,73580.0,89970.0,1610.0,1270.0,1730.0,49915.96,48990.92,52000.0,Animal Breeders,7.453416149068323,-21.11801242236025,36.22047244094488,4.175097503884532,-1.85319484990372,6.142117763863185
45-2041,19530.0,25350.0,30490.0,23390.0,30190.0,33550.0,29370.0,35280.0,38010.0,33250.0,40330.0,43280.0,34340.0,23280.0,26870.0,29854.21,35186.55,35430.0,"Graders and Sorters, Agricultural Products",-21.753057658707046,-32.207338380896914,15.420962199312717,18.67672934571037,17.86126646794538,0.6918836885116739
45-2091,21720.0,28370.0,31240.0,26410.0,33540.0,36640.0,38730.0,44930.0,48690.0,47150.0,51700.0,57790.0,26990.0,28830.0,30940.0,37157.85,40840.18,42580.0,Agricultural Equipment Operators,14.63505001852538,6.817339755464986,7.318765175164758,14.592205953789042,9.909965189051578,4.260069372857807
45-2092,23010.0,29120.0,32260.0,23920.0,31040.0,34280.0,29780.0,35210.0,38950.0,36910.0,41540.0,46370.0,295520.0,284000.0,261690.0,29586.72,35673.0,35690.0,"Farmworkers and Laborers, Crop, Nursery, and Greenhouse",-11.447617758527342,-3.898213318895506,-7.855633802816901,20.6284441127641,20.57098590178296,0.0476550892832113
45-2093,18930.0,23200.0,27110.0,22580.0,28770.0,31220.0,35420.0,41600.0,44280.0,43700.0,51550.0,51840.0,36630.0,33020.0,35420.0,32366.29,36916.15,36150.0,"Farmworkers, Farm, Ranch, and Aquacultural Animals",-3.303303303303303,-9.855309855309857,7.268322228952149,11.69028022674208,14.057403551658224,-2.075378933068593
45-2099,19200.0,21480.0,27860.0,23910.0,29590.0,33870.0,39820.0,45990.0,52730.0,54890.0,59160.0,76730.0,6540.0,6100.0,4980.0,34413.17,38613.32,40390.0,"Agricultural Workers, All Other",-23.853211009174316,-6.727828746177369,-18.36065573770492,17.367856550268407,12.205065676890566,4.601210152351573
45-4011,22770.0,26690.0,33050.0,25430.0,31200.0,36400.0,36420.0,39690.0,45200.0,46870.0,48270.0,54190.0,6760.0,6080.0,5630.0,36948.51,34883.869999999995,43680.0,Forest and Conservation Workers,-16.715976331360945,-10.059171597633137,-7.401315789473683,18.21856957154699,-5.587884328759148,25.215464912579957
45-4021,30820.0,31660.0,35620.0,35350.0,40980.0,43670.0,61820.0,64340.0,65040.0,78950.0,91380.0,84510.0,4890.0,4530.0,4110.0,51927.95,53141.96,53900.0,Fallers,-15.950920245398772,-7.361963190184049,-9.271523178807946,3.79766580425377,2.3378739195365785,1.4264434356580016
45-4022,25430.0,29010.0,35050.0,32070.0,36060.0,43750.0,51170.0,55720.0,60640.0,60930.0,63650.0,72280.0,26030.0,24780.0,22520.0,48194.72,50158.4,49210.0,Logging Equipment Operators,-13.484441029581252,-4.802151363810987,-9.120258272800646,2.106620808254512,4.0744712283835245,-1.8908099141918429
45-4023,25100.0,30890.0,35050.0,29600.0,35370.0,38390.0,46960.0,51560.0,56200.0,55400.0,61100.0,63370.0,3300.0,3950.0,3310.0,43356.64,45801.97,46710.0,Log Graders and Scalers,0.303030303030303,19.696969696969692,-16.20253164556962,7.7343631794345695,5.640035759228579,1.9825129792452127
45-4029,24610.0,30060.0,37260.0,32470.0,39840.0,42010.0,48970.0,56750.0,62000.0,57580.0,62610.0,72070.0,3750.0,3490.0,2160.0,46264.14,50925.91,52000.0,"Logging Workers, All Other",-42.4,-6.933333333333333,-38.10888252148997,12.39806900117456,10.076422040915483,2.1091228413984235
47-1011,42730.0,47600.0,51290.0,53400.0,59100.0,62400.0,85540.0,93800.0,100200.0,106900.0,116940.0,126690.0,626180.0,720900.0,806080.0,77002.23,80080.48,78690.0,First-Line Supervisors of Construction Trades and Extraction Workers,28.729758216487276,15.126640901977067,11.81578582327646,2.191845612782908,3.997611497744936,-1.7363532286519712
47-2011,39840.0,46560.0,48390.0,52570.0,58100.0,62230.0,77870.0,81080.0,93520.0,94440.0,95700.0,107600.0,15820.0,13570.0,10170.0,73385.3,72340.52,73340.0,Boilermakers,-35.714285714285715,-14.222503160556258,-25.05526897568165,-0.0617289838700705,-1.4236911207012832,1.3816323133977968
47-2021,32980.0,37490.0,41330.0,41520.0,47300.0,49430.0,66360.0,74000.0,77290.0,87360.0,93290.0,95560.0,60650.0,55530.0,53520.0,61755.3,63779.0,60800.0,Brickmasons and Blockmasons,-11.755976916735367,-8.441879637262986,-3.619665045921124,-1.5469117630389666,3.27696570172924,-4.670816412925885
47-2022,27510.0,34740.0,37420.0,33910.0,42410.0,44820.0,57720.0,64150.0,64120.0,75140.0,82430.0,83200.0,12390.0,10220.0,8750.0,50334.64,54277.01,51990.0,Stonemasons,-29.37853107344633,-17.51412429378531,-14.383561643835616,3.2887093262214657,7.832319849709853,-4.213588773589398
47-2031,30170.0,36160.0,38760.0,37140.0,43870.0,47550.0,63050.0,66240.0,75620.0,84690.0,89950.0,98370.0,734170.0,689770.0,697740.0,56207.79,55552.59,59310.0,Carpenters,-4.962066006510754,-6.047645640655435,1.1554576163068848,5.519181593868037,-1.1656747223116304,6.7636990462550965
47-2041,24570.0,29120.0,32830.0,30990.0,35700.0,39140.0,56180.0,60350.0,65530.0,74240.0,78600.0,83200.0,26010.0,17400.0,14980.0,46624.67,48904.44,49850.0,Carpet Installers,-42.40676662821991,-33.102652825836216,-13.908045977011492,6.917646816588732,4.889621738877716,1.9334849760062789
47-2042,26740.0,32800.0,37190.0,33170.0,38300.0,44760.0,60600.0,64920.0,72390.0,78370.0,83320.0,97180.0,16290.0,20710.0,24850.0,51451.12,52828.47,54340.0,"Floor Layers, Except Carpet, Wood, and Hard Tiles",52.5475751995089,27.13321055862492,19.99034282955094,5.614804886657467,2.6770068367802264,2.8612034382218505
47-2043,26940.0,29640.0,35790.0,32500.0,35600.0,41320.0,48500.0,60500.0,58230.0,60590.0,75360.0,66510.0,4940.0,4270.0,4140.0,46066.43,49790.86,49150.0,Floor Sanders and Finishers,-16.194331983805668,-13.562753036437249,-3.0444964871194378,6.693746400578468,8.08491129006524,-1.287103697345257
47-2044,26030.0,33330.0,36140.0,33270.0,38800.0,44540.0,56600.0,62000.0,64980.0,74350.0,79130.0,82960.0,40470.0,40760.0,38740.0,50067.15,52255.54,52240.0,Tile and Stone Setters,-4.274771435631332,0.7165801828514949,-4.955839057899902,4.339871552504983,4.370909868047211,-0.0297384736623157
47-2051,29750.0,35940.0,38290.0,35710.0,39780.0,46020.0,57600.0,60950.0,65840.0,74950.0,80680.0,87620.0,196120.0,196730.0,205230.0,52114.03,52212.3,54660.0,Cement Masons and Concrete Finishers,4.645115235570059,0.3110340607791148,4.320642504956031,4.885383072466285,0.1885672629808072,4.687975821789127
47-2053,31590.0,35480.0,39360.0,36960.0,44310.0,46940.0,76430.0,65850.0,73490.0,92200.0,103080.0,104510.0,2970.0,1460.0,1450.0,60685.34,56568.73,57260.0,Terrazzo Workers and Finishers,-51.178451178451176,-50.84175084175085,-0.684931506849315,-5.64442746798486,-6.783532892787628,1.222000211070682
47-2061,24880.0,29700.0,34200.0,29700.0,35330.0,38100.0,49160.0,51200.0,58910.0,67910.0,72430.0,77530.0,1020350.0,1012780.0,1057660.0,42868.18,44050.75,46730.0,Construction Laborers,3.656588425540256,-0.7419022884304406,4.4313671281028455,9.00859332026692,2.7586195635084105,6.082189293031333
47-2071,27870.0,33980.0,38030.0,33240.0,38760.0,44740.0,51460.0,60790.0,66060.0,69680.0,82040.0,90110.0,45770.0,41470.0,45680.0,46671.19,51098.87,51650.0,"Paving, Surfacing, and Tamping Equipment Operators",-0.1966353506663753,-9.394800087393488,10.151917048468771,10.66784455249587,9.486966156208986,1.0785561402825634
47-2072,36160.0,38260.0,46690.0,46110.0,48050.0,54750.0,94360.0,94340.0,103960.0,113820.0,107580.0,121990.0,3540.0,3290.0,3040.0,72803.8,69519.11,70510.0,Pile Driver Operators,-14.124293785310735,-7.062146892655368,-7.598784194528875,-3.1506597183114105,-4.511701312294142,1.4253490874667405
47-2073,32300.0,36750.0,40080.0,38350.0,43820.0,47780.0,64370.0,68330.0,75750.0,85640.0,93060.0,100690.0,405750.0,423040.0,469270.0,56963.740000000005,55595.83,58710.0,Operating Engineers and Other Construction Equipment Operators,15.654959950708564,4.261244608749229,10.92804462934947,3.065564164150729,-2.401369713435267,5.601445288252744
47-2081,28490.0,35250.0,37810.0,35600.0,41840.0,46880.0,60190.0,65420.0,72660.0,85090.0,96160.0,101380.0,102850.0,91590.0,82900.0,53149.1,54525.64,58140.0,Drywall and Ceiling Tile Installers,-19.397180359747203,-10.947982498784638,-9.487935364122722,9.390375377946196,2.589959190277918,6.628734665012645
47-2082,34190.0,38780.0,43450.0,45260.0,46830.0,50780.0,77250.0,81950.0,82990.0,95950.0,100820.0,106160.0,17970.0,14290.0,12500.0,68698.41,67411.16,64700.0,Tapers,-30.43962159154146,-20.478575403450197,-12.526242127361792,-5.820236596451073,-1.8737697131563888,-4.021826653034903
47-2111,33410.0,37440.0,39430.0,42180.0,47200.0,48820.0,73940.0,78210.0,81730.0,96580.0,102300.0,106030.0,688620.0,690050.0,742580.0,65337.34,65119.44,62350.0,Electricians,7.835961778629723,0.2076617002120182,7.612491848416782,-4.57217878781108,-0.3334999557680321,-4.2528621253499646
47-2121,27860.0,34580.0,37710.0,34680.0,39220.0,45530.0,60190.0,62360.0,68300.0,83780.0,87400.0,98780.0,52400.0,51630.0,57000.0,51904.69,52666.32,55440.0,Glaziers,8.778625954198473,-1.4694656488549618,10.400929692039512,6.811157142061725,1.4673625832270598,5.266515678331047
47-2131,25860.0,29830.0,35950.0,32400.0,36350.0,40270.0,52800.0,57530.0,60420.0,68860.0,76960.0,77160.0,33550.0,33130.0,38610.0,46961.94,49055.78,48680.0,"Insulation Workers, Floor, Ceiling, and Wall",15.081967213114757,-1.2518628912071534,16.540899486869908,3.6584093416924377,4.458589232046198,-0.7660259402663638
47-2132,31880.0,37460.0,39450.0,38130.0,44540.0,47480.0,63240.0,67480.0,75300.0,89350.0,93710.0,94110.0,26670.0,25660.0,25640.0,56626.47,54687.79,57250.0,"Insulation Workers, Mechanical",-3.86201724784402,-3.787026621672291,-0.0779423226812159,1.1011281473134362,-3.4236285609892336,4.6851591552703065
47-2141,27130.0,32510.0,36680.0,33120.0,37620.0,42510.0,53290.0,57300.0,60270.0,67560.0,72160.0,76550.0,232760.0,215680.0,224180.0,46845.64,49823.29,48660.0,"Painters, Construction and Maintenance",-3.686200378071833,-7.338030589448359,3.941023738872403,3.87306054522897,6.356301248099079,-2.334831762414728
47-2142,26450.0,30250.0,35020.0,33180.0,33050.0,40930.0,49630.0,57800.0,58470.0,71100.0,71220.0,69470.0,3380.0,2220.0,1520.0,47124.76,48569.33,48260.0,Paperhangers,-55.02958579881657,-34.319526627218934,-31.53153153153153,2.40900961617629,3.065416142172394,-0.6368833994621744
47-2151,27470.0,34180.0,36840.0,32430.0,38300.0,42320.0,51960.0,59700.0,60980.0,68030.0,77760.0,80710.0,36270.0,36070.0,33580.0,45147.66,49715.19,48710.0,Pipelayers,-7.416597739178385,-0.5514199062586159,-6.903243692819518,7.890420012908744,10.116869844417169,-2.0218971304343705
47-2152,32690.0,37250.0,40670.0,41230.0,46630.0,48860.0,73380.0,78960.0,81900.0,97170.0,101190.0,105150.0,442870.0,427920.0,455940.0,64151.08,64957.29,62970.0,"Plumbers, Pipefitters, and Steamfitters",2.9512046424458647,-3.3757084471741146,6.547952888390353,-1.8410913736760188,1.2567364415376936,-3.0593794784234394
47-2161,29360.0,34880.0,38610.0,35920.0,40920.0,46990.0,60140.0,62410.0,72210.0,78980.0,82510.0,92930.0,27360.0,25950.0,20880.0,52846.72,53758.13,56020.0,Plasterers and Stucco Masons,-23.684210526315788,-5.1535087719298245,-19.537572254335263,6.004686762016638,1.7246292674360797,4.207493824654992
47-2171,32930.0,38310.0,39470.0,39130.0,45760.0,47300.0,64550.0,63690.0,74190.0,89790.0,89880.0,95530.0,18870.0,17270.0,14140.0,57103.3,55206.67,59280.0,Reinforcing Iron and Rebar Workers,-25.06624271330153,-8.479067302596714,-18.12391430225825,3.811863762689717,-3.321401740354769,7.378329466348907
47-2181,26540.0,31470.0,37060.0,33160.0,38230.0,45300.0,55440.0,60430.0,64010.0,70920.0,75930.0,80780.0,129690.0,131980.0,136740.0,48962.3,51801.52,50970.0,Roofers,5.436039787184825,1.7657490939933689,3.6066070616760113,4.100501814661478,5.798788047130126,-1.6052038627437897
47-2211,29260.0,35570.0,38030.0,37020.0,41590.0,47290.0,66770.0,76410.0,79620.0,88070.0,99560.0,102680.0,131300.0,120810.0,117470.0,58615.2,59833.35,60850.0,Sheet Metal Workers,-10.533130236100533,-7.98933739527799,-2.764671798692161,3.8126629270223344,2.07821520697702,1.6991360169537582
47-2221,32790.0,37890.0,42000.0,40660.0,46910.0,49090.0,75520.0,79120.0,82780.0,95650.0,100930.0,107520.0,76570.0,66810.0,64720.0,64011.52,65400.5,62700.0,Structural Iron and Steel Workers,-15.476035000652995,-12.74650646467285,-3.1282742104475374,-2.0488812013837574,2.169890669679451,-4.129173324362964
47-2231,31600.0,35520.0,39070.0,36310.0,37440.0,46040.0,55680.0,53700.0,63020.0,63880.0,63330.0,80150.0,11080.0,27760.0,28280.0,52207.07,48893.63,51860.0,Solar Photovoltaic Installers,155.2346570397112,150.54151624548737,1.873198847262248,-0.6647950172265935,-6.34672660235482,6.066986640181968
47-3011,24980.0,31010.0,35570.0,29290.0,35620.0,38600.0,43750.0,47690.0,58080.0,59690.0,62590.0,68330.0,23480.0,17730.0,15660.0,41181.83,42623.83,46480.0,"Helpers--Brickmasons, Blockmasons, Stonemasons, and Tile and Marble Setters",-33.30494037478705,-24.48892674616695,-11.6751269035533,12.865309773752156,3.501544249004961,9.046981465532305
47-3012,22640.0,28370.0,31540.0,26940.0,32080.0,35870.0,38900.0,44870.0,46780.0,47580.0,51320.0,52380.0,32920.0,24580.0,24610.0,38448.78,40526.69,41600.0,Helpers--Carpenters,-25.24301336573512,-25.33414337788578,0.1220504475183075,8.195890740876568,5.404358733879193,2.648402817994771
47-3013,23200.0,28940.0,31200.0,27230.0,31560.0,36400.0,39320.0,44720.0,47520.0,48810.0,49910.0,56770.0,79260.0,71000.0,64440.0,38181.29,40072.67,39890.0,Helpers--Electricians,-18.69795609386828,-10.42139793086046,-9.23943661971831,4.475254764833768,4.95368281165984,-0.4558468402529661
47-3014,22190.0,27210.0,31360.0,26170.0,30670.0,35230.0,38170.0,42790.0,45290.0,47240.0,50770.0,51720.0,10850.0,8630.0,7220.0,36448.42,39002.48,38140.0,"Helpers--Painters, Paperhangers, Plasterers, and Stucco Masons",-33.45622119815668,-20.460829493087555,-16.33835457705678,4.641024219979911,7.007327066577915,-2.211346560526397
47-3015,23290.0,28530.0,31050.0,27320.0,31110.0,35750.0,38600.0,41600.0,46550.0,47800.0,49250.0,54860.0,58400.0,46760.0,43640.0,37332.3,39283.54,39270.0,"Helpers--Pipelayers, Plumbers, Pipefitters, and Steamfitters",-25.273972602739725,-19.931506849315067,-6.672369546621043,5.190411520318857,5.2266803813319775,-0.0344673621572823
47-3016,22980.0,29550.0,27780.0,27100.0,33440.0,34800.0,38420.0,44100.0,47570.0,47000.0,51170.0,55310.0,8960.0,5790.0,5170.0,37343.93,40018.62,40590.0,Helpers--Roofers,-42.299107142857146,-35.379464285714285,-10.70811744386874,8.692363123002854,7.162315267836019,1.4277853659121795
47-3019,21350.0,28490.0,31200.0,26130.0,33230.0,36400.0,38850.0,46230.0,48500.0,48070.0,55000.0,59280.0,28530.0,27920.0,25510.0,37111.33,40883.42,40760.0,"Helpers, Construction Trades, All Other",-10.585348755695758,-2.138100245355766,-8.631805157593123,9.83168751968738,10.164254420415537,-0.3018827681245802
47-4011,36440.0,40370.0,46560.0,47110.0,50520.0,57300.0,78570.0,82240.0,92330.0,98820.0,104110.0,112320.0,110420.0,128950.0,137210.0,70605.73,69702.88,72120.0,Construction and Building Inspectors,24.26190907444304,16.78138018474914,6.405583559519193,2.144684291204133,-1.278720579760299,3.4677476741276614
47-4021,44620.0,47850.0,54720.0,60480.0,64810.0,76700.0,104730.0,119350.0,131740.0,124150.0,135130.0,149250.0,28350.0,24380.0,23340.0,98843.37,107019.0,106580.0,Elevator and Escalator Installers and Repairers,-17.67195767195767,-14.00352733686067,-4.265791632485644,7.8271612956943795,8.271298317732377,-0.4102075332417608
47-4031,25160.0,30190.0,35090.0,29160.0,35180.0,39040.0,44840.0,48610.0,57070.0,55860.0,61710.0,74660.0,25900.0,27060.0,22640.0,41635.4,43067.04,46940.0,Fence Erectors,-12.586872586872586,4.478764478764479,-16.334072431633405,12.7406005466502,3.438516262603456,8.99286321976156
47-4041,29100.0,32910.0,37330.0,35070.0,37640.0,42710.0,57860.0,60940.0,62150.0,74650.0,81130.0,82480.0,44240.0,46780.0,50570.0,51055.7,50471.89,48490.0,Hazardous Materials Removal Workers,14.308318264014469,5.741410488245932,8.101752885848654,-5.025295902318456,-1.1434766343425022,-3.926720398225625
47-4051,26840.0,29940.0,35030.0,33180.0,36640.0,41540.0,50390.0,52400.0,59600.0,60520.0,63440.0,69210.0,150860.0,143330.0,151750.0,47368.99,48569.33,49070.0,Highway Maintenance Workers,0.589950947898714,-4.991382738963277,5.87455522221447,3.590977979475606,2.534020674707237,1.0308357146371965
47-4061,34770.0,39000.0,45720.0,43530.0,47680.0,51630.0,70910.0,78930.0,79330.0,81380.0,84460.0,84840.0,16180.0,18600.0,16480.0,65244.3,68351.63,67370.0,Rail-Track Laying and Maintenance Equipment Operators,1.8541409147095176,14.956736711990112,-11.397849462365592,3.2580623901244965,4.762607614764818,-1.436147170155276
47-4071,26550.0,31120.0,36500.0,32320.0,37180.0,42700.0,51080.0,54600.0,60320.0,62640.0,66250.0,73670.0,29750.0,27660.0,29050.0,46368.810000000005,49304.41,49140.0,Septic Tank Servicers and Sewer Pipe Cleaners,-2.3529411764705883,-7.025210084033613,5.02530730296457,5.976409573590512,6.330979811644919,-0.3334590151266311
47-4090,26780.0,31420.0,35160.0,32610.0,36760.0,39990.0,51610.0,56330.0,60960.0,67560.0,74160.0,77540.0,32040.0,29880.0,33530.0,46194.36,48526.09,48120.0,Miscellaneous Construction and Related Workers,4.65043695380774,-6.741573033707865,12.215528781793845,4.16856083729702,5.0476508387603936,-0.836848796183654
47-5011,33800.0,37610.0,42930.0,39290.0,43590.0,49440.0,56120.0,61570.0,72820.0,63390.0,70820.0,84620.0,12110.0,10950.0,11040.0,54649.37,55368.82,62740.0,"Derrick Operators, Oil and Gas",-8.835672997522709,-9.57886044591247,0.821917808219178,14.804617143802384,1.3164836117964345,13.312871757064718
47-5012,32670.0,37320.0,42750.0,42470.0,46250.0,52600.0,69480.0,72790.0,81550.0,83570.0,84530.0,98510.0,21010.0,12190.0,13090.0,63941.740000000005,59736.06,65010.0,"Rotary Drill Operators, Oil and Gas",-37.696335078534034,-41.980009519276535,7.383100902378999,1.6706770882368775,-6.577362455260065,8.828737616776202
47-5013,31930.0,35530.0,40010.0,37190.0,41010.0,47330.0,60490.0,64680.0,70510.0,77850.0,83530.0,93820.0,51760.0,36320.0,44120.0,54358.62,54201.34,57980.0,"Service Unit Operators, Oil and Gas",-14.760432766615148,-29.82998454404946,21.475770925110133,6.662016070312301,-0.2893377352110964,6.971525058236574
47-5022,30950.0,36590.0,39650.0,36160.0,40760.0,46290.0,56800.0,60010.0,63630.0,72480.0,76900.0,80970.0,44090.0,33670.0,34210.0,52102.4,52266.35,52550.0,"Excavating and Loading Machine and Dragline Operators, Surface Mining",-22.408709457926967,-23.63347697890678,1.6038016038016036,0.8590775089055371,0.3146688060434779,0.5427009921297383
47-5041,38240.0,38020.0,41450.0,45290.0,47650.0,50850.0,67730.0,64990.0,76850.0,77540.0,76870.0,84420.0,14630.0,13500.0,14340.0,64290.64,62006.16,63380.0,Continuous Mining Machine Operators,-1.982228298017772,-7.723855092276145,6.222222222222222,-1.41644258013297,-3.5533632889639977,2.2156508321108803
47-5043,44140.0,51320.0,50880.0,51970.0,54260.0,67110.0,67130.0,72620.0,80230.0,77770.0,77370.0,87420.0,3140.0,1700.0,2230.0,68721.67,65087.01,76640.0,"Roof Bolters, Mining",-28.980891719745223,-45.85987261146497,31.176470588235293,11.522318942482046,-5.288957617007857,17.750070252113296
47-5044,36170.0,45780.0,48310.0,45030.0,52720.0,59130.0,61380.0,70130.0,76820.0,69290.0,75660.0,82900.0,4200.0,5210.0,6130.0,63046.23,69097.52,68860.0,"Loading and Moving Machine Operators, Underground Mining",45.95238095238095,24.047619047619047,17.65834932821497,9.22143956902736,9.598178987070282,-0.3437460562984085
47-5051,26340.0,30520.0,37240.0,30540.0,36770.0,39990.0,43240.0,56030.0,58290.0,51990.0,63380.0,68380.0,5080.0,3910.0,3080.0,41949.41,49736.81,47460.0,"Rock Splitters, Quarry",-39.37007874015748,-23.03149606299213,-21.22762148337596,13.136275337364689,18.563789097391343,-4.577716182441129
47-5071,28270.0,31640.0,35650.0,32930.0,36780.0,38330.0,48040.0,50780.0,57170.0,58950.0,61180.0,64010.0,58930.0,39100.0,45330.0,45252.33,47120.79,47510.0,"Roustabouts, Oil and Gas",-23.078228406584085,-33.650093331070764,15.933503836317136,4.989069071139538,4.12898076187458,0.8259836051135796
47-5081,26300.0,31050.0,35770.0,31130.0,36340.0,39980.0,45260.0,52150.0,57560.0,54230.0,60100.0,68240.0,16700.0,6910.0,6720.0,43170.56,46601.91,48400.0,Helpers--Extraction Workers,-59.76047904191617,-58.62275449101796,-2.7496382054992763,12.113440270406509,7.948356472559075,3.8584040868711273
49-1011,40880.0,44900.0,48460.0,52300.0,56760.0,61240.0,85960.0,92560.0,99630.0,105810.0,112020.0,124280.0,485700.0,559050.0,600680.0,78455.98,79064.34,78300.0,"First-Line Supervisors of Mechanics, Installers, and Repairers",23.673049207329623,15.101914762198888,7.446561130489222,-0.1988121236902476,0.7754157171958093,-0.966731651715548
49-2011,25610.0,31560.0,35120.0,31380.0,36600.0,38290.0,50430.0,55680.0,59420.0,62350.0,64090.0,69560.0,98260.0,81440.0,73010.0,45973.39,48547.71,46860.0,"Computer, Automated Teller, and Office Machine Repairers",-25.697130063097905,-17.11785060044779,-10.351178781925343,1.928528655380864,5.59958706547418,-3.4763946641355465
49-2021,32150.0,37290.0,42360.0,41100.0,46400.0,50610.0,73240.0,77260.0,84770.0,91530.0,93840.0,102550.0,14370.0,13020.0,11400.0,64406.94,64557.32,64190.0,"Radio, Cellular, and Tower Equipment Installers and Repairers",-20.668058455114824,-9.394572025052192,-12.442396313364055,-0.3368270562147531,0.2334841555894401,-0.5689827272879353
49-2022,33090.0,36240.0,42440.0,43570.0,46690.0,50580.0,73480.0,76550.0,80040.0,85620.0,88770.0,94970.0,208480.0,168180.0,153890.0,67349.33,64816.76,62630.0,"Telecommunications Equipment Installers and Repairers, Except Line Installers",-26.184765924788948,-19.330391404451262,-8.496848614579617,-7.007241200469257,-3.760349212085713,-3.373757034446021
49-2091,40350.0,40980.0,49770.0,53650.0,58760.0,65170.0,80840.0,89970.0,98990.0,97150.0,109160.0,113580.0,21750.0,20200.0,20900.0,76409.1,81561.45,81390.0,Avionics Technicians,-3.9080459770114944,-7.126436781609195,3.4653465346534658,6.518726172667908,6.743110441033844,-0.21020960269833
49-2092,27650.0,32790.0,36310.0,34760.0,38810.0,44480.0,56530.0,60350.0,66180.0,70090.0,73850.0,79230.0,15890.0,15390.0,16570.0,51253.41,52169.06,53990.0,"Electric Motor, Power Tool, and Related Repairers",4.279421019509125,-3.146633102580239,7.667316439246264,5.339332543922437,1.786515277715169,3.490459670923728
49-2093,38530.0,45970.0,49490.0,50700.0,58120.0,65750.0,76630.0,84520.0,95730.0,91600.0,94250.0,106110.0,9790.0,8530.0,7310.0,72722.39,79594.03,82730.0,"Electrical and Electronics Installers and Repairers, Transportation Equipment",-25.33197139938713,-12.870275791624106,-14.302461899179368,13.761387655163698,9.449139391595905,3.939956300742658
49-2094,36960.0,39550.0,44980.0,47640.0,51230.0,56750.0,71430.0,78440.0,85160.0,83480.0,95940.0,103060.0,58930.0,51650.0,59990.0,68965.90000000001,69216.43,71300.0,"Electrical and Electronics Repairers, Commercial and Industrial Equipment",1.7987442728661125,-12.353639911759714,16.147144240077445,3.384426216434486,0.3632664838709917,3.010224595518733
49-2095,54230.0,55170.0,60820.0,68040.0,71030.0,79930.0,96160.0,104720.0,114740.0,106610.0,117220.0,127970.0,22650.0,25440.0,23040.0,96273.14,101311.32,100940.0,"Electrical and Electronics Repairers, Powerhouse, Substation, and Relay",1.7218543046357615,12.317880794701988,-9.433962264150944,4.847520294861059,5.233214580930873,-0.3665138308335065
49-2096,24280.0,30560.0,31680.0,30970.0,36360.0,39970.0,46260.0,51230.0,58900.0,55530.0,65380.0,70480.0,10310.0,9450.0,10140.0,43472.94,44969.6,47940.0,"Electronic Equipment Installers and Repairers, Motor Vehicles",-1.6488845780795345,-8.341416100872939,7.301587301587302,10.275495515141136,3.442739322438272,6.605351170568566
49-2097,24200.0,30620.0,36310.0,31710.0,36930.0,43330.0,51750.0,57000.0,63250.0,62730.0,69060.0,82150.0,25590.0,22200.0,22170.0,45950.130000000005,48601.76,50620.0,Audiovisual Equipment Installers and Repairers,-13.36459554513482,-13.247362250879249,-0.1351351351351351,10.16290922354299,5.770669201588744,4.15260681917693
49-2098,31180.0,34840.0,38410.0,37630.0,40360.0,47330.0,60890.0,63250.0,71340.0,73920.0,77980.0,81980.0,71600.0,80720.0,81510.0,56952.11,54190.53,59300.0,Security and Fire Alarm Systems Installers,13.84078212290503,12.737430167597768,0.9786917740336968,4.122568944328839,-4.848951162652273,9.428713836162888
49-3011,37890.0,41020.0,47790.0,50190.0,55710.0,61920.0,84330.0,84340.0,95050.0,101070.0,108200.0,120080.0,133310.0,134070.0,136390.0,74536.67,75680.81,78680.0,Aircraft Mechanics and Service Technicians,2.3104043207561324,0.5700997674593054,1.7304393227418513,5.558780664604418,1.5350028382003107,3.962946485377208
49-3021,26710.0,32370.0,36390.0,33870.0,38680.0,45000.0,57370.0,61250.0,64780.0,73470.0,78460.0,87040.0,144180.0,138760.0,155220.0,50683.54,51531.27,51680.0,Automotive Body and Related Repairers,7.657095297544735,-3.7591899015119994,11.862208129143848,1.966042624489132,1.6725942978726347,0.2886208703957872
49-3022,24660.0,29650.0,35080.0,28730.0,36030.0,39990.0,44760.0,49580.0,58160.0,52710.0,59900.0,67480.0,19410.0,17370.0,18940.0,41623.77,47239.7,47260.0,Automotive Glass Installers and Repairers,-2.421432251416796,-10.510046367851624,9.038572251007484,13.540892619769895,13.492122409863386,0.0429723304762793
49-3023,24400.0,29270.0,33660.0,31250.0,35910.0,38140.0,56140.0,60740.0,65660.0,68880.0,75360.0,80850.0,655330.0,664070.0,688840.0,48950.67,50774.57,49670.0,Automotive Service Technicians and Mechanics,5.113454290204935,1.3336792150519583,3.7300284608550314,1.4694998045992054,3.72599598738894,-2.175439398108147
49-3031,31990.0,37030.0,41670.0,38810.0,45670.0,49240.0,60160.0,64180.0,73690.0,74090.0,78340.0,85980.0,266330.0,271720.0,287230.0,56405.5,58763.16,60640.0,Bus and Truck Mechanics and Diesel Engine Specialists,7.847407351781624,2.023805053880524,5.708081848962167,7.507246633750254,4.179840618379407,3.1939058416872133
49-3041,27630.0,31680.0,36920.0,33780.0,38320.0,45660.0,52150.0,60060.0,63070.0,61960.0,66620.0,76860.0,36290.0,35280.0,36880.0,49078.6,51898.81,52080.0,Farm Equipment Mechanics and Service Technicians,1.62579222926426,-2.7831358500964454,4.535147392290249,6.115496367052038,5.746313057014665,0.349121685063689
49-3042,34900.0,38950.0,45450.0,42940.0,47840.0,53500.0,64080.0,68720.0,78090.0,77990.0,80080.0,92360.0,147800.0,158350.0,180270.0,62069.310000000005,64254.64,63980.0,"Mobile Heavy Equipment Mechanics, Except Engines",21.968876860622466,7.138024357239512,13.84275339437954,3.0783168042306173,3.520789904060468,-0.427424385227276
49-3043,35150.0,38320.0,45670.0,43890.0,47050.0,51640.0,70070.0,74630.0,80150.0,79510.0,84330.0,92000.0,25930.0,19830.0,18300.0,65581.57,67573.31,65680.0,Rail Car Repairers,-29.42537601234092,-23.524874662553028,-7.715582450832073,0.1500878981701612,3.0370422666001904,-2.8018606754649102
49-3051,25740.0,31930.0,35950.0,32470.0,38260.0,45070.0,53380.0,59630.0,65120.0,63350.0,71760.0,78820.0,22940.0,24920.0,24250.0,48066.79,52190.68,54950.0,Motorboat Mechanics and Service Technicians,5.710549258936356,8.63121185701831,-2.688603531300161,14.320095017786707,8.579499483947231,5.286997601870678
49-3052,24490.0,28710.0,31770.0,29950.0,35000.0,38270.0,48530.0,51570.0,58880.0,60060.0,63200.0,70210.0,15590.0,14700.0,14010.0,43728.8,46882.97,47200.0,Motorcycle Mechanics,-10.13470173187941,-5.708787684413085,-4.6938775510204085,7.938017965276881,7.213026655202059,0.6762156919666115
49-3053,23160.0,29170.0,33600.0,28690.0,34680.0,38260.0,45530.0,48530.0,56080.0,55870.0,59090.0,64540.0,32160.0,35570.0,34240.0,41984.3,43272.43,46560.0,Outdoor Power Equipment and Other Small Engine Mechanics,6.467661691542288,10.60323383084577,-3.739105988192297,10.898597809181044,3.0681230841052423,7.597377822322435
49-3091,22430.0,27040.0,30640.0,25290.0,30680.0,35880.0,36550.0,41860.0,47560.0,42630.0,47690.0,52130.0,13190.0,13760.0,12590.0,35273.79,39186.25,40360.0,Bicycle Repairers,-4.548900682335103,4.321455648218348,-8.502906976744185,14.41923309063188,11.09169159310638,2.9953108552106924
49-3092,26100.0,30900.0,35480.0,31710.0,36750.0,43370.0,49480.0,54880.0,63300.0,60250.0,65390.0,76650.0,15580.0,17190.0,18710.0,44856.91,48677.43,50540.0,Recreational Vehicle Service Technicians,20.089858793324776,10.333761232349168,8.842350203606749,12.669374684970489,8.51712701565934,3.826352377272177
49-3093,21210.0,27320.0,29880.0,24270.0,29360.0,33990.0,34800.0,37630.0,43810.0,41010.0,45710.0,48900.0,110880.0,99980.0,106620.0,33308.32,37013.44,37120.0,Tire Repairers and Changers,-3.8419913419913416,-9.830447330447331,6.64132826565313,11.443627297924364,11.123707229905309,0.2878954239325093
49-9011,27480.0,32520.0,37160.0,33670.0,38010.0,44720.0,51460.0,56300.0,61350.0,62820.0,65500.0,73160.0,23050.0,27330.0,27970.0,48345.91,50817.81,51050.0,Mechanical Door Repairers,21.344902386117138,18.56832971800434,2.341748993779729,5.593213572771711,5.112945438404188,0.4569067419473651
49-9012,31530.0,37980.0,43840.0,41140.0,48580.0,53060.0,77700.0,89670.0,97400.0,94630.0,102570.0,109050.0,52270.0,46410.0,46920.0,67570.3,70059.61,74690.0,"Control and Valve Installers and Repairers, Except Mechanical Door",-10.235316625215228,-11.211019705375932,1.098901098901099,10.536729894643056,3.6840298178341633,6.609214638791165
49-9021,30610.0,36170.0,39130.0,37660.0,44100.0,47850.0,62070.0,65630.0,74820.0,77920.0,82630.0,91020.0,342040.0,374770.0,396870.0,56672.990000000005,55552.59,59810.0,"Heating, Air Conditioning, and Refrigeration Mechanics and Installers",16.030288855104665,9.56905625073091,5.896950129412707,5.5352823276131975,-1.9769558655719568,7.663747090819714
49-9031,24500.0,29190.0,33280.0,31450.0,36350.0,40280.0,51450.0,56320.0,61750.0,62770.0,67300.0,77800.0,31100.0,29370.0,31940.0,46822.380000000005,49726.0,49410.0,Home Appliance Repairers,2.70096463022508,-5.562700964630225,8.750425604358188,5.52645978269365,6.201350721599361,-0.63548244379198
49-9041,34410.0,38900.0,45090.0,42660.0,48180.0,52710.0,65190.0,71760.0,78070.0,79660.0,82810.0,92730.0,387630.0,386120.0,421940.0,62325.17,64676.23,63760.0,Industrial Machinery Mechanics,8.851224105461393,-0.3895467327090266,9.27690873303636,2.3021678079658696,3.77224803398049,-1.4166410132439629
49-9043,30070.0,36100.0,40080.0,37290.0,43580.0,48600.0,59410.0,64700.0,72260.0,72460.0,78690.0,83560.0,72890.0,62770.0,56540.0,55265.76,57628.11,60500.0,"Maintenance Workers, Machinery",-22.43106050212649,-13.883934696117436,-9.925123466624184,9.471035954268968,4.274527302257308,4.983488092876896
49-9044,35030.0,38940.0,45100.0,43450.0,49010.0,55420.0,69190.0,74040.0,80580.0,81080.0,81300.0,93740.0,47320.0,40930.0,40660.0,64616.28,65865.33,65170.0,Millwrights,-14.074387151310228,-13.503803888419272,-0.6596628389934034,0.8569357443665918,1.9330267852002667,-1.0556843790200423
49-9045,35110.0,30780.0,37050.0,43300.0,37770.0,48380.0,63510.0,63940.0,73940.0,78480.0,65840.0,81440.0,820.0,580.0,1100.0,62790.37,54644.55,58540.0,"Refractory Materials Repairers, Except Brickmasons",34.14634146341464,-29.268292682926827,89.65517241379311,-6.769143102676417,-12.973040292643612,7.128707254428858
49-9051,38810.0,47070.0,50020.0,53550.0,62190.0,65740.0,90870.0,102070.0,107940.0,103500.0,114590.0,126610.0,111660.0,119510.0,123680.0,84340.76000000001,89009.54,92560.0,Electrical Power-Line Installers and Repairers,10.7648217804048,7.030270463908293,3.489247761693582,9.74527618674528,5.535615282575096,3.9888533296543343
49-9052,32590.0,38020.0,42940.0,39270.0,46200.0,50620.0,79340.0,82950.0,95520.0,94880.0,97220.0,104840.0,120900.0,107670.0,98360.0,66000.25,65486.98,70500.0,Telecommunications Line Installers and Repairers,-18.643507030603804,-10.942928039702233,-8.646791121017925,6.8177772053893735,-0.7776788724285196,7.654987296711506
49-9061,23590.0,30010.0,36020.0,29830.0,35700.0,42590.0,49560.0,50720.0,62400.0,60460.0,71750.0,76550.0,3620.0,2120.0,2010.0,45217.44,47628.86,49300.0,Camera and Photographic Equipment Repairers,-44.47513812154696,-41.43646408839779,-5.188679245283019,9.028728738292124,5.3329423337544055,3.508671003253069
49-9062,29630.0,35530.0,39060.0,36630.0,43480.0,48100.0,65430.0,76340.0,79440.0,82500.0,94310.0,99290.0,46370.0,58830.0,60830.0,57312.64,62546.66,62630.0,Medical Equipment Repairers,31.18395514341169,26.870821651930125,3.399626041135475,9.277813759757011,9.132400810711207,0.1332445249674463
49-9063,23590.0,27250.0,30130.0,28750.0,30680.0,35820.0,48670.0,49230.0,56960.0,60140.0,63110.0,73430.0,8020.0,6330.0,5730.0,42623.95,41240.15,45320.0,Musical Instrument Repairers and Tuners,-28.553615960099748,-21.07231920199501,-9.47867298578199,6.325199799643147,-3.246531586115324,9.892907761004745
49-9064,22360.0,28080.0,39920.0,30380.0,32420.0,46530.0,56210.0,59620.0,77340.0,68670.0,75870.0,92570.0,2780.0,1880.0,1300.0,49450.76,52287.97,60690.0,Watch and Clock Repairers,-53.23741007194245,-32.37410071942446,-30.851063829787236,22.72814411750193,5.73744468234664,16.06876304434844
49-9069,36340.0,39960.0,44530.0,46960.0,49900.0,52090.0,71170.0,76570.0,82030.0,85160.0,90250.0,100730.0,10570.0,10810.0,9680.0,68291.36,66686.89,67080.0,"Precision Instrument and Equipment Repairers, All Other",-8.420056764427624,2.270577105014191,-10.453283996299724,-1.7738115041199949,-2.3494480121643515,0.5894861793674898
49-9071,24600.0,29220.0,33860.0,30590.0,35800.0,39050.0,51030.0,57390.0,61710.0,63140.0,68930.0,76110.0,1418990.0,1485990.0,1531700.0,45450.04,48623.38,48620.0,"Maintenance and Repair Workers, General",7.942973523421588,4.721668228810633,3.076063768935188,6.974603322681343,6.98204005981072,-0.0069513884061481
49-9081,39820.0,45150.0,49110.0,44810.0,48630.0,58910.0,65200.0,63900.0,75640.0,80150.0,80170.0,88090.0,5960.0,9830.0,11220.0,61534.33,61962.92,62580.0,Wind Turbine Service Technicians,88.25503355704699,64.93288590604027,14.140386571719226,1.6993278386227626,0.6965055116387819,0.995885926615469
49-9091,21670.0,26630.0,31420.0,27270.0,31790.0,38580.0,45500.0,49870.0,56290.0,57310.0,59930.0,64720.0,31370.0,35790.0,28260.0,41193.46,42904.89,47350.0,"Coin, Vending, and Amusement Machine Servicers and Repairers",-9.91393050685368,14.089894803952822,-21.039396479463537,14.945430658167586,4.154615805518644,10.360380833047236
49-9092,32470.0,38390.0,39130.0,40490.0,49370.0,49370.0,69020.0,107150.0,93840.0,119830.0,171470.0,152580.0,3420.0,3860.0,3430.0,58126.740000000005,73832.3,61130.0,Commercial Divers,0.2923976608187134,12.865497076023392,-11.139896373056994,5.166744255741841,27.01950943748092,-17.204258840642918
49-9094,25240.0,30710.0,34750.0,32160.0,36820.0,40650.0,55630.0,60110.0,64330.0,67540.0,72830.0,79340.0,17010.0,15240.0,15550.0,48776.22,51239.4,50490.0,Locksmiths and Safe Repairers,-8.583186360964138,-10.405643738977073,2.0341207349081363,3.513556401049525,5.049960821072236,-1.4625463998407504
49-9095,22610.0,27350.0,30280.0,27020.0,30920.0,35290.0,40010.0,42820.0,48410.0,48120.0,52800.0,57190.0,2810.0,3630.0,2610.0,39414.07,39802.42,41080.0,Manufactured Building and Mobile Home Installers,-7.11743772241993,29.181494661921707,-28.09917355371901,4.226739334455945,0.9853080384745816,3.209804830962544
49-9096,32110.0,35140.0,38930.0,38210.0,41500.0,47940.0,62030.0,70910.0,79340.0,77240.0,85250.0,100480.0,23000.0,19260.0,24190.0,59150.18,59109.08,62060.0,Riggers,5.173913043478261,-16.26086956521739,25.59709241952233,4.919376407645759,-0.0694841503441,4.992329435680619
49-9097,51580.0,50020.0,57410.0,65500.0,68370.0,75680.0,81640.0,86770.0,95620.0,94440.0,92900.0,104860.0,6860.0,6880.0,8210.0,85934.07,87885.3,83600.0,Signal and Track Switch Repairers,19.67930029154519,0.2915451895043732,19.33139534883721,-2.716117134915182,2.270612808167931,-4.876014532578261
49-9098,20790.0,25880.0,28770.0,25020.0,29850.0,33760.0,38020.0,41180.0,46600.0,48200.0,49970.0,54650.0,99460.0,93650.0,97540.0,35506.39,37943.1,38860.0,"Helpers--Installation, Maintenance, and Repair Workers",-1.9304242911723304,-5.841544339432938,4.15376401494928,9.445088616443408,6.862736538408999,2.416513147317961
49-9099,25440.0,30270.0,35270.0,31380.0,36070.0,40700.0,53670.0,56570.0,61090.0,65800.0,70350.0,77150.0,161290.0,172980.0,183690.0,46322.29,48104.5,48640.0,"Installation, Maintenance, and Repair Workers, All Other",13.888027776055551,7.247814495628992,6.191467221644121,5.003444346123646,3.8474134158738673,1.1132014676381627
51-1011,36740.0,40180.0,45790.0,47230.0,49510.0,56330.0,78830.0,80580.0,86770.0,100200.0,102070.0,106960.0,631100.0,659930.0,685140.0,71303.53,68654.31,71190.0,First-Line Supervisors of Production and Operating Workers,8.562826810331167,4.568214229123752,3.820102132044308,-0.1592207286231114,-3.7154121261598143,3.693417062963712
51-2011,32370.0,37650.0,46040.0,40150.0,46870.0,53180.0,72240.0,75380.0,75240.0,84870.0,85370.0,94950.0,42940.0,32140.0,32890.0,63046.23,63162.83,61680.0,"Aircraft Structure, Surfaces, Rigging, and Systems Assemblers",-23.404750815090825,-25.151374010246855,2.333540759178593,-2.1670288612023323,0.1849436516663903,-2.347630718889566
51-2021,24810.0,31620.0,35180.0,29200.0,36700.0,39380.0,46020.0,50750.0,57800.0,57240.0,59660.0,62790.0,12690.0,10860.0,12170.0,42472.76,46655.96,47260.0,"Coil Winders, Tapers, and Finishers",-4.097714736012608,-14.420803782505912,12.062615101289136,11.271318369703303,9.849136246384736,1.294668462507257
51-2028,24030.0,29650.0,34110.0,28200.0,34230.0,37450.0,43320.0,47020.0,49830.0,53450.0,58620.0,61080.0,285190.0,275510.0,261140.0,40484.03,41704.98,44040.0,"Electrical, Electronic, and Electromechanical Assemblers, Except Coil Winders, Tapers, and Finishers",-8.432974508222589,-3.394228409130754,-5.215781641319734,8.78363641169123,3.015880583034834,5.598899699748098
51-2031,30550.0,34700.0,37950.0,35690.0,39960.0,42790.0,57570.0,64230.0,70050.0,64450.0,68360.0,74300.0,45980.0,50120.0,38420.0,53102.58,54968.85,52540.0,Engine and Other Machine Assemblers,-16.44193127446716,9.00391474554154,-23.34397446129289,-1.0594212183287548,3.5144620091905074,-4.41859343973905
51-2041,27530.0,33870.0,37370.0,33290.0,39000.0,44290.0,50130.0,56270.0,59810.0,61500.0,64970.0,70510.0,76890.0,58870.0,53380.0,46973.57,51023.2,49900.0,Structural Metal Fabricators and Fitters,-30.57614774352972,-23.436077513330734,-9.3256327501274,6.229950161335407,8.621082025487944,-2.201351542043614
51-2051,24420.0,29490.0,35950.0,29050.0,34950.0,39230.0,42140.0,46650.0,51530.0,50710.0,52760.0,61370.0,20010.0,21910.0,18520.0,41263.24,41196.91,45760.0,Fiberglass Laminators and Fabricators,-7.446276861569215,9.495252373813091,-15.472387037882246,10.897738519806012,-0.1607484046332807,11.076291886940076
51-2061,26310.0,31210.0,26240.0,28870.0,35550.0,27850.0,46010.0,51510.0,58440.0,56770.0,71020.0,65580.0,1260.0,370.0,230.0,40798.04,45715.49,40790.0,Timing Device Assemblers and Adjusters,-81.74603174603175,-70.63492063492063,-37.83783783783784,-0.0197068290535547,12.05315255340697,-10.774225541495888
51-2090,22420.0,28620.0,31650.0,26350.0,31750.0,36660.0,40320.0,45780.0,49410.0,51430.0,58450.0,62030.0,1371920.0,1454130.0,1457800.0,37623.05,40299.68,42210.0,Miscellaneous Assemblers and Fabricators,6.2598402239197615,5.992331914397341,0.2523845873477612,12.191861106422785,7.114335493799671,4.74028577894415
51-3011,20310.0,24060.0,27560.0,23480.0,28510.0,31470.0,34120.0,37460.0,42570.0,41640.0,45650.0,48260.0,184990.0,205300.0,231890.0,32215.1,35435.18,36650.0,Bakers,25.352721768744257,10.978971836315475,12.951777886020457,13.766525635493906,9.99556108781285,3.428287933065388
51-3021,21780.0,26030.0,28850.0,25680.0,30210.0,34460.0,40660.0,45150.0,47200.0,49630.0,51180.0,57130.0,136770.0,129400.0,140040.0,37797.5,39921.33,38960.0,Butchers and Meat Cutters,2.390875191928054,-5.388608612999927,8.222565687789798,3.075600238110986,5.618969508565385,-2.408061054078112
51-3022,20910.0,26950.0,29200.0,24020.0,29990.0,34050.0,32910.0,39100.0,43450.0,38420.0,44560.0,48680.0,153990.0,133460.0,141090.0,32680.3,37910.67,37700.0,"Meat, Poultry, and Fish Cutters and Trimmers",-8.377167348529126,-13.3320345476979,5.717068784654578,15.360018114888788,16.004657239988614,-0.5557010730752009
51-3023,21470.0,27460.0,31470.0,25100.0,30690.0,35940.0,34090.0,38440.0,45930.0,38690.0,43700.0,49460.0,73390.0,78660.0,67500.0,33994.49,38094.44,39790.0,Slaughterers and Meat Packers,-8.025616569014852,7.180814824908026,-14.187643020594964,17.048380487543724,12.060631002259475,4.450938247156292
51-3091,21310.0,27040.0,32390.0,25490.0,31400.0,36610.0,39990.0,46560.0,48680.0,50760.0,55110.0,60070.0,20830.0,20010.0,19500.0,36739.17,40850.99,42730.0,"Food and Tobacco Roasting, Baking, and Drying Machine Operators and Tenders",-6.385021603456553,-3.9366298607777246,-2.548725637181409,16.306383622711135,11.19192404183328,4.599668208775362
51-3092,21720.0,27290.0,30850.0,25340.0,30860.0,35340.0,39380.0,46340.0,49010.0,48790.0,52580.0,57800.0,159390.0,166520.0,171660.0,35808.770000000004,39542.98,40790.0,Food Batchmakers,7.6980990024468285,4.473304473304474,3.086716310353111,13.910642560467714,10.428199572339375,3.1535812424860343
51-3093,22200.0,27040.0,30540.0,25910.0,30080.0,35310.0,37750.0,43830.0,47420.0,45050.0,50240.0,54170.0,30030.0,26740.0,27660.0,36180.93,39672.7,40550.0,Food Cooking Machine Operators and Tenders,-7.892107892107893,-10.955710955710956,3.4405385190725504,12.075615524531845,9.650857509743384,2.2113443249388194
51-3099,21410.0,26740.0,30290.0,23820.0,30610.0,35360.0,32230.0,38520.0,43020.0,38390.0,44910.0,47470.0,42890.0,47790.0,57920.0,32040.65,37521.51,38420.0,"Food Processing Workers, All Other",35.04313359757519,11.424574492888786,21.19690311780707,19.910176603783,17.105957588251176,2.3945997908932712
51-4021,25010.0,30200.0,35390.0,29460.0,35170.0,39370.0,45350.0,48170.0,54360.0,53770.0,57690.0,62470.0,76940.0,63490.0,65700.0,42240.16,43207.57,46980.0,"Extruding and Drawing Machine Setters, Operators, and Tenders, Metal and Plastic",-14.608786067065246,-17.48115414608786,3.480863128051661,11.221169616781744,2.290261211131767,8.730946915089186
51-4022,26830.0,32410.0,35150.0,32460.0,37830.0,41350.0,49320.0,54940.0,59270.0,58840.0,62900.0,69540.0,16320.0,10650.0,8760.0,46136.21,50309.74,49240.0,"Forging Machine Setters, Operators, and Tenders, Metal and Plastic",-46.32352941176471,-34.74264705882353,-17.74647887323944,6.727449003721809,9.046105000822562,-2.126307947526658
51-4023,26660.0,32910.0,37090.0,31990.0,38160.0,41600.0,50460.0,55780.0,57730.0,60650.0,66220.0,67500.0,32470.0,27900.0,22350.0,47089.87,50061.11,48630.0,"Rolling Machine Setters, Operators, and Tenders, Metal and Plastic",-31.167231290421928,-14.074530335694488,-19.892473118279568,3.270618500327134,6.309722239623931,-2.858726065003354
51-4031,24920.0,30280.0,35000.0,29030.0,35200.0,38400.0,44150.0,47520.0,52150.0,53520.0,59090.0,62650.0,195040.0,182460.0,174430.0,41414.43,42526.54,45590.0,"Cutting, Punching, and Press Machine Setters, Operators, and Tenders, Metal and Plastic",-10.567063166529945,-6.449958982772765,-4.400964594979722,10.082403645299475,2.685320068391622,7.20364271346787
51-4032,26240.0,30720.0,35360.0,31290.0,36820.0,41100.0,50420.0,51170.0,56820.0,63660.0,62400.0,65200.0,10870.0,6470.0,5310.0,45252.33,45888.45,46630.0,"Drilling and Boring Machine Tool Setters, Operators, and Tenders, Metal and Plastic",-51.14995400183992,-40.47838086476541,-17.928902627511594,3.044417823347435,1.4057176724380718,1.6159839785392685
51-4033,25180.0,30390.0,34980.0,29360.0,35000.0,38420.0,44810.0,47490.0,51380.0,53660.0,58430.0,61550.0,76810.0,73800.0,70110.0,41984.3,42061.71,45190.0,"Grinding, Lapping, Polishing, and Buffing Machine Tool Setters, Operators, and Tenders, Metal and Plastic",-8.722822549147246,-3.918760578049733,-5.0,7.635473260242512,0.1843784462287002,7.437381884854421
51-4034,26980.0,32580.0,36200.0,32480.0,37780.0,41180.0,49630.0,55130.0,58100.0,60420.0,64450.0,65450.0,28070.0,19410.0,18970.0,46636.3,50828.62,48620.0,"Lathe and Turning Machine Tool Setters, Operators, and Tenders, Metal and Plastic",-32.418952618453865,-30.851442821517637,-2.266872746007213,4.253553562353782,8.989392383186471,-4.345229124851305
51-4035,27320.0,33240.0,36810.0,33870.0,37650.0,41650.0,54090.0,59000.0,61290.0,63960.0,67620.0,75000.0,18730.0,15480.0,13810.0,50253.23,50666.47,48310.0,"Milling and Planing Machine Setters, Operators, and Tenders, Metal and Plastic",-26.26801922050187,-17.351841964762414,-10.78811369509044,-3.8668758207183953,0.8223153019218823,-4.650945684591804
51-4041,27940.0,33720.0,38100.0,34820.0,39090.0,46250.0,55910.0,60870.0,64910.0,66610.0,71820.0,78760.0,383470.0,316860.0,298790.0,51660.46,52439.31,56150.0,Machinists,-22.082561869246614,-17.370328839283385,-5.702834059205959,8.69047623656468,1.5076327233632814,7.076160994490587
51-4051,27900.0,36460.0,38760.0,33870.0,41700.0,46550.0,51770.0,63280.0,65070.0,61400.0,78090.0,80280.0,17150.0,19320.0,20330.0,49136.75,54352.68,55770.0,Metal-Refining Furnace Operators and Tenders,18.54227405247813,12.653061224489797,5.227743271221532,13.49957007738607,10.615130223305368,2.6076359068218893
51-4052,27270.0,33230.0,37250.0,32260.0,37340.0,41410.0,48480.0,53080.0,59850.0,59020.0,66120.0,68030.0,8010.0,6070.0,5830.0,44915.06,48720.67,48940.0,"Pourers and Casters, Metal",-27.21598002496879,-24.21972534332085,-3.9538714991762767,8.961225922886449,8.472904188483774,0.4501785381851312
51-4061,32060.0,37950.0,38430.0,41890.0,45400.0,48860.0,71890.0,76120.0,79470.0,84400.0,85280.0,95780.0,4300.0,3350.0,3230.0,66314.26,62287.22,62700.0,"Model Makers, Metal and Plastic",-24.88372093023256,-22.093023255813957,-3.582089552238806,-5.450200303826048,-6.072660691682293,0.6627041630690835
51-4062,28930.0,35840.0,39150.0,35710.0,44710.0,47520.0,59150.0,66260.0,66590.0,70440.0,74280.0,79690.0,3010.0,2230.0,1570.0,54556.33,59422.57,54540.0,"Patternmakers, Metal and Plastic",-47.8405315614618,-25.91362126245847,-29.596412556053814,-0.0299323653185647,8.919661568144335,-8.21669274822681
51-4071,24400.0,29620.0,36220.0,28980.0,34970.0,39370.0,44250.0,48360.0,51360.0,52570.0,57870.0,61390.0,17590.0,11330.0,12720.0,41391.17,43369.72,45700.0,Foundry Mold and Coremakers,-27.686185332575324,-35.588402501421264,12.268314210061783,10.410022234210828,4.780125809441973,5.373057515704502
51-4072,22450.0,28830.0,31990.0,26400.0,31650.0,36290.0,40490.0,45620.0,49100.0,50840.0,54900.0,60110.0,172520.0,165820.0,154820.0,37367.19,40051.05,41230.0,"Molding, Coremaking, and Casting Machine Setters, Operators, and Tenders, Metal and Plastic",-10.259680037097148,-3.8836076976582414,-6.633699191894826,10.33743773615302,7.182397177845037,2.943618207262992
51-4081,24520.0,29410.0,34130.0,29200.0,34350.0,38320.0,46150.0,47970.0,56220.0,57080.0,58560.0,72850.0,146950.0,137060.0,129850.0,42251.79,42386.01,46060.0,"Multiple Machine Tool Setters, Operators, and Tenders, Metal and Plastic",-11.636611092208234,-6.73018033344675,-5.26046986721144,9.013132934723,0.3176670148175998,8.667930763004108
51-4111,33820.0,38470.0,44200.0,42460.0,47670.0,51200.0,65110.0,71050.0,77430.0,77940.0,79540.0,87660.0,70770.0,61730.0,55130.0,62708.96,64643.8,63180.0,Tool and Die Makers,-22.099759785219725,-12.77377419810654,-10.691722015227604,0.7511526263551507,3.08542830243078,-2.264408961106859
51-4121,29470.0,35380.0,38130.0,34930.0,39480.0,45580.0,52350.0,58100.0,61610.0,64240.0,68750.0,75850.0,410750.0,408990.0,424040.0,49415.87,51390.74,51000.0,"Welders, Cutters, Solderers, and Brazers",3.2355447352404134,-0.4284844796104687,3.679796572043327,3.205711039793486,3.996428677669735,-0.7603315305442148
51-4122,26890.0,31930.0,35780.0,31540.0,37270.0,39480.0,47510.0,51730.0,55870.0,57410.0,63010.0,66190.0,35110.0,30940.0,36290.0,44554.53,48558.52,47060.0,"Welding, Soldering, and Brazing Machine Setters, Operators, and Tenders",3.3608658501851325,-11.876958131586443,17.29153199741435,5.623378812435012,8.986718073336197,-3.0860083874055406
51-4191,26390.0,31250.0,35260.0,31210.0,36020.0,39900.0,47200.0,49160.0,56330.0,56630.0,58970.0,64290.0,19560.0,15600.0,14590.0,44484.75,44212.9,47450.0,"Heat Treating Equipment Setters, Operators, and Tenders, Metal and Plastic",-25.408997955010225,-20.245398773006134,-6.474358974358975,6.665767482114656,-0.6111083011593829,7.321618803561853
51-4192,30090.0,39320.0,40430.0,38240.0,48990.0,51810.0,59050.0,63020.0,76980.0,65200.0,69180.0,93230.0,8150.0,6890.0,5610.0,58080.22,62979.06,61870.0,"Layout Workers, Metal and Plastic",-31.16564417177914,-15.460122699386504,-18.57764876632801,6.525078589578342,8.434609923998215,-1.760998020611927
51-4193,23600.0,29140.0,31940.0,27450.0,32500.0,36620.0,41400.0,45820.0,48990.0,51290.0,53560.0,58320.0,41810.0,32050.0,31510.0,38960.5,40969.9,41600.0,"Plating Machine Setters, Operators, and Tenders, Metal and Plastic",-24.6352547237503,-23.343697679980867,-1.6848673946957875,6.77481038487699,5.157531345850288,1.5379583547921731
51-4194,25000.0,29020.0,33770.0,31400.0,35060.0,39520.0,51130.0,54080.0,60210.0,61870.0,65650.0,74120.0,6440.0,5320.0,5730.0,45740.79,45337.14,48970.0,"Tool Grinders, Filers, and Sharpeners",-11.024844720496894,-17.391304347826086,7.706766917293232,7.059803733166828,-0.8824727338552777,8.012988909313645
51-4199,23790.0,30170.0,33850.0,27800.0,34320.0,36890.0,45420.0,47040.0,49930.0,57660.0,59020.0,62800.0,24340.0,21030.0,20270.0,40507.29,41445.54,42750.0,"Metal Workers and Plastic Workers, All Other",-16.721446179129007,-13.599013968775678,-3.613884926295768,5.536558974940064,2.3162497417131584,3.1474074170586244
51-5111,25500.0,29580.0,34270.0,31850.0,35410.0,39000.0,51100.0,50630.0,57530.0,62590.0,62270.0,65530.0,30270.0,25250.0,23070.0,47113.130000000005,47088.36,47300.0,Prepress Technicians and Workers,-23.785926660059463,-16.584076643541458,-8.633663366336632,0.3966410213033932,-0.0525755771268095,0.4494529008867572
51-5112,23830.0,28760.0,31450.0,28840.0,33770.0,36970.0,47400.0,48830.0,54340.0,58740.0,59980.0,63060.0,173430.0,150010.0,145110.0,42926.33,42537.35,45160.0,Printing Press Operators,-16.32935478290953,-13.504007380499337,-3.2664489034064395,5.20349631566453,-0.9061571301343562,6.1655227699892015
51-5113,22460.0,27220.0,31110.0,26640.0,30800.0,36070.0,41970.0,45770.0,48240.0,51130.0,51660.0,57980.0,45600.0,39030.0,36470.0,38425.52,39964.57,39820.0,Print Binding and Finishing Workers,-20.021929824561404,-14.407894736842106,-6.559057135536767,3.62904652949393,4.005280865424841,-0.3617454160022232
51-6011,18500.0,22060.0,26270.0,20920.0,24910.0,29530.0,28540.0,33240.0,36760.0,33970.0,37010.0,42370.0,209330.0,175730.0,195360.0,28167.86,31413.86,33800.0,Laundry and Dry-Cleaning Workers,-6.673673147661587,-16.05121100654469,11.17054572355318,19.99491619171637,11.523772128944122,7.595819170264334
51-6021,18410.0,22520.0,24960.0,21050.0,27040.0,29060.0,27980.0,34280.0,36830.0,31440.0,37760.0,41410.0,38070.0,28570.0,26830.0,28132.97,32094.89,33880.0,"Pressers, Textile, Garment, and Related Materials",-29.52456002101392,-24.95403204623063,-6.090304515225761,20.428095576115847,14.082835903923396,5.561975753772643
51-6031,19530.0,22880.0,26860.0,23060.0,28320.0,31200.0,31750.0,37020.0,40810.0,38500.0,43500.0,47060.0,133410.0,116750.0,109590.0,30726.46,34310.94,36000.0,Sewing Machine Operators,-17.854733528221274,-12.487819503785325,-6.132762312633833,17.162862236652064,11.665776011945416,4.922803047657679
51-6041,20110.0,22830.0,25170.0,24050.0,27690.0,29400.0,36120.0,38740.0,41400.0,40420.0,47230.0,48090.0,8760.0,8860.0,7640.0,34378.28,35089.26,35950.0,Shoe and Leather Workers and Repairers,-12.78538812785388,1.141552511415525,-13.769751693002258,4.571840126963888,2.0681081194289046,2.453001288713407
51-6042,18920.0,24450.0,24160.0,24250.0,28290.0,30450.0,36820.0,37710.0,43390.0,41880.0,44400.0,47860.0,5020.0,2960.0,3270.0,35552.91,35737.86,38160.0,Shoe Machine Operators and Tenders,-34.8605577689243,-41.03585657370518,10.472972972972974,7.332986245007782,0.5202105819186027,6.7775182957233575
51-6051,21140.0,24250.0,25530.0,24390.0,28780.0,29210.0,36890.0,36780.0,38180.0,42600.0,43260.0,46320.0,4770.0,3440.0,2240.0,34831.85,34083.93,33760.0,"Sewers, Hand",-53.03983228511531,-27.882599580712785,-34.88372093023256,-3.077212378900341,-2.147230193056063,-0.9503892303499047
51-6052,20870.0,23910.0,27110.0,24900.0,29590.0,33480.0,41490.0,42340.0,49780.0,54740.0,54080.0,62490.0,24110.0,16870.0,16290.0,36657.76,37056.68,40860.0,"Tailors, Dressmakers, and Custom Sewers",-32.434674408958934,-30.02903359601825,-3.438055720213397,11.463439119029635,1.0882279768321856,10.263520639193796
51-6061,22200.0,25890.0,28990.0,24980.0,28390.0,32350.0,35860.0,37410.0,43230.0,41060.0,43880.0,47660.0,8690.0,6640.0,5820.0,34261.98,35327.08,37320.0,Textile Bleaching and Dyeing Machine Operators and Tenders,-33.026467203682394,-23.590333716916,-12.349397590361445,8.925403610649461,3.1086936598526957,5.641338033033011
51-6062,20560.0,25250.0,27230.0,23910.0,29620.0,32380.0,35040.0,38930.0,43710.0,39990.0,45260.0,49080.0,13210.0,10700.0,8960.0,33412.99,37208.02,37940.0,"Textile Cutting Machine Setters, Operators, and Tenders",-32.17259651778955,-19.00075700227101,-16.261682242990656,13.548652784441028,11.357947911874987,1.967264046837223
51-6063,21590.0,26380.0,29640.0,24860.0,29920.0,34530.0,36610.0,39370.0,44180.0,43860.0,46160.0,48070.0,21130.0,16900.0,14530.0,34866.74,38645.75,38260.0,"Textile Knitting and Weaving Machine Setters, Operators, and Tenders",-31.23521060104117,-20.018930430667297,-14.023668639053255,9.732082781470256,10.83843800710936,-0.9981692682895272
51-6064,22460.0,28200.0,30380.0,26170.0,30510.0,35270.0,34680.0,37310.0,40970.0,39520.0,44010.0,46940.0,31190.0,23830.0,20600.0,34645.770000000004,36451.32,37660.0,"Textile Winding, Twisting, and Drawing Out Machine Setters, Operators, and Tenders",-33.95319012504008,-23.597306829111893,-13.55434326479228,8.70013857391536,5.211458714873404,3.3158744319821625
51-6091,26010.0,30780.0,35590.0,29980.0,35510.0,38990.0,44790.0,48750.0,54690.0,54270.0,59090.0,63650.0,18230.0,14460.0,14900.0,41995.93,43088.66,44980.0,"Extruding and Forming Machine Setters, Operators, and Tenders, Synthetic and Glass Fibers",-18.266593527153045,-20.68019747668678,3.0428769017980635,7.105617139565666,2.601990240482818,4.389414755529654
51-6092,23480.0,31190.0,34590.0,30650.0,38150.0,44110.0,69860.0,85630.0,91080.0,94980.0,109550.0,112540.0,5870.0,3070.0,2860.0,52416.41,65205.92,67670.0,Fabric and Apparel Patternmakers,-51.27768313458262,-47.70017035775128,-6.840390879478828,29.1007911453684,24.399820590536425,3.778920686956034
51-6093,22610.0,28300.0,32190.0,28020.0,33480.0,37200.0,43110.0,47150.0,51740.0,53450.0,59660.0,63600.0,29420.0,26990.0,20990.0,40856.19,42807.6,46190.0,Upholsterers,-28.65397688647179,-8.259687287559483,-22.23045572434235,13.05508418675358,4.776289712770565,7.901400685859524
51-6099,20180.0,25240.0,30290.0,23360.0,29020.0,32850.0,35010.0,38370.0,44810.0,46500.0,48600.0,53710.0,18060.0,12810.0,14450.0,32529.11,35283.84,37010.0,"Textile, Apparel, and Furnishings Workers, All Other",-19.98892580287929,-29.069767441860467,12.802498048399688,13.775015670579366,8.468507130997423,4.892211278591003
51-7011,23860.0,29120.0,34700.0,28580.0,34550.0,38240.0,44950.0,47660.0,54010.0,55570.0,58570.0,63220.0,99400.0,95980.0,79540.0,41623.77,41953.61,46020.0,Cabinetmakers and Bench Carpenters,-19.97987927565392,-3.440643863179074,-17.128568451760785,10.56182561070272,0.79243182441186,9.692586645106344
51-7021,23310.0,28370.0,31200.0,27130.0,32020.0,36770.0,39250.0,45750.0,49020.0,49080.0,52920.0,59820.0,16220.0,14990.0,14230.0,37774.24,41034.76,42530.0,Furniture Finishers,-12.268803945745994,-7.583230579531443,-5.070046697798532,12.589955482889934,8.631596558924825,3.6438375660050113
51-7031,33390.0,35350.0,24710.0,41700.0,38010.0,40420.0,70910.0,60290.0,80380.0,78530.0,83230.0,95850.0,810.0,720.0,360.0,68919.38,50742.14,51850.0,"Model Makers, Wood",-55.55555555555556,-11.11111111111111,-50.0,-24.76716998905098,-26.37464237200045,2.183313514171852
51-7032,38540.0,31730.0,40730.0,50660.0,38180.0,45450.0,76940.0,50150.0,77410.0,87990.0,60220.0,83330.0,370.0,330.0,180.0,75455.44,47877.49,52520.0,"Patternmakers, Wood",-51.35135135135135,-10.81081081081081,-45.45454545454545,-30.396005907592617,-36.54865706170424,9.696644498280929
51-7041,21150.0,26930.0,29670.0,25310.0,30330.0,35550.0,37780.0,43050.0,47770.0,46670.0,49500.0,56560.0,50730.0,46400.0,43140.0,35366.83,39207.87,39950.0,"Sawing Machine Setters, Operators, and Tenders, Wood",-14.961561206386753,-8.53538340232604,-7.025862068965518,12.958950519455652,10.860571897453047,1.892808765179044
51-7042,21430.0,27910.0,30920.0,25440.0,31120.0,36260.0,37780.0,44290.0,47650.0,45880.0,49510.0,54340.0,78850.0,63680.0,63350.0,36041.37,39813.23,40440.0,"Woodworking Machine Setters, Operators, and Tenders, Except Sawing",-19.657577679137603,-19.239061509194677,-0.5182160804020101,12.204391786438745,10.46536244321454,1.574275686750369
51-7099,21800.0,25750.0,30470.0,24970.0,29150.0,35890.0,43800.0,42290.0,48820.0,53680.0,51310.0,60870.0,6700.0,9120.0,6590.0,38506.93,38234.97,41220.0,"Woodworkers, All Other",-1.6417910447761193,36.11940298507463,-27.74122807017544,7.045666844902981,-0.7062624831426424,7.80706771837404
51-8011,74520.0,85580.0,99300.0,87250.0,100190.0,107170.0,116880.0,131030.0,131520.0,128810.0,146100.0,152690.0,5050.0,5450.0,5720.0,116916.39,125255.47,122610.0,Nuclear Power Reactor Operators,13.267326732673268,7.920792079207921,4.954128440366973,4.869813376892667,7.1325158089468905,-2.11205945736342
51-8012,56360.0,66090.0,70760.0,72540.0,83070.0,91670.0,104140.0,118350.0,128690.0,122380.0,135620.0,144900.0,10770.0,9380.0,9180.0,105484.1,109883.65,107240.0,Power Distributors and Dispatchers,-14.763231197771589,-12.906220984215414,-2.1321961620469083,1.66461106460594,4.170818161220495,-2.405862928652256
51-8013,45970.0,52000.0,59930.0,63110.0,71160.0,77400.0,96940.0,104720.0,111980.0,108380.0,119880.0,128760.0,33620.0,31590.0,30720.0,95354.37,100597.86,99670.0,Power Plant Operators,-8.625817965496728,-6.03807257584771,-2.7540360873694207,4.525885913776149,5.498950913314188,-0.922345664211943
51-8021,39050.0,40910.0,47310.0,50040.0,52640.0,60110.0,78960.0,87030.0,96420.0,100080.0,108790.0,121200.0,32520.0,31470.0,30780.0,72280.45,72556.72,75190.0,Stationary Engineers and Boiler Operators,-5.350553505535055,-3.2287822878228782,-2.19256434699714,4.0253623213469245,0.3822195351578526,3.629271003430142
51-8031,28850.0,34100.0,37870.0,36740.0,40780.0,47020.0,61220.0,64720.0,71280.0,77600.0,81210.0,86160.0,123730.0,119350.0,126750.0,55544.880000000005,55779.6,58260.0,Water and Wastewater Treatment Plant and System Operators,2.4407985128909724,-3.5399660551200194,6.200251361541684,4.888155307923961,0.4225772024352089,4.4467869973969005
51-8091,35330.0,45930.0,48000.0,46600.0,61680.0,57080.0,78360.0,99430.0,98050.0,93250.0,107680.0,107790.0,28840.0,18710.0,17840.0,72745.65000000001,89366.26999999999,73540.0,Chemical Plant and System Operators,-38.141470180305134,-35.124826629681,-4.649919828968466,1.0919553265384132,22.84757920233028,-17.70944451413267
51-8092,44080.0,46190.0,59040.0,56800.0,62220.0,73150.0,83130.0,94930.0,100000.0,101320.0,107700.0,109350.0,14410.0,14290.0,15910.0,82235.73,85896.26,83400.0,Gas Plant Operators,10.40943789035392,-0.8327550312283136,11.336599020293912,1.4157714657606908,4.451264675342456,-2.9061335150098446
51-8093,47380.0,52920.0,59790.0,58370.0,72320.0,77970.0,90060.0,99860.0,104660.0,100070.0,107810.0,112920.0,40370.0,31360.0,34860.0,86271.34,91982.29,97540.0,"Petroleum Pump System Operators, Refinery Operators, and Gaugers",-13.648749071092396,-22.31855338122368,11.160714285714286,13.06188126902863,6.619753443032179,6.042152244741903
51-8099,34350.0,37100.0,40250.0,44720.0,45860.0,47860.0,71600.0,70910.0,76910.0,84460.0,85760.0,92750.0,12950.0,15370.0,15950.0,67907.57,62125.07,61710.0,"Plant and System Operators, All Other",23.16602316602317,18.687258687258687,3.7735849056603774,-9.12647882997434,-8.515250950667218,-0.6681199715348405
51-9011,29210.0,34360.0,37270.0,36960.0,39360.0,45660.0,64070.0,63830.0,71400.0,78650.0,80480.0,88460.0,87120.0,115370.0,127410.0,57138.19,53325.73,57090.0,Chemical Equipment Operators and Tenders,46.2465564738292,32.42653810835629,10.43598855855075,-0.0843393884195532,-6.672349964183336,7.0590126004838645
51-9012,26710.0,31430.0,35810.0,32870.0,37190.0,41830.0,55190.0,56820.0,61350.0,70800.0,69920.0,75860.0,51160.0,52470.0,54200.0,48066.79,49996.25,49500.0,"Separating, Filtering, Clarifying, Precipitating, and Still Machine Setters, Operators, and Tenders",5.942142298670837,2.560594214229867,3.297122165046693,2.9817052480517194,4.014122848644561,-0.9925744430832312
51-9021,24990.0,30220.0,35380.0,30050.0,35910.0,38990.0,47260.0,51960.0,58440.0,57030.0,63490.0,65980.0,33360.0,27320.0,28550.0,43682.28,46796.49,46890.0,"Crushing, Grinding, and Polishing Machine Setters, Operators, and Tenders",-14.418465227817745,-18.10551558752998,4.502196193265007,7.343298014664072,7.129229518239431,0.1998226790086223
51-9022,22400.0,28760.0,32120.0,25660.0,31930.0,36660.0,38110.0,43350.0,48410.0,48290.0,50210.0,57250.0,29170.0,14190.0,11850.0,35587.8,39953.76,41690.0,"Grinding and Polishing Workers, Hand",-59.376071306136446,-51.35413095646212,-16.49048625792812,17.146887416474176,12.2681368334092,4.345623540813175
51-9023,25440.0,30880.0,35000.0,30510.0,36400.0,39800.0,47740.0,50950.0,57940.0,58680.0,61480.0,67570.0,125340.0,108900.0,100840.0,43938.14,46926.21,47680.0,"Mixing and Blending Machine Setters, Operators, and Tenders",-19.546832615286423,-13.11632359980852,-7.401285583103764,8.516200276115466,6.800629248302272,1.6063304494439268
51-9031,20850.0,27040.0,29910.0,24870.0,30470.0,33860.0,37370.0,41960.0,48790.0,47720.0,51970.0,57820.0,9670.0,8250.0,7070.0,35122.6,39056.53,38800.0,"Cutters and Trimmers, Hand",-26.887280248190283,-14.68459152016546,-14.303030303030305,10.47018159247892,11.20056601732218,-0.656817182683661
51-9032,24640.0,30220.0,34890.0,28880.0,35050.0,38540.0,43920.0,48190.0,52000.0,51470.0,55760.0,60430.0,57960.0,54110.0,47540.0,41402.8,43110.28,45700.0,"Cutting and Slicing Machine Setters, Operators, and Tenders",-17.977915804002762,-6.642512077294686,-12.141933099242284,10.37900818302143,4.124068903552407,6.007198283100925
51-9041,24970.0,30290.0,34790.0,29020.0,34720.0,38410.0,44280.0,47870.0,51970.0,53510.0,57120.0,64660.0,71850.0,58740.0,57310.0,41263.24,42677.88,45130.0,"Extruding, Forming, Pressing, and Compacting Machine Setters, Operators, and Tenders",-20.2366040361865,-18.24634655532359,-2.4344569288389515,9.370955843506234,3.4283299130170084,5.745646222352194
51-9051,27050.0,31450.0,35010.0,32510.0,36470.0,39250.0,49180.0,54560.0,57840.0,58920.0,62410.0,66190.0,18970.0,15030.0,16160.0,46624.67,48136.93,47010.0,"Furnace, Kiln, Oven, Drier, and Kettle Operators and Tenders",-14.81286241433843,-20.76963626779125,7.518296739853627,0.8264508896256033,3.243476039615942,-2.341092379592966
51-9061,24660.0,29950.0,34590.0,30390.0,35630.0,38740.0,51990.0,55510.0,59970.0,66260.0,69100.0,75510.0,576950.0,579740.0,591180.0,45519.82,47455.9,47460.0,"Inspectors, Testers, Sorters, Samplers, and Weighers",2.466418233815755,0.4835774330531242,1.9732983751336808,4.262275202318463,4.253268136824798,0.008639600134016
51-9071,24520.0,30150.0,33890.0,30720.0,36210.0,38030.0,55630.0,60130.0,63210.0,73420.0,76130.0,81610.0,23590.0,26280.0,23420.0,47531.810000000005,50958.34,49140.0,Jewelers and Precious Stone and Metal Workers,-0.7206443408223824,11.403136922424755,-10.882800608828006,3.3833973501114203,7.208919668743924,-3.5682873500196366
51-9081,25660.0,30770.0,36100.0,31790.0,36920.0,39250.0,53950.0,58560.0,62320.0,65820.0,74800.0,78680.0,34460.0,33330.0,33920.0,48078.42,49780.05,48310.0,Dental Laboratory Technicians,-1.5670342426001165,-3.2791642484039465,1.7701770177017702,0.4816714026792099,3.539280200971657,-2.9530906457506485
51-9082,25320.0,31990.0,36560.0,32160.0,35620.0,40300.0,53000.0,50840.0,58710.0,66860.0,64580.0,74570.0,14130.0,15680.0,11490.0,47322.47,45574.96,47060.0,Medical Appliance Technicians,-18.683651804670912,10.969568294409058,-26.721938775510207,-0.5546413786093608,-3.692770051943616,3.2584559591495
51-9083,23140.0,27930.0,31250.0,26810.0,31620.0,35580.0,40060.0,45180.0,45410.0,49850.0,58430.0,55480.0,29150.0,20200.0,18740.0,37937.06,39791.61,38420.0,Ophthalmic Laboratory Technicians,-35.711835334476845,-30.7032590051458,-7.227722772277227,1.273003232195648,4.888491622703508,-3.446982919263635
51-9111,22090.0,28300.0,31890.0,25580.0,31530.0,36250.0,39250.0,44780.0,48440.0,49570.0,52760.0,58910.0,390540.0,369330.0,383860.0,36041.37,39726.75,40900.0,Packaging and Filling Machine Operators and Tenders,-1.710452194397501,-5.43094177292979,3.934151030243956,13.480702870062922,10.225415959493208,2.953299728772175
51-9123,23070.0,28850.0,28490.0,26820.0,32760.0,34540.0,41190.0,46070.0,50700.0,51540.0,55120.0,62770.0,12430.0,11990.0,8470.0,38320.85,41369.87,40860.0,"Painting, Coating, and Decorating Workers",-31.858407079646017,-3.5398230088495577,-29.357798165137616,6.626027345426841,7.956556287243098,-1.232467010411189
51-9124,25760.0,31200.0,35480.0,30870.0,36490.0,39470.0,48540.0,51540.0,58740.0,61220.0,63430.0,72800.0,146350.0,152120.0,159500.0,44368.45,47520.76,47590.0,"Coating, Painting, and Spraying Machine Setters, Operators, and Tenders",8.985309190297233,3.9426033481380256,4.851433079148041,7.2609027360658205,7.104845898380471,0.1457047404124118
51-9141,26910.0,33120.0,35980.0,31390.0,37100.0,45320.0,49710.0,55630.0,74640.0,64190.0,72030.0,87190.0,27680.0,23860.0,32150.0,44263.78,48309.89,51180.0,Semiconductor Processing Technicians,16.148843930635838,-13.80057803468208,34.74434199497066,15.625009883927673,9.140904821052338,5.941040230064694
51-9151,22300.0,27650.0,30840.0,26190.0,30960.0,34460.0,44650.0,48190.0,51590.0,59100.0,66150.0,69290.0,11940.0,5380.0,5550.0,37541.64,39218.68,40100.0,Photographic Process Workers and Processing Machine Operators,-53.517587939698494,-54.941373534338354,3.1598513011152414,6.814726261292796,4.467146347362558,2.2471944491757494
51-9161,27730.0,33360.0,37160.0,33540.0,37960.0,42710.0,50940.0,56030.0,60980.0,61980.0,63600.0,71160.0,151700.0,179360.0,176950.0,47915.6,50547.56,49970.0,Computer Numerically Controlled Tool Operators,16.644693473961766,18.23335530652604,-1.3436663693131132,4.287538922605584,5.492908363873142,-1.142607081330924
51-9162,36280.0,42990.0,45760.0,44680.0,50650.0,55960.0,70750.0,76060.0,80300.0,89170.0,90090.0,97930.0,25570.0,28120.0,28230.0,65651.35,65724.8,65670.0,Computer Numerically Controlled Tool Programmers,10.40281579976535,9.972624168947986,0.391180654338549,0.0284076412746945,0.1118788874866961,-0.0833779638736107
51-9191,24160.0,27700.0,31290.0,28150.0,31210.0,36420.0,42680.0,47370.0,52060.0,50280.0,51990.0,60420.0,13890.0,11320.0,12170.0,39937.42,41921.18,45210.0,Adhesive Bonding Machine Operators and Tenders,-12.38300935925126,-18.502519798416124,7.508833922261485,13.202104692791876,4.967171139247357,7.845246722539775
51-9192,22730.0,28460.0,32770.0,26490.0,31830.0,37140.0,39350.0,45020.0,48280.0,49470.0,52460.0,56590.0,16410.0,13200.0,13890.0,37041.55,40202.39,41460.0,"Cleaning, Washing, and Metal Pickling Equipment Operators and Tenders",-15.356489945155394,-19.56124314442413,5.227272727272727,11.928361529147663,8.533228226140634,3.128197104699498
51-9193,23430.0,29910.0,33710.0,27710.0,36340.0,36150.0,45320.0,50600.0,49150.0,54050.0,61560.0,62760.0,8740.0,6420.0,6590.0,41042.27,46364.09,40160.0,Cooling and Freezing Equipment Operators and Tenders,-24.59954233409611,-26.54462242562929,2.64797507788162,-2.149661799895581,12.966680449205152,-13.381239661988396
51-9194,20620.0,27460.0,29530.0,24250.0,31840.0,35650.0,40280.0,46030.0,48510.0,52660.0,59530.0,60430.0,10310.0,8400.0,8390.0,35611.06,41056.38,40450.0,Etchers and Engravers,-18.62269641125121,-18.525703200775943,-0.119047619047619,13.58830655419974,15.291092149461432,-1.4769446307735787
51-9195,24280.0,30040.0,34950.0,28080.0,35050.0,38500.0,41500.0,47200.0,51340.0,51920.0,56470.0,61050.0,44890.0,39060.0,34750.0,39576.89,42796.79,45690.0,"Molders, Shapers, and Casters, Except Metal and Plastic",-22.588549788371576,-12.98730229449766,-11.03430619559652,15.446160625556988,8.135808548877897,6.760343474358706
51-9196,25000.0,31290.0,36610.0,30530.0,37310.0,43520.0,49460.0,51940.0,59220.0,61430.0,62730.0,68640.0,100290.0,92050.0,96950.0,45601.23,49412.51,49390.0,"Paper Goods Machine Setters, Operators, and Tenders",-3.330342008176289,-8.216173098015753,5.323193916349809,8.308482029980324,8.357844733574053,-0.0455552652556908
51-9197,28440.0,35800.0,39990.0,34760.0,41540.0,48740.0,56230.0,60140.0,65410.0,61470.0,63230.0,70250.0,20790.0,18360.0,20970.0,53509.630000000005,55833.65,55580.0,Tire Builders,0.8658008658008658,-11.688311688311687,14.215686274509803,3.8691540195661887,4.343180844270455,-0.4542959308589022
51-9198,20590.0,25740.0,30060.0,24120.0,30250.0,34390.0,36030.0,39370.0,44980.0,42600.0,47680.0,52120.0,303030.0,190680.0,167490.0,33843.3,37478.27,38220.0,Helpers--Production Workers,-44.728244728244725,-37.07553707553707,-12.161736941472624,12.93224951467498,10.74058971790574,1.9790934853716653
51-9199,20320.0,27510.0,30370.0,24120.0,30530.0,35080.0,39330.0,43690.0,47550.0,52820.0,56180.0,59600.0,222230.0,252660.0,277060.0,34657.4,38364.69,38820.0,"Production Workers, All Other",24.67263645772398,13.693020744273952,9.657246893057865,12.010710555321516,10.696965150299771,1.1867944195561204
53-1041,35090.0,41030.0,38010.0,41260.0,46540.0,49020.0,73300.0,76230.0,79600.0,83650.0,87170.0,96300.0,9500.0,7950.0,10160.0,62627.55,57822.69,63940.0,Aircraft Cargo Handling Supervisors,6.947368421052631,-16.315789473684212,27.79874213836478,2.095643211334304,-7.672118740075266,10.57942824866848
53-1047,33540.0,37310.0,41290.0,41070.0,45090.0,48750.0,70800.0,72920.0,77520.0,87310.0,87900.0,94830.0,455390.0,591760.0,605510.0,64034.78,62546.66,61890.0,"First-Line Supervisors of Transportation and Material Moving Workers, Except Aircraft Cargo Handling Supervisors",32.96515074990668,29.945760776477304,2.323577125861836,-3.349398561219385,-2.3239245922294147,-1.049872207404834
53-2011,74100.0,98680.0,98560.0,99090.0,129520.0,154360.0,,,,,,,84520.0,89580.0,99300.0,171216.86000000002,228944.99,226600.0,"Airline Pilots, Copilots, and Flight Engineers",17.486985328916234,5.986748698532892,10.850636302746148,32.3467794001128,33.71638166942203,-1.02425914626915
53-2012,45480.0,54100.0,59330.0,63040.0,76320.0,81660.0,123070.0,149170.0,175050.0,179440.0,217530.0,,37830.0,48750.0,51830.0,100111.04,112326.71,122670.0,Commercial Pilots,37.00766587364526,28.865979381443296,6.317948717948719,22.53393831489513,12.202120765102412,9.208219487600063
53-2021,68330.0,73590.0,76090.0,85770.0,92580.0,101150.0,151350.0,168770.0,186510.0,176320.0,189800.0,210410.0,22090.0,21250.0,22400.0,143037.37,142962.25,144580.0,Air Traffic Controllers,1.403349932095971,-3.802625622453599,5.411764705882352,1.078480399912278,-0.0525177441391682,1.131592430868988
53-2022,28500.0,30460.0,35200.0,37320.0,38060.0,41220.0,71810.0,76100.0,78320.0,92290.0,110830.0,111030.0,10680.0,14760.0,16640.0,61231.95,53617.6,56750.0,Airfield Operations Specialists,55.80524344569289,38.20224719101123,12.737127371273711,-7.31962643685201,-12.4352564306706,5.842111545462687
53-2031,29270.0,37690.0,34030.0,41070.0,47760.0,52280.0,67040.0,82410.0,98160.0,80940.0,97170.0,138040.0,120840.0,108480.0,130110.0,65872.32,68924.56,67130.0,Flight Attendants,7.671300893743793,-10.228401191658392,19.9391592920354,1.909269325871615,4.633569912218047,-2.6036582605677827
53-3011,19460.0,22410.0,25460.0,22150.0,26000.0,29580.0,32190.0,36120.0,38000.0,43570.0,47120.0,46630.0,14740.0,9910.0,12080.0,30110.07,32840.78,34330.0,"Ambulance Drivers and Attendants, Except Emergency Medical Technicians",-18.046132971506108,-32.76797829036635,21.8970736629667,14.0150122533757,9.069092167504092,4.534666959798157
53-3031,18060.0,19730.0,21760.0,20040.0,24630.0,29120.0,37500.0,44250.0,47590.0,48970.0,55200.0,59730.0,444660.0,489510.0,417420.0,30075.18,35337.89,37130.0,Driver/Sales Workers,-6.126028875995142,10.086358116313589,-14.726971869829011,23.45728271617992,17.498515387106576,5.071355420484926
53-3032,29130.0,35300.0,38640.0,36250.0,42490.0,47230.0,55850.0,61200.0,65520.0,66840.0,75220.0,78800.0,1856130.0,1984180.0,2070480.0,52637.380000000005,53963.52,57440.0,Heavy and Tractor-Trailer Truck Drivers,11.548221299154694,6.898762478921196,4.349403783930893,9.123972355766938,2.519388313020124,6.442278042648077
53-3033,21060.0,26740.0,29580.0,25730.0,33590.0,36670.0,47700.0,50650.0,52460.0,65400.0,75780.0,79630.0,923050.0,1059840.0,994410.0,40390.99,43683.21,44140.0,Light Truck Drivers,7.730892151021071,14.819348897676182,-6.173573369565218,9.281797747467945,8.150877212962596,1.0456878054520282
53-3052,26710.0,33610.0,38250.0,33070.0,39900.0,46050.0,57920.0,65430.0,69090.0,70810.0,80420.0,82640.0,179510.0,141530.0,148980.0,50043.89,55012.09,57440.0,"Bus Drivers, Transit and Intercity",-17.0074090579912,-21.15759567712105,5.263901646294071,14.779246777178995,9.92768547768768,4.4134116700528985
53-3099,19990.0,22390.0,25690.0,24110.0,26460.0,30250.0,48700.0,44820.0,47130.0,59800.0,59740.0,64940.0,56590.0,49340.0,50330.0,38274.33,35900.01,36260.0,"Motor Vehicle Operators, All Other",-11.062025092772574,-12.811450786358014,2.0064856100526955,-5.26287462118867,-6.203426683105882,1.0027573808475203
53-4011,47190.0,53060.0,60980.0,56950.0,62890.0,73410.0,88530.0,86950.0,84230.0,101060.0,89060.0,100690.0,35520.0,36440.0,31990.0,78025.67,80610.17,77400.0,Locomotive Engineers,-9.938063063063062,2.59009009009009,-12.211855104281009,-0.80187712582282,3.312371428531149,-3.9823387049053465
53-4013,33110.0,35340.0,44510.0,39110.0,48230.0,51770.0,61670.0,66640.0,65530.0,79720.0,83390.0,79070.0,5400.0,2680.0,3300.0,57370.79,60903.54,58030.0,"Rail Yard Engineers, Dinkey Operators, and Hostlers",-38.88888888888889,-50.37037037037037,23.134328358208958,1.1490342036426535,6.157750311613279,-4.718182227174317
53-4022,37150.0,43830.0,43750.0,46760.0,60640.0,51730.0,75700.0,70140.0,70130.0,94640.0,79580.0,80840.0,11080.0,14210.0,12460.0,70082.38,73010.73999999999,65480.0,"Railroad Brake, Signal, and Switch Operators and Locomotive Firers",12.454873646209386,28.24909747292419,-12.31527093596059,-6.567100032847065,4.178453985152881,-10.31456467911432
53-4031,45850.0,49680.0,53490.0,55390.0,61570.0,63480.0,80040.0,74260.0,82060.0,98110.0,88230.0,103350.0,45710.0,40940.0,42710.0,76746.37,73702.58,74080.0,Railroad Conductors and Yardmasters,-6.5631152920586295,-10.435353314373222,4.323400097703957,-3.474262040015698,-3.966037742241091,0.5120851943039147
53-4041,38530.0,49260.0,52260.0,51940.0,61740.0,59500.0,78530.0,89180.0,87940.0,84860.0,89180.0,87940.0,10730.0,9120.0,9200.0,78944.44,95409.06,84830.0,Subway and Streetcar Operators,-14.259086672879777,-15.00465983224604,0.8771929824561403,7.455319209307201,20.85595895037066,-11.088108403960796
53-4099,31590.0,35440.0,34690.0,37990.0,39640.0,40460.0,65210.0,49870.0,64710.0,81600.0,67230.0,82620.0,2650.0,2240.0,1520.0,60010.8,45704.68,49330.0,"Rail Transportation Workers, All Other",-42.64150943396226,-15.471698113207546,-32.142857142857146,-17.798129669992736,-23.839242269724785,7.932054222893585
53-5011,25190.0,30530.0,33350.0,31710.0,37190.0,38450.0,58650.0,60690.0,65370.0,75520.0,75210.0,81890.0,31290.0,28500.0,31360.0,50567.24,51336.69,49610.0,Sailors and Marine Oilers,0.2237136465324384,-8.916586768935762,10.035087719298245,-1.8930042454363691,1.5216373288318623,-3.363461882719738
53-5021,37270.0,42090.0,46260.0,50020.0,61390.0,60800.0,105330.0,125700.0,124530.0,153700.0,160140.0,164230.0,33370.0,34940.0,35390.0,84131.42,102922.01,85540.0,"Captains, Mates, and Pilots of Water Vessels",6.053341324543003,4.704824692837879,1.287922152261019,1.6742615303533468,22.33480666319432,-16.88852559331089
53-5022,25250.0,29640.0,31970.0,32830.0,34870.0,39860.0,62370.0,58750.0,68490.0,74180.0,73650.0,82330.0,2120.0,3110.0,2380.0,56126.380000000005,44785.83,51880.0,Motorboat Operators,12.264150943396226,46.69811320754717,-23.47266881028939,-7.565747158466311,-20.20538292332412,15.84021106675928
53-5031,41730.0,52520.0,56620.0,53690.0,72410.0,71720.0,99050.0,107580.0,130380.0,130540.0,139990.0,162370.0,8410.0,8650.0,8580.0,86771.43000000001,94371.3,101320.0,Ship Engineers,2.0214030915576697,2.853745541022592,-0.8092485549132947,16.76654401108751,8.758493434993516,7.3631496016267635
53-6011,27270.0,26630.0,32690.0,37680.0,30370.0,43700.0,57920.0,61380.0,69530.0,63740.0,67330.0,74400.0,3150.0,3690.0,2720.0,58277.93,51109.68,58490.0,Bridge and Lock Tenders,-13.65079365079365,17.142857142857142,-26.287262872628723,0.3638941877311011,-12.300110865296691,14.440160846242826
53-6021,18850.0,22580.0,24960.0,21620.0,27040.0,29590.0,29900.0,34590.0,37230.0,36000.0,38760.0,43840.0,147390.0,105290.0,134650.0,29237.82,33046.17,34600.0,Parking Attendants,-8.64373431033313,-28.563674604790013,27.88488935321493,18.33987622880229,13.025423920114424,4.701997235988322
53-6031,19600.0,24660.0,27870.0,22160.0,27820.0,30600.0,30060.0,35550.0,38430.0,36960.0,40290.0,45240.0,117670.0,99600.0,98270.0,29307.6,33348.85,34850.0,Automotive and Watercraft Service Attendants,-16.486785076910003,-15.35650548143112,-1.3353413654618471,18.911135678117613,13.78908542494096,4.501354619424663
53-6041,30820.0,34370.0,38060.0,37170.0,40390.0,46690.0,64510.0,64830.0,74480.0,82230.0,84520.0,85810.0,7470.0,7310.0,7580.0,55219.240000000005,54104.05,58480.0,Traffic Technicians,1.4725568942436411,-2.14190093708166,3.693570451436389,5.905115680693894,-2.019567817304276,8.088026681921233
53-6051,33330.0,36770.0,40090.0,52670.0,54270.0,58650.0,100940.0,97510.0,105020.0,125310.0,126150.0,137120.0,30020.0,24420.0,23320.0,88178.66,86015.17,85750.0,Transportation Inspectors,-22.318454363757496,-18.654230512991337,-4.504504504504505,-2.754249157335804,-2.453530139832024,-0.3082828296450478
53-6061,19480.0,22020.0,29120.0,22900.0,29490.0,32090.0,34490.0,40430.0,41180.0,40800.0,50000.0,49510.0,28200.0,13200.0,25340.0,30900.91,37435.03,37560.0,Passenger Attendants,-10.141843971631204,-53.191489361702125,91.96969696969695,21.54981843576775,21.14539668896482,0.3338317078949881
53-7011,24990.0,30770.0,34940.0,28840.0,33130.0,37500.0,41570.0,44630.0,48640.0,49890.0,53190.0,60390.0,24050.0,27780.0,26060.0,40309.58,39878.09,41230.0,Conveyor Operators and Tenders,8.357588357588359,15.50935550935551,-6.19150467962563,2.283377797535966,-1.0704403270885117,3.390107199216421
53-7021,32250.0,37680.0,41670.0,41680.0,47840.0,50970.0,73060.0,76450.0,81630.0,91840.0,93410.0,102400.0,45480.0,45210.0,42000.0,65930.47,66308.54,66370.0,Crane and Tower Operators,-7.651715039577836,-0.5936675461741424,-7.100199071001991,0.666656858353958,0.5734374409889577,0.0926879101847309
53-7031,32170.0,34110.0,42060.0,38090.0,40030.0,46120.0,65590.0,60320.0,60300.0,77940.0,77080.0,75050.0,1550.0,940.0,1030.0,54707.52,50904.29,48430.0,Dredge Operators,-33.5483870967742,-39.35483870967742,9.574468085106384,-11.47469305865081,-6.951932750744327,-4.860670878623394
53-7041,30680.0,33480.0,33910.0,39500.0,40360.0,39220.0,80240.0,95380.0,90200.0,101550.0,121450.0,116120.0,4800.0,2440.0,2480.0,69454.36,63724.95,52310.0,Hoist and Winch Operators,-48.333333333333336,-49.16666666666666,1.639344262295082,-24.684353869217137,-8.249172550146605,-17.912842615019702
53-7051,26090.0,32040.0,36500.0,30050.0,36640.0,39780.0,44350.0,47780.0,53680.0,53270.0,57410.0,61540.0,629270.0,780890.0,805770.0,42100.6,44569.63,46390.0,Industrial Truck and Tractor Operators,28.048373512164886,24.09458578988352,3.186108158639501,10.188453371210866,5.86459575397975,4.084328274656987
53-7061,19150.0,22500.0,26740.0,22360.0,27470.0,29790.0,31210.0,36310.0,39630.0,39010.0,43520.0,47150.0,382670.0,359530.0,373960.0,30005.4,33511.0,35270.0,Cleaners of Vehicles and Equipment,-2.276112577416573,-6.046985653435074,4.0135732762217335,17.545508475141137,11.683230351869993,5.2490227089612365
53-7062,21410.0,27610.0,30810.0,24570.0,31130.0,35410.0,37150.0,42470.0,46370.0,47140.0,48560.0,53180.0,2953170.0,2934050.0,2982530.0,34320.13,39034.91,38940.0,"Laborers and Freight, Stock, and Material Movers, Hand",0.994185908701497,-0.6474398696993401,1.6523235800344231,13.461108684611634,13.737651926143634,-0.2431413316951319
53-7063,22610.0,28190.0,31480.0,26060.0,31800.0,36020.0,38600.0,45420.0,48220.0,47610.0,50910.0,57010.0,63280.0,51010.0,46690.0,36262.34,41121.24,39700.0,Machine Feeders and Offbearers,-26.216814159292035,-19.39001264222503,-8.468927661242894,9.479972886471186,13.399300762168115,-3.456218732703581
53-7064,19510.0,23870.0,27050.0,22800.0,28620.0,31470.0,31120.0,37230.0,40960.0,38320.0,42070.0,46260.0,633640.0,653870.0,601440.0,30133.33,35586.52,35580.0,"Packers and Packagers, Hand",-5.081749889527176,3.1926646045072915,-8.018413446097847,18.07523430035777,18.096871470892843,-0.0183215442251639
53-7065,20520.0,25680.0,29850.0,23480.0,29730.0,33710.0,33910.0,38810.0,43140.0,42080.0,47360.0,49200.0,2135850.0,2842060.0,2779530.0,31842.94,36991.82,37090.0,Stockers and Order Fillers,30.136947819369336,33.06458786899829,-2.2001646692891774,16.477938280824564,16.16961247924971,0.2654100284873799
53-7071,37790.0,33680.0,43950.0,49940.0,44550.0,57520.0,76460.0,76140.0,88090.0,83130.0,90720.0,98350.0,3440.0,3740.0,5110.0,76944.08,64849.19,71510.0,Gas Compressor and Gas Pumping Station Operators,48.54651162790697,8.720930232558139,36.63101604278075,-7.062375688941894,-15.719065066474258,10.271230835728256
53-7072,29000.0,36700.0,37850.0,35190.0,44740.0,47270.0,59720.0,74200.0,75160.0,77860.0,85430.0,89660.0,10000.0,10870.0,12600.0,52381.52,60384.66,60020.0,"Pump Operators, Except Wellhead Pumpers",26.0,8.7,15.915363385464582,14.582394707140985,15.278556254190391,-0.603895095211261
53-7073,33300.0,36100.0,39110.0,40500.0,47430.0,54450.0,67930.0,79120.0,80720.0,80280.0,93730.0,97470.0,12970.0,14550.0,17350.0,64011.52,68405.68,70010.0,Wellhead Pumpers,33.77023901310717,12.181958365458753,19.243986254295532,9.370938231118393,6.864639364914297,2.345302319924321
53-7081,22780.0,28190.0,31810.0,28880.0,34040.0,38330.0,50240.0,53800.0,61010.0,67370.0,64390.0,75200.0,121330.0,132240.0,139180.0,44007.92,47066.74,48350.0,Refuse and Recyclable Material Collectors,14.711942635786698,8.99200527487019,5.248033877797943,9.866587650586537,6.950612526108936,2.7264688397794323
53-7121,28090.0,36730.0,38260.0,33760.0,44500.0,47260.0,60800.0,75670.0,71230.0,76050.0,88650.0,88120.0,11620.0,12470.0,10920.0,49264.68,58298.33,58070.0,"Tank Car, Truck, and Ship Loaders",-6.024096385542169,7.314974182444062,-12.429831595829992,17.873494763388294,18.33697082778168,-0.3916578742478463
53-7199,23620.0,30070.0,33280.0,26170.0,33280.0,35470.0,43730.0,48840.0,50850.0,57960.0,60070.0,64850.0,28240.0,24880.0,25190.0,36948.51,41942.8,41690.0,"Material Moving Workers, All Other",-10.80028328611898,-11.89801699716714,1.2459807073954985,12.832696095187591,13.516891479521078,-0.6027256167923831
