OCC_CODE,arm_hand_steadiness,auditory_attention,category_flexibility,control_precision,deductive_reasoning,depth_perception,dynamic_flexibility,dynamic_strength,explosive_strength,extent_flexibility,far_vision,finger_dexterity,flexibility_of_closure,fluency_of_ideas,glare_sensitivity,gross_body_coordination,gross_body_equilibrium,hearing_sensitivity,inductive_reasoning,information_ordering,manual_dexterity,mathematical_reasoning,memorization,multilimb_coordination,near_vision,night_vision,number_facility,oral_comprehension,oral_expression,originality,perceptual_speed,peripheral_vision,problem_sensitivity,rate_control,reaction_time,response_orientation,selective_attention,sound_localization,spatial_orientation,speech_clarity,speech_recognition,speed_of_closure,speed_of_limb_movement,stamina,static_strength,time_sharing,trunk_strength,visual_color_discrimination,visualization,wrist_finger_speed,written_comprehension,written_expression,analyzing_data_or_information,assisting_and_caring_for_others,coaching_and_developing_others,communicating_with_people_outside_the_organization,"communicating_with_supervisors,_peers,_or_subordinates",controlling_machines_and_processes,coordinating_the_work_and_activities_of_others,developing_objectives_and_strategies,developing_and_building_teams,documenting_recording_information,"drafting,_laying_out,_and_specifying_technical_devices,_parts,_and_equipment",establishing_and_maintaining_interpersonal_relationships,"estimating_the_quantifiable_characteristics_of_products,_events,_or_information",evaluating_information_to_determine_compliance_with_standards,getting_information,"guiding,_directing,_and_motivating_subordinates",handling_and_moving_objects,"identifying_objects,_actions,_and_events","inspecting_equipment,_structures,_or_materials",interpreting_the_meaning_of_information_for_others,"judging_the_qualities_of_objects,_services,_or_people",making_decisions_and_solving_problems,"monitoring_processes,_materials,_or_surroundings",monitoring_and_controlling_resources,"operating_vehicles,_mechanized_devices,_or_equipment","organizing,_planning,_and_prioritizing_work",performing_administrative_activities,performing_general_physical_activities,performing_for_or_working_directly_with_the_public,processing_information,providing_consultation_and_advice_to_others,repairing_and_maintaining_electronic_equipment,repairing_and_maintaining_mechanical_equipment,resolving_conflicts_and_negotiating_with_others,scheduling_work_and_activities,selling_or_influencing_others,staffing_organizational_units,thinking_creatively,training_and_teaching_others,updating_and_using_relevant_knowledge,working_with_computers,OCC_TITLE,occ_major_group,AIOE,AIOE_z,A_PCT10_2019,A_PCT10_2022,A_PCT10_2024,A_PCT25_2019,A_PCT25_2022,A_PCT25_2024,A_PCT75_2019,A_PCT75_2022,A_PCT75_2024,A_PCT90_2019,A_PCT90_2022,A_PCT90_2024,TOT_EMP_2019,TOT_EMP_2022,TOT_EMP_2024,real_median_wage_2019,real_median_wage_2022,real_median_wage_2024,emp_change_pct_19_24,emp_change_pct_19_22,emp_change_pct_22_24,wage_change_pct_19_24,wage_change_pct_19_22,wage_change_pct_22_24,UAIOE,UAIOE_ev,AIOE_rank,UAIOE_rank,rank_diff,abs_rank_diff,cluster,cluster_label
11-1011,1.19,2.06,3.31,1.625,4.0,1.875,1.0,1.125,1.0,1.0,2.94,1.625,3.065,3.88,1.125,1.0,1.0,2.06,3.94,3.81,1.0,3.0,2.63,1.625,3.37,1.125,3.0,4.3100000000000005,4.25,3.815,2.625,1.125,3.94,1.19,1.19,1.19,3.06,1.19,1.19,4.125,4.0,2.69,1.0,1.0,1.0,2.75,1.38,2.06,2.875,1.25,4.125,4.12,4.3,3.0250000000000004,4.32,4.515000000000001,4.779999999999999,1.8,4.085,4.535,4.41,3.52,1.81,4.734999999999999,3.4,4.08,4.67,4.26,1.65,4.04,2.31,4.295,4.015,4.74,3.865,3.995,2.185,4.45,3.66,1.885,3.73,4.21,3.94,1.465,1.31,3.955,3.73,3.96,3.52,4.325,3.82,4.305,4.16,Chief Executives,Management,1.334246,1.3351087600846523,62290.0,74920.0,73710.0,112790.0,122480.0,126080.0,,,,,,,205890.0,199240.0,211850.0,214526.98,204871.12,206420.0,2.894749623585409,-3.229880033027345,6.3290503914876535,-3.7790025291923697,-4.501000293762591,0.756026520477852,1.759442686376865,-1.3085140383686085,66,4,-62,62,3,Highest Exposure Knowledge & Management
11-1021,1.62,2.12,3.38,1.12,3.88,1.88,1.0,1.12,1.38,1.25,2.62,1.5,2.62,3.25,1.0,1.5,1.38,1.75,3.5,3.5,1.5,2.88,2.25,1.5,3.5,1.12,2.88,4.0,4.0,3.12,2.38,1.25,3.88,1.0,1.62,1.0,2.88,1.25,1.5,3.88,3.62,2.38,1.0,1.62,1.5,2.75,2.12,1.88,2.75,1.75,4.0,4.0,4.04,3.02,3.91,3.57,4.34,2.07,3.99,3.84,3.81,3.94,2.12,4.28,3.23,3.59,4.42,4.2,2.0,4.22,2.62,3.72,4.1,4.33,3.91,3.86,1.9,4.2,3.4,2.11,2.54,4.08,3.66,1.89,1.83,3.88,3.81,3.58,3.7,3.7,3.41,3.8,4.46,General and Operations Managers,Management,0.5748773,0.5752490353405494,45050.0,43470.0,47420.0,65660.0,62070.0,67160.0,157430.0,154560.0,164130.0,,221270.0,,2400280.0,3376680.0,3584420.0,117207.14,106046.1,102950.0,49.33341110203809,40.67858749812522,6.15219683239158,-12.164054169396165,-9.522491547869873,-2.919579315033737,1.150078964784206,-0.92783021561785,233,108,-125,125,3,Highest Exposure Knowledge & Management
11-2011,1.38,1.75,3.38,1.12,3.88,1.75,1.0,1.0,1.0,1.0,2.88,1.62,3.12,3.75,1.0,1.0,1.0,1.75,3.5,3.25,1.38,3.0,2.5,1.0,3.75,1.0,2.88,4.0,4.25,3.75,2.88,1.0,3.62,1.0,1.0,1.0,2.88,1.0,1.0,4.0,3.88,2.62,1.0,1.0,1.0,2.75,1.62,2.88,3.25,1.75,4.0,3.88,3.26,2.37,2.62,4.37,4.25,1.85,3.07,3.42,2.96,3.31,1.28,4.01,2.79,2.35,4.32,2.98,2.08,3.6,1.77,3.01,3.37,3.82,2.78,2.52,1.82,4.17,3.11,1.9,3.18,3.51,2.31,1.34,1.21,2.82,3.34,3.64,2.29,4.05,2.74,3.78,4.61,Advertising and Promotions Managers,Management,1.294387,1.2952239863659367,61930.0,60380.0,63000.0,86330.0,85020.0,85990.0,175940.0,172920.0,178570.0,,,,25100.0,22010.0,21100.0,145968.13,138184.22999999998,126960.0,-15.93625498007968,-12.310756972111554,-4.134484325306679,-13.022109689286289,-5.332602397523366,-8.12265625390103,1.2562527322234938,-1.2970269125515574,88,87,-1,1,3,Highest Exposure Knowledge & Management
11-2021,1.12,1.88,3.25,1.0,3.88,1.75,1.0,1.25,1.0,1.0,2.88,1.75,3.0,3.75,1.0,1.0,1.0,1.88,3.75,3.25,1.0,3.12,2.62,1.0,3.5,1.0,3.12,4.0,4.0,3.62,2.75,1.0,3.62,1.0,1.0,1.0,2.88,1.0,1.0,3.75,3.62,2.75,1.0,1.0,1.0,2.75,1.75,2.88,3.0,1.62,4.0,3.88,3.75,2.44,3.36,4.2,4.75,1.2,3.97,4.07,4.08,3.0,1.29,4.68,3.59,2.61,4.33,3.84,1.37,4.24,1.45,3.39,3.37,4.34,3.27,3.18,1.78,4.35,2.59,1.71,2.81,3.36,3.18,1.15,1.14,3.68,3.4,4.27,2.25,4.28,3.14,3.83,4.4,Marketing Managers,Management,1.315032,1.3158823358835583,71010.0,76790.0,81900.0,97710.0,103060.0,111210.0,185320.0,198530.0,211080.0,,,,263680.0,328570.0,384980.0,159156.55000000002,151383.24,161030.0,46.00273058252427,24.609375,17.168335514502235,1.1771114666659854,-4.884065406042055,6.372409521688141,1.52886746299097,-1.316056103973277,80,28,-52,52,3,Highest Exposure Knowledge & Management
11-2022,1.12,1.88,3.25,1.38,3.88,1.5,1.0,1.0,1.0,1.0,2.75,1.5,2.88,3.75,1.0,1.0,1.0,1.62,3.88,3.12,1.38,2.88,2.88,1.25,3.12,1.0,2.88,4.0,4.0,3.75,2.62,1.0,3.88,1.0,1.0,1.0,2.75,1.0,1.5,3.75,3.75,2.88,1.0,1.0,1.0,2.62,1.88,2.0,2.25,1.62,4.0,4.0,3.95,2.95,4.5,4.55,4.7,1.48,4.2,4.25,4.6,3.62,1.33,4.71,3.14,3.43,4.29,4.57,1.2,3.81,1.62,3.6,4.15,4.63,3.1,3.1,1.76,4.1,3.15,1.35,3.48,3.85,4.29,1.14,1.05,4.14,3.48,4.86,3.86,3.86,4.33,3.95,4.29,Sales Managers,Management,1.26628,1.2670988117526265,59810.0,61040.0,66910.0,85150.0,87910.0,95910.0,177830.0,180390.0,201490.0,,,,402600.0,536390.0,603710.0,147282.32,141178.6,138060.0,49.95280675608544,33.23149528067561,12.55056954827644,-6.261661277470376,-4.144231296736771,-2.208975014626867,1.7176719262030848,-1.4177692995317195,102,7,-95,95,3,Highest Exposure Knowledge & Management
11-3021,2.25,2.0,3.25,2.0,4.0,1.75,1.0,1.5,1.0,1.0,2.75,2.12,3.0,3.38,1.12,1.0,1.0,1.75,4.0,3.75,2.12,3.0,2.62,1.38,3.75,1.0,3.12,4.0,4.0,3.25,2.75,1.0,4.0,1.25,1.25,1.25,2.88,1.0,1.12,3.62,3.38,2.75,1.0,1.0,1.0,2.62,1.75,2.38,3.0,2.0,4.0,3.75,4.25,2.38,3.76,3.13,4.36,1.98,3.9,3.99,4.12,3.36,1.98,3.9,3.64,3.72,4.43,3.98,1.65,4.31,2.96,3.56,3.86,4.51,3.79,3.58,1.63,4.31,3.15,2.01,1.81,3.94,3.45,1.99,1.48,3.5,3.72,3.11,3.58,3.58,3.2,3.89,4.9,Computer and Information Systems Managers,Management,1.059853,1.060538331448723,87480.0,97430.0,104450.0,113110.0,127180.0,134350.0,185610.0,207850.0,216220.0,,,,433960.0,533220.0,645970.0,170216.68,177359.66999999998,171200.0,48.8547331551295,22.873075859526224,21.14511833764675,0.5776872160824703,4.196410128549088,-3.4729823301994105,1.1971606061883304,-0.9829598021303196,151,99,-52,52,3,Highest Exposure Knowledge & Management
11-3031,1.25,1.9566666666666668,3.333333333333333,1.0833333333333333,4.04,1.58,1.0,1.0833333333333333,1.0,1.0,2.5033333333333334,2.04,3.2099999999999995,3.3366666666666664,1.0,1.0,1.0,1.75,3.96,3.8366666666666656,1.29,3.753333333333333,2.7099999999999995,1.0,3.790000000000001,1.04,3.6233333333333335,4.04,4.04,3.17,3.0,1.04,3.8766666666666665,1.0,1.0,1.0,2.83,1.04,1.0,3.790000000000001,3.6233333333333335,2.92,1.0,1.04,1.0,2.46,1.46,1.7933333333333332,2.4166666666666665,1.4166666666666667,4.08,3.8766666666666665,4.44,2.2433333333333336,3.706666666666667,4.006666666666667,4.39,1.4633333333333336,3.36,3.803333333333333,3.6,3.4933333333333336,1.1666666666666667,4.12,3.1966666666666668,3.846666666666666,4.61,3.5666666666666664,1.3333333333333333,3.86,1.8233333333333333,3.6533333333333338,3.646666666666667,4.486666666666667,3.0400000000000005,2.853333333333333,1.35,4.066666666666666,2.8366666666666664,1.4866666666666666,2.4433333333333334,4.333333333333333,3.34,1.18,1.0433333333333332,3.0766666666666667,3.286666666666666,2.99,2.7266666666666666,3.473333333333333,3.276666666666667,3.953333333333333,4.403333333333333,Financial Managers,Management,1.446232,1.4471671727308322,68370.0,79050.0,86490.0,92310.0,104150.0,118360.0,181980.0,203720.0,214210.0,,,,654790.0,740780.0,818620.0,151062.07,151112.99,161700.0,25.02023549534965,13.132454680126454,10.507843084316532,7.0420920354129874,0.0337079983082342,7.006022447176785,1.542126324734167,-1.5303529542100216,11,25,14,14,3,Highest Exposure Knowledge & Management
11-3051,2.523333333333333,2.6466666666666665,3.206666666666667,2.375,3.938333333333333,2.165,1.04,1.4983333333333333,1.23,1.7516666666666667,3.081666666666667,2.48,3.228333333333333,3.228333333333333,1.54,1.5416666666666667,1.6483333333333334,2.415,3.815,3.5400000000000005,2.2716666666666665,3.143333333333333,2.708333333333333,2.123333333333333,3.5416666666666665,1.3133333333333332,3.1016666666666666,4.06,4.04,3.02,3.2266666666666666,1.3766666666666667,3.9583333333333335,2.06,2.165,1.7916666666666667,3.125,1.4366666666666668,1.7083333333333333,3.686666666666667,3.58,2.8966666666666665,1.268333333333333,1.625,1.625,2.895,2.21,2.9166666666666665,2.936666666666667,1.8966666666666665,3.956666666666667,3.706666666666667,3.8816666666666655,2.6283333333333334,3.813333333333333,3.356666666666667,4.385,3.155,3.9616666666666656,3.5,3.9466666666666654,3.9483333333333337,2.7216666666666662,3.895,3.546666666666667,3.953333333333333,4.3133333333333335,3.95,2.478333333333333,4.153333333333333,3.888333333333333,3.486666666666667,3.731666666666667,4.318333333333333,4.2283333333333335,3.58,2.603333333333333,4.133333333333334,3.2433333333333336,2.51,2.0083333333333333,3.9766666666666666,3.345,2.793333333333333,2.95,3.5683333333333334,3.86,2.54,3.228333333333333,3.57,3.6966666666666654,3.72,4.301666666666667,Industrial Production Managers,Management,0.5086878,0.5090167357330598,65050.0,67720.0,74900.0,82400.0,85350.0,94620.0,136880.0,139430.0,156330.0,176070.0,178470.0,197310.0,185790.0,211710.0,234380.0,122673.24,116272.36,121440.0,26.15318370202917,13.951235265622476,10.708044022483586,-1.0053048244262606,-5.2178290880716975,4.444426861207599,0.616920312309572,-0.20951864531274839,240,227,-13,13,1,Moderate Exposure Service & Healthcare
11-3061,1.0,2.25,3.12,1.0,3.88,2.0,1.0,1.5,1.0,1.0,2.62,1.0,2.75,3.88,1.0,1.0,1.0,2.0,3.62,3.75,1.0,3.12,2.62,1.0,3.25,1.0,3.25,4.0,4.0,3.5,2.75,1.0,3.62,1.0,1.0,1.0,3.25,1.0,1.0,3.88,3.88,2.75,1.0,1.0,1.0,2.62,1.75,2.12,2.25,1.38,3.88,3.75,4.05,2.59,4.17,4.44,4.53,1.72,4.05,3.95,4.0,4.0,2.42,4.33,3.26,4.0,4.42,4.11,1.74,3.37,2.82,3.53,3.16,4.63,3.28,3.53,1.63,4.33,3.47,1.89,3.11,4.05,3.63,1.33,1.28,4.05,3.56,2.53,3.32,3.78,4.11,4.26,4.37,Purchasing Managers,Management,1.423426,1.4243464258623957,71450.0,80000.0,85500.0,92560.0,101790.0,107430.0,152890.0,166980.0,175460.0,193400.0,210000.0,219140.0,72100.0,75070.0,81240.0,140850.93,141989.35,139510.0,12.676837725381414,4.119278779472954,8.218995604102837,-0.9520206930831008,0.808244574600972,-1.74615208816718,1.5377109096964203,-1.3555205721625267,21,26,5,5,3,Highest Exposure Knowledge & Management
11-3071,1.31,2.185,3.75,1.435,3.88,2.06,1.0,1.25,1.0,1.0,3.065,1.815,3.125,3.25,1.31,1.0,1.0,2.0,3.88,3.815,1.375,2.935,2.62,1.25,3.685,1.44,2.94,4.0,3.875,3.25,2.88,1.375,3.88,1.31,1.375,1.31,2.935,1.31,1.5,3.625,3.56,2.62,1.0,1.0,1.0,2.62,1.87,2.44,2.62,1.5,4.0,4.0,3.975,2.4800000000000004,3.87,3.915,4.365,2.1100000000000003,3.88,3.77,4.165,3.46,2.175,4.17,3.425,3.735,4.185,4.055,2.255,3.725,2.975,3.47,3.61,4.375,3.605,3.82,2.385,4.055,3.095,2.085,2.51,3.69,3.47,1.725,1.84,3.89,3.675,3.225,3.505,3.785,3.705,3.785,4.05,"Transportation, Storage, and Distribution Managers",Management,0.8907923,0.8913683130280986,55850.0,57780.0,61200.0,72050.0,75640.0,78360.0,124460.0,130240.0,136050.0,160500.0,169070.0,180590.0,132040.0,169910.0,213000.0,109973.28,106543.36,102010.0,61.31475310511966,28.68070281732808,25.36048496262727,-7.241104384628702,-3.118866691981905,-4.254943714934465,1.1686743558060146,-0.9315887417125426,188,106,-82,82,3,Highest Exposure Knowledge & Management
11-3111,1.25,1.88,3.12,1.0,3.5,1.0,1.0,1.25,1.0,1.0,2.12,1.12,2.5,3.25,1.0,1.0,1.0,1.62,3.38,3.12,1.0,3.25,2.12,1.0,3.5,1.0,3.12,4.0,4.0,3.12,2.25,1.0,3.75,1.0,1.0,1.0,2.75,1.0,1.0,3.75,3.62,2.25,1.0,1.0,1.0,2.12,1.75,1.75,2.0,1.5,4.0,4.0,3.95,2.71,3.5,4.14,4.48,1.48,3.43,4.0,3.4,3.81,1.0,4.43,2.24,4.15,4.33,3.67,1.48,3.29,1.43,3.71,3.0,4.24,2.81,3.58,1.05,3.9,3.57,1.48,1.48,3.86,3.6,1.05,1.0,3.85,3.5,2.76,2.48,3.55,3.38,4.14,4.33,Compensation and Benefits Managers,Management,1.298235,1.2990744745685916,69870.0,77230.0,81660.0,91430.0,99270.0,105210.0,163980.0,172520.0,190890.0,,217650.0,,16900.0,16850.0,20070.0,142200.01,141913.68,140360.0,18.757396449704142,-0.2958579881656805,19.10979228486647,-1.2939591213812214,-0.2013572291591373,-1.0948063639812549,1.4086810132627254,-1.6145247604302815,85,46,-39,39,3,Highest Exposure Knowledge & Management
11-3121,1.12,2.12,3.38,1.12,4.0,1.5,1.0,1.38,1.0,1.0,2.88,1.38,2.88,3.75,1.0,1.0,1.0,1.75,4.0,3.62,1.12,3.0,3.0,1.0,4.0,1.0,3.0,4.38,4.5,3.75,2.62,1.0,3.88,1.0,1.0,1.0,3.5,1.0,1.12,4.12,4.0,3.12,1.0,1.0,1.0,2.75,2.0,1.75,2.12,2.0,4.38,4.12,3.95,3.41,4.32,3.86,4.73,1.55,3.91,3.95,4.45,3.95,1.14,4.73,2.82,4.59,4.18,4.14,1.68,3.59,2.0,3.91,4.0,4.64,3.48,3.59,1.73,4.45,3.5,2.09,3.05,4.0,4.27,1.5,1.18,4.73,3.55,3.45,4.23,3.73,4.09,4.0,4.23,Human Resources Managers,Management,1.320417,1.321270817944706,68300.0,76610.0,83790.0,88150.0,98230.0,105590.0,156560.0,171170.0,189960.0,205720.0,224360.0,,154800.0,181360.0,215520.0,135745.36000000002,140530.0,140030.0,39.22480620155039,17.157622739018088,18.8354653727393,3.156380446447661,3.5247171616031547,-0.3557959154628905,1.7553529490270625,-1.453409367115757,76,5,-71,71,3,Highest Exposure Knowledge & Management
11-3131,1.5,2.12,3.62,1.25,3.88,1.5,1.0,1.38,1.0,1.0,2.88,1.75,2.75,3.88,1.0,1.0,1.0,1.75,3.75,3.75,1.62,2.62,2.88,1.0,3.75,1.0,2.5,3.88,4.0,3.75,2.75,1.0,3.75,1.0,1.0,1.0,2.75,1.0,1.0,3.88,3.88,2.88,1.0,1.12,1.0,2.62,1.75,2.12,2.62,1.5,3.88,3.88,3.89,2.68,4.68,3.25,4.79,1.32,4.07,4.25,4.46,4.04,1.68,4.61,3.38,3.64,4.71,4.29,1.61,3.68,1.93,4.14,3.57,4.46,3.54,3.21,1.21,4.32,3.14,1.82,1.5,4.0,4.11,1.21,1.07,3.57,3.96,3.52,3.14,4.18,4.93,4.32,4.71,Training and Development Managers,Management,1.284423,1.2852535434212249,64720.0,68450.0,75810.0,84720.0,88680.0,96110.0,152340.0,161630.0,169310.0,196070.0,210470.0,219990.0,38510.0,39550.0,44960.0,131826.05000000002,129720.0,127090.0,16.74889639054791,2.70059724746819,13.67888748419722,-3.5926510731376817,-1.5975977433898818,-2.0274437249460373,1.7117491290967493,-1.3845190470067252,94,8,-86,86,3,Highest Exposure Knowledge & Management
11-9013,3.0,2.5,3.75,2.75,3.88,2.5,1.12,2.25,2.0,2.5,3.38,2.62,3.25,3.38,2.0,2.12,2.12,2.5,3.88,3.62,2.75,3.0,2.62,2.88,3.38,2.0,2.88,3.88,3.88,3.25,3.38,2.38,3.88,2.25,2.5,2.5,3.0,2.12,2.5,3.75,3.62,2.75,1.38,2.25,2.5,2.62,2.62,2.75,3.25,2.12,3.75,3.62,3.7,2.7,3.42,3.71,4.09,3.45,3.85,3.71,3.24,3.68,2.19,3.78,3.53,3.54,3.89,3.58,3.47,3.82,3.74,3.36,3.37,4.43,3.72,3.85,3.68,4.24,3.3,3.35,2.92,3.41,2.85,2.78,3.2,3.48,3.93,3.31,3.17,3.9,3.48,3.7,3.09,"Farmers, Ranchers, and Other Agricultural Managers",Management,-0.1443684,-0.144461744976548,37530.0,37440.0,51700.0,53870.0,53160.0,67970.0,99260.0,103130.0,115200.0,132760.0,139040.0,156530.0,5060.0,6250.0,5910.0,82759.08,81896.56,87980.0,16.798418972332016,23.517786561264824,-5.44,6.308576654066235,-1.042205882424024,7.42819967041351,-0.011800828301117072,0.49207381474667805,326,334,8,8,1,Moderate Exposure Service & Healthcare
11-9021,2.25,2.88,3.75,2.38,4.0,2.38,1.0,1.88,1.62,2.12,3.62,1.88,3.62,3.38,2.0,2.0,2.12,2.12,3.88,4.0,1.75,3.5,2.75,2.0,3.88,1.5,3.25,4.0,4.0,3.12,3.0,1.62,4.12,1.62,2.0,1.5,3.38,1.5,2.12,3.88,3.75,3.12,1.12,2.0,2.12,3.0,2.75,3.0,3.88,1.75,4.0,3.88,3.75,3.21,3.95,4.05,4.4,3.0,4.2,3.6,4.0,4.1,3.35,3.9,3.74,4.26,4.15,4.1,3.05,3.89,4.25,3.5,3.68,4.21,4.25,3.95,3.1,4.25,3.6,3.35,2.8,4.0,3.45,2.6,2.45,3.95,4.25,3.35,3.7,3.53,4.0,4.0,3.7,Construction Managers,Management,1.029139,1.029804471091046,56140.0,62210.0,65160.0,71900.0,78950.0,83480.0,126040.0,131280.0,139330.0,164790.0,168390.0,176990.0,293380.0,303220.0,348330.0,110787.38,109699.88,106980.0,18.729974776740065,3.354011861749267,14.87698700613416,-3.4366549691851227,-0.981609999261662,-2.4793828397989044,0.6725794118034157,-0.0006771750775535957,162,215,53,53,1,Moderate Exposure Service & Healthcare
11-9031,2.0,2.25,3.12,1.38,4.0,1.75,1.0,1.88,1.5,1.88,3.12,2.0,2.88,3.38,1.0,1.75,1.75,2.0,3.88,3.75,1.88,2.88,3.0,1.62,3.5,1.0,2.75,4.0,4.0,3.25,2.62,1.0,3.88,1.0,1.0,1.0,3.12,1.0,1.0,3.88,3.88,2.75,1.0,1.88,1.88,2.88,2.12,2.0,2.38,1.62,4.0,4.12,2.63,4.28,3.98,4.15,4.3,1.56,3.91,3.55,3.95,3.84,1.42,4.33,3.07,4.23,3.95,4.08,2.65,3.5,3.38,3.13,3.8,4.08,3.34,3.72,1.77,3.84,3.88,2.84,4.1,3.09,3.48,1.45,1.21,4.03,3.78,3.14,3.57,3.76,4.36,3.73,3.57,"Education and Childcare Administrators, Preschool and Daycare",Management,0.838007,0.8385488808753974,30850.0,35190.0,37060.0,37420.0,40470.0,45310.0,62090.0,63240.0,72690.0,82590.0,85390.0,96400.0,52360.0,60010.0,71620.0,56068.23,53714.89,56270.0,36.783804430863256,14.61038961038961,19.34677553741044,0.3598651143437144,-4.197278922484273,4.7568002094019,1.0365971572176165,-0.7800324443538008,198,137,-61,61,3,Highest Exposure Knowledge & Management
11-9032,1.12,2.38,3.88,1.0,4.5,1.75,1.0,1.12,1.5,1.38,3.25,1.5,3.12,4.0,1.0,1.75,1.38,2.0,4.12,4.0,1.0,3.12,3.0,1.12,3.88,1.0,2.88,4.75,4.88,3.88,2.88,1.12,4.25,1.0,1.0,1.38,3.12,1.12,1.0,4.62,4.25,3.12,1.0,1.88,1.25,3.0,2.25,2.12,2.5,1.75,4.75,4.38,4.03,3.74,4.6,4.53,4.65,2.12,4.38,3.96,4.64,3.98,1.86,4.86,3.2,3.47,4.61,3.96,2.05,3.75,2.98,3.69,3.81,4.69,3.93,3.71,2.01,4.48,4.15,2.3,4.06,4.1,4.2,1.7,1.74,4.44,3.48,3.3,4.06,4.14,4.77,3.94,4.12,"Education Administrators, Kindergarten through Secondary",Management,1.048811,1.0494891914451587,63070.0,64690.0,72400.0,76650.0,80290.0,83840.0,121500.0,128740.0,132550.0,148630.0,158770.0,165820.0,271020.0,285910.0,319630.0,112113.2,109526.92,104070.0,17.935945686665193,5.494059479005239,11.793921164002658,-7.174177527713059,-2.306847008202423,-4.982263721101623,1.845795774664925,-1.2429525088144693,152,3,-149,149,3,Highest Exposure Knowledge & Management
11-9033,1.12,2.0,3.62,1.0,3.88,1.12,1.0,1.25,1.0,1.0,2.75,1.62,3.12,3.75,1.0,1.0,1.0,2.0,4.0,3.75,1.0,2.88,2.75,1.0,3.75,1.0,2.88,4.0,4.12,3.88,2.62,1.0,4.12,1.0,1.0,1.0,3.38,1.0,1.0,4.0,4.0,2.88,1.0,1.0,1.0,2.75,1.5,2.0,2.62,1.0,4.12,4.12,4.05,2.78,3.8,3.73,4.37,1.24,3.79,4.1,3.96,3.28,1.08,4.41,3.13,4.17,4.39,3.93,1.28,4.11,1.83,3.91,3.83,4.66,3.55,3.17,1.23,4.33,3.73,1.76,2.67,3.89,3.53,1.23,1.17,3.84,3.62,3.15,3.38,4.11,3.38,4.0,4.04,"Education Administrators, Postsecondary",Management,1.461149,1.4620938183958534,55320.0,61000.0,63820.0,70490.0,77010.0,79880.0,135070.0,132010.0,140940.0,194090.0,196420.0,212420.0,144880.0,167060.0,176420.0,110961.83,108035.14,103960.0,21.76974047487576,15.309221424627278,5.6027774452292585,-6.310124842029012,-2.637564647230496,-3.772050464321145,1.679391874109807,-1.5221296350144313,10,12,2,2,3,Highest Exposure Knowledge & Management
11-9041,2.375,2.25,3.375,2.19,3.94,2.125,1.0,1.375,1.0,1.375,3.185,2.5,3.185,3.565,1.0,1.375,1.375,2.25,3.815,3.815,2.19,3.69,2.685,1.81,3.625,1.0,3.315,4.0600000000000005,3.935,3.56,2.88,1.0,3.94,1.375,1.375,1.44,3.31,1.0,1.25,3.69,3.565,2.815,1.0,1.44,1.375,2.69,1.75,2.94,3.315,1.5,4.125,3.88,4.15,2.45,3.405,4.05,4.465,2.735,4.195,3.49,3.81,3.89,3.56,3.73,4.015,4.095,4.61,3.83,2.055,4.12,3.45,3.7,3.75,4.494999999999999,3.92,3.095,1.865,4.005,2.56,2.34,2.24,4.1850000000000005,3.22,2.355,2.095,3.125,3.475,2.835,2.765,4.135,3.55,4.19,4.57,Architectural and Engineering Managers,Management,0.8370105,0.8375517365162639,92510.0,102450.0,111450.0,115670.0,128420.0,134930.0,179220.0,189130.0,207210.0,,221550.0,,194250.0,197180.0,210340.0,168437.29,172873.52,167740.0,8.283140283140284,1.5083655083655083,6.674104878790953,-0.4139760263300414,2.6337576435716707,-2.969523614721324,1.0787626878571337,-0.6830450585279061,199,125,-74,74,3,Highest Exposure Knowledge & Management
11-9051,2.88,2.62,3.0,2.0,3.88,1.88,1.0,2.0,1.62,2.0,3.0,2.88,2.62,2.88,1.0,2.0,1.75,1.88,3.0,3.0,3.0,2.75,2.75,2.0,3.12,1.0,3.0,3.88,3.88,2.88,2.88,1.0,3.88,1.62,1.88,1.38,3.12,1.0,1.25,3.75,3.12,2.75,1.38,2.12,2.0,2.88,2.38,2.12,2.12,1.88,3.88,3.0,3.29,3.0,4.16,3.34,3.96,2.96,4.05,3.46,3.63,3.07,2.21,4.03,3.8,4.01,4.28,3.93,3.63,4.36,3.99,3.21,3.67,4.24,3.97,3.65,1.93,3.65,3.41,3.85,3.63,3.44,3.34,2.36,2.5,3.7,3.68,3.37,3.9,3.52,4.15,3.64,3.26,Food Service Managers,Management,-0.1213112,-0.1213896356765864,33210.0,38740.0,42380.0,42260.0,48110.0,53090.0,71270.0,77450.0,82300.0,93040.0,100520.0,105420.0,235470.0,231100.0,244230.0,64337.16,66276.11,65310.0,3.720219136195694,-1.8558627425999068,5.68152315015145,1.5120965861719673,3.013732654658672,-1.4577047445904725,0.37422281851729605,-0.06861605501900582,324,267,-57,57,1,Moderate Exposure Service & Healthcare
11-9071,1.88,2.75,3.25,1.5,3.75,2.0,1.0,1.88,1.88,1.0,3.38,2.0,3.25,3.0,1.0,2.0,1.88,2.12,3.88,3.5,1.88,3.0,2.88,1.5,3.62,1.0,3.25,3.88,4.0,2.75,3.12,1.12,3.75,1.38,1.75,1.5,3.12,1.0,1.0,3.75,3.75,3.12,1.5,2.0,1.5,3.0,2.12,2.75,2.38,1.25,3.38,3.5,3.71,2.5,3.84,3.05,4.35,2.79,3.46,3.29,3.51,3.89,1.79,3.88,2.83,4.16,4.19,3.68,2.3,3.66,2.82,3.33,3.39,4.21,3.65,3.32,1.53,3.62,3.2,2.17,4.32,3.65,3.3,2.05,1.93,4.06,3.66,2.56,3.73,3.29,3.64,3.4,4.05,Gambling Managers,Management,0.8299207,0.8304573520933995,47160.0,49710.0,51670.0,58840.0,61920.0,70190.0,97770.0,114790.0,120490.0,136650.0,163190.0,165220.0,4450.0,4800.0,4620.0,87190.11,87247.51,85580.0,3.820224719101124,7.865168539325842,-3.75,-1.846665866117156,0.0658331547006812,-1.911240790711385,0.7640892186777555,-0.5962871616260723,200,202,2,2,1,Moderate Exposure Service & Healthcare
11-9081,2.62,2.12,3.25,2.0,3.62,2.38,1.0,2.0,1.5,2.0,2.88,2.5,3.0,3.62,1.62,2.0,2.0,2.25,3.62,3.75,2.0,3.38,2.62,2.12,3.12,1.5,2.75,4.0,4.12,3.38,2.88,1.62,4.0,2.0,2.0,2.0,3.0,1.62,2.12,4.0,4.0,2.88,1.0,2.0,1.88,2.88,2.12,2.38,2.5,2.0,4.0,4.0,3.48,3.72,4.02,4.16,4.47,2.53,4.19,3.86,3.73,3.38,1.62,4.14,2.28,3.5,4.28,3.85,2.66,4.27,3.12,3.07,3.19,4.38,3.34,3.16,2.53,3.95,4.07,2.61,4.16,3.56,3.47,1.88,2.09,4.11,3.96,3.58,3.92,3.98,4.29,3.59,4.27,Lodging Managers,Management,0.4021726,0.4024326606282219,31380.0,36860.0,39490.0,40010.0,47000.0,50040.0,75130.0,83630.0,90670.0,105720.0,122440.0,126990.0,38340.0,39870.0,41350.0,63302.09,66924.70999999999,68130.0,7.8508085550339075,3.9906103286384975,3.712064208678204,7.626778199582346,5.722749438446642,1.8009640983128776,0.7956278807542504,-0.3581417153371726,254,194,-60,60,1,Moderate Exposure Service & Healthcare
11-9111,1.5,2.25,3.5,1.25,4.0,2.0,1.0,1.75,1.0,1.0,2.88,1.5,2.88,3.25,1.0,1.0,1.0,2.0,4.0,3.62,1.5,2.88,2.75,1.0,3.75,1.0,2.88,4.25,4.0,3.12,2.75,1.0,4.0,1.0,1.0,1.0,2.88,1.0,1.0,4.0,3.88,2.38,1.0,1.0,1.0,2.5,2.0,2.0,2.12,1.75,4.12,4.0,4.36,3.54,4.5,3.85,4.63,2.37,4.32,3.96,4.25,4.07,1.86,4.44,3.25,4.54,4.48,4.29,1.96,3.89,2.54,3.89,3.74,4.43,4.11,4.15,1.68,4.29,4.04,2.25,3.25,4.29,3.96,1.71,1.64,4.14,4.18,3.07,4.14,3.78,4.19,4.32,4.56,Medical and Health Services Managers,Management,1.260259,1.2610739184396886,58820.0,64100.0,69680.0,76770.0,81430.0,88560.0,133520.0,143200.0,162420.0,189000.0,209990.0,219080.0,394910.0,476750.0,565840.0,117439.74,113321.23,117960.0,43.28327973462308,20.723709199564457,18.686942842160462,0.4430016619587157,-3.5069134178941552,4.0934695114057655,1.5584218376102155,-1.2130524398777929,104,23,-81,81,3,Highest Exposure Knowledge & Management
11-9121,1.2466666666666668,2.1666666666666665,3.5033333333333334,1.4566666666666668,3.96,1.9166666666666667,1.0,1.1666666666666667,1.04,1.1666666666666667,2.9599999999999995,1.9166666666666667,3.123333333333333,3.1666666666666665,1.1266666666666667,1.1666666666666667,1.1666666666666667,2.0,3.92,3.8766666666666665,1.2066666666666668,3.1666666666666665,2.54,1.4566666666666668,3.706666666666667,1.1266666666666667,3.123333333333333,4.0,4.0,3.17,2.75,1.1666666666666667,3.92,1.1666666666666667,1.2066666666666668,1.2066666666666668,2.9599999999999995,1.1666666666666667,1.2866666666666668,3.75,3.583333333333333,2.67,1.0,1.1266666666666667,1.1666666666666667,2.6266666666666665,1.6666666666666667,2.3766666666666665,2.6266666666666665,1.3333333333333333,4.04,3.96,4.156666666666666,2.66,3.353333333333333,3.686666666666667,4.23,2.263333333333333,3.7,3.7000000000000006,3.49,4.253333333333333,2.35,4.023333333333333,3.3366666666666664,4.086666666666667,4.46,3.1966666666666668,2.11,4.006666666666667,3.026666666666667,3.703333333333333,3.36,4.260000000000001,4.12,3.1300000000000003,1.96,4.273333333333333,3.206666666666667,2.376666666666667,2.833333333333333,3.91,3.1300000000000003,1.99,1.856666666666667,2.8666666666666667,3.9466666666666654,2.44,2.556666666666666,3.5766666666666667,3.4166666666666665,4.093333333333334,4.31,Natural Sciences Managers,Management,1.327906,1.3287646604991972,66050.0,73730.0,79830.0,94940.0,103780.0,114110.0,176510.0,210330.0,214820.0,,,,67720.0,82570.0,100870.0,150143.30000000002,156139.63999999998,161180.0,48.9515652687537,21.928529238038983,22.16301320092043,7.3507775571737,3.993744642618063,3.228110427307259,1.17119566032573,-1.0413448201604996,73,105,32,32,3,Highest Exposure Knowledge & Management
11-9131,1.38,2.75,3.5,1.5,3.88,2.0,1.0,1.38,1.5,1.5,2.75,2.25,3.0,3.0,1.0,2.0,1.5,2.38,3.75,3.62,1.0,2.88,2.5,1.62,3.62,1.0,2.75,4.0,4.0,3.0,2.88,1.0,3.75,1.62,1.62,1.0,3.0,1.0,1.0,3.88,3.88,2.75,1.5,2.12,1.62,2.88,2.12,2.5,2.5,1.38,4.0,3.5,3.67,2.95,3.97,3.64,4.49,2.59,4.12,3.78,3.75,3.93,1.92,3.99,3.24,3.86,4.53,4.14,2.43,3.99,3.2,3.76,3.68,4.4,3.83,3.41,2.3,4.15,4.14,2.58,3.39,3.82,3.43,1.67,1.78,4.41,4.16,3.19,3.78,3.27,3.64,3.54,4.29,Postmasters and Mail Superintendents,Management,0.8233757,0.8239081199503706,65370.0,74900.0,81430.0,70160.0,76420.0,87150.0,86300.0,91250.0,99590.0,94880.0,100340.0,109140.0,13850.0,13460.0,13810.0,89434.7,89463.56,92730.0,-0.2888086642599278,-2.815884476534296,2.600297176820208,3.6845877494976818,0.0322693540650335,3.6511401960753656,1.026230748779235,-0.7178944071061899,201,139,-62,62,3,Highest Exposure Knowledge & Management
11-9141,1.0,1.62,3.0,1.38,3.5,1.62,1.0,1.0,1.0,1.12,2.88,1.5,2.5,3.0,1.0,1.12,1.0,1.62,3.62,3.12,1.0,3.0,2.12,1.38,3.0,1.12,3.0,4.0,4.0,2.75,2.12,1.0,3.62,1.0,1.0,1.0,3.0,1.0,1.25,3.62,3.62,2.12,1.0,1.0,1.0,2.62,1.62,1.88,2.25,1.38,4.0,3.75,3.5,2.7,3.53,4.1,4.35,1.55,4.15,3.37,4.0,3.37,1.4,4.15,2.6,3.6,4.4,3.95,1.4,3.0,3.1,3.16,3.25,4.47,3.05,3.6,2.1,4.05,3.63,2.05,3.35,3.65,3.35,1.9,1.65,4.11,3.65,3.1,3.45,3.35,3.8,4.0,4.2,"Property, Real Estate, and Community Association Managers",Management,1.215396,1.216181909022926,31030.0,35210.0,39360.0,41630.0,45400.0,49530.0,84430.0,84200.0,95760.0,129160.0,129900.0,141040.0,220750.0,261120.0,296640.0,68337.88,65584.27,66700.0,34.378255945639864,18.2876557191393,13.602941176470589,-2.396738090207078,-4.029405067877436,1.7012158555702392,1.1930405941019182,-1.2452650685819577,116,101,-15,15,3,Highest Exposure Knowledge & Management
11-9151,2.0,2.12,3.0,2.0,3.88,1.75,1.0,1.25,1.0,1.38,2.88,2.25,3.0,3.62,1.0,1.12,1.25,2.0,3.75,3.5,1.5,2.88,2.75,1.38,3.12,1.0,2.88,4.12,4.38,3.75,2.75,1.0,4.0,1.0,1.0,1.0,2.88,1.0,1.0,3.88,3.88,2.62,1.0,1.38,1.12,2.88,1.75,2.38,2.5,1.5,4.0,3.88,3.48,4.01,3.32,4.11,4.65,1.64,3.99,3.98,3.76,3.84,1.43,4.13,2.23,4.04,4.48,3.74,1.92,3.98,2.51,3.46,3.51,4.05,3.8,2.4,2.18,4.28,4.15,2.46,3.64,3.62,3.35,1.3,1.19,3.78,3.86,2.27,2.83,3.87,3.63,4.15,4.23,Social and Community Service Managers,Management,1.156153,1.1569006011773235,41220.0,46770.0,50020.0,52480.0,58590.0,62420.0,88180.0,95420.0,100600.0,112480.0,123320.0,129820.0,156460.0,162880.0,195490.0,78095.45,80253.44,78240.0,24.94567301546721,4.103285184711748,20.02087426326129,0.1850940099583303,2.763272380145073,-2.508851957000226,1.3192624183133137,-1.156970211109281,128,68,-60,60,3,Highest Exposure Knowledge & Management
11-9161,2.0,2.12,3.62,1.5,4.12,2.0,1.0,1.38,1.25,1.62,3.0,1.75,3.0,3.88,1.75,1.25,1.25,1.88,4.0,3.88,1.88,2.88,2.88,1.75,3.62,1.75,2.88,4.12,4.12,3.75,3.0,1.75,4.0,1.62,1.62,1.75,3.0,1.62,2.0,4.12,3.88,3.0,1.0,1.62,1.5,3.0,2.12,1.88,3.12,1.75,4.0,4.0,3.77,3.9,3.73,4.27,4.5,2.33,4.14,4.14,4.43,4.24,2.14,4.5,3.14,3.81,4.45,4.14,2.5,4.0,3.27,3.86,3.5,4.48,3.73,4.05,3.1,4.32,3.71,2.71,4.23,3.81,3.73,2.29,2.18,3.89,3.55,3.14,3.59,3.65,4.25,3.95,4.35,Emergency Management Directors,Management,1.030768,1.0314345244387917,40430.0,46920.0,51260.0,54050.0,59480.0,64470.0,103330.0,106200.0,119690.0,141230.0,147870.0,160420.0,10060.0,11290.0,12570.0,86748.17,85593.58,86130.0,24.950298210735586,12.226640159045726,11.33746678476528,-0.7126029286842573,-1.3309675581628944,0.6267058814457793,1.1846286742297167,-0.6578074167583089,161,104,-57,57,3,Highest Exposure Knowledge & Management
13-1011,1.25,1.75,3.0,1.25,3.75,1.25,1.0,1.0,1.0,1.0,2.88,1.62,2.12,3.25,1.0,1.0,1.0,1.62,3.62,3.25,1.25,2.62,2.0,1.25,3.5,1.0,2.38,4.0,4.12,3.12,1.88,1.0,3.88,1.0,1.0,1.0,2.88,1.0,1.0,3.88,3.88,2.12,1.0,1.0,1.0,2.5,1.62,1.88,2.0,1.25,4.0,3.62,2.66,2.28,2.56,3.95,3.51,1.15,3.23,3.37,2.84,2.92,1.27,4.13,2.28,2.42,4.51,2.14,1.62,3.48,1.34,2.89,3.09,3.59,2.31,2.31,1.13,3.81,2.99,1.49,2.56,2.33,3.21,1.07,1.1,3.36,3.73,3.68,1.79,4.01,1.87,3.85,3.7,"Agents and Business Managers of Artists, Performers, and Athletes",Business & Financial,1.068559,1.069249960942567,37300.0,45180.0,48530.0,50590.0,62910.0,63100.0,120430.0,161340.0,168850.0,189420.0,,,17060.0,13130.0,14220.0,85759.62,89214.93,96310.0,-16.64712778429074,-23.036342321219227,8.3015993907083,12.302269996065752,4.029064028035569,7.9527832393076,1.023163321033102,-1.434291608948992,149,140,-9,9,2,High Exposure Analytical & Office
13-1031,1.75,2.38,3.38,1.5,4.0,1.5,1.0,1.5,1.0,1.0,2.88,1.75,3.25,2.75,1.0,1.0,1.0,1.88,4.0,3.5,1.75,3.0,2.62,1.0,3.88,1.0,3.0,4.12,4.12,2.62,3.0,1.0,3.62,1.0,1.0,1.0,3.0,1.0,1.38,3.62,3.5,3.0,1.12,1.0,1.0,2.62,2.38,2.12,2.5,2.0,4.38,3.88,4.06,2.92,2.33,4.58,4.38,1.52,2.51,2.89,3.02,4.34,1.35,4.01,3.33,3.85,4.56,2.14,1.55,4.48,2.7,3.74,3.55,4.48,3.56,2.74,2.01,4.23,3.18,1.72,3.55,4.04,2.46,1.14,1.14,4.29,3.02,2.4,2.02,2.9,2.75,3.98,4.68,"Claims Adjusters, Examiners, and Investigators",Business & Financial,1.274024,1.274847819195807,41100.0,46040.0,47810.0,51030.0,57050.0,60100.0,83050.0,85250.0,95990.0,100400.0,102630.0,112150.0,287960.0,285270.0,305020.0,77676.77,78080.62999999999,76790.0,5.924433949159606,-0.9341575218780386,6.923265678129491,-1.141615440497853,0.5199237815887375,-1.6529451670663906,1.1331268976129663,-1.2282498324281579,100,112,12,12,3,Highest Exposure Knowledge & Management
13-1032,2.5,2.12,3.12,2.12,3.25,2.38,1.0,1.5,1.38,1.75,2.38,2.12,2.88,2.38,2.0,1.62,1.25,2.25,3.25,3.12,2.12,2.62,2.0,2.0,3.25,1.75,2.75,4.0,4.0,2.38,2.38,1.88,3.75,1.5,1.5,1.5,3.12,1.62,2.12,3.5,3.5,2.25,1.0,1.38,1.62,2.25,1.88,2.25,2.38,1.25,3.75,3.62,3.77,3.35,2.27,4.26,4.32,2.3,2.25,3.12,2.69,4.52,2.12,3.54,3.77,3.43,4.24,2.43,1.67,3.99,3.75,3.26,3.66,4.52,3.2,3.09,3.81,4.09,3.17,2.75,4.39,3.77,3.27,2.53,1.34,4.41,3.6,2.81,1.83,3.09,3.14,4.04,4.68,"Insurance Appraisers, Auto Damage",Business & Financial,0.6634955,0.6639245378458776,44430.0,49940.0,56690.0,53430.0,60980.0,64280.0,77810.0,80590.0,86430.0,93720.0,94440.0,101800.0,13750.0,11430.0,7790.0,73583.01000000001,74999.78,76650.0,-43.34545454545455,-16.87272727272727,-31.84601924759405,4.1680681450785855,1.9254037039256608,2.200299787546045,0.3870915645033305,-0.425536737858389,223,264,41,41,1,Moderate Exposure Service & Healthcare
13-1041,1.7485714285714289,2.392857142857143,3.392857142857143,1.6771428571428573,3.948571428571429,2.018571428571428,1.0,1.554285714285714,1.2842857142857145,1.5728571428571427,3.018571428571428,2.2671428571428573,3.341428571428572,3.105714285714286,1.5371428571428571,1.4642857142857142,1.447142857142857,2.197142857142857,3.838571428571429,3.75,1.7142857142857142,2.6957142857142857,2.711428571428572,1.7328571428571429,3.7514285714285713,1.41,2.66,4.017142857142857,3.981428571428572,2.914285714285714,3.071428571428572,1.4828571428571429,3.857142857142857,1.4657142857142855,1.552857142857143,1.5185714285714285,3.0542857142857143,1.4642857142857142,1.66,3.697142857142857,3.661428571428572,2.855714285714286,1.2328571428571429,1.552857142857143,1.5885714285714287,2.712857142857143,1.9985714285714289,2.4642857142857144,2.6785714285714284,1.6071428571428572,4.09,3.981428571428572,3.91,2.52,2.991428571428571,4.315714285714286,4.41,1.852857142857143,3.131428571428572,3.2871428571428574,3.162857142857143,4.1971428571428575,1.6457142857142857,3.992857142857143,2.924285714285714,4.458571428571429,4.542857142857143,2.962857142857142,2.1871428571428573,3.9957142857142856,2.8000000000000003,3.8242857142857134,3.261428571428571,4.180000000000001,3.5042857142857144,2.461428571428572,2.4642857142857144,3.98,3.591428571428572,2.4714285714285715,3.518571428571428,4.018571428571429,3.397142857142857,1.587142857142857,1.4728571428571429,3.697142857142857,3.391428571428571,2.375714285714285,2.392857142857143,3.1028571428571428,3.217142857142857,3.937142857142857,4.272857142857143,Compliance Officers,Business & Financial,0.6981205,0.6985719271434145,38920.0,41050.0,46230.0,51050.0,52490.0,59130.0,91260.0,97050.0,104800.0,109950.0,118060.0,130030.0,317600.0,359640.0,397770.0,80305.15000000001,77496.89,78420.0,25.242443324937025,13.236775818639796,10.602268935602268,-2.3474833183177024,-3.4969861833269835,1.1911574774161913,0.8710387651579887,-0.7676386363691277,217,174,-43,43,3,Highest Exposure Knowledge & Management
13-1051,1.0,1.62,3.12,1.0,3.75,1.5,1.0,1.0,1.0,1.0,2.75,1.5,3.0,3.0,1.0,1.0,1.0,1.5,4.12,3.62,1.12,4.0,2.0,1.0,3.75,1.0,3.88,4.0,4.0,2.88,2.88,1.0,3.12,1.0,1.0,1.0,3.0,1.0,1.25,3.5,3.25,2.75,1.0,1.0,1.0,2.12,1.75,1.88,3.0,1.62,3.88,3.75,4.57,1.95,3.36,3.77,4.27,1.1,3.05,3.36,3.36,3.81,2.0,3.82,4.48,3.64,4.64,3.27,1.5,3.82,2.32,3.76,3.36,4.32,3.45,2.75,1.14,3.81,2.59,1.55,1.64,4.09,3.43,1.27,1.18,2.95,3.81,2.59,2.0,3.55,3.09,4.23,4.57,Cost Estimators,Business & Financial,1.367669,1.368553372142171,39380.0,42110.0,46330.0,51300.0,53080.0,59830.0,86080.0,93420.0,99630.0,111350.0,120600.0,128640.0,210000.0,225310.0,219530.0,75885.75,76967.2,77070.0,4.538095238095238,7.29047619047619,-2.5653544006036126,1.5605696721716529,1.425102868456854,0.1335633880406236,1.329299542985789,-1.4104066581602448,41,64,23,23,3,Highest Exposure Knowledge & Management
13-1071,1.5,1.88,3.12,1.38,3.88,1.25,1.0,1.25,1.0,1.0,2.12,1.88,2.75,2.75,1.0,1.0,1.0,1.75,3.25,3.25,1.5,2.25,2.25,1.0,3.62,1.0,2.25,4.0,4.0,2.75,2.0,1.0,3.88,1.0,1.0,1.0,2.88,1.0,1.0,3.88,3.88,2.0,1.0,1.0,1.0,2.12,1.75,1.75,2.0,1.38,4.0,3.88,3.31,3.54,3.43,3.67,4.66,1.7,3.01,3.09,3.44,4.38,1.04,4.28,2.51,4.15,4.26,3.14,1.96,3.38,1.56,3.3,3.2,4.19,3.34,2.65,1.05,4.21,4.38,2.16,3.02,3.72,3.68,1.06,1.03,4.11,3.67,2.41,3.23,3.31,3.64,3.94,4.55,Human Resources Specialists,Business & Financial,1.36005,1.3609294455267793,37180.0,39340.0,45440.0,47450.0,49160.0,55870.0,81430.0,86280.0,97270.0,105930.0,116060.0,126540.0,633040.0,835360.0,917460.0,72012.96,69443.44,72910.0,44.92923038038671,31.960065714646785,9.828098065504692,1.2456646692484152,-3.568135513385374,4.991918603110672,1.2201852804544613,-1.4415726116048806,46,93,47,47,2,High Exposure Analytical & Office
13-1074,2.38,2.12,2.62,2.88,2.88,2.5,1.0,1.88,1.0,1.88,2.5,2.0,2.25,2.12,2.0,2.0,1.75,2.12,2.75,2.88,2.38,2.12,2.12,2.88,3.0,1.88,2.12,3.62,3.5,2.0,2.12,2.12,3.12,2.38,2.38,2.25,2.75,1.62,2.0,3.38,3.25,2.0,2.12,2.0,2.12,2.5,2.38,2.25,1.88,1.12,2.88,2.88,2.38,2.77,2.76,1.73,2.65,1.75,2.8,2.2,2.27,2.45,1.03,3.17,2.54,3.67,2.69,2.38,2.13,2.87,3.41,1.82,3.27,3.02,2.89,2.81,3.52,2.88,3.22,2.67,2.28,2.8,1.78,1.3,1.89,2.56,2.76,2.55,2.29,1.72,3.41,2.26,2.54,Farm Labor Contractors,Business & Financial,-0.4354025,-0.4356840341190262,33900.0,29880.0,29800.0,38640.0,34890.0,32860.0,81330.0,72690.0,58250.0,95990.0,85190.0,86860.0,160.0,550.0,410.0,72001.33,53325.73,48690.0,156.25,243.75,-25.454545454545453,-32.376249160953,-25.937854203526527,-8.693233079040825,-0.8845281204506044,0.19730711983384813,376,481,105,105,4,Low Exposure Routine Service
13-1075,1.0,1.88,3.12,1.0,3.75,1.12,1.0,1.0,1.0,1.0,2.62,1.0,2.75,3.5,1.0,1.0,1.0,1.75,3.75,3.38,1.0,2.5,2.75,1.0,3.5,1.0,2.75,4.12,4.25,3.5,2.5,1.0,4.0,1.0,1.0,1.0,2.88,1.0,1.0,3.75,3.62,2.75,1.0,1.0,1.0,2.62,1.88,1.75,2.38,1.62,4.0,4.0,3.57,2.71,3.05,3.38,4.1,1.38,3.2,3.15,3.47,3.2,1.1,4.25,2.11,4.0,4.45,3.0,1.38,3.25,1.62,3.62,3.29,4.3,2.57,2.6,1.67,3.8,3.15,1.48,2.7,3.85,3.19,1.15,1.1,4.48,3.48,2.5,2.62,3.35,3.21,3.71,3.52,Labor Relations Specialists,Business & Financial,1.334834,1.3356971402985716,19230.0,38900.0,49880.0,44920.0,61240.0,67670.0,94740.0,106230.0,123090.0,124380.0,131660.0,153440.0,75580.0,62200.0,64590.0,80270.26000000001,88652.81,93500.0,-14.540883831701509,-17.70309605715798,3.842443729903537,16.481496384837907,10.44290874353713,5.467610107338958,1.289893342697032,-1.535853084881682,65,80,15,15,3,Highest Exposure Knowledge & Management
13-1081,1.1666666666666667,2.083333333333333,3.33,1.2066666666666668,3.9166666666666665,1.7533333333333332,1.0,1.1666666666666667,1.04,1.0,2.9599999999999995,1.8733333333333333,3.1666666666666665,3.5,1.0,1.0,1.0,1.8766666666666667,3.9166666666666665,3.9166666666666665,1.1666666666666667,3.58,2.75,1.0,3.793333333333333,1.0,3.373333333333333,4.0,4.0,3.5,2.9166666666666665,1.0,3.8733333333333335,1.0,1.0,1.0,3.043333333333333,1.0,1.1233333333333333,3.753333333333333,3.75,2.793333333333333,1.0,1.0,1.0,2.706666666666667,1.75,2.2066666666666666,3.0400000000000005,1.4166666666666667,4.0,3.6233333333333335,4.196666666666666,2.283333333333333,3.4,4.06,4.346666666666667,2.0466666666666664,3.37,3.723333333333333,3.5733333333333337,3.723333333333333,2.066666666666667,4.043333333333333,3.3266666666666667,3.6966666666666654,4.36,3.34,1.9,3.7,2.38,3.8,3.37,4.243333333333333,3.856666666666667,3.2466666666666666,1.91,4.17,3.0400000000000005,1.9433333333333327,2.186666666666667,4.103333333333333,3.3666666666666667,1.7366666666666666,1.65,3.34,3.6,2.89,2.823333333333333,3.6533333333333338,3.42,3.883333333333333,4.453333333333333,Logisticians,Business & Financial,1.297303,1.2981418719165974,44020.0,46260.0,49260.0,57080.0,60020.0,62920.0,96240.0,99400.0,104330.0,120400.0,124050.0,132110.0,182050.0,202970.0,235640.0,86934.25,83799.12,80880.0,29.436967865970885,11.491348530623457,16.09597477459723,-6.964171198348176,-3.606323169521799,-3.4834733348035107,1.3766166786029141,-1.2523800350893641,86,51,-35,35,3,Highest Exposure Knowledge & Management
13-1111,1.0,2.0,3.25,1.0,4.0,1.38,1.0,1.0,1.0,1.0,2.88,1.62,3.0,3.75,1.0,1.0,1.0,2.0,4.0,3.62,1.0,3.0,2.88,1.0,3.38,1.0,2.88,4.12,4.12,3.25,2.62,1.0,4.12,1.0,1.0,1.0,3.0,1.0,1.0,3.88,3.88,2.62,1.0,1.0,1.0,2.75,2.0,2.0,2.12,1.75,4.12,4.0,4.4,2.48,3.76,4.33,4.65,1.57,3.6,4.38,3.9,4.05,1.52,4.65,3.52,3.9,4.7,3.14,1.71,4.0,2.0,4.38,3.6,4.62,3.86,3.2,1.67,4.29,3.19,1.71,2.9,4.15,4.45,1.33,1.24,3.95,3.4,3.95,2.38,4.14,3.76,4.24,4.29,Management Analysts,Business & Financial,1.432417,1.4333432396435983,49700.0,55590.0,59720.0,64060.0,70310.0,76770.0,113770.0,127480.0,133140.0,154310.0,167650.0,174140.0,709750.0,808860.0,893900.0,99157.38,103008.49,101190.0,25.94575554772808,13.964071856287424,10.513562297554584,2.049892806768387,3.883835978723909,-1.7653787566442252,1.7020776847131733,-1.4760448920464275,17,10,-7,7,3,Highest Exposure Knowledge & Management
13-1121,2.38,2.38,3.12,2.0,3.88,1.88,1.0,1.88,1.25,1.88,3.12,2.38,2.88,3.75,1.88,1.88,1.88,1.88,3.62,3.5,2.25,3.0,2.38,1.75,3.62,1.12,2.88,4.0,4.0,3.62,2.62,1.12,3.88,1.5,1.62,1.12,3.12,1.12,1.62,3.75,4.0,2.5,1.12,2.0,1.88,3.0,2.25,2.38,3.0,1.62,4.0,4.0,3.39,3.13,3.86,4.47,4.51,2.72,3.93,3.52,4.08,3.7,2.28,4.13,3.27,3.29,4.12,3.83,3.22,4.05,3.32,3.86,4.18,4.56,3.41,3.76,2.35,4.63,4.05,3.34,4.34,4.01,3.58,2.62,1.91,4.18,4.34,3.59,2.85,3.99,3.36,3.82,4.43,"Meeting, Convention, and Event Planners",Business & Financial,0.3740207,0.3742625569815697,28590.0,32050.0,35990.0,37640.0,40030.0,45610.0,65860.0,70230.0,77150.0,86390.0,92880.0,101310.0,117610.0,112070.0,134670.0,58847.8,56817.36,59440.0,14.505569254315107,-4.710483802397755,20.165967698759705,1.0063247903914794,-3.450324396154151,4.615913164568012,0.9316675883638407,-0.4273996023316001,258,161,-97,97,1,Moderate Exposure Service & Healthcare
13-1131,1.0,1.62,3.12,1.5,3.75,1.62,1.0,1.0,1.0,1.0,2.75,1.88,2.62,3.75,1.0,1.0,1.0,1.62,3.88,3.25,1.0,3.0,2.38,1.25,3.62,1.0,3.0,4.0,4.12,3.25,2.0,1.0,3.5,1.0,1.0,1.0,2.75,1.0,1.12,4.12,4.0,2.12,1.0,1.0,1.0,2.75,1.38,1.88,2.25,1.38,4.0,4.0,4.1,2.76,3.9,4.71,4.19,1.57,3.33,4.4,4.05,3.71,1.1,4.81,3.0,3.1,4.48,3.24,1.38,3.19,1.55,3.6,3.43,4.4,2.43,2.95,2.4,4.24,3.1,1.76,3.79,3.71,3.9,1.35,1.1,3.65,3.68,4.1,2.62,4.38,3.38,4.0,4.38,Fundraisers,Business & Financial,1.242567,1.2433704783977528,33530.0,37700.0,43200.0,43940.0,46930.0,52590.0,76620.0,80230.0,85280.0,100410.0,102740.0,106960.0,81660.0,94630.0,105930.0,67419.11,66146.39,66490.0,29.720793534166056,15.88292921871173,11.941244848356758,-1.3781107463447688,-1.887773362775037,0.5194690141064396,1.5949400897131374,-1.5200684866960217,108,16,-92,92,3,Highest Exposure Knowledge & Management
13-1141,1.5,2.0,3.0,1.25,3.62,1.25,1.0,1.25,1.0,1.0,2.62,1.62,3.0,3.0,1.0,1.0,1.0,1.62,3.62,3.38,1.38,3.12,2.0,1.0,3.25,1.0,2.88,3.88,4.0,3.0,2.62,1.0,3.62,1.0,1.0,1.0,3.0,1.0,1.0,3.5,3.25,2.62,1.0,1.0,1.0,2.0,1.75,1.75,2.0,1.62,3.88,3.38,4.14,2.52,2.81,3.9,4.19,1.52,2.71,3.3,3.14,3.62,1.48,3.95,2.52,4.29,4.24,2.8,1.67,2.86,1.67,3.43,3.1,4.05,2.86,2.67,1.29,3.95,3.48,1.62,2.1,4.05,3.48,1.48,1.33,3.29,2.57,2.6,2.43,3.2,2.9,3.86,4.19,"Compensation, Benefits, and Job Analysis Specialists",Business & Financial,1.440985,1.4419167799035637,40140.0,42250.0,48300.0,50000.0,52410.0,59700.0,82920.0,89740.0,99210.0,105600.0,117060.0,128830.0,89300.0,93550.0,102370.0,75083.28,73270.18,77020.0,14.63605823068309,4.759238521836506,9.428113308391236,2.579429135221585,-2.4147852890816783,5.117798263904916,1.014990622145282,-1.3967862007185006,12,144,132,132,2,High Exposure Analytical & Office
13-1151,1.0,2.12,3.25,1.0,3.75,1.75,1.0,1.0,1.0,1.0,3.12,1.62,2.62,3.75,1.0,1.0,1.0,2.0,3.62,3.25,1.0,2.5,3.0,1.0,3.75,1.0,2.5,4.0,4.12,3.62,2.62,1.0,3.75,1.0,1.0,1.0,3.0,1.0,1.12,4.0,4.0,2.62,1.0,1.0,1.0,2.75,2.12,2.0,2.38,1.38,4.0,4.0,3.7,2.78,4.3,3.57,4.61,1.68,3.43,4.09,3.57,3.59,1.74,4.32,2.91,3.52,4.26,3.0,1.83,3.65,2.09,4.17,3.22,4.13,3.3,2.83,1.57,3.96,2.96,2.0,2.74,3.78,4.19,1.61,1.43,3.27,3.57,3.27,2.68,3.91,4.57,4.3,4.04,Training and Development Specialists,Business & Financial,1.198409,1.1991839248497205,32680.0,34950.0,37510.0,44680.0,46480.0,48900.0,81290.0,83920.0,91550.0,104200.0,108530.0,120190.0,312450.0,367180.0,436610.0,71187.23,68189.48,65850.0,39.737558009281486,17.516402624419907,18.90898197069557,-7.497454248465625,-4.211078307162675,-3.4308517970807166,1.4815829397047606,-1.3501118454823993,120,34,-86,86,3,Highest Exposure Knowledge & Management
13-1161,1.25,1.815,3.625,1.19,3.94,1.435,1.0,1.0,1.0,1.0,2.685,1.75,3.06,3.94,1.0,1.0,1.0,1.88,3.935,3.815,1.25,3.065,2.625,1.0,3.37,1.0,2.935,4.0,4.0,3.315,2.565,1.0,3.75,1.0,1.0,1.0,2.94,1.0,1.0,3.75,3.5,2.625,1.0,1.0,1.0,2.5,1.5,2.0,2.25,1.25,4.0,3.94,4.715,1.65,3.0,4.0,4.195,1.545,3.175,4.279999999999999,3.175,3.65,1.305,4.065,3.31,3.085,4.67,3.0,1.215,4.0,1.85,4.465,3.145,4.58,3.26,3.1950000000000003,1.1749999999999998,4.140000000000001,3.025,1.23,2.1950000000000003,4.5600000000000005,3.955,1.345,1.09,2.805,3.29,3.555,2.09,4.25,3.065,4.39,4.720000000000001,Market Research Analysts and Marketing Specialists,Business & Financial,1.426757,1.427679579761315,34350.0,38280.0,42070.0,46800.0,49980.0,56220.0,89580.0,99000.0,104870.0,122630.0,131850.0,144610.0,678500.0,798620.0,861140.0,74187.77,73756.62999999999,76950.0,26.91820191599116,17.703758290346354,7.82850416969272,3.723295632150685,-0.5811470003748784,4.329603996278044,1.5928558206072525,-1.5904022365515984,19,17,-2,2,3,Highest Exposure Knowledge & Management
13-2011,1.0,2.12,3.25,1.0,3.75,1.5,1.0,1.62,1.0,1.0,2.25,1.12,3.0,2.88,1.0,1.0,1.0,1.75,3.75,3.62,1.12,3.38,2.38,1.0,3.75,1.0,3.25,4.0,3.88,2.75,3.0,1.0,3.75,1.0,1.0,1.0,2.88,1.12,1.12,3.38,3.38,2.88,1.0,1.0,1.0,2.38,2.0,1.88,2.12,1.88,3.88,3.75,4.13,2.44,3.44,3.8,4.42,1.56,3.63,3.31,3.6,4.27,1.23,4.14,2.91,4.36,4.46,3.37,1.61,3.74,2.14,3.72,3.04,4.17,3.62,3.19,1.33,4.17,3.74,1.56,2.42,4.19,3.31,1.28,1.16,3.2,3.49,2.75,2.95,3.33,3.68,4.06,4.45,Accountants and Auditors,Business & Financial,1.481956,1.4829142726662896,44480.0,48560.0,52780.0,55900.0,60920.0,64660.0,94340.0,101150.0,106450.0,124450.0,132690.0,141420.0,1280700.0,1402420.0,1448290.0,83212.65000000001,84318.0,81680.0,13.08581244631842,9.504177402982744,3.2707748035538566,-1.841847363351616,1.3283437073569837,-3.128632083303683,1.3259747247755918,-1.4005124393173363,7,66,59,59,3,Highest Exposure Knowledge & Management
13-2031,1.5,2.0,3.12,1.5,3.75,1.5,1.0,1.12,1.0,1.0,2.62,1.88,2.88,3.0,1.0,1.0,1.0,2.0,3.62,3.75,1.5,3.88,2.25,1.0,3.38,1.0,3.88,3.88,3.88,2.88,3.0,1.0,3.75,1.0,1.0,1.0,3.0,1.0,1.0,3.62,3.25,2.12,1.0,1.0,1.0,2.62,1.75,2.0,2.0,1.38,3.88,3.62,4.01,2.4,2.12,2.86,4.23,1.56,2.39,3.35,2.38,3.82,1.44,3.43,2.81,3.83,4.47,2.11,1.68,3.78,1.62,3.15,2.51,3.81,3.37,2.9,1.35,3.99,2.94,1.69,2.01,4.44,2.53,1.45,1.32,2.43,2.68,1.94,1.89,3.22,2.28,3.71,4.48,Budget Analysts,Business & Financial,1.502988,1.5039598724267458,50230.0,53000.0,60510.0,61040.0,65360.0,72240.0,96780.0,104290.0,110380.0,116510.0,128170.0,134640.0,51460.0,48430.0,47170.0,89016.02,88923.06,87930.0,-8.336572094830936,-5.888068402642829,-2.601693165393351,-1.2200275860457523,-0.1044306406869307,-1.116763188311331,0.9434390973070016,-1.3712403064932692,4,157,153,153,2,High Exposure Analytical & Office
13-2041,1.62,1.75,3.12,1.38,3.75,1.38,1.0,1.0,1.0,1.0,2.0,2.0,3.0,2.88,1.0,1.0,1.0,1.62,3.88,3.62,1.62,3.75,2.38,1.0,3.62,1.0,3.75,3.88,4.0,2.62,3.0,1.0,3.75,1.0,1.0,1.0,2.88,1.0,1.0,3.12,3.25,2.75,1.0,1.0,1.0,2.0,1.5,1.75,1.88,1.25,3.88,3.38,4.65,1.65,2.95,2.95,4.25,1.45,2.3,2.5,2.6,3.53,1.15,3.75,2.5,3.75,4.58,2.65,1.25,3.55,1.65,3.8,2.95,4.05,2.85,1.75,1.05,3.65,2.65,1.25,1.85,4.4,2.6,1.05,1.0,2.58,2.5,2.2,1.95,2.6,3.0,3.85,4.45,Credit Analysts,Business & Financial,1.345268,1.34613788715577,43430.0,47960.0,52930.0,55320.0,60290.0,63850.0,101860.0,105900.0,113850.0,145840.0,161800.0,168840.0,73930.0,71960.0,67370.0,85654.95,85236.84999999999,80970.0,-8.87325848775869,-2.66468280806168,-6.378543635352973,-5.4695613038125614,-0.4881212352584478,-5.005874806495068,1.0917761135942272,-1.5764597303204428,58,123,65,65,2,High Exposure Analytical & Office
13-2052,1.0,1.75,3.0,1.0,3.75,1.38,1.0,1.0,1.0,1.0,2.5,1.38,2.75,3.12,1.0,1.0,1.0,1.62,3.88,3.38,1.0,3.62,2.62,1.0,3.75,1.0,3.75,4.0,4.0,3.0,2.88,1.0,3.62,1.0,1.0,1.0,2.88,1.0,1.0,4.0,3.62,2.62,1.0,1.0,1.0,2.62,1.75,1.75,2.0,1.5,4.0,3.75,4.68,3.27,3.12,4.21,3.77,1.04,2.76,3.92,2.96,4.04,1.04,4.56,3.08,4.0,4.77,3.0,1.08,3.38,1.12,4.23,3.08,4.56,2.88,2.44,1.08,4.04,3.23,1.08,3.48,4.46,4.0,1.19,1.04,3.0,3.48,3.42,2.12,3.39,3.24,4.46,4.62,Personal Financial Advisors,Business & Financial,1.400749,1.4016547624082365,42950.0,46700.0,49990.0,57780.0,61960.0,70620.0,154480.0,165590.0,172540.0,,,,210190.0,283060.0,270480.0,102169.55,103116.59,102140.0,28.68357200628004,34.66863314144346,-4.444287430226807,-0.0289225116485321,0.9269297946403734,-0.9470735989233126,1.5986509979801888,-1.7090152980639746,28,15,-13,13,3,Highest Exposure Knowledge & Management
13-2053,1.75,1.75,3.25,1.75,3.5,1.75,1.0,1.25,1.0,1.0,2.38,1.88,3.0,2.88,1.0,1.0,1.0,1.75,3.75,3.12,1.75,2.88,2.12,1.0,3.25,1.0,2.75,3.5,3.62,2.88,2.5,1.0,3.38,1.0,1.0,1.0,2.88,1.0,1.0,3.38,3.25,2.25,1.0,1.0,1.0,2.38,1.38,2.0,2.0,1.25,3.88,3.75,4.43,1.77,2.59,4.07,4.0,1.3,2.47,2.6,2.93,3.83,1.03,4.31,2.73,3.9,4.8,2.43,1.53,3.77,1.45,3.45,3.34,4.63,3.0,2.0,1.37,4.03,3.29,1.43,2.33,4.13,2.8,1.1,1.0,3.73,2.37,3.34,1.8,2.97,2.79,3.83,4.41,Insurance Underwriters,Business & Financial,1.326652,1.3275098496348186,42360.0,47340.0,51640.0,53510.0,59790.0,63070.0,94390.0,100790.0,104820.0,124320.0,130210.0,138020.0,100050.0,105900.0,107820.0,81433.26000000001,82404.62999999999,79880.0,7.766116941529236,5.847076461769116,1.813031161473088,-1.907402454476229,1.1928418437380264,-3.06369921204669,1.0277515166749989,-1.4118578941626068,74,138,64,64,2,High Exposure Analytical & Office
13-2061,1.12,1.88,3.88,1.0,4.12,1.25,1.0,1.0,1.0,1.0,2.62,1.75,3.12,3.0,1.0,1.0,1.0,1.75,4.12,3.75,1.12,3.5,2.75,1.0,4.0,1.0,3.12,4.0,4.12,3.0,3.0,1.0,4.0,1.0,1.0,1.0,3.12,1.0,1.0,3.88,3.88,3.0,1.0,1.0,1.0,2.38,1.62,2.0,2.38,1.38,4.25,4.0,4.52,1.83,3.39,4.14,4.48,1.39,3.61,3.26,3.73,4.04,1.09,4.09,2.57,4.65,4.7,3.22,1.22,4.04,1.65,3.68,3.65,4.23,3.57,2.04,1.61,4.09,2.87,1.17,1.74,3.96,3.17,1.09,1.0,3.17,2.91,2.26,2.52,2.43,3.17,4.0,4.09,Financial Examiners,Business & Financial,1.526064,1.527050793883207,43500.0,48490.0,53420.0,58860.0,62250.0,66800.0,114030.0,118370.0,127210.0,158200.0,162760.0,171540.0,64550.0,63370.0,62830.0,94307.67,88869.01,90400.0,-2.6646010844306742,-1.8280402788536017,-0.8521382357582452,-4.143533606545468,-5.766932848621966,1.7227490212842531,1.51115045205232,-1.6322897013369078,2,32,30,30,3,Highest Exposure Knowledge & Management
13-2071,1.5,1.62,2.88,1.5,3.75,1.0,1.0,1.38,1.0,1.0,1.88,2.0,2.62,3.12,1.0,1.0,1.0,2.0,3.75,3.25,1.5,3.12,2.12,1.0,3.25,1.0,3.12,4.0,4.12,2.88,2.62,1.0,3.75,1.0,1.0,1.0,3.0,1.0,1.0,3.25,3.25,2.5,1.0,1.0,1.0,2.75,1.38,1.88,2.12,1.38,3.88,3.75,3.68,3.2,3.17,4.0,3.74,1.46,2.39,3.04,2.72,4.39,1.0,3.75,1.88,3.46,4.56,2.38,1.5,3.8,1.4,3.12,2.32,4.12,2.4,1.96,1.21,3.62,3.84,1.42,3.84,3.92,3.17,1.29,1.09,3.42,3.08,2.54,1.48,3.22,3.09,4.0,4.39,Credit Counselors,Business & Financial,1.385381,1.3862768251165527,31670.0,33670.0,38980.0,37250.0,39090.0,45420.0,58470.0,58390.0,61760.0,76740.0,74310.0,77920.0,32110.0,29090.0,28110.0,53439.85,51152.92,50480.0,-12.457178449081283,-9.405169729056368,-3.368855276727398,-5.538657013445956,-4.279446892160064,-1.3155065243587234,1.1125251258766782,-1.515210110930753,35,116,81,81,2,High Exposure Analytical & Office
13-2072,2.0,2.12,3.0,1.88,3.75,1.5,1.0,1.25,1.0,1.0,2.12,2.0,2.75,3.0,1.0,1.0,1.0,1.88,3.75,3.12,2.0,3.25,2.0,1.0,3.88,1.0,3.25,4.0,4.0,2.12,2.25,1.0,3.75,1.0,1.0,1.0,3.0,1.0,1.0,3.75,3.75,2.12,1.0,1.0,1.0,2.25,1.38,2.0,1.88,1.12,4.0,3.88,4.26,2.08,2.37,4.11,4.06,1.69,3.06,2.83,3.4,3.79,1.2,4.34,2.75,4.49,4.5,2.47,1.51,3.66,2.23,3.58,3.68,4.08,3.14,2.1,1.33,3.94,3.34,1.6,3.63,4.28,2.99,1.38,1.21,3.3,3.01,3.35,2.11,3.26,2.32,3.94,4.24,Loan Officers,Business & Financial,1.385739,1.3866350566073404,32560.0,34920.0,38490.0,44840.0,47890.0,50460.0,92960.0,99200.0,101920.0,132680.0,138580.0,145780.0,308370.0,345550.0,290530.0,73583.01000000001,71064.94,74180.0,-5.785257969322568,12.056944579563512,-15.92244248299812,0.8113150032867513,-3.4220807221667155,4.383399183901369,1.1030610133394463,-1.3881749240262686,34,119,85,85,2,High Exposure Analytical & Office
13-2081,1.88,2.25,3.12,1.62,4.0,1.25,1.0,1.25,1.0,1.0,2.75,2.25,3.0,2.75,1.0,1.0,1.0,1.62,4.0,4.0,1.88,3.12,2.88,1.0,3.75,1.0,3.12,4.0,4.0,2.25,2.88,1.0,3.88,1.0,1.0,1.0,2.88,1.0,1.0,3.75,3.75,2.62,1.0,1.0,1.0,2.5,1.88,1.75,2.12,1.88,4.0,3.62,3.72,3.01,2.63,4.88,4.34,1.75,2.93,2.94,3.44,4.0,1.17,3.76,3.21,4.46,4.57,2.53,1.86,4.25,2.38,3.79,2.76,4.04,3.57,1.52,1.45,4.15,3.28,1.84,4.74,4.32,3.01,1.48,1.16,3.36,3.27,2.25,1.87,2.89,3.42,3.63,4.77,"Tax Examiners and Collectors, and Revenue Agents",Business & Financial,1.36682,1.3677038231598284,33090.0,36570.0,40020.0,41700.0,44530.0,46820.0,76850.0,78330.0,79330.0,101780.0,107120.0,110300.0,53760.0,50610.0,53530.0,63837.07,62643.95,59740.0,-0.427827380952381,-5.859375,5.769610748863861,-6.41801072636949,-1.8690080857407807,-4.635643186612589,1.2181019073346133,-1.3465755627057236,43,94,51,51,2,High Exposure Analytical & Office
13-2082,1.5,1.62,3.12,1.12,3.75,1.0,1.0,1.0,1.0,1.0,2.0,1.75,3.0,3.0,1.0,1.0,1.0,1.62,3.25,3.25,1.38,3.0,2.0,1.0,3.88,1.0,3.25,4.0,3.88,2.62,3.0,1.0,3.0,1.0,1.0,1.0,3.0,1.0,1.0,3.12,3.0,2.25,1.0,1.0,1.0,2.0,1.38,1.88,2.0,2.0,3.88,3.0,3.89,2.79,2.57,3.38,3.48,2.14,2.52,2.62,2.62,4.24,1.0,3.76,2.7,3.95,4.57,2.55,1.62,3.62,2.19,3.81,2.29,3.86,2.9,2.33,1.29,3.86,3.24,1.43,3.48,4.24,3.33,1.75,1.0,3.05,3.43,2.0,1.81,2.7,3.14,4.48,4.67,Tax Preparers,Business & Financial,1.29371,1.2945465486026315,21750.0,27680.0,30500.0,28450.0,34350.0,37750.0,63070.0,74500.0,75590.0,87060.0,96610.0,96240.0,66670.0,82370.0,73570.0,50102.04,52158.25,50560.0,10.349482525873706,23.548822558872057,-10.683501274735947,0.9140545973776698,4.104044466053676,-3.064232408104183,0.9817056268153636,-1.406072930568674,89,152,63,63,2,High Exposure Analytical & Office
15-2011,1.0,2.0,4.0,1.0,4.0,1.88,1.0,1.0,1.0,1.0,2.62,1.5,3.25,3.12,1.0,1.0,1.0,1.88,4.12,3.88,1.0,4.62,2.5,1.0,3.75,1.0,4.12,4.0,4.0,2.88,2.75,1.0,3.88,1.0,1.0,1.0,3.25,1.0,1.0,3.62,3.38,2.62,1.0,1.0,1.0,2.5,1.75,2.0,2.38,1.5,4.0,4.0,4.79,1.86,3.26,3.59,4.41,1.46,2.89,3.32,3.14,3.25,1.29,3.5,3.46,4.18,4.54,3.33,1.21,3.93,1.5,4.04,2.68,4.46,3.22,2.19,1.07,3.57,2.11,1.18,1.57,4.71,3.61,1.21,1.04,2.59,2.82,2.43,2.36,3.43,3.04,4.39,4.68,Actuaries,Computer & Math,1.516474,1.5174545927752392,64860.0,71760.0,75240.0,81210.0,84800.0,90970.0,148720.0,155670.0,164860.0,193600.0,199300.0,206430.0,22260.0,25010.0,28340.0,126011.05,123223.19,125770.0,27.31356693620845,12.353998203054807,13.314674130347862,-0.1912927477391886,-2.2123932782085385,2.0668268691956424,1.4769814030613273,-1.6115782388478355,3,36,33,33,3,Highest Exposure Knowledge & Management
15-2021,1.0,1.62,3.88,1.0,4.0,1.38,1.0,1.0,1.0,1.0,2.0,1.5,3.25,3.75,1.0,1.0,1.0,1.62,3.88,3.88,1.0,5.0,2.88,1.0,3.62,1.0,4.62,4.12,4.12,3.75,2.88,1.0,3.75,1.0,1.0,1.0,3.12,1.0,1.12,3.12,3.0,2.88,1.0,1.0,1.0,1.88,1.75,1.88,2.75,1.25,4.12,4.12,4.55,1.8,3.42,3.21,3.5,1.3,2.7,3.25,2.7,3.35,1.3,2.95,3.25,2.65,4.15,2.84,1.3,2.65,1.7,3.95,2.55,4.2,2.05,1.95,1.1,3.45,2.3,1.2,1.7,4.3,3.2,1.45,1.25,2.1,2.85,2.1,2.0,4.7,4.25,4.35,4.25,Mathematicians,Computer & Math,1.472319,1.4732710411670733,58100.0,57680.0,63430.0,76170.0,82110.0,85720.0,127860.0,140070.0,153340.0,162060.0,171540.0,187660.0,2630.0,2070.0,2220.0,122149.89,121190.91,121680.0,-15.5893536121673,-21.29277566539924,7.246376811594203,-0.3846831135091479,-0.7850846202153849,0.4035698717007828,1.4527867709558093,-1.6942393978248502,8,42,34,34,3,Highest Exposure Knowledge & Management
15-2031,1.0,1.75,3.62,1.0,4.12,1.25,1.0,1.0,1.0,1.0,2.75,1.38,3.12,3.62,1.0,1.0,1.0,1.62,4.12,3.88,1.0,4.5,2.88,1.0,3.75,1.0,4.0,4.0,4.0,3.62,2.75,1.0,4.0,1.0,1.0,1.0,3.0,1.0,1.0,3.25,3.12,2.5,1.0,1.0,1.0,2.0,1.75,1.75,2.12,1.38,4.0,4.0,4.67,2.45,2.81,3.35,4.05,1.52,2.85,3.9,3.33,3.43,1.81,3.48,3.76,2.95,4.8,2.86,1.43,4.33,2.1,4.24,3.33,4.67,3.52,2.62,1.52,3.81,2.29,1.38,1.9,4.48,3.86,1.45,1.38,2.81,3.71,2.86,2.05,4.1,3.1,4.24,4.67,Operations Research Analysts,Computer & Math,1.40002,1.4009252910205714,48670.0,50440.0,53910.0,62780.0,64060.0,66910.0,112680.0,113980.0,124120.0,140790.0,149640.0,159280.0,99680.0,105080.0,107760.0,98634.03,92663.32,91290.0,8.105939004815408,5.417335473515249,2.550437761705368,-7.445736527241155,-6.053397595130207,-1.482053524522964,1.5465356908606211,-1.5703814832757172,29,24,-5,5,3,Highest Exposure Knowledge & Management
15-2041,1.25,1.75,3.62,1.19,4.0,1.62,1.0,1.0,1.0,1.0,2.685,1.685,3.0,3.5,1.0,1.0,1.0,1.75,4.125,3.815,1.25,4.5,2.815,1.0,3.81,1.0,4.065,4.0,4.0600000000000005,3.125,2.88,1.0,3.565,1.0,1.0,1.0,2.88,1.0,1.0,3.75,3.435,2.94,1.0,1.0,1.06,1.94,1.75,1.81,2.81,1.5,4.12,3.94,4.8100000000000005,1.955,2.97,3.52,4.380000000000001,1.485,2.955,3.3150000000000004,3.13,3.775,1.25,3.5700000000000003,3.3,3.58,4.27,2.985,1.22,3.735,1.47,4.42,2.875,4.43,2.52,2.075,1.1800000000000002,3.905,2.34,1.3450000000000002,1.78,4.48,3.89,1.39,1.155,2.575,2.82,2.215,2.25,3.785,3.265,4.215,4.800000000000001,Statisticians,Computer & Math,1.382724,1.3836181070410711,52690.0,58090.0,60390.0,68480.0,76360.0,79210.0,118790.0,129060.0,137610.0,146770.0,161300.0,170700.0,39090.0,30780.0,29800.0,106019.08,106932.52,103300.0,-23.76566896904579,-21.25863392171911,-3.1838856400259905,-2.564708163851263,0.8615807645189788,-3.397020850158577,1.532898610029129,-1.6539293171538003,36,27,-9,9,3,Highest Exposure Knowledge & Management
17-1011,2.0,2.12,4.0,2.0,4.0,2.5,1.0,1.12,1.0,1.0,3.62,2.25,3.62,4.0,1.0,1.0,1.0,1.75,4.0,4.0,2.0,3.25,2.88,1.75,3.88,1.0,3.38,4.0,4.0,4.0,3.25,1.12,4.0,1.0,1.0,1.0,3.12,1.0,2.25,3.5,3.5,3.0,1.0,1.0,1.0,2.75,1.5,2.88,4.12,1.5,4.0,4.0,3.81,2.95,3.57,4.24,4.24,1.7,3.9,3.6,3.86,4.29,4.48,4.1,3.29,4.05,4.38,3.7,1.9,3.43,3.25,3.75,3.33,4.4,3.19,3.2,1.81,4.1,3.14,2.29,2.9,3.76,3.43,1.65,1.24,3.57,4.05,3.0,3.0,4.48,3.76,4.25,4.67,"Architects, Except Landscape and Naval",Architecture & Engineering,1.047142,1.0478191122325209,48700.0,51310.0,60510.0,62600.0,65220.0,76110.0,105600.0,105190.0,123300.0,137620.0,136400.0,159800.0,105850.0,107490.0,111140.0,93912.25,89550.04,96690.0,4.997638167217762,1.5493623051487957,3.395664712996558,2.95781434264433,-4.6449850791563465,7.9731511007700355,1.337520474365239,-0.9156120718721343,153,62,-91,91,3,Highest Exposure Knowledge & Management
17-1012,2.12,2.0,3.88,2.0,4.0,2.0,1.0,1.0,1.0,1.0,3.12,2.12,2.88,4.0,1.0,1.0,1.0,1.88,4.0,3.5,2.0,3.0,2.38,1.62,3.88,1.0,3.0,4.25,4.25,4.12,2.38,1.0,3.88,1.0,1.0,1.0,2.88,1.0,1.75,3.88,3.88,2.12,1.0,1.0,1.0,2.75,1.88,3.12,4.12,1.62,4.12,4.0,3.55,2.6,3.35,4.16,4.15,1.65,3.63,3.4,3.6,3.2,4.55,3.9,3.63,3.8,4.5,3.3,1.75,3.4,3.15,2.9,3.26,4.3,3.55,2.58,1.95,3.85,2.85,2.1,3.2,3.37,2.89,1.5,1.35,2.84,3.45,2.9,2.7,4.5,3.37,3.95,4.1,Landscape Architects,Architecture & Engineering,1.034388,1.0350568652115597,42320.0,42870.0,51990.0,54600.0,54870.0,62650.0,90090.0,94860.0,101580.0,112290.0,121660.0,132250.0,20280.0,18120.0,19580.0,80665.68000000001,79140.01,79660.0,-3.451676528599606,-10.650887573964498,8.057395143487858,-1.2467259930121553,-1.8913495801436409,0.6570507130337806,1.1457941023093927,-0.9314732772779546,159,110,-49,49,3,Highest Exposure Knowledge & Management
17-1021,2.88,2.25,3.12,2.75,3.5,2.25,1.0,1.5,1.0,1.5,3.25,2.88,3.38,3.0,1.0,1.0,1.0,1.75,3.62,3.25,2.25,3.0,2.5,1.25,3.88,1.0,2.88,3.88,3.5,3.0,3.0,1.0,3.12,1.0,1.12,1.12,3.0,1.0,1.38,3.12,3.12,2.75,1.0,1.0,1.0,2.62,2.0,2.88,3.25,1.38,4.0,3.5,4.08,2.13,2.21,4.11,4.07,2.46,3.4,3.39,3.21,4.14,3.3,3.82,3.78,4.22,4.86,2.34,1.76,4.19,2.7,3.51,3.05,4.22,3.72,2.03,2.01,3.74,2.87,1.73,3.52,4.12,2.72,2.63,1.91,3.23,3.79,1.51,1.28,3.86,3.23,4.21,4.69,Cartographers and Photogrammetrists,Architecture & Engineering,0.8169979,0.8175261959225921,41670.0,47550.0,50500.0,52340.0,58660.0,62860.0,85050.0,90690.0,99650.0,103380.0,107600.0,121440.0,11300.0,13270.0,12790.0,76141.61,77713.09,78380.0,13.1858407079646,17.43362831858407,-3.617181612660136,2.939772353119404,2.063891215328906,0.8581694538204614,0.7783852827472488,-0.7222626803697613,203,198,-5,5,3,Highest Exposure Knowledge & Management
17-1022,2.875,1.94,3.435,2.875,3.94,2.625,1.0,1.81,1.435,2.13,3.31,2.81,3.56,3.06,2.06,1.875,1.75,1.88,3.94,3.81,2.63,4.0,2.81,2.625,3.88,1.56,3.815,3.875,3.875,2.88,3.06,1.88,3.56,1.75,2.06,1.75,3.0,1.62,2.56,3.37,3.31,3.0,1.435,2.0,2.06,2.75,2.31,2.75,3.185,1.875,4.0,3.94,4.44,2.28,3.25,3.765,3.925,2.88,3.3200000000000003,3.325,2.99,4.43,3.22,3.515,3.41,4.135,4.415,3.205,2.8150000000000004,3.9,3.135,3.695,3.12,4.2,3.51,3.05,3.075,3.795,3.185,3.46,3.05,4.44,3.375,2.735,2.405,2.865,3.835,2.3,2.875,3.47,3.4850000000000003,4.165,4.58,Surveyors,Architecture & Engineering,0.1460606,0.1461550528947695,36110.0,39060.0,43680.0,47750.0,48850.0,53590.0,84120.0,85890.0,94550.0,104850.0,106880.0,116330.0,45220.0,47770.0,53080.0,73757.46,68189.48,72740.0,17.381689517912427,5.639097744360902,11.115763031191124,-1.3794672430422716,-7.549039785263768,6.673346093854953,0.4458958677701882,-0.07837972909536021,282,254,-28,28,1,Moderate Exposure Service & Healthcare
17-2011,1.0,2.75,3.5,1.0,4.0,2.0,1.0,1.0,1.0,1.0,3.12,2.25,3.12,3.5,1.0,1.0,1.0,2.62,4.0,4.0,1.0,3.88,2.62,1.0,3.75,1.0,3.38,3.88,3.88,3.38,3.0,1.0,4.0,1.0,1.0,1.0,3.0,1.0,1.0,3.62,3.38,2.75,1.0,1.0,1.0,2.75,1.5,3.0,3.25,1.25,4.12,3.88,4.53,1.81,2.88,3.39,4.26,2.43,3.11,3.04,2.98,4.32,3.45,3.6,3.25,3.63,4.37,2.68,1.79,4.37,3.36,4.02,3.78,4.49,4.03,2.47,1.99,3.99,2.49,1.89,1.1,4.54,3.5,2.13,1.95,2.45,3.21,2.36,2.11,4.3,3.47,4.35,4.88,Aerospace Engineers,Architecture & Engineering,1.338738,1.3396036647120757,72450.0,78170.0,85350.0,91240.0,97620.0,104740.0,145530.0,160840.0,174480.0,166620.0,176280.0,205850.0,63200.0,61580.0,68440.0,135489.5,137157.28,134830.0,8.291139240506329,-2.5632911392405067,11.139980513153622,-0.4867535860712453,1.2309293340074314,-1.6967965535624494,1.2215939577687684,-1.1025593680746064,63,92,29,29,3,Highest Exposure Knowledge & Management
17-2021,2.0,2.62,3.75,2.25,4.0,2.12,1.0,1.5,1.38,1.75,3.0,2.0,3.0,3.5,1.62,1.5,1.5,2.62,4.0,3.75,1.88,3.38,2.25,2.0,3.62,1.5,3.25,4.0,4.0,3.38,2.88,1.88,3.88,1.88,2.0,1.88,3.0,1.75,2.0,3.62,3.5,2.25,1.0,1.5,1.88,2.88,1.88,2.75,3.62,1.5,4.0,4.0,4.55,2.2,2.84,3.75,4.2,2.95,3.15,3.95,3.35,4.32,3.95,3.7,4.0,4.3,4.45,3.05,2.35,4.0,4.1,3.84,3.85,4.5,3.85,3.2,2.85,4.2,2.75,2.58,2.65,4.35,3.32,2.65,2.65,2.85,4.05,2.3,2.35,4.3,3.15,4.45,4.7,Agricultural Engineers,Architecture & Engineering,0.9409636,0.9415720549100774,47330.0,50480.0,43020.0,61140.0,63010.0,49930.0,103210.0,106700.0,103940.0,160950.0,146350.0,132700.0,1550.0,1500.0,1680.0,93877.36,90004.06,84630.0,8.38709677419355,-3.225806451612903,12.0,-9.850468739214651,-4.125914917079052,-5.97090842346445,0.6553399815293839,-0.31226415708292365,178,220,42,42,1,Moderate Exposure Service & Healthcare
17-2031,2.62,2.12,3.62,2.12,4.0,2.12,1.0,1.0,1.0,1.62,2.88,2.12,3.38,3.75,1.0,1.0,1.0,1.88,4.12,3.88,2.12,3.75,2.75,1.38,3.88,1.0,3.38,4.0,4.0,3.62,3.0,1.12,4.0,1.25,1.25,1.12,3.12,1.0,1.12,3.38,3.5,2.75,1.0,1.0,1.12,2.62,1.62,2.75,3.5,1.75,4.0,4.0,4.61,2.65,3.05,3.61,4.22,2.74,3.22,3.48,3.43,4.0,3.13,3.39,3.52,4.13,4.39,3.39,2.14,4.09,3.48,3.78,3.57,4.45,3.7,3.09,1.74,3.91,2.82,2.09,1.78,4.35,3.3,3.09,2.09,2.52,3.39,2.17,2.57,4.26,3.52,4.35,4.7,Bioengineers and Biomedical Engineers,Architecture & Engineering,0.9874239,0.9880623971766582,55280.0,63420.0,71860.0,70990.0,78500.0,86630.0,118020.0,129230.0,133570.0,148210.0,159130.0,165060.0,19780.0,19210.0,21860.0,106309.83,107613.55,106950.0,10.51567239635996,-2.8816986855409503,13.7948984903696,0.6021738535373429,1.2263400289512278,-0.6166045075178757,1.102453771868259,-0.8745903175646176,173,120,-53,53,3,Highest Exposure Knowledge & Management
17-2041,1.88,2.62,4.0,1.75,4.0,2.0,1.0,1.0,1.0,1.0,3.0,1.62,3.5,3.5,1.0,1.0,1.0,2.0,4.0,4.0,1.12,3.88,2.62,1.0,3.75,1.0,3.62,4.0,4.0,3.5,3.12,1.0,4.0,1.5,1.75,1.0,3.0,1.0,1.0,3.12,3.12,3.0,1.0,1.0,1.0,2.5,1.88,2.88,3.12,1.75,4.0,3.25,4.36,2.04,3.17,2.83,4.33,2.57,3.04,3.22,3.43,3.7,3.65,3.52,3.45,4.1,4.39,2.91,1.83,3.83,3.59,3.81,3.26,4.7,4.18,2.39,1.65,3.7,2.13,1.82,1.41,4.17,3.7,1.83,2.05,3.0,3.36,2.3,2.3,3.48,3.14,3.74,4.52,Chemical Engineers,Architecture & Engineering,1.341336,1.342203344636841,66810.0,72490.0,78520.0,84720.0,84670.0,96040.0,137860.0,134490.0,152290.0,176090.0,171400.0,182150.0,30120.0,20380.0,20330.0,126499.51,114867.06,121860.0,-32.50332005312085,-32.33731739707835,-0.2453385672227674,-3.667611044501287,-9.195648267728476,6.087854951628432,1.0221226752997474,-0.9637267686931823,61,141,80,80,3,Highest Exposure Knowledge & Management
17-2051,1.1266666666666667,2.286666666666666,3.8333333333333335,1.58,4.0,2.1666666666666665,1.0,1.0,1.0,1.0,3.33,1.83,3.33,3.793333333333333,1.0833333333333333,1.0,1.0,2.1666666666666665,4.0,3.92,1.1666666666666667,3.88,2.583333333333333,1.42,3.75,1.0,3.793333333333333,4.0,4.0,3.373333333333333,3.1666666666666665,1.0,3.96,1.0,1.0,1.0,3.0400000000000005,1.0,1.6666666666666667,3.5400000000000005,3.5400000000000005,2.793333333333333,1.0,1.0,1.0,2.6666666666666665,1.586666666666667,2.4533333333333336,3.75,1.4166666666666667,4.0,4.0,4.113333333333333,2.026666666666667,3.6533333333333338,4.133333333333333,4.406666666666666,1.6333333333333335,3.826666666666666,3.1566666666666663,3.796666666666667,3.843333333333333,3.9566666666666666,3.86,3.6666666666666665,4.213333333333334,4.433333333333334,3.686666666666667,1.606666666666667,3.6966666666666654,3.5666666666666664,3.54,3.2566666666666664,4.59,3.29,3.1733333333333333,1.99,4.073333333333333,2.803333333333333,1.9866666666666664,3.2466666666666666,4.03,3.7566666666666655,1.7533333333333332,1.4966666666666668,3.333333333333333,3.956666666666667,2.6166666666666667,2.9766666666666666,3.633333333333333,3.4933333333333336,4.093333333333333,4.32,Civil Engineers,Architecture & Engineering,1.282867,1.2836965372769078,55380.0,61040.0,65920.0,68130.0,74330.0,78790.0,113580.0,117540.0,128290.0,144560.0,138690.0,160990.0,310850.0,307570.0,355410.0,101250.78,97225.14,99590.0,14.334888209747469,-1.055171304487695,15.554182787658094,-1.6402639071027392,-3.975910111507289,2.4323544301401885,1.353127131587014,-1.0770554967241135,95,59,-36,36,3,Highest Exposure Knowledge & Management
17-2061,2.12,2.0,3.5,2.12,4.0,1.88,1.0,1.0,1.0,1.38,2.5,2.62,3.12,3.25,1.0,1.0,1.0,1.88,4.0,4.0,2.25,3.12,2.75,1.0,3.62,1.0,3.12,4.0,4.0,3.5,2.88,1.0,3.88,1.0,1.0,1.0,2.88,1.12,1.0,3.38,3.25,2.12,1.0,1.0,1.0,2.12,1.5,2.5,3.25,1.5,4.0,3.75,4.45,2.1,2.93,3.04,4.25,2.38,3.31,3.64,3.5,3.97,3.82,3.31,4.03,4.14,4.41,3.1,1.69,3.97,3.11,3.64,3.29,4.66,3.38,2.83,1.48,3.9,2.54,1.66,1.69,4.31,3.64,3.41,1.46,2.86,3.37,2.28,2.43,4.38,3.17,4.48,4.86,Computer Hardware Engineers,Architecture & Engineering,1.141812,1.1425503279667542,68460.0,78380.0,85430.0,88800.0,103490.0,115500.0,150840.0,167740.0,185380.0,185240.0,208200.0,223820.0,67880.0,74640.0,75710.0,136326.86000000002,143081.16,155020.0,11.53506187389511,9.95875073659399,1.4335476956055735,13.712000701842603,4.954489526128591,8.344103444506597,1.0854446288368707,-1.0014825716472762,135,124,-11,11,3,Highest Exposure Knowledge & Management
17-2071,2.0,2.12,3.88,2.12,4.0,2.0,1.0,1.5,1.0,1.38,3.0,2.12,3.0,3.25,1.0,1.0,1.0,2.12,4.0,3.88,2.12,3.5,2.75,1.0,3.75,1.0,3.38,4.0,4.0,3.25,3.12,1.12,4.0,1.0,1.12,1.0,3.12,1.12,1.12,3.25,3.62,2.12,1.0,1.0,1.0,2.88,1.75,2.75,3.12,1.62,4.12,4.12,4.32,2.2,3.27,3.74,4.17,2.2,3.73,3.51,3.31,4.54,4.37,3.57,3.28,4.24,4.32,2.67,1.98,3.99,2.89,3.65,3.63,4.87,3.85,3.39,2.29,4.34,2.64,2.3,1.8,3.93,3.52,2.86,1.72,2.92,4.58,1.76,2.32,4.21,3.34,4.51,4.92,Electrical Engineers,Architecture & Engineering,1.126725,1.1274535723759398,63020.0,65480.0,74670.0,77080.0,80550.0,87590.0,125520.0,132880.0,141630.0,155880.0,166970.0,175460.0,185570.0,182210.0,188790.0,114590.39,111688.92,111910.0,1.735194266314598,-1.8106374952847983,3.611217825585863,-2.339105399676185,-2.5320360634081105,0.1979426428333282,1.1032371966043941,-0.8917079746722966,140,118,-22,22,3,Highest Exposure Knowledge & Management
17-2072,2.56,2.0,3.375,2.375,4.0,1.88,1.0,1.125,1.0,1.815,2.685,2.625,2.935,3.375,1.0,1.0,1.06,2.37,3.94,3.875,2.5,3.315,2.435,1.435,3.875,1.0,3.065,4.0,3.875,3.19,2.69,1.0,3.94,1.685,1.75,1.31,2.88,1.0,1.06,3.37,3.435,2.56,1.06,1.125,1.31,2.5,2.0,2.63,3.13,2.0,3.94,3.63,4.025,2.145,2.705,3.71,3.99,3.0700000000000003,2.88,3.545,3.1100000000000003,3.79,3.72,3.83,3.22,3.705,4.09,2.495,2.2,3.94,3.065,3.5700000000000003,3.09,4.4,3.71,2.83,1.92,3.665,2.63,2.0700000000000003,1.82,3.915,3.39,3.155,2.175,2.69,3.25,2.78,2.04,4.08,2.925,3.87,4.76,"Electronics Engineers, Except Computer",Architecture & Engineering,0.6654578,0.6658881067128395,66620.0,74880.0,79390.0,82420.0,86190.0,98920.0,133050.0,137870.0,164000.0,164210.0,171430.0,199060.0,128800.0,106640.0,93940.0,122777.91,116931.77,127590.0,-27.065217391304348,-17.20496894409938,-11.909227306826708,3.9193451004337807,-4.761556863119769,9.114913765523273,0.7385095368395225,-0.6830426475873274,222,207,-15,15,3,Highest Exposure Knowledge & Management
17-2081,1.0,1.75,3.12,1.0,4.0,1.75,1.0,1.0,1.0,1.0,2.88,1.38,3.12,3.75,1.0,1.0,1.0,1.62,4.0,3.62,1.0,3.12,3.0,1.0,3.62,1.0,3.25,4.0,4.0,3.62,3.0,1.0,4.0,1.0,1.0,1.0,3.0,1.0,1.12,3.62,3.62,2.88,1.0,1.0,1.0,2.75,1.88,2.5,3.0,1.75,4.0,4.0,4.24,2.65,3.43,3.76,4.1,2.14,3.86,3.95,3.67,3.71,3.9,3.76,3.67,4.14,4.38,3.71,1.95,3.95,3.81,3.9,3.57,4.33,4.15,3.57,2.2,4.05,2.76,2.38,3.52,3.95,3.9,1.86,1.9,3.33,3.76,2.75,3.19,3.71,3.48,3.86,4.38,Environmental Engineers,Architecture & Engineering,1.343561,1.3444297833714844,54330.0,60020.0,64950.0,68000.0,75550.0,80510.0,114250.0,123540.0,130830.0,142070.0,150840.0,161910.0,53150.0,45440.0,37950.0,103344.18,104348.93,104170.0,-28.598306679209784,-14.506114769520224,-16.483274647887324,0.7990967657781912,0.972236656190978,-0.1714727692943214,1.330599799936911,-1.0945181426820878,59,63,4,4,3,Highest Exposure Knowledge & Management
17-2111,1.31,2.44,3.69,1.625,4.0600000000000005,2.12,1.06,1.25,1.31,1.435,3.44,1.5,3.565,3.5,1.44,1.37,1.5,2.435,4.12,3.63,1.0,2.935,2.5,1.565,3.75,1.44,2.81,4.0,3.94,3.315,3.06,1.44,4.13,1.31,1.44,1.44,3.13,1.44,1.875,3.75,3.56,2.875,1.06,1.37,1.375,2.625,1.88,3.0,3.13,1.88,3.94,3.81,3.92,2.53,3.59,3.97,4.115,1.985,3.27,3.45,3.39,3.945,3.43,3.87,3.63,4.574999999999999,4.369999999999999,3.51,2.115,4.0,4.01,3.945,3.41,4.385,3.615,2.815,2.27,3.97,3.105,2.475,2.455,3.97,3.94,1.9,1.8,3.4,3.5650000000000004,3.105,2.62,3.635,3.78,4.195,4.03,"Health and Safety Engineers, Except Mining Safety Engineers and Inspectors",Architecture & Engineering,0.9948935,0.9955368271866764,53650.0,59090.0,62050.0,68940.0,78830.0,85400.0,118440.0,127780.0,136150.0,143880.0,152550.0,166670.0,25860.0,21520.0,23220.0,106309.83,108813.46,109660.0,-10.208816705336426,-16.782675947409125,7.899628252788105,3.151326645899065,2.355031514959614,0.7779736073092504,0.9419279397772559,-0.6595038699202528,170,158,-12,12,3,Highest Exposure Knowledge & Management
17-2112,2.0,2.4675,3.72,1.905,4.03,2.095,1.03,1.345,1.22,1.4075,3.0625,1.9075,3.155,3.4675,1.0,1.345,1.3125,2.3125,4.0,3.7825,1.4375,3.405,2.435,1.8125,3.75,1.06,3.31,4.0,3.97,3.3725,2.9675,1.03,3.94,1.6575,1.7175,1.53,3.095,1.0625,1.47,3.4675,3.4375,2.5925,1.03,1.44,1.47,2.5625,1.935,2.595,3.28,1.8725,4.0,3.935,4.1875,2.13,2.9725,3.2525,4.2425,2.8975,3.0825,3.3925,3.2825,3.965,3.1725000000000003,3.8025,3.6925,3.99,4.415,2.88,2.245,4.215,3.655,3.735,3.595,4.45,3.9625,2.735,1.935,3.7425,2.98,2.4575,1.67,4.115,3.4850000000000003,2.1225,2.1625,2.9825,3.0625,2.725,2.06,3.6525,3.385,3.91,4.2725,Industrial Engineers,Architecture & Engineering,1.13787,1.1386057789816018,57290.0,62730.0,70000.0,70540.0,77600.0,81910.0,110160.0,117000.0,127480.0,134070.0,134990.0,157140.0,291710.0,321400.0,350230.0,102367.26,104154.35,101140.0,20.061019505673443,10.1779164238456,8.970130678282514,-1.1988794073417706,1.745763245006247,-2.894118200536023,0.8272966762414498,-0.6826913879168313,137,181,44,44,3,Highest Exposure Knowledge & Management
17-2121,2.5,2.62,3.75,2.62,4.25,2.5,1.12,2.0,1.88,2.38,3.38,2.5,3.5,3.5,2.0,2.12,2.38,2.5,4.0,4.0,2.38,3.75,2.75,2.12,3.62,1.75,3.25,4.0,4.0,3.62,3.0,1.88,4.0,1.88,2.38,2.12,3.25,2.0,2.38,3.62,3.38,3.12,1.12,2.12,2.12,2.75,2.5,3.0,3.75,2.38,4.0,4.0,4.06,2.37,2.74,3.68,3.58,2.94,2.95,3.22,2.89,4.0,3.5,3.53,3.17,4.22,4.22,2.89,2.22,3.83,3.76,3.47,3.17,4.11,3.12,2.68,2.67,3.61,2.68,2.89,2.79,3.83,3.78,2.22,2.56,2.84,3.61,2.42,2.05,3.71,3.05,3.94,4.0,Marine Engineers and Naval Architects,Architecture & Engineering,0.5472173,0.5475711497674122,65440.0,66360.0,79700.0,75500.0,81320.0,88480.0,116770.0,119550.0,133780.0,147710.0,150260.0,167660.0,11360.0,7450.0,8440.0,107461.2,104759.71,105670.0,-25.70422535211268,-34.41901408450704,13.288590604026846,-1.6668341689837791,-2.5139213036891506,0.8689313859307249,0.20871256234589708,0.08552563895100712,235,292,57,57,1,Moderate Exposure Service & Healthcare
17-2131,2.38,2.12,4.0,2.38,4.0,2.12,1.0,1.0,1.0,1.5,2.88,2.75,3.25,3.5,1.0,1.0,1.0,2.12,4.0,3.75,2.38,3.75,2.12,1.75,3.75,1.0,3.12,4.0,4.0,3.38,3.25,1.0,3.88,2.0,2.0,1.5,3.12,1.0,1.12,3.25,3.25,2.62,1.0,1.0,1.0,2.25,1.38,3.0,3.25,2.0,4.0,3.88,4.43,2.38,3.52,3.7,3.8,2.9,3.6,3.67,3.57,4.05,3.19,3.57,3.86,3.57,4.38,3.76,2.33,4.29,4.19,3.76,3.62,4.43,4.24,3.14,1.81,3.9,3.0,2.24,2.38,3.95,3.48,2.71,2.57,2.9,3.48,3.05,2.9,4.19,3.76,4.38,4.1,Materials Engineers,Architecture & Engineering,1.037278,1.0379487339500395,57340.0,60700.0,68040.0,72420.0,78580.0,85820.0,120180.0,130260.0,138370.0,148960.0,162300.0,172000.0,26820.0,21510.0,22770.0,108577.68,108251.34,108310.0,-15.100671140939598,-19.798657718120804,5.857740585774058,-0.2465331733004495,-0.3005590099180706,0.0541887056548246,0.9326307232192682,-0.6215078402333665,158,160,2,2,3,Highest Exposure Knowledge & Management
17-2141,2.25,2.2466666666666666,3.6233333333333335,2.21,4.0,2.083333333333333,1.0,1.0,1.0,1.2533333333333332,2.9599999999999995,2.4166666666666665,3.17,3.6666666666666665,1.3333333333333333,1.0,1.0,2.25,4.0,3.793333333333333,1.83,3.88,2.833333333333333,1.54,3.793333333333333,1.3333333333333333,3.5400000000000005,4.0,4.0,3.5866666666666664,2.9599999999999995,1.413333333333333,4.0,1.6666666666666667,1.7933333333333332,1.5833333333333333,3.1266666666666665,1.4166666666666667,1.5833333333333333,3.333333333333333,3.4166666666666665,2.8766666666666665,1.1666666666666667,1.0,1.0,2.54,1.6233333333333333,2.793333333333333,3.5,1.71,4.0,3.8333333333333335,4.18,2.32,3.0866666666666664,3.2833333333333337,4.083333333333333,2.833333333333333,3.1833333333333336,3.39,3.303333333333333,3.95,3.8233333333333337,3.3433333333333337,3.616666666666666,3.983333333333333,4.319999999999999,2.966666666666667,2.1366666666666667,3.933333333333333,3.7,3.86,3.353333333333333,4.5,3.66,2.6133333333333333,2.4566666666666666,3.9766666666666666,2.63,2.24,1.6466666666666667,3.963333333333333,3.273333333333333,2.543333333333333,2.526666666666667,2.87,3.323333333333333,2.49,2.066666666666667,4.026666666666666,3.3166666666666664,4.12,4.476666666666667,Mechanical Engineers,Architecture & Engineering,1.004709,1.0053586741079754,57130.0,61990.0,68740.0,70280.0,76980.0,81800.0,111980.0,122680.0,130290.0,138020.0,151260.0,161240.0,306990.0,277560.0,286760.0,102844.09,104111.11,102320.0,-6.589791198410372,-9.586631486367637,3.314598645337945,-0.509596613670262,1.2319813418544556,-1.7203831560339722,0.8624593094616257,-0.666806921535237,169,176,7,7,3,Highest Exposure Knowledge & Management
17-2151,1.12,2.12,4.0,1.38,4.0,2.12,1.0,1.0,1.0,1.0,3.12,1.75,3.62,3.75,1.5,1.0,1.0,2.25,4.0,4.0,1.0,3.88,2.75,1.38,3.75,1.12,3.38,4.0,4.0,3.5,3.12,1.0,4.0,1.0,2.0,1.12,3.38,1.12,1.88,3.88,3.88,3.0,1.0,1.0,1.0,2.5,1.88,2.75,3.38,1.75,4.0,4.0,4.29,2.07,3.17,3.57,4.48,2.12,3.87,3.55,3.67,4.15,3.14,4.04,3.67,4.26,4.4,3.23,1.88,4.17,2.82,4.09,3.4,4.71,3.99,3.01,2.11,4.05,3.26,2.23,2.02,4.3,3.97,1.6,1.39,3.52,3.46,2.79,1.93,3.54,3.76,3.85,4.75,"Mining and Geological Engineers, Including Mining Safety Engineers",Architecture & Engineering,1.34695,1.3478209747744982,52160.0,55460.0,62500.0,68240.0,74250.0,81040.0,120890.0,121990.0,129860.0,151230.0,158540.0,163740.0,6280.0,7390.0,6770.0,106019.08,105386.69,101020.0,7.802547770700636,17.67515923566879,-8.389715832205685,-4.715264459944382,-0.5964869719676867,-4.143492883209447,1.3675946068388065,-1.0869566855797017,56,53,-3,3,3,Highest Exposure Knowledge & Management
17-2161,2.0,2.5,4.0,1.88,4.0,2.0,1.0,1.0,1.0,1.0,3.0,1.62,3.5,3.75,1.0,1.0,1.0,2.5,4.0,4.0,1.5,4.0,2.62,1.0,3.88,1.0,3.75,3.75,4.0,3.38,3.25,1.0,4.62,1.12,1.75,1.0,3.12,1.0,1.0,3.62,3.5,2.88,1.0,1.0,1.0,2.75,1.75,2.62,3.12,1.38,4.0,4.12,4.43,2.29,3.3,3.43,4.3,2.62,3.3,3.35,3.24,3.85,3.2,3.45,3.71,4.85,4.38,3.38,1.7,4.2,3.6,4.0,3.43,4.38,4.0,2.86,1.81,3.43,2.43,1.8,1.86,4.25,3.76,2.19,2.0,3.14,3.24,2.65,2.43,3.71,3.67,4.0,4.5,Nuclear Engineers,Architecture & Engineering,1.303009,1.303851561543507,71860.0,79440.0,88290.0,90170.0,98320.0,103010.0,138330.0,137810.0,157600.0,179430.0,169580.0,187430.0,15850.0,12250.0,14740.0,131953.98,132400.88,127520.0,-7.003154574132492,-22.71293375394322,20.3265306122449,-3.3602472619620944,0.3386786817646532,-3.686440754774442,1.1968428086256062,-1.0166164852104838,83,100,17,17,3,Highest Exposure Knowledge & Management
17-2171,1.0,2.0,3.88,1.75,4.0,2.0,1.0,1.0,1.0,1.0,2.88,2.12,3.0,3.75,1.0,1.0,1.0,2.38,4.0,3.75,1.0,3.25,2.62,1.5,3.62,1.0,3.12,4.0,4.0,3.38,3.0,1.0,4.0,1.0,1.12,1.0,3.12,1.0,1.12,3.5,3.5,2.75,1.0,1.0,1.0,2.88,1.38,2.62,3.25,1.12,4.0,4.0,4.58,2.1,2.63,4.1,4.1,1.56,3.74,4.1,3.37,3.72,2.82,4.01,3.77,3.41,4.4,3.22,1.36,4.37,2.72,3.74,3.69,4.49,3.33,3.39,1.36,4.18,2.78,1.54,1.39,4.2,3.67,1.53,1.41,3.56,3.77,2.83,2.42,4.11,2.51,3.95,4.43,Petroleum Engineers,Architecture & Engineering,1.247779,1.2485858485932406,79270.0,76960.0,78840.0,107020.0,101080.0,107330.0,193430.0,169230.0,191100.0,,220040.0,228790.0,32620.0,20540.0,18970.0,160168.36000000002,142475.8,141280.0,-41.84549356223176,-37.03249540159411,-7.643622200584225,-11.792816009354166,-11.046226608051692,-0.8393004285640007,1.3557078881553952,-1.2273481751864732,107,58,-49,49,3,Highest Exposure Knowledge & Management
17-2199,2.32625,2.25125,3.48625,2.39,3.97,2.23375,1.0,1.09375,1.31125,1.54625,2.9225,2.54625,3.235,3.5775,1.25125,1.09375,1.125,2.295,3.92375,3.74875,2.0775,3.6575,2.73625,1.89,3.64125,1.11,3.2825,3.90625,3.81625,3.51625,2.97125,1.11,3.84375,1.79875,1.76375,1.42125,3.0925,1.14,1.2825,3.43875,3.40625,2.7675,1.0625,1.125,1.46875,2.60875,1.825,2.78125,3.29625,1.765,3.98375,3.8,4.11125,2.23625,3.04125,3.6075,3.9775,2.91875,3.13625,3.31125,3.23125,3.9275,3.77125,3.59125,3.5775,3.68,4.4075,3.045,2.26625,3.8625,3.605,3.5825,3.09125,4.4037500000000005,3.675,2.73625,2.00375,3.73375,2.615,2.33125,1.88,4.00875,3.4275,2.75875,2.36875,2.7025,3.38,2.49,2.3125,3.97125,3.245,4.0325,4.515,"Energy Engineers, Except Wind and Solar",Architecture & Engineering,0.787566,0.7880752645993812,53730.0,59380.0,62840.0,72180.0,79670.0,85750.0,128780.0,135310.0,152670.0,158830.0,168320.0,183510.0,152340.0,150420.0,150750.0,115183.52,113072.6,117750.0,-1.0437179992122882,-1.260338716029933,0.2193857199840446,2.2281659737434625,-1.8326580052424275,4.136634339353662,0.7661132435254304,-0.592601140140048,205,201,-4,4,3,Highest Exposure Knowledge & Management
17-3011,2.5,2.25,3.38,2.38,3.5,1.88,1.25,1.75,1.25,1.25,2.88,2.38,3.12,3.38,1.0,1.25,1.25,2.12,3.38,3.38,2.38,3.38,2.5,1.25,3.62,1.12,3.0,3.62,3.38,3.38,2.62,1.25,3.12,1.25,1.25,1.25,3.12,1.0,1.5,3.0,3.0,2.75,1.25,1.25,1.25,2.38,2.5,2.88,3.62,2.12,3.62,3.62,3.48,1.93,2.42,3.37,3.89,1.46,2.92,2.83,2.67,3.67,4.58,3.28,3.31,4.32,4.36,2.67,1.44,3.54,2.62,3.0,2.73,3.97,3.13,1.74,1.59,3.69,2.34,1.72,2.13,3.63,2.99,1.6,1.16,2.6,3.21,2.1,1.74,3.83,2.58,3.84,4.77,Architectural and Civil Drafters,Architecture & Engineering,0.9233925,0.9239895930447792,35890.0,37770.0,44040.0,44920.0,47580.0,52880.0,69050.0,74440.0,79510.0,82230.0,86180.0,98190.0,98800.0,105960.0,109550.0,65523.420000000006,64665.42,64280.0,10.880566801619434,7.246963562753036,3.388070970177425,-1.897672618431708,-1.309455458826794,-0.5960217995955153,0.4302876946730921,-0.6002262048716728,183,260,77,77,2,High Exposure Analytical & Office
17-3012,2.25,2.25,3.12,2.12,3.25,2.12,1.12,1.62,1.12,1.12,2.5,2.5,3.0,2.88,1.25,1.0,1.0,2.0,3.25,3.38,2.38,3.0,2.62,1.25,3.88,1.12,2.88,3.88,3.62,2.88,2.88,1.12,3.38,1.25,1.12,1.25,2.88,1.12,1.38,3.25,3.5,2.88,1.12,1.12,1.12,2.38,2.0,2.62,3.62,2.25,4.0,3.62,3.37,2.25,2.36,3.27,4.37,2.08,2.75,2.89,2.56,3.78,4.66,3.47,3.42,4.0,4.55,1.83,1.68,3.7,2.53,3.23,2.7,3.79,2.57,1.72,1.68,4.2,2.61,1.76,1.77,3.79,2.22,2.49,1.8,2.45,3.4,1.48,1.4,3.13,2.75,3.99,4.76,Electrical and Electronics Drafters,Architecture & Engineering,0.910166,0.9107545404947756,37770.0,43270.0,48680.0,47880.0,49960.0,58800.0,79100.0,80980.0,91780.0,100650.0,99420.0,110180.0,24140.0,20930.0,20020.0,71559.39,69443.44,73720.0,-17.06710853355427,-13.297431648715824,-4.3478260869565215,3.0193242284485664,-2.9569145293161347,6.158335474164295,0.5131882726795154,-0.7253599986015699,184,245,61,61,2,High Exposure Analytical & Office
17-3013,2.5,2.12,3.0,2.38,3.12,2.12,1.0,1.25,1.0,1.0,2.88,3.0,3.0,3.25,1.0,1.0,1.0,2.0,3.12,3.0,2.0,3.5,2.25,1.12,3.75,1.0,3.0,3.25,3.25,3.25,2.88,1.0,3.12,1.0,1.0,1.0,3.25,1.0,1.12,3.25,3.25,2.5,1.0,1.0,1.0,2.12,1.5,3.0,3.5,1.5,3.12,3.25,3.27,2.07,2.34,3.06,3.92,2.38,2.62,2.83,2.05,3.66,4.71,3.06,3.14,3.45,4.23,2.39,1.97,3.5,3.27,3.16,2.95,3.78,3.71,1.82,1.97,3.42,2.9,2.02,1.59,3.41,2.65,1.76,2.11,2.09,2.84,1.8,1.25,4.02,2.39,3.71,4.72,Mechanical Drafters,Architecture & Engineering,0.8410071,0.8415509208069942,36350.0,39030.0,46500.0,45050.0,48400.0,56470.0,72460.0,77930.0,85580.0,92010.0,99070.0,107600.0,55210.0,47540.0,39900.0,66360.78,66276.11,68510.0,-27.73048360804202,-13.892410795145809,-16.070677324358435,3.2386900817018747,-0.1275904231384836,3.3705810434559296,0.35697365192580377,-0.6404936993962855,196,268,72,72,2,High Exposure Analytical & Office
17-3021,3.0,2.88,3.12,3.12,3.88,2.62,1.0,2.0,1.38,2.38,2.88,3.0,3.38,3.0,1.75,1.38,1.75,2.88,3.88,3.88,3.0,3.0,2.75,2.62,3.88,1.0,3.0,4.0,4.0,2.88,3.25,1.0,3.88,2.0,2.12,1.75,3.12,1.12,1.12,3.12,3.12,2.62,1.0,1.25,2.0,2.88,2.0,2.75,3.25,2.0,4.0,3.75,3.86,2.16,2.41,3.59,4.28,3.05,3.06,2.86,2.94,4.41,3.06,3.94,3.89,4.21,4.64,2.18,2.65,4.53,3.61,3.12,3.78,4.28,4.54,2.9,2.3,3.49,2.38,2.38,1.04,3.93,2.72,3.24,2.6,2.34,3.7,2.39,1.63,3.21,2.75,3.98,4.42,Aerospace Engineering and Operations Technologists and Technicians,Architecture & Engineering,0.3909402,0.3911929975077698,41680.0,47950.0,53730.0,52130.0,57580.0,64570.0,80520.0,96150.0,102220.0,99970.0,109610.0,120440.0,11540.0,9750.0,9060.0,76781.26000000001,80437.20999999999,79830.0,-21.49046793760832,-15.511265164644714,-7.076923076923077,3.970682429540737,4.761513421373889,-0.754886948465756,0.23197639291355082,-0.06149949901497958,256,290,34,34,1,Moderate Exposure Service & Healthcare
17-3022,2.12,2.5,3.25,2.0,3.88,2.12,1.0,1.38,1.0,1.0,3.38,2.5,3.12,3.0,1.38,1.0,1.0,2.25,3.38,3.38,2.0,3.88,2.25,1.88,3.88,1.5,3.5,3.88,3.75,3.0,2.88,1.38,3.75,1.5,1.62,1.5,3.0,1.38,2.0,3.38,3.38,3.0,1.0,1.0,1.0,2.62,1.75,2.62,3.62,1.62,3.88,3.62,3.71,2.11,2.43,3.68,4.11,1.71,2.72,2.48,2.48,3.66,3.66,3.7,3.63,4.2,4.48,2.44,1.78,4.12,2.97,3.62,2.76,3.84,3.8,2.01,2.78,3.99,2.93,2.02,2.7,4.3,3.28,1.68,1.6,3.1,3.39,1.96,1.65,3.33,2.34,3.78,4.45,Civil Engineering Technologists and Technicians,Architecture & Engineering,0.9323219,0.932924766994048,33880.0,37430.0,43550.0,40590.0,46300.0,51730.0,67070.0,74590.0,79550.0,80650.0,85740.0,97840.0,68870.0,62350.0,62130.0,62115.83,64460.03,64200.0,-9.786554377813273,-9.46711195005082,-0.3528468323977546,3.355296065431305,3.7739172124078473,-0.4033972680434664,0.6428902051791247,-0.6849639995256948,181,223,42,42,2,High Exposure Analytical & Office
17-3023,2.75,2.5,3.25,2.75,3.88,2.5,1.25,1.88,1.62,2.5,2.75,2.75,3.0,3.0,1.25,1.75,1.75,2.38,3.88,3.5,2.75,2.75,2.5,2.12,3.75,1.0,2.62,3.75,3.5,3.0,3.25,1.38,3.62,1.75,2.0,1.25,3.12,1.75,1.62,3.38,3.25,2.75,1.0,1.75,1.62,2.5,2.25,3.25,3.38,2.0,3.88,3.38,3.72,2.5,2.84,3.3,4.02,3.29,3.02,2.79,2.92,3.91,3.57,3.49,3.33,3.99,4.19,2.77,2.93,3.82,3.88,3.26,3.2,4.24,3.67,2.7,2.41,3.71,2.84,2.89,2.08,3.83,3.02,3.81,2.74,2.6,3.34,2.25,1.83,3.58,3.27,3.91,4.42,Electrical and Electronic Engineering Technologists and Technicians,Architecture & Engineering,0.3515252,0.3517525108893605,39190.0,43930.0,48250.0,50790.0,52400.0,60610.0,78910.0,81890.0,94810.0,96690.0,101480.0,111790.0,122550.0,99050.0,92710.0,75897.38,71767.59,77180.0,-24.34924520603836,-19.175846593227256,-6.400807672892478,1.6899397581313025,-5.441281372295075,7.541579701923952,0.08291913589019921,0.04207764006942563,261,319,58,58,1,Moderate Exposure Service & Healthcare
17-3024,3.625,2.81,3.12,3.81,3.935,2.685,1.06,2.0,1.685,2.185,3.25,3.815,3.185,3.06,1.94,2.06,1.88,2.75,3.875,3.815,3.625,3.0,2.875,2.875,3.94,1.685,2.875,3.69,3.5,3.0,3.375,1.88,3.815,2.62,3.0,2.44,3.37,2.0,2.06,3.31,3.06,3.06,1.815,2.065,2.5,2.875,2.435,3.44,3.435,2.25,3.625,3.185,3.65,2.255,2.91,2.915,4.115,4.045,2.96,2.78,2.805,3.97,3.495,3.52,3.06,3.89,4.0,2.625,3.18,3.915,3.905,3.2350000000000003,3.37,4.029999999999999,4.109999999999999,2.375,2.79,3.78,2.715,3.255,1.565,3.575,3.225,4.305,3.59,2.275,3.095,2.0,1.83,3.5,3.24,3.725,4.44,Electro-Mechanical and Mechatronics Technologists and Technicians,Architecture & Engineering,-0.3040507,-0.3042472991144855,36520.0,40300.0,47770.0,45390.0,48550.0,58570.0,74600.0,78250.0,87320.0,93450.0,99390.0,109580.0,14290.0,14540.0,14680.0,67861.05,65476.17,70760.0,2.729181245626312,1.749475157452764,0.9628610729023384,4.271890871125626,-3.5143576469860176,8.069851978208257,-0.4106178144095492,0.7097069638099688,356,382,26,26,0,Low Exposure Manual & Technical
17-3025,3.0,2.25,3.62,3.0,4.0,2.75,1.0,2.0,1.38,2.0,3.0,3.0,3.0,3.0,2.0,2.0,2.0,2.25,4.0,3.88,2.88,3.0,2.75,2.75,3.75,2.0,3.0,3.88,3.88,3.0,3.0,2.12,3.88,2.0,2.25,2.0,3.12,2.0,2.0,3.75,3.12,2.75,2.0,2.12,2.25,2.88,2.25,2.88,2.88,2.0,4.0,3.12,3.52,2.36,2.35,3.0,4.11,2.71,2.93,2.69,2.36,3.91,2.61,3.29,2.66,3.87,4.03,2.27,2.54,3.4,3.75,3.03,3.12,3.59,3.41,2.31,3.13,3.29,2.37,2.77,2.73,3.47,2.71,2.39,2.54,2.86,2.97,1.89,1.58,2.89,2.64,3.4,3.75,Environmental Engineering Technologists and Technicians,Architecture & Engineering,0.0438054,0.0438337324009787,32610.0,35810.0,39670.0,38780.0,42190.0,48250.0,64890.0,66550.0,75290.0,82930.0,84430.0,92280.0,18010.0,13400.0,12500.0,58871.060000000005,55109.38,58890.0,-30.5941143808995,-25.596890616324263,-6.7164179104477615,0.0321720043770148,-6.389693000261941,6.860211455835655,-0.18696127000849644,0.16273384438586877,300,358,58,58,1,Moderate Exposure Service & Healthcare
17-3026,2.815,2.56,3.565,2.75,4.0,2.25,1.125,1.565,1.5,1.815,3.06,2.935,3.125,3.25,1.63,1.75,1.565,2.44,3.94,3.63,2.5,3.25,2.685,2.315,3.815,1.5,3.25,4.0600000000000005,3.69,3.185,3.25,1.685,4.0,2.125,2.25,2.125,3.435,1.63,1.63,3.31,3.315,2.815,1.5,1.94,1.75,2.75,2.25,2.875,3.25,2.125,4.0,3.565,3.905,2.55,3.13,3.16,3.935,3.6,3.0650000000000004,3.175,2.785,3.885,3.55,3.51,3.45,3.415,4.14,3.11,3.01,3.79,3.875,3.375,3.145,4.1850000000000005,3.9,2.8200000000000003,2.625,3.835,2.58,2.885,1.965,3.745,3.255,3.2,3.55,2.435,3.385,2.175,2.055,3.82,3.79,3.92,4.1850000000000005,Industrial Engineering Technologists and Technicians,Architecture & Engineering,0.6106679,0.6110627783410526,35850.0,40710.0,46370.0,44440.0,48750.0,53230.0,71220.0,75510.0,79040.0,87790.0,90430.0,97670.0,67110.0,66560.0,73410.0,65767.65000000001,66168.01,64790.0,9.387572641931158,-0.8195499925495455,10.291466346153848,-1.4865211087822183,0.6087491342627964,-2.0825924793567085,0.17176777850165642,0.0826285624324012,229,303,74,74,1,Moderate Exposure Service & Healthcare
17-3027,3.185,2.69,3.44,3.06,3.815,2.375,1.0,1.94,2.06,2.44,3.12,3.25,3.25,3.06,2.0,2.0,1.94,2.56,3.75,3.69,3.06,3.19,2.625,2.815,3.815,1.94,3.125,3.81,3.625,3.06,3.185,2.06,3.75,2.315,2.685,2.31,3.375,2.125,2.125,3.315,3.565,2.62,1.31,2.06,2.25,2.62,2.38,2.81,3.25,2.315,3.94,3.38,3.8,2.18,2.84,3.305,4.155,3.405,3.08,2.955,2.98,4.21,3.6,3.5,3.35,3.9,4.2,2.865,3.27,3.89,4.065,3.595,3.075,4.1,3.78,2.435,3.55,3.725,2.615,3.155,2.015,3.88,2.915,3.225,3.5700000000000003,2.63,3.32,2.17,1.97,3.54,3.345,3.89,4.15,Mechanical Engineering Technologists and Technicians,Architecture & Engineering,-0.1192367,-0.1193137942586011,35140.0,39890.0,46940.0,44170.0,49060.0,57330.0,72140.0,77310.0,82980.0,88640.0,94720.0,100890.0,42820.0,39610.0,37450.0,66267.74,67011.19,68730.0,-12.540868752919195,-7.496496964035497,-5.453168391820248,3.7156239219867686,1.1218882672021062,2.5649596731530924,-0.1753749675099605,0.45740767192540593,323,357,34,34,1,Moderate Exposure Service & Healthcare
17-3031,2.75,2.25,3.12,2.62,3.25,2.25,1.25,2.25,2.0,2.0,3.12,2.5,3.12,3.0,1.75,2.12,2.0,2.12,3.38,3.25,2.5,2.88,2.38,2.5,3.5,1.62,2.62,3.38,3.38,2.75,2.88,1.62,3.25,1.88,2.38,2.0,2.88,1.62,2.25,3.12,3.12,2.5,1.38,2.12,2.12,2.5,2.62,2.88,2.75,2.25,3.75,3.25,3.73,1.93,2.52,3.08,3.79,2.87,2.89,2.63,2.52,4.16,3.31,2.96,2.88,3.52,4.14,2.47,2.33,3.45,2.52,3.24,2.68,3.62,2.67,2.12,2.5,3.44,2.65,2.88,2.04,3.72,2.65,2.42,2.02,2.31,3.07,1.75,1.62,2.83,2.92,3.66,4.53,Surveying and Mapping Technicians,Architecture & Engineering,0.0852324,0.0852875200234788,28410.0,31840.0,36910.0,34960.0,37720.0,44180.0,59070.0,61070.0,65240.0,75190.0,77310.0,80870.0,53030.0,56580.0,56720.0,52346.630000000005,51001.58,51940.0,6.958325476145578,6.694323967565528,0.2474372569812654,-0.7768026327578387,-2.569506384651701,1.839982212315772,-0.28606901009403196,0.11111168396229967,291,367,76,76,0,Low Exposure Manual & Technical
19-1011,2.0,2.62,3.88,2.0,4.0,2.0,1.0,1.25,1.38,1.38,3.0,1.62,3.0,3.75,1.75,1.62,1.38,2.12,4.0,3.88,1.12,3.25,2.75,2.0,3.88,1.5,3.25,4.0,4.0,3.25,3.0,1.5,4.0,1.5,1.88,2.0,3.12,1.38,2.0,4.0,3.75,2.25,1.0,1.5,2.0,2.62,2.12,2.62,2.75,1.88,4.0,4.0,4.55,2.7,3.41,4.09,4.0,2.48,3.3,3.91,3.7,4.0,1.78,4.04,3.65,3.61,4.43,3.43,2.09,4.04,2.78,4.26,3.7,4.43,3.91,3.13,2.77,3.91,2.7,2.59,2.82,4.35,4.09,1.87,1.78,3.22,3.45,3.45,2.43,4.24,4.09,4.26,4.48,Animal Scientists,"Life, Physical & Social Science",1.041358,1.0420313721690708,38260.0,45910.0,48440.0,47130.0,54770.0,59610.0,80830.0,101100.0,128450.0,111740.0,145780.0,235750.0,2690.0,2520.0,2470.0,70128.90000000001,75010.59,79120.0,-8.178438661710038,-6.319702602230483,-1.984126984126984,12.820819947268516,6.961024627507328,5.478439777636736,1.0550251487560245,-0.6811639420939272,155,131,-24,24,3,Highest Exposure Knowledge & Management
19-1012,2.12,2.12,4.0,2.12,4.0,2.0,1.0,1.88,1.62,2.0,3.12,2.25,3.38,3.75,1.0,1.75,1.62,2.25,4.0,4.0,2.12,3.25,2.75,2.0,4.0,1.0,3.38,4.0,4.0,3.62,3.12,1.0,4.12,1.88,2.12,1.62,3.0,1.12,1.0,3.5,3.5,3.0,1.0,2.0,1.88,2.62,2.12,3.12,2.62,2.0,4.0,4.0,4.09,2.41,3.59,3.41,4.33,3.27,3.43,3.18,3.59,4.55,2.32,3.91,3.57,4.36,4.41,3.36,3.05,4.23,3.36,3.81,3.27,4.27,3.95,3.14,2.32,4.09,3.09,2.95,1.95,4.05,3.9,2.32,2.05,3.18,3.27,2.64,2.59,4.18,3.5,4.0,3.86,Food Scientists and Technologists,"Life, Physical & Social Science",0.7943575,0.79487115613481,40360.0,47900.0,49580.0,52790.0,62160.0,65240.0,94800.0,102810.0,111700.0,124660.0,132230.0,141860.0,13460.0,14720.0,14370.0,80212.11,86328.66,85310.0,6.760772659732541,9.36106983655275,-2.377717391304348,6.355511655284968,7.625469520749426,-1.1799789316780818,0.8581757695971359,-0.5017669645021426,204,177,-27,27,3,Highest Exposure Knowledge & Management
19-1013,2.12,2.12,4.0,2.12,4.0,2.62,1.12,2.0,1.25,2.12,3.0,2.62,3.38,3.5,1.75,1.75,1.62,2.0,4.0,4.0,2.0,3.12,2.88,2.0,3.75,1.75,3.12,4.0,4.0,3.88,3.0,1.75,3.88,1.62,1.62,1.75,3.0,1.62,1.75,3.75,3.38,2.88,1.5,2.12,2.12,2.75,2.38,2.88,2.88,1.75,4.0,4.0,4.48,2.62,3.33,3.9,4.19,2.48,3.38,3.86,3.24,4.2,2.05,3.43,3.95,3.75,4.2,3.57,2.57,4.0,3.1,4.05,3.38,4.29,3.76,3.14,3.0,4.0,2.9,3.1,3.19,4.29,3.67,2.24,2.48,2.86,3.81,2.76,2.57,4.05,3.67,4.33,4.62,Soil and Plant Scientists,"Life, Physical & Social Science",0.6320696,0.6324783171577775,38410.0,38520.0,45320.0,49630.0,50220.0,57950.0,82420.0,94290.0,98110.0,111480.0,123480.0,131440.0,14150.0,16010.0,16600.0,73501.6,71054.13,71410.0,17.314487632508836,13.14487632508834,3.685196752029981,-2.845652339540916,-3.3298186706139745,0.5008435118408956,0.7570552137172175,-0.32535948217337035,226,205,-21,21,1,Moderate Exposure Service & Healthcare
19-1021,2.75,2.0,4.0,2.12,4.0,1.88,1.0,1.12,1.0,1.38,2.88,2.62,3.62,3.75,1.0,1.0,1.0,1.88,4.25,4.0,2.25,4.0,3.0,1.75,4.0,1.0,3.5,4.12,4.12,3.75,3.12,1.0,3.88,1.62,1.75,1.5,3.0,1.0,1.0,3.75,3.12,3.0,1.0,1.0,1.75,2.25,2.12,2.88,3.25,2.12,4.25,4.25,4.95,2.6,3.75,3.47,4.35,3.45,3.26,4.32,3.32,4.75,3.1,3.6,4.3,3.53,4.7,3.85,2.75,4.55,4.0,4.5,3.95,4.7,4.35,3.32,2.15,4.1,3.25,2.35,1.95,4.7,3.35,3.42,2.55,2.65,3.55,2.58,2.65,4.75,4.15,4.75,4.67,Biochemists and Biophysicists,"Life, Physical & Social Science",0.9060509,0.9066367795793014,50620.0,61540.0,64890.0,66550.0,78700.0,78730.0,132200.0,133150.0,134460.0,182870.0,171010.0,168900.0,31360.0,32500.0,34520.0,109891.87,112218.61,103650.0,10.076530612244898,3.635204081632653,6.215384615384616,-5.680010723268254,2.1172994872141047,-7.635640826419077,1.2792722851832303,-0.7427944808974398,186,84,-102,102,3,Highest Exposure Knowledge & Management
19-1022,2.75,2.0,4.0,2.75,4.0,2.12,1.0,1.5,1.38,1.5,2.88,3.0,3.75,3.75,1.0,1.38,1.38,2.0,4.12,3.88,2.62,2.88,2.75,2.12,3.75,1.0,2.88,4.0,4.0,3.12,3.0,1.0,4.0,2.0,2.12,1.75,3.5,1.0,1.0,3.12,3.62,2.62,1.0,1.5,2.0,2.62,2.0,3.0,3.0,1.88,4.25,4.12,4.32,2.45,3.09,3.55,4.18,3.73,3.14,3.48,3.09,4.27,2.59,3.59,3.71,4.23,4.27,3.27,3.05,4.0,3.41,3.95,3.43,4.0,4.09,3.77,2.23,4.23,3.23,2.59,2.18,4.14,3.0,2.45,2.45,2.59,3.77,2.05,2.95,3.76,3.55,3.95,4.36,Microbiologists,"Life, Physical & Social Science",0.6955647,0.6960144745061108,43500.0,46270.0,51220.0,54760.0,59110.0,63920.0,108390.0,108120.0,120750.0,133280.0,136630.0,150650.0,18270.0,19710.0,19760.0,87980.95,88631.19,87330.0,8.15544608648057,7.881773399014778,0.2536783358701167,-0.7398760754458744,0.7390690825684484,-1.4680949223405466,0.6879213822616611,-0.447879842768366,219,213,-6,6,1,Moderate Exposure Service & Healthcare
19-1023,2.38,2.38,3.5,2.0,4.0,2.0,1.0,2.0,2.0,2.0,3.0,2.25,3.12,3.38,2.0,2.0,2.0,2.5,4.0,3.75,2.0,3.0,2.25,2.0,3.5,2.0,3.0,4.0,4.0,3.25,3.0,2.0,3.75,2.0,2.0,2.0,3.25,2.0,2.12,3.75,3.62,2.25,1.25,2.0,2.0,3.0,2.0,2.75,2.88,2.0,4.0,4.0,3.96,2.61,3.07,4.46,4.38,2.71,3.53,3.91,3.64,3.86,2.25,4.32,3.54,3.85,4.39,3.15,2.59,4.18,3.07,3.76,3.46,4.34,3.9,3.3,3.8,4.21,3.45,2.97,4.12,3.99,3.88,1.62,2.45,3.51,3.85,2.61,2.7,3.88,3.24,4.02,4.45,Zoologists and Wildlife Biologists,"Life, Physical & Social Science",0.3175953,0.3178006710589924,38880.0,44610.0,48240.0,49860.0,52960.0,58360.0,79000.0,83070.0,90590.0,101780.0,104750.0,113350.0,19250.0,17410.0,16920.0,73583.01000000001,72891.83,72860.0,-12.103896103896105,-9.55844155844156,-2.8144744399770247,-0.9825773639866175,-0.9393200957666824,-0.0436674453090308,0.5580779155415445,-0.1470391474797648,263,239,-24,24,1,Moderate Exposure Service & Healthcare
19-1029,2.3125,2.0625,3.9375,2.095,3.97,2.09,1.0,1.28,1.125,1.47,3.09,2.5925,3.345,3.815,1.125,1.22,1.22,2.095,4.1225000000000005,3.94,1.9375,3.88,2.7775,1.655,3.8775,1.0625,3.4975,4.1850000000000005,4.0925,3.5925,3.0,1.155,3.97,1.375,1.56,1.2475,3.1575,1.155,1.125,3.755,3.5325,2.91,1.0,1.2175,1.5,2.655,1.8425,2.81,2.91,1.69,4.4350000000000005,4.2175,4.585,2.575,3.3425,3.7325,4.195,2.58,3.365,3.965,3.37,4.2475000000000005,2.1225,3.745,3.8425,3.09,4.565,3.58,2.4925,4.205,3.0325,4.0625,3.41,4.5325,3.6725,3.28,1.7275,4.1625,2.9975,2.1925,2.09,4.55,3.1225,2.1475,1.855,2.875,3.535,2.2925,2.4725,4.2825,3.87,4.51,4.58,Bioinformatics Scientists,"Life, Physical & Social Science",1.010193,1.0108462201847317,48670.0,50730.0,54500.0,63360.0,63920.0,67950.0,101000.0,114670.0,121350.0,133080.0,155570.0,159780.0,40100.0,55300.0,59710.0,95621.86,94371.3,93330.0,48.90274314214464,37.90523690773068,7.974683544303797,-2.3967950424725064,-1.3078181077004754,-1.1034074978303816,1.2818813392345896,-0.9259588073490459,168,83,-85,85,3,Highest Exposure Knowledge & Management
19-1031,2.4966666666666666,2.373333333333333,3.25,2.1633333333333336,3.706666666666667,2.3766666666666665,1.0833333333333333,2.083333333333333,1.6666666666666667,2.04,3.2099999999999995,2.21,3.1266666666666665,3.25,1.92,1.92,1.79,2.2533333333333334,3.543333333333333,3.5033333333333334,2.2066666666666666,2.7900000000000005,2.54,2.293333333333333,3.4599999999999995,1.8733333333333333,2.793333333333333,4.0,4.0,3.206666666666667,2.873333333333333,2.0,3.71,1.8766666666666667,1.8333333333333333,1.96,2.9599999999999995,1.8333333333333333,2.293333333333333,3.706666666666667,3.5033333333333334,2.4533333333333336,1.2933333333333332,2.083333333333333,2.293333333333333,2.6266666666666665,2.42,2.793333333333333,2.8800000000000003,2.0033333333333334,3.9166666666666665,3.75,3.936666666666667,2.7100000000000004,3.37,4.11,4.41,2.6366666666666667,3.65,3.583333333333333,3.486666666666667,4.003333333333333,2.32,4.206666666666667,3.3833333333333333,3.796666666666667,4.233333333333333,3.3433333333333333,2.9966666666666666,3.753333333333333,3.206666666666667,3.943333333333333,3.293333333333333,4.1,3.753333333333333,3.35,3.4066666666666663,3.9466666666666654,3.4933333333333336,3.59,4.21,3.790000000000001,3.2066666666666666,1.9466666666666663,2.25,3.65,3.813333333333334,2.786666666666666,2.813333333333333,3.953333333333333,3.56,4.13,4.18,Conservation Scientists,"Life, Physical & Social Science",0.0690313,0.0690759440307473,39270.0,41360.0,45260.0,49480.0,50230.0,53190.0,79630.0,82750.0,87980.0,98060.0,102670.0,107720.0,22070.0,22880.0,25590.0,72873.58,69681.26,67950.0,15.949252378794744,3.670140462165836,11.844405594405597,-6.75633062078191,-4.380627382379193,-2.484541754841969,0.4305592664032151,-0.039265138349036305,294,259,-35,35,1,Moderate Exposure Service & Healthcare
19-1032,2.88,2.38,3.88,2.75,3.88,2.62,1.0,2.25,2.0,2.0,3.25,2.38,3.38,3.0,2.0,2.0,2.0,2.5,3.88,3.88,2.0,2.88,2.5,2.5,3.62,2.0,2.88,4.0,3.88,3.25,2.88,2.0,3.75,2.0,2.25,2.0,3.0,2.0,2.62,3.62,3.62,2.62,1.75,2.12,2.62,2.88,3.12,2.75,3.12,2.0,3.88,3.75,3.92,2.36,2.96,4.34,4.36,3.11,3.74,3.66,3.48,4.33,2.83,4.14,3.71,4.23,4.04,2.97,3.07,3.88,4.04,3.85,3.76,4.48,4.24,3.58,3.83,4.14,4.11,3.77,3.72,3.84,3.46,2.12,2.57,3.48,4.11,2.64,2.59,3.28,3.04,3.46,3.95,Foresters,"Life, Physical & Social Science",-0.184381,-0.1845002180164506,38890.0,45260.0,49240.0,49300.0,51710.0,58810.0,74400.0,79660.0,85450.0,90080.0,97460.0,103220.0,9510.0,9430.0,9650.0,71861.77,69421.81999999999,70660.0,1.4721345951629865,-0.8412197686645636,2.332979851537646,-1.672335652183357,-3.3953380218717286,1.783560269667387,0.18274758375783465,0.27117199376087964,334,301,-33,33,1,Moderate Exposure Service & Healthcare
19-1041,1.0,1.75,4.0,1.0,4.12,1.38,1.0,1.0,1.0,1.0,2.88,1.75,3.62,4.0,1.0,1.12,1.0,1.62,4.38,3.75,1.12,3.62,2.88,1.0,3.75,1.0,3.38,4.38,4.25,3.88,3.0,1.0,4.25,1.0,1.0,1.0,3.12,1.0,1.0,4.0,3.75,3.0,1.0,1.0,1.0,2.75,1.62,2.5,3.0,1.5,4.38,4.25,4.95,2.42,3.47,4.42,4.28,1.37,3.56,3.78,3.89,4.11,1.32,4.0,3.72,3.44,4.53,3.33,1.32,4.06,1.84,4.58,2.67,4.63,3.26,2.94,1.32,4.0,2.94,1.33,3.22,4.58,3.68,1.21,1.11,2.78,3.5,2.63,2.68,4.11,3.78,4.53,4.58,Epidemiologists,"Life, Physical & Social Science",1.436287,1.437215742071944,44000.0,51170.0,56950.0,56220.0,62320.0,68040.0,92600.0,100940.0,106040.0,119290.0,123430.0,134860.0,7410.0,9430.0,11460.0,82561.37,84880.12,83980.0,54.655870445344135,27.26045883940621,21.52704135737009,1.718273328070991,2.8085168644851706,-1.0604603292266734,1.891593641034235,-1.6574053160402509,16,2,-14,14,3,Highest Exposure Knowledge & Management
19-1042,2.5,1.88,4.0,2.12,4.0,1.75,1.0,1.25,1.0,1.12,2.88,2.75,3.25,3.25,1.0,1.0,1.0,1.88,4.12,4.0,2.25,3.38,3.0,1.12,3.75,1.0,3.12,4.0,4.12,3.25,3.0,1.0,3.88,1.0,1.0,1.0,3.12,1.0,1.0,4.0,3.75,3.0,1.0,1.0,1.0,2.88,1.5,2.88,2.5,1.5,4.0,4.12,4.14,2.66,3.13,2.36,4.47,2.23,2.93,3.27,3.48,4.07,1.8,3.82,4.03,3.14,4.27,2.8,1.75,4.07,3.34,3.63,2.91,4.26,3.26,2.21,2.35,4.1,2.5,2.08,1.36,4.06,3.31,1.87,2.13,1.86,3.69,1.79,1.87,4.32,3.55,4.58,4.25,"Medical Scientists, Except Epidemiologists","Life, Physical & Social Science",1.279928,1.2807556368539343,49020.0,58190.0,61860.0,61920.0,66780.0,77260.0,121850.0,132870.0,133870.0,159680.0,170260.0,168210.0,127180.0,110550.0,156300.0,103262.77,108024.33,100590.0,22.89668186821828,-13.075955338889765,41.38398914518318,-2.5883191008724675,4.611110083527682,-6.8820885072835,1.192354217993681,-1.1109416536080003,98,102,4,4,3,Highest Exposure Knowledge & Management
19-2011,1.38,1.88,3.62,1.25,4.12,2.0,1.0,1.0,1.0,1.0,3.75,1.62,3.88,3.75,1.0,1.0,1.0,1.88,4.12,3.88,1.25,4.0,2.88,1.0,3.88,1.62,4.0,4.12,4.12,3.75,3.12,1.0,3.62,1.0,1.0,1.0,3.5,1.0,1.5,3.88,3.38,2.62,1.0,1.0,1.0,2.62,1.75,3.0,2.88,1.5,4.12,4.12,4.87,2.52,3.0,3.64,3.91,2.09,3.0,3.52,3.0,4.0,2.0,3.48,4.0,2.65,4.83,3.0,1.91,4.17,2.48,3.78,2.74,4.41,2.57,2.26,1.43,3.78,2.39,1.83,2.33,4.65,2.74,2.04,1.87,2.14,3.13,2.09,1.87,4.17,3.57,4.57,4.91,Astronomers,"Life, Physical & Social Science",1.373737,1.3746252958463572,59420.0,63390.0,70730.0,79010.0,83980.0,94990.0,160650.0,166020.0,177690.0,185780.0,181510.0,191880.0,2070.0,2160.0,1560.0,133268.17,138724.72999999998,132170.0,-24.637681159420293,4.3478260869565215,-27.77777777777778,-0.8240302241713177,4.094421045925646,-4.724990273904287,1.433351402390751,-1.286330269356268,39,45,6,6,3,Highest Exposure Knowledge & Management
19-2012,1.0,2.25,3.88,1.0,4.12,2.38,1.0,1.0,1.0,1.0,3.0,2.38,3.38,4.12,1.0,1.0,1.0,2.0,4.12,4.0,1.0,4.75,2.88,1.0,3.88,1.0,4.25,4.12,4.12,4.12,3.0,1.0,4.0,1.0,1.0,1.0,3.25,1.0,1.12,3.88,3.88,3.38,1.0,1.0,1.0,2.62,1.62,2.75,3.62,1.12,4.25,4.0,4.59,2.38,3.09,3.75,4.05,2.33,2.98,3.67,2.87,4.15,2.61,3.33,3.82,3.56,4.53,2.69,1.92,4.29,2.8,3.78,3.57,4.34,3.62,2.88,1.36,3.71,2.33,1.66,2.08,4.39,3.34,1.93,1.58,2.32,3.2,2.43,1.72,4.14,3.35,4.34,4.57,Physicists,"Life, Physical & Social Science",1.345736,1.346606189775012,62470.0,74760.0,80020.0,88670.0,108050.0,117450.0,164210.0,176280.0,210260.0,201990.0,219760.0,,16730.0,18840.0,21340.0,142874.55000000002,154420.85,166290.0,27.55528989838613,12.61207411835027,13.26963906581741,16.38881802252394,8.081425278329826,7.686235375598563,1.5036800053670727,-1.3135640029204418,57,33,-24,24,3,Highest Exposure Knowledge & Management
19-2021,1.38,1.88,3.38,1.0,4.0,1.62,1.0,1.38,1.0,1.0,3.0,1.38,3.38,3.25,1.0,1.0,1.0,1.88,4.12,3.75,1.25,3.5,2.88,1.0,3.75,1.0,3.0,4.12,4.25,3.0,2.88,1.0,3.88,1.0,1.0,1.0,2.88,1.0,1.0,3.88,3.75,2.88,1.0,1.0,1.0,2.62,1.75,2.75,2.62,1.62,4.12,3.88,4.75,2.0,3.05,4.0,3.85,1.9,3.16,3.2,3.3,3.45,1.79,3.55,3.11,3.05,4.6,3.1,1.4,3.7,2.3,4.21,3.4,4.1,3.1,2.16,1.3,3.8,2.55,1.5,2.8,4.25,3.2,1.95,1.63,2.45,3.26,1.8,2.3,3.84,3.45,4.25,4.79,Atmospheric and Space Scientists,"Life, Physical & Social Science",1.373917,1.3748054122383735,49700.0,50490.0,49990.0,70050.0,66210.0,69440.0,119110.0,115400.0,128940.0,147160.0,141520.0,160710.0,9290.0,9900.0,8780.0,110926.94,90566.18,97450.0,-5.489773950484392,6.566200215285253,-11.313131313131311,-12.149384090104714,-18.35510832625511,7.600872643629231,1.3772297539914935,-1.4048176354988058,38,50,12,12,3,Highest Exposure Knowledge & Management
19-2031,3.0,2.0,3.88,2.62,4.0,2.0,1.0,1.38,1.25,1.75,2.62,3.0,3.38,3.12,1.0,1.38,1.62,2.12,4.0,3.88,2.75,3.75,2.75,2.25,3.88,1.0,3.62,4.0,4.0,3.0,3.12,1.0,3.88,1.62,1.88,1.75,3.0,1.0,1.12,3.12,3.25,2.62,1.0,1.62,1.75,2.75,2.25,3.12,3.0,1.88,4.0,4.0,4.19,2.51,3.07,2.89,3.91,3.26,3.2,3.21,3.35,4.39,2.55,3.15,3.56,3.95,4.1,2.86,3.06,4.08,3.72,3.76,3.38,4.09,3.75,3.03,2.04,3.78,2.5,3.02,1.52,3.88,3.0,2.36,2.7,2.94,3.51,2.65,2.51,3.34,3.47,4.04,3.82,Chemists,"Life, Physical & Social Science",0.5011251,0.5014491455225043,44460.0,49050.0,53210.0,57090.0,61960.0,63930.0,104670.0,109270.0,120210.0,133690.0,139200.0,154430.0,83530.0,83940.0,83250.0,90283.69,87204.27,84150.0,-0.3352089069795283,0.4908416137914521,-0.8220157255182273,-6.79379631027487,-3.410826473751791,-3.5024317043190707,0.5591105604880475,-0.38882556475017893,244,237,-7,7,1,Moderate Exposure Service & Healthcare
19-2032,2.0,2.12,3.88,1.88,4.0,2.0,1.0,1.0,1.0,1.0,3.0,1.75,3.25,3.38,1.0,1.0,1.0,2.0,4.0,3.88,1.62,3.25,2.5,1.25,3.75,1.0,3.12,4.0,4.0,3.25,3.0,1.0,4.0,1.75,1.75,1.25,2.88,1.0,1.0,3.12,3.12,2.5,1.0,1.0,1.0,2.62,1.62,2.75,3.0,2.0,4.0,4.0,4.38,2.14,3.19,3.67,4.0,2.81,3.05,3.1,3.29,4.05,2.62,3.43,3.65,3.86,4.38,3.24,2.19,4.0,3.86,3.95,3.19,4.33,4.32,2.81,1.33,3.57,2.43,1.95,2.0,4.38,3.05,2.1,2.25,2.33,3.24,2.43,2.43,4.05,3.48,4.19,4.19,Materials Scientists,"Life, Physical & Social Science",1.032757,1.0334248105705692,51950.0,61730.0,61460.0,69060.0,80900.0,79980.0,126310.0,135250.0,134140.0,157780.0,165840.0,168500.0,6710.0,7620.0,8330.0,112590.03,112834.78,104160.0,24.14307004470939,13.561847988077496,9.317585301837273,-7.487368108881398,0.2173815923132803,-7.688037323243773,0.9687359240568582,-0.9041556030392719,160,154,-6,6,3,Highest Exposure Knowledge & Management
19-2041,1.4075,1.97,3.47,1.4075,4.03,1.9375,1.0,1.22,1.06,1.345,3.0625,1.6875,3.1875,3.25,1.4075,1.28,1.28,2.0,4.03,3.72,1.4075,3.28,2.5325,1.47,3.625,1.31,3.0625,3.9675,3.97,3.185,2.6575,1.3425,3.875,1.345,1.345,1.345,2.91,1.28,1.47,3.6575,3.625,2.7175,1.22,1.25,1.315,2.4975,1.78,2.375,2.7475,1.3725,4.03,4.0,4.41,1.895,2.9175,4.155,4.1625,1.645,3.17,3.62,3.255,3.76,1.9075,3.75,3.67,3.885,4.6375,2.985,1.6175,3.8625,2.55,4.1025,3.0175,4.15,3.5725,2.6775,1.9275,3.835,2.7025,2.1575,2.85,4.0875,3.605,1.55,1.455,3.0250000000000004,3.3600000000000003,2.6125,2.365,3.61,3.1100000000000003,4.1975,4.41,"Environmental Scientists and Specialists, Including Health","Life, Physical & Social Science",1.014113,1.014768754944193,42810.0,46920.0,50130.0,54100.0,59060.0,62090.0,95140.0,100670.0,103730.0,124760.0,130770.0,134830.0,84290.0,77270.0,84930.0,82991.68000000001,82674.87999999999,80060.0,0.7592834262664611,-8.328390081860244,9.913291057331437,-3.532498679385702,-0.3817250114710504,-3.162847046164434,1.1316231233595142,-1.080774841422206,166,113,-53,53,3,Highest Exposure Knowledge & Management
19-2042,2.0,2.0,4.0,2.0,4.0,1.88,1.0,1.75,1.12,1.62,3.25,1.75,3.25,3.38,1.75,1.88,1.75,1.75,4.12,3.88,1.75,3.75,2.38,2.0,3.62,1.62,3.25,4.0,4.0,3.12,3.0,1.75,4.0,1.88,1.88,1.88,3.0,1.62,2.0,3.75,3.62,2.88,1.38,1.75,1.75,2.25,2.25,2.62,3.0,2.0,4.12,4.0,4.68,2.03,3.26,4.0,4.39,2.31,3.44,3.62,3.19,4.03,2.41,3.88,3.39,3.31,4.69,3.32,2.47,4.38,2.42,4.03,3.23,4.19,3.69,2.94,2.67,4.03,2.84,2.73,2.84,4.32,3.58,1.97,2.0,2.81,3.27,2.52,2.41,4.25,3.88,4.34,4.44,"Geoscientists, Except Hydrologists and Geographers","Life, Physical & Social Science",0.7143481,0.7148100202716373,51000.0,49150.0,58790.0,65180.0,62770.0,72440.0,130870.0,131610.0,134350.0,187910.0,173620.0,178880.0,29200.0,25230.0,22510.0,107042.52,94565.88,99240.0,-22.910958904109588,-13.595890410958903,-10.78081648830757,-7.289178169572244,-11.655779404296547,4.94271295312856,0.9365113600236823,-0.6032899242338178,214,159,-55,55,3,Highest Exposure Knowledge & Management
19-2043,2.0,2.12,3.75,2.12,3.88,2.12,1.0,1.88,1.5,2.0,3.12,2.25,3.62,3.5,1.25,1.88,1.88,2.25,3.88,3.62,2.12,3.88,2.88,2.0,3.75,1.25,3.25,4.0,4.0,3.25,3.25,1.38,3.88,1.25,1.25,1.38,2.88,1.38,1.75,3.5,3.62,2.75,1.12,2.12,2.12,2.25,2.12,2.62,3.0,1.88,4.0,4.0,4.82,1.91,3.09,3.86,4.0,2.14,3.36,3.68,3.23,4.27,2.14,3.59,3.68,3.32,4.64,3.41,2.27,4.18,2.77,4.18,3.09,4.45,4.0,2.86,2.36,3.81,2.32,2.55,2.68,4.18,3.5,2.59,2.05,2.77,3.36,2.55,2.55,3.95,3.27,4.14,4.64,Hydrologists,"Life, Physical & Social Science",0.6405071,0.640921273033531,51220.0,54590.0,60010.0,63650.0,66580.0,73330.0,104280.0,110880.0,114940.0,127400.0,150490.0,139420.0,6440.0,6270.0,5720.0,94517.01,92955.19,92060.0,-11.180124223602483,-2.639751552795031,-8.771929824561402,-2.599542664331012,-1.652422140734252,-0.9630339091340704,0.8806588203875602,-0.5656675488070896,224,172,-52,52,3,Highest Exposure Knowledge & Management
19-2099,2.0,2.0,3.75,2.12,4.25,2.0,1.0,1.12,1.0,1.12,3.0,2.38,3.5,3.62,1.0,1.12,1.0,2.0,4.25,3.88,1.88,3.88,2.62,1.0,4.0,1.0,3.62,4.0,4.0,3.38,3.0,1.0,4.0,1.25,1.38,1.0,3.0,1.0,1.38,3.62,3.38,2.5,1.0,1.0,1.12,2.5,1.75,2.5,3.12,1.38,4.0,4.0,4.56,1.68,3.16,3.72,4.17,2.56,3.2,3.72,3.48,4.21,2.44,3.52,4.0,3.88,4.46,3.26,1.76,4.08,2.79,4.28,3.4,4.33,3.67,2.92,2.04,4.08,3.0,2.04,2.42,4.58,3.42,2.44,1.56,2.52,3.64,2.24,2.56,4.12,3.76,4.16,4.8,Remote Sensing Scientists and Technologists,"Life, Physical & Social Science",1.140157,1.1408942578068284,51680.0,56520.0,61990.0,77460.0,80530.0,82450.0,139300.0,143350.0,154900.0,165270.0,176280.0,191880.0,17550.0,19820.0,22580.0,127825.33,116715.57,117960.0,28.66096866096866,12.934472934472934,13.925327951564077,-7.717820873218166,-8.691360311762942,1.0662073620511878,1.2929053290757795,-1.087113063815589,136,76,-60,60,3,Highest Exposure Knowledge & Management
19-3011,1.0,1.435,3.185,1.0,3.94,1.375,1.0,1.0,1.0,1.0,2.565,1.5,2.94,3.565,1.0,1.0,1.0,1.815,4.0,3.25,1.0,4.12,2.94,1.0,3.625,1.0,3.69,4.0,4.0,3.185,2.63,1.0,3.75,1.0,1.0,1.0,2.935,1.06,1.0,3.94,3.62,2.44,1.0,1.0,1.0,2.19,1.5,1.875,2.565,1.25,4.1850000000000005,4.0,4.885,1.68,2.985,3.95,4.015,1.175,2.475,3.33,2.575,3.4,1.08,3.18,3.73,2.84,4.725,2.725,1.0950000000000002,3.78,1.22,4.325,3.33,4.085,2.385,2.025,1.02,3.555,2.335,1.135,2.265,4.545,3.34,1.14,1.02,2.235,2.66,2.1950000000000003,1.855,4.005,3.75,4.345,4.69,Economists,"Life, Physical & Social Science",1.403764,1.4046717119745058,59450.0,62480.0,62340.0,78800.0,81810.0,82260.0,143620.0,156940.0,166030.0,185020.0,207230.0,212710.0,19000.0,16370.0,15880.0,122138.26,123169.14,115440.0,-16.42105263157895,-13.842105263157894,-2.993280390959072,-5.484161965300642,0.8440270886452698,-6.275224459633313,1.5233777765292689,-1.7439850350308645,26,29,3,3,3,Highest Exposure Knowledge & Management
19-3022,1.12,1.75,3.5,1.12,4.12,1.38,1.0,1.0,1.0,1.0,2.88,1.38,3.25,3.38,1.0,1.0,1.0,1.75,4.5,4.12,1.25,4.0,2.62,1.0,4.0,1.0,3.88,4.12,4.12,3.12,2.62,1.0,3.5,1.0,1.0,1.0,3.0,1.0,1.12,4.0,3.88,2.88,1.0,1.0,1.0,2.12,1.75,1.75,2.0,1.62,4.25,4.38,4.68,2.15,3.31,4.23,4.12,1.6,3.62,3.81,3.58,4.0,1.28,3.96,3.84,3.36,4.31,3.38,1.46,3.48,1.96,4.31,2.92,4.4,3.16,3.27,1.12,4.19,3.08,1.38,2.68,4.68,3.62,1.46,1.19,2.81,3.72,2.31,2.85,3.96,3.58,4.08,4.76,Survey Researchers,"Life, Physical & Social Science",1.42653,1.4274524329780505,32150.0,30770.0,36950.0,43030.0,44150.0,46110.0,79920.0,80620.0,85370.0,108860.0,104890.0,118730.0,9930.0,7880.0,7720.0,68814.71,65303.21,63380.0,-22.25579053373616,-20.64451158106748,-2.030456852791878,-7.897599219701726,-5.102833391290913,-2.945046652377424,1.7265149653289182,-1.67347990998752,20,6,-14,14,3,Highest Exposure Knowledge & Management
19-3032,1.0,1.75,3.75,1.0,4.12,1.5,1.0,1.0,1.0,1.0,3.0,1.5,2.88,3.88,1.0,1.0,1.0,1.88,4.12,4.0,1.0,3.88,2.62,1.0,3.75,1.0,3.12,4.25,4.38,3.88,2.75,1.0,4.0,1.0,1.0,1.0,3.12,1.0,1.0,4.0,4.0,2.75,1.0,1.0,1.0,2.25,1.38,2.12,2.62,1.0,4.38,4.25,4.6,2.42,4.32,4.04,4.54,1.24,3.6,4.12,3.92,3.88,1.0,4.64,2.88,3.96,4.73,3.6,1.2,3.65,1.27,4.62,3.85,4.68,2.81,2.8,1.0,4.36,3.0,1.4,2.04,4.48,4.76,1.08,1.0,3.4,3.26,3.4,3.71,3.64,4.16,4.36,4.56,Industrial-Organizational Psychologists,"Life, Physical & Social Science",1.402475,1.4033818784783465,51080.0,72490.0,51880.0,61380.0,85990.0,80790.0,148170.0,209630.0,198170.0,197700.0,210030.0,224590.0,630.0,1280.0,1050.0,108019.44,150561.68,109840.0,66.66666666666666,103.1746031746032,-17.96875,1.6854003316440058,39.383873865667134,-27.046510108016857,2.005276387581754,-1.8007221070882902,27,1,-26,26,3,Highest Exposure Knowledge & Management
19-3039,2.06,2.315,3.815,1.88,4.315,1.625,1.06,1.06,1.06,1.06,2.94,1.94,3.31,3.25,1.0,1.06,1.06,2.19,4.38,3.685,1.94,3.0,2.94,1.06,3.62,1.0,2.685,4.625,4.5,3.12,2.94,1.0,4.1850000000000005,1.06,1.06,1.12,3.25,1.0,1.185,3.875,3.94,2.875,1.06,1.06,1.125,2.815,2.25,2.185,2.5,2.06,4.62,4.375,4.734999999999999,4.41,3.27,4.105,4.005,1.83,2.915,3.29,2.85,4.675,1.43,4.2,3.085,3.55,4.815,3.15,2.145,4.27,2.375,4.675,3.94,4.57,3.82,2.46,1.145,3.9,3.185,1.6749999999999998,3.495,4.795,4.04,1.425,1.2000000000000002,2.94,3.2,1.92,2.23,3.31,3.965,4.529999999999999,4.125,Neuropsychologists,"Life, Physical & Social Science",1.389854,1.3907527174581522,46100.0,40000.0,51410.0,75740.0,68410.0,73820.0,114870.0,124020.0,145200.0,129530.0,138860.0,163570.0,14220.0,13900.0,17790.0,118381.77,115040.02,117580.0,25.105485232067508,-2.250351617440225,27.98561151079137,-0.6772748878480226,-2.822858620883954,2.207909908221513,1.4650859511509455,-1.3217063946949847,32,40,8,8,3,Highest Exposure Knowledge & Management
19-3041,1.0,1.62,3.5,1.0,4.0,1.38,1.0,1.0,1.0,1.0,2.5,1.12,2.75,3.25,1.0,1.0,1.0,1.62,4.12,3.12,1.0,3.0,2.5,1.0,3.62,1.0,2.38,4.25,4.25,3.12,2.12,1.0,3.5,1.0,1.0,1.0,2.75,1.0,1.0,3.88,3.62,2.12,1.0,1.0,1.0,2.12,1.75,1.75,2.0,1.38,4.12,4.12,4.79,2.35,3.25,3.9,3.95,1.45,3.35,3.65,2.85,4.05,1.05,3.9,3.55,3.0,4.85,3.05,1.25,4.0,1.85,4.65,3.79,3.95,3.21,2.55,1.2,4.0,2.95,1.5,3.11,4.63,3.26,1.25,1.0,2.74,3.26,2.21,2.3,4.35,4.3,4.5,4.37,Sociologists,"Life, Physical & Social Science",1.411125,1.412037471761341,46920.0,57490.0,60710.0,62460.0,71680.0,78150.0,108500.0,126920.0,134780.0,141770.0,166040.0,168590.0,2630.0,2980.0,2950.0,97017.46,106575.79,101690.0,12.167300380228136,13.307984790874524,-1.006711409395973,4.816184633157778,9.852175062097055,-4.584333834166272,1.5661953058702724,-1.674716244291635,24,21,-3,3,3,Highest Exposure Knowledge & Management
19-3051,1.0,2.0,3.5,1.62,3.88,1.88,1.0,1.0,1.0,1.0,3.0,1.88,3.0,3.62,1.0,1.0,1.0,1.75,3.88,3.62,1.0,3.0,2.25,1.62,3.88,1.0,3.0,4.12,4.12,3.25,2.62,1.0,4.0,1.0,1.0,1.0,2.88,1.0,1.75,4.0,3.88,2.25,1.0,1.0,1.0,2.75,1.5,2.75,3.12,1.62,4.0,4.0,4.32,2.12,3.08,4.6,4.48,1.12,4.08,4.52,4.17,3.36,1.6,4.28,3.32,4.44,4.64,3.4,1.28,3.68,1.44,4.28,3.32,4.6,3.04,3.24,1.6,4.25,3.08,1.44,4.24,4.21,3.56,1.08,1.04,4.24,3.72,3.04,2.96,4.2,2.96,4.36,4.08,Urban and Regional Planners,"Life, Physical & Social Science",1.227516,1.228309746085342,45850.0,49960.0,55590.0,57960.0,62130.0,66210.0,94000.0,100500.0,104450.0,116280.0,121460.0,128550.0,38560.0,39880.0,43040.0,86469.05,85982.73999999999,83720.0,11.618257261410788,3.423236514522822,7.923771313941826,-3.1792300250783403,-0.5624093244924192,-2.631621183507284,1.5879449266013432,-1.3830229295377559,112,18,-94,94,3,Highest Exposure Knowledge & Management
19-3091,1.75,2.0,3.88,1.62,4.12,1.5,1.12,1.38,1.25,1.75,3.12,1.88,3.75,3.75,1.25,1.62,1.38,1.75,4.0,3.88,1.75,2.88,2.88,1.62,3.62,1.0,2.88,4.25,4.38,3.12,2.88,1.12,3.38,1.0,1.0,1.12,3.12,1.0,1.75,4.0,3.75,2.88,1.0,1.5,1.62,2.75,2.0,2.88,3.0,1.75,4.38,4.38,4.45,2.2,3.35,3.95,4.05,1.75,3.15,3.6,2.9,4.47,1.26,4.35,2.89,2.6,4.8,3.15,2.2,4.37,1.8,4.5,3.78,3.9,3.37,2.85,1.7,3.75,2.85,2.25,3.0,4.3,3.25,1.56,1.26,2.9,3.35,2.25,2.42,4.15,4.25,4.4,4.35,Anthropologists and Archeologists,"Life, Physical & Social Science",0.6965665,0.6970169222923424,39460.0,40260.0,44510.0,49760.0,50020.0,51240.0,81480.0,81120.0,83080.0,97950.0,100560.0,104510.0,6720.0,7350.0,8070.0,74048.21,69119.14,64910.0,20.089285714285715,9.375,9.79591836734694,-12.34089250773247,-6.656568740824399,-6.089688037206481,1.3598637883684448,-1.1332280419800815,218,55,-163,163,3,Highest Exposure Knowledge & Management
19-3092,1.12,1.75,3.62,1.12,4.0,1.5,1.0,1.5,1.0,1.12,3.0,1.38,3.12,3.25,1.12,1.0,1.0,1.75,4.12,3.75,1.25,3.0,2.75,1.0,3.88,1.0,3.0,4.0,4.0,3.12,3.12,1.0,3.62,1.0,1.0,1.0,2.88,1.0,1.25,3.75,3.75,2.5,1.0,1.0,1.0,2.5,1.88,2.75,3.0,1.38,4.12,4.12,4.58,2.2,2.8,3.42,4.0,2.0,3.0,3.63,2.89,4.1,2.15,3.75,3.05,3.25,4.45,2.5,2.05,3.95,1.9,4.2,3.35,3.95,3.1,2.3,1.53,3.84,2.58,2.25,3.47,4.5,3.15,1.8,1.4,2.7,3.05,1.95,2.05,4.0,3.74,4.25,4.55,Geographers,"Life, Physical & Social Science",1.436298,1.4372267491847894,52280.0,57430.0,62390.0,63300.0,67430.0,75590.0,97620.0,105360.0,117190.0,113140.0,121060.0,133680.0,1400.0,1360.0,1380.0,94831.02,96100.9,97200.0,-1.4285714285714286,-2.857142857142857,1.4705882352941175,2.498106632196929,1.339097691873387,1.1436937635339584,1.3099836773694131,-1.3398134618518125,15,72,57,57,3,Highest Exposure Knowledge & Management
19-3093,1.12,2.12,3.25,1.25,3.75,1.88,1.0,1.0,1.0,1.12,2.75,1.25,2.75,3.25,1.0,1.0,1.0,1.5,3.88,3.38,1.25,2.0,2.5,1.0,4.0,1.0,2.0,4.0,4.0,2.88,2.12,1.0,3.12,1.0,1.0,1.0,3.0,1.0,1.0,3.75,3.5,2.12,1.0,1.12,1.0,2.12,2.25,2.0,2.0,1.75,4.88,4.25,3.5,1.77,2.16,4.06,3.85,1.46,2.91,3.2,2.98,4.04,1.55,3.97,2.84,3.28,4.61,2.03,2.44,4.5,2.2,3.99,3.76,3.63,3.26,2.96,1.51,3.19,3.1,1.86,2.96,4.14,2.61,1.25,1.22,2.69,2.95,2.32,1.74,3.07,2.61,3.45,4.31,Historians,"Life, Physical & Social Science",1.098921,1.0996315936891898,29760.0,37280.0,38630.0,41880.0,47290.0,55190.0,89550.0,93340.0,96330.0,114810.0,123260.0,128500.0,3040.0,3120.0,3140.0,74059.84,69767.73999999999,74050.0,3.289473684210526,2.631578947368421,0.641025641025641,-0.0132865531440474,-5.795448653413248,6.137879770793794,1.0146716990539386,-1.3451522013202752,147,145,-2,2,2,High Exposure Analytical & Office
19-3094,1.0,1.88,3.12,1.0,3.75,1.38,1.0,1.0,1.0,1.0,2.5,1.5,2.88,3.12,1.0,1.0,1.0,1.62,4.0,3.25,1.0,3.0,2.88,1.0,3.62,1.0,2.12,4.12,4.12,3.12,2.12,1.0,3.62,1.0,1.0,1.0,2.88,1.0,1.0,4.0,3.88,2.25,1.0,1.0,1.0,2.38,1.75,1.62,2.12,1.25,4.62,4.0,4.8,2.35,3.32,3.85,4.12,1.46,2.76,3.46,2.54,3.76,1.04,3.52,3.54,3.23,4.79,2.84,1.27,4.52,1.48,4.54,4.04,3.88,3.56,2.31,1.15,3.85,2.76,1.15,2.5,4.6,3.46,1.31,1.15,2.5,3.24,2.12,2.35,4.23,4.48,4.69,4.2,Political Scientists,"Life, Physical & Social Science",1.418863,1.4197804753247878,60960.0,65200.0,74750.0,87990.0,89810.0,103030.0,148960.0,163320.0,172050.0,164210.0,176280.0,191880.0,6010.0,5660.0,5950.0,142141.86000000002,138389.62,139380.0,-0.9983361064891848,-5.823627287853577,5.123674911660777,-1.943030715934078,-2.639785352464094,0.7156461590110622,1.5165951780562148,-1.646103010536094,22,31,9,9,3,Highest Exposure Knowledge & Management
19-3099,1.12,2.0,3.25,1.38,4.0,1.75,1.0,1.0,1.0,1.0,3.12,1.62,3.12,4.0,1.0,1.0,1.0,1.88,4.0,3.62,1.12,3.12,2.88,1.25,3.75,1.0,3.0,4.0,4.0,3.62,2.88,1.0,3.88,1.0,1.0,1.0,3.0,1.0,1.5,3.75,3.5,3.0,1.0,1.0,1.0,2.62,1.75,2.38,3.88,1.62,4.0,4.0,4.6,2.5,3.53,4.35,4.25,1.3,3.65,4.15,3.75,3.7,2.05,4.05,3.7,3.85,4.75,3.5,1.5,3.95,1.9,4.35,3.2,4.33,3.3,3.1,1.65,3.95,3.15,1.55,3.4,4.35,3.8,1.25,1.21,3.58,3.26,3.3,3.2,4.05,3.3,4.25,4.45,Transportation Planners,"Life, Physical & Social Science",1.328048,1.3289067523195657,52820.0,56120.0,62570.0,66480.0,70990.0,79210.0,105320.0,113780.0,127880.0,126070.0,137020.0,160810.0,33690.0,33210.0,36970.0,96912.79,96100.9,100340.0,9.735826654793708,-1.4247551202137132,11.321890996687744,3.5363856514707623,-0.8377532005837556,4.411092924207792,1.5808433571047917,-1.3323678112561406,72,19,-53,53,3,Highest Exposure Knowledge & Management
19-4021,3.0,2.25,3.5,2.75,3.62,2.0,1.0,2.12,1.38,2.0,2.88,3.0,3.12,3.0,1.12,1.75,1.75,2.12,3.88,3.75,2.88,3.0,2.5,2.62,3.88,1.12,3.0,3.88,3.75,2.88,3.0,1.0,3.5,1.62,2.0,2.0,3.38,1.12,1.12,3.5,3.5,2.75,1.12,2.0,2.25,2.5,2.25,3.0,3.0,2.25,3.62,3.62,4.44,1.81,1.91,2.45,3.98,3.07,2.46,3.2,2.13,4.65,1.47,3.29,3.54,3.17,4.19,1.93,3.68,4.39,3.4,3.29,1.99,4.01,3.69,2.39,2.0,3.8,2.21,2.66,2.61,4.61,2.11,2.35,1.8,2.23,3.05,1.19,1.38,3.19,2.8,3.94,4.1,Biological Technicians,"Life, Physical & Social Science",0.3012355,0.3014302924473001,29540.0,33480.0,38060.0,35870.0,39040.0,45380.0,59210.0,63060.0,66410.0,73350.0,79110.0,81990.0,79530.0,73710.0,76190.0,53335.18,53671.65,52000.0,-4.199673079341129,-7.317993210109392,3.364536697870032,-2.503375820612212,0.6308594064930524,-3.1145865647879307,0.18563439074341243,-0.2710565424215902,265,299,34,34,1,Moderate Exposure Service & Healthcare
19-4031,3.12,2.62,3.62,3.12,3.62,1.88,1.0,2.0,1.25,2.0,2.88,3.12,3.12,3.0,1.0,2.0,1.75,2.12,3.75,3.75,3.12,3.12,2.75,2.88,4.0,1.0,3.0,3.75,3.62,3.0,3.0,1.0,3.75,2.12,2.12,1.88,3.12,1.0,1.38,3.38,3.25,3.0,1.88,1.88,2.12,2.62,2.25,3.0,3.12,2.12,4.0,3.88,4.0,2.6,2.56,2.6,4.15,3.61,3.17,2.89,2.58,4.49,2.91,2.93,3.37,4.08,4.06,2.24,3.64,3.86,4.23,3.17,3.7,4.27,4.33,2.55,2.46,4.18,2.76,3.17,1.61,4.33,2.87,3.22,2.33,2.23,3.02,1.66,2.0,2.75,3.44,3.74,4.14,Chemical Technicians,"Life, Physical & Social Science",0.0628057,0.0628463184188846,31110.0,35770.0,39030.0,37700.0,41430.0,46680.0,64200.0,64370.0,72940.0,80350.0,81610.0,90990.0,65760.0,56030.0,55640.0,57289.380000000005,54958.04,57790.0,-15.389294403892944,-14.796228710462286,-0.6960556844547563,0.8738443320559505,-4.069410421268311,5.152949413770941,0.06727458907133031,0.028616845859458364,296,321,25,25,1,Moderate Exposure Service & Healthcare
19-4051,3.06,2.69,3.375,2.935,3.75,2.25,1.125,1.94,1.56,2.25,3.125,3.0,3.315,2.815,1.94,2.0,2.12,2.75,3.81,3.815,2.935,3.0,2.56,2.435,3.69,1.375,2.87,3.94,3.81,2.875,3.62,1.44,4.0600000000000005,2.31,2.625,2.31,3.5,1.31,1.56,3.44,3.25,2.75,1.565,2.12,2.185,3.06,2.37,3.125,2.75,2.44,3.88,3.565,3.8,2.595,3.095,2.73,4.345,3.48,3.19,2.805,2.9000000000000004,4.475,2.245,3.25,3.39,4.19,4.3,2.565,2.905,4.335,4.15,3.2750000000000004,2.995,3.83,4.505,2.25,2.69,3.485,2.97,3.29,1.77,3.95,2.7750000000000004,2.76,2.605,2.4400000000000004,3.09,1.825,1.625,2.895,3.395,4.105,3.69,Nuclear Technicians,"Life, Physical & Social Science",0.1696743,0.1697840220400474,52860.0,63500.0,64370.0,64140.0,78410.0,83330.0,98430.0,107470.0,113710.0,117480.0,126050.0,126890.0,6420.0,5880.0,5990.0,95459.04,108554.02,104240.0,-6.697819314641744,-8.411214953271028,1.870748299319728,9.198667826535852,13.717904558855798,-3.9740766855064327,-0.07924348638679733,0.24165574633457124,278,344,66,66,1,Moderate Exposure Service & Healthcare
19-4061,1.0,1.88,3.0,1.0,3.5,1.75,1.0,1.38,1.0,1.0,2.75,2.5,2.88,3.0,1.0,1.0,1.0,1.75,3.25,3.62,1.25,3.12,2.38,1.0,3.38,1.0,3.0,4.0,4.0,3.0,2.62,1.0,3.12,1.0,1.12,1.0,3.12,1.0,1.0,3.25,3.12,2.38,1.0,1.0,1.0,2.0,1.88,2.0,2.62,1.5,4.0,3.75,4.5,1.89,2.47,3.31,4.42,1.51,2.97,3.38,2.5,4.26,1.28,3.46,3.18,2.78,4.29,2.5,1.45,3.72,1.63,3.91,2.35,3.35,2.71,2.23,1.18,3.79,3.08,1.19,2.69,4.67,2.71,1.25,1.0,2.17,2.76,2.18,2.01,3.22,3.13,3.6,4.73,Social Science Research Assistants,"Life, Physical & Social Science",1.204652,1.2054309617128112,28190.0,33860.0,36410.0,36840.0,41980.0,46190.0,61050.0,64100.0,73060.0,78800.0,82350.0,100620.0,35580.0,28720.0,32940.0,55254.130000000005,54558.07,58040.0,-7.419898819561552,-19.280494659921303,14.69359331476323,5.041921753179347,-1.259742936862828,6.382062268698288,1.0614280527953361,-1.4171309415429134,119,130,11,11,2,High Exposure Analytical & Office
19-4092,3.0,2.5,3.75,2.75,3.88,2.75,1.0,2.0,1.5,2.25,3.75,2.88,4.0,3.25,2.0,2.0,1.75,2.38,4.0,3.75,2.88,2.75,2.75,2.75,4.0,1.75,2.62,4.0,4.0,2.88,3.25,1.88,3.88,1.88,1.88,2.0,3.0,1.75,2.0,3.75,3.75,3.12,1.88,2.12,2.38,2.75,2.38,3.38,3.0,2.0,4.0,4.0,3.8,2.96,3.04,4.08,4.15,3.11,2.91,2.92,3.0,4.23,2.16,3.87,2.99,3.88,4.46,2.4,3.66,3.95,2.79,4.21,3.32,3.95,3.35,2.33,2.84,3.58,3.41,3.54,3.91,3.93,2.83,1.79,1.66,2.52,2.41,1.49,1.82,2.36,2.94,4.07,3.99,Forensic Science Technicians,"Life, Physical & Social Science",0.2400518,0.2402070297017776,35620.0,39710.0,45560.0,45180.0,49320.0,53310.0,77200.0,82160.0,88710.0,97350.0,104330.0,110710.0,16520.0,17590.0,19450.0,68791.45,68902.94,67440.0,17.736077481840194,6.476997578692494,10.574189880613986,-1.9645610028571825,0.1620695595164882,-2.1231895184733807,0.23995897463963933,0.0027956218010910285,269,289,20,20,1,Moderate Exposure Service & Healthcare
19-4099,2.75,2.31,3.125,2.685,3.685,2.125,1.0,1.5,1.125,1.5,3.0,2.875,3.25,3.13,1.06,1.5,1.31,2.185,3.5,3.435,2.565,3.185,2.685,2.12,3.81,1.125,3.0,3.75,3.685,3.065,3.12,1.06,3.685,1.88,1.81,1.87,3.185,1.0,1.375,3.31,3.25,2.685,1.31,1.5,1.56,2.56,1.75,2.815,3.0,1.815,3.75,3.69,4.09,1.9,2.51,2.545,3.95,3.1950000000000003,2.865,2.89,2.43,4.07,2.34,3.155,3.38,3.965,4.16,2.325,2.51,3.915,3.375,3.265,3.315,3.525,3.895,2.35,1.7999999999999998,3.545,2.7,2.345,1.5699999999999998,4.045,2.55,2.745,2.34,2.435,2.755,1.935,1.885,3.055,3.305,3.85,4.305,Quality Control Analysts,"Life, Physical & Social Science",0.4501044,0.4503954543995341,30050.0,33270.0,37310.0,38010.0,39360.0,46270.0,63940.0,65740.0,77990.0,81710.0,90760.0,101870.0,64260.0,70770.0,71400.0,58789.65,54363.49,60130.0,11.11111111111111,10.130718954248366,0.8902077151335311,2.2799081130777243,-7.52880821709264,10.607321200312937,0.275916606437875,-0.3875384661692606,251,280,29,29,1,Moderate Exposure Service & Healthcare
21-1012,1.0,2.0,3.12,1.0,3.75,1.38,1.0,1.0,1.0,1.0,2.5,1.0,2.75,3.62,1.0,1.0,1.0,1.75,3.75,3.38,1.25,2.62,2.62,1.0,3.38,1.0,2.12,4.25,4.25,3.12,2.62,1.0,3.75,1.0,1.25,1.12,3.12,1.0,1.0,3.75,3.62,2.38,1.0,1.12,1.0,2.5,1.75,1.88,2.38,1.5,4.0,4.0,3.86,3.74,3.53,4.07,4.75,1.55,3.07,3.63,3.28,4.13,1.15,4.71,2.73,4.09,4.77,2.78,1.62,3.93,2.58,3.83,3.19,4.58,3.62,2.2,1.35,4.24,3.3,1.81,3.89,4.26,4.32,1.01,1.0,3.62,3.52,2.59,1.89,3.67,3.28,4.41,4.44,"Educational, Guidance, and Career Counselors and Advisors",Community & Social Service,0.9739287,0.9745584708792396,34380.0,38280.0,43580.0,44010.0,47380.0,51690.0,74430.0,76590.0,83490.0,96090.0,98530.0,105870.0,296460.0,308000.0,342350.0,66337.52,65011.34,65140.0,15.479322674222493,3.892599338865277,11.152597402597404,-1.805192596889368,-1.9991401547721523,0.1979039349135143,1.4745246897649689,-1.515455661112301,176,37,-139,139,3,Highest Exposure Knowledge & Management
21-1013,1.0,2.25,3.75,1.0,4.0,1.0,1.0,1.0,1.38,1.12,2.75,1.62,3.12,3.62,1.0,1.38,1.38,1.75,4.0,3.62,1.12,2.0,2.88,1.12,3.25,1.0,2.0,4.25,4.25,3.62,2.75,1.0,4.0,1.0,1.38,1.12,3.12,1.0,1.0,4.0,4.0,3.0,1.12,1.12,1.38,2.75,1.5,1.75,2.0,1.38,4.0,4.0,3.11,4.71,3.6,3.71,4.19,1.25,2.8,3.81,2.59,4.75,1.1,4.28,2.16,3.89,4.54,1.95,1.48,4.03,1.28,3.57,3.59,4.76,2.84,1.23,1.26,4.07,3.19,1.3,3.61,2.84,3.12,1.26,1.1,4.17,3.18,2.35,1.72,3.53,2.93,4.09,4.05,Marriage and Family Therapists,Community & Social Service,1.367434,1.3683182201859276,32070.0,36840.0,42610.0,37740.0,44730.0,48600.0,64630.0,75220.0,85020.0,87700.0,98700.0,111610.0,59050.0,62080.0,65870.0,57696.43,61152.17,63780.0,11.54953429297206,5.131244707874682,6.105025773195876,10.544101255484955,5.989521362066939,4.297198284214611,1.3079769656447793,-1.508956422940945,42,73,31,31,3,Highest Exposure Knowledge & Management
21-1015,1.38,2.0,3.12,1.0,3.88,1.0,1.0,1.25,1.38,1.5,2.88,1.88,2.75,3.12,1.0,1.38,1.38,1.75,3.75,3.12,1.12,2.12,2.12,1.12,3.25,1.0,2.12,4.0,4.0,3.12,2.38,1.0,3.88,1.0,1.38,1.62,2.62,1.0,1.0,4.0,3.75,2.5,1.25,1.38,1.38,2.62,1.75,1.75,2.0,1.12,3.88,3.88,3.21,3.7,3.69,4.32,4.5,1.57,3.37,3.58,3.61,4.35,1.55,4.44,2.48,4.1,4.25,3.45,2.17,3.18,2.37,3.71,3.72,4.45,3.72,2.79,2.37,4.1,3.48,2.16,3.7,3.73,3.4,1.3,1.39,3.69,3.97,2.99,2.66,3.63,3.72,3.58,4.15,Rehabilitation Counselors,Community & Social Service,0.5025014,0.5028263354687917,23820.0,29120.0,34480.0,28140.0,33790.0,38700.0,48110.0,53470.0,59040.0,63790.0,71270.0,77200.0,109040.0,82420.0,88930.0,41809.85,43229.19,46110.0,-18.442773294203963,-24.413059427732943,7.898568308662945,10.28501656906208,3.394750280137328,6.6640388126634,1.110065273018919,-1.1554595482111787,242,117,-125,125,3,Highest Exposure Knowledge & Management
21-1021,2.0,2.38,3.12,1.88,3.88,1.88,1.0,1.88,1.75,1.62,2.75,1.88,2.88,3.12,1.5,1.75,1.75,2.12,3.88,3.5,1.12,2.12,2.62,2.0,3.5,1.5,2.0,4.38,4.62,3.12,2.62,1.5,4.25,1.5,2.0,1.88,3.0,1.5,1.5,4.0,3.88,2.62,1.12,1.75,1.88,2.88,2.0,2.12,2.25,1.38,4.12,4.12,2.78,4.42,3.82,4.48,4.7,1.28,3.76,4.04,4.07,4.58,1.07,4.71,2.02,4.14,4.58,2.55,1.61,4.5,2.66,3.92,3.42,4.4,3.98,2.34,2.62,4.21,3.74,2.05,4.42,3.71,3.06,1.36,1.0,4.18,3.57,3.62,1.77,4.04,3.72,3.94,4.41,"Child, Family, and School Social Workers",Community & Social Service,0.7761707,0.7766725961441545,30870.0,36380.0,40580.0,37320.0,42060.0,47480.0,60600.0,65250.0,74060.0,78230.0,81920.0,94030.0,327710.0,344770.0,382960.0,55114.57,54936.42,58570.0,16.85941838820909,5.205822220866009,11.076949850625056,6.2695399782670895,-0.3232357614329595,6.614155054151693,1.0640354346696972,-0.8264106829046598,206,129,-77,77,3,Highest Exposure Knowledge & Management
21-1022,1.0,2.0,3.0,1.25,4.0,1.25,1.0,1.25,1.75,1.38,2.88,1.88,2.88,3.75,1.0,1.75,1.75,1.62,3.88,3.38,1.5,2.0,2.88,1.62,3.0,1.0,2.0,4.0,4.12,3.0,2.5,1.0,4.0,1.0,1.88,1.88,3.0,1.0,1.0,4.0,4.0,2.75,1.25,1.88,1.62,2.75,2.12,1.62,2.0,1.5,4.0,3.88,2.93,4.7,3.44,4.3,4.44,1.38,3.52,3.37,3.59,4.33,1.31,4.52,2.11,3.19,4.48,2.96,1.7,3.33,1.81,3.81,3.22,4.22,3.48,2.56,2.11,4.15,3.11,2.0,4.04,3.0,3.56,1.35,1.22,4.22,3.44,2.44,2.56,3.52,3.48,3.81,3.85,Healthcare Social Workers,Community & Social Service,0.9339648,0.9345687293298436,35000.0,38520.0,45030.0,44200.0,47510.0,55360.0,71000.0,75390.0,83410.0,86130.0,87830.0,100870.0,174890.0,182420.0,185940.0,66000.25,65162.68,68090.0,6.318257190233862,4.305563497055291,1.929612981032781,3.166275885318616,-1.2690406475733045,4.492325975543056,1.0646097495317208,-1.0970562405016286,180,128,-52,52,3,Highest Exposure Knowledge & Management
21-1023,1.0,2.62,3.75,1.0,4.0,1.12,1.0,1.12,1.88,1.12,2.62,1.62,3.25,3.88,1.0,1.88,1.88,2.25,4.0,3.75,1.12,2.5,2.75,1.12,3.25,1.0,2.12,4.5,4.25,3.75,2.75,1.0,4.12,1.0,1.88,1.88,3.12,1.0,1.0,4.0,3.88,2.75,1.12,1.62,1.88,2.62,2.0,2.12,2.0,1.25,4.12,4.12,3.54,4.57,3.72,4.1,4.57,1.7,2.63,4.17,3.1,4.57,1.48,4.45,2.62,4.15,4.34,3.39,1.72,4.18,1.63,3.95,3.82,4.48,3.5,2.45,2.02,4.32,3.02,1.87,3.07,4.04,4.19,1.42,1.32,4.21,3.89,2.85,1.91,3.9,3.78,3.99,3.87,Mental Health and Substance Abuse Social Workers,Community & Social Service,1.119216,1.1199397168890024,29540.0,34630.0,39620.0,35790.0,39730.0,46550.0,61930.0,73050.0,78980.0,80900.0,97660.0,104130.0,117770.0,107940.0,125910.0,54253.95,55390.44,60060.0,6.911777192833489,-8.346777617389828,16.648137854363533,10.70161711727901,2.094759920706217,8.43026341729729,1.31884302439953,-1.2005710550943591,142,69,-73,73,3,Highest Exposure Knowledge & Management
21-1091,2.0,2.0,3.0,2.0,3.62,1.75,1.0,1.38,1.25,1.5,2.88,2.25,2.5,3.38,1.0,1.25,1.25,1.88,3.88,3.12,2.0,2.12,2.12,2.0,3.62,1.0,2.25,4.0,4.25,3.25,2.12,1.0,3.75,1.25,1.25,1.12,3.0,1.0,1.12,4.0,3.75,2.12,1.0,1.62,2.0,2.62,1.88,2.12,2.12,1.38,4.0,4.0,4.08,4.01,3.24,4.49,4.8,2.51,3.21,4.08,4.23,4.05,1.65,4.72,3.15,3.63,4.53,2.99,2.73,4.26,2.41,4.52,4.19,4.35,3.51,3.6,2.24,4.36,3.4,2.63,4.43,4.14,3.53,2.04,1.61,3.77,4.42,3.43,2.12,4.13,4.44,4.68,4.19,Health Education Specialists,Community & Social Service,0.691658,0.6921052483467263,32890.0,37140.0,42210.0,40970.0,45490.0,49880.0,75050.0,81610.0,84460.0,98680.0,106210.0,112900.0,58590.0,56190.0,65150.0,64220.86,64849.19,63000.0,11.196449906127324,-4.09626216077829,15.94589784659192,-1.9010334025424145,0.9783892647965076,-2.851523665908541,1.2065789058470417,-0.9079128439759683,220,98,-122,122,3,Highest Exposure Knowledge & Management
21-1092,2.0,2.12,3.0,2.0,4.0,2.12,1.0,1.38,2.12,1.5,2.5,2.0,2.88,2.88,1.62,2.12,2.0,2.12,3.88,3.0,2.0,2.0,2.12,2.12,3.25,1.5,2.0,3.88,4.12,2.75,2.12,1.5,4.0,1.62,2.12,2.12,3.0,1.5,1.5,3.75,3.75,2.25,2.0,2.0,2.12,2.62,2.25,1.62,2.0,1.38,4.0,3.75,3.36,3.65,3.48,3.94,4.44,1.89,3.15,3.47,3.2,4.45,1.67,4.07,2.57,4.37,4.75,2.95,1.99,4.25,3.12,3.58,3.9,4.3,3.84,2.67,2.81,4.33,3.38,2.63,3.63,3.79,3.39,1.98,1.66,3.8,3.91,2.91,2.51,3.25,3.3,3.95,4.19,Probation Officers and Correctional Treatment Specialists,Community & Social Service,0.5272448,0.527585735103295,36370.0,38550.0,45390.0,43040.0,46140.0,52580.0,72450.0,78810.0,84030.0,94860.0,101080.0,106290.0,88120.0,89920.0,86820.0,63139.27,64708.66,64520.0,-1.4752610077167498,2.042669087607808,-3.447508896797153,2.186800702637195,2.485600482869048,-0.291552938972923,0.4984600866801262,-0.45689524380624125,236,248,12,12,1,Moderate Exposure Service & Healthcare
21-1093,1.5,2.25,3.0,1.62,3.88,2.0,1.0,1.88,1.75,1.88,2.75,1.75,3.0,3.25,1.38,1.75,1.75,2.0,3.25,3.0,1.5,2.0,2.75,2.0,3.25,1.25,2.0,3.88,4.0,3.0,2.75,1.38,3.88,1.25,1.5,1.5,3.0,1.0,1.62,3.88,3.62,2.75,1.0,1.88,1.88,2.75,2.0,2.0,2.12,1.25,3.88,3.88,2.86,4.02,3.56,3.85,4.74,1.63,3.37,3.56,3.55,4.51,1.3,4.04,2.96,3.42,4.29,2.39,1.99,3.66,2.45,3.32,3.48,3.72,3.43,2.39,1.94,3.61,3.65,2.55,4.07,3.26,3.47,1.45,1.28,3.63,3.34,2.16,2.27,3.69,3.6,3.72,3.99,Social and Human Service Assistants,Community & Social Service,0.4652255,0.4655263320401691,23750.0,28610.0,33280.0,28190.0,32850.0,37770.0,43800.0,47130.0,53040.0,54230.0,58770.0,63850.0,404450.0,399560.0,424220.0,40774.78,41640.12,45120.0,4.88811966868587,-1.2090493262455186,6.171788967864651,10.656636283506622,2.1222432101411624,8.357036435053514,0.7369719955509644,-0.7555312130868926,250,209,-41,41,3,Highest Exposure Knowledge & Management
21-1094,2.62,2.25,3.25,2.5,3.62,2.25,1.0,1.88,1.0,1.88,2.75,3.0,2.62,2.88,1.62,1.88,1.62,2.38,3.5,3.25,2.38,2.38,2.5,2.38,3.62,1.75,2.12,4.25,4.12,3.0,2.38,1.75,3.75,2.12,2.12,2.12,2.88,1.62,1.75,3.75,3.75,2.62,1.88,2.12,2.12,3.0,2.12,2.38,2.5,1.88,3.88,3.75,3.66,4.36,3.3,4.87,4.68,2.67,3.68,4.35,3.92,4.5,1.81,4.75,3.41,3.83,4.14,3.32,3.69,4.1,3.44,4.39,3.66,3.66,3.99,3.44,2.66,4.75,3.65,3.1,4.62,3.79,3.14,1.98,2.0,3.42,4.27,3.81,2.19,4.02,4.07,4.51,4.4,Community Health Workers,Community & Social Service,0.0371229,0.0371469113473819,26660.0,32180.0,37930.0,32850.0,38010.0,44370.0,52850.0,59220.0,63150.0,68350.0,73730.0,78560.0,58950.0,61300.0,60730.0,46938.68,49931.39,51030.0,3.0195080576759965,3.986429177268872,-0.929853181076672,8.716308170574885,6.375786451600256,2.2002391681865867,0.6714775389723235,-0.17134434127478218,302,216,-86,86,1,Moderate Exposure Service & Healthcare
21-2011,1.0,2.12,3.25,1.0,4.0,1.0,1.0,1.0,1.0,1.0,3.0,1.38,3.0,3.88,1.0,1.0,1.0,1.88,4.0,3.75,1.25,1.75,3.12,1.25,3.38,1.0,2.38,4.12,4.75,3.88,2.5,1.0,4.0,1.0,1.0,1.0,3.38,1.0,1.12,4.88,4.0,2.75,1.0,1.0,1.0,2.88,1.88,2.0,2.0,1.75,4.0,4.0,2.62,4.33,3.56,3.05,3.95,1.69,3.55,3.6,4.05,2.82,1.31,4.34,2.45,2.88,4.21,3.74,1.66,3.51,2.37,3.07,3.47,3.76,2.68,2.76,1.86,3.52,2.68,1.73,3.58,2.44,3.19,1.48,1.47,3.81,3.3,2.94,2.49,3.69,3.52,3.26,3.33,Clergy,Community & Social Service,1.282559,1.283388338117236,26810.0,31170.0,37140.0,36810.0,41040.0,47220.0,65320.0,68180.0,76340.0,86970.0,93530.0,99720.0,53180.0,53140.0,58080.0,58615.2,60049.55,60820.0,9.213990221887927,-0.0752162467092892,9.296198720361309,3.7614816634593,2.4470615130546194,1.283023769536998,1.2720573044748882,-1.331854572766112,96,86,-10,10,3,Highest Exposure Knowledge & Management
21-2021,1.0,2.0,3.12,1.0,3.75,2.0,1.12,1.25,1.25,1.12,2.88,1.38,2.88,3.38,1.0,1.25,1.12,2.0,3.38,3.25,1.0,2.62,2.88,1.38,3.12,1.0,2.75,3.88,4.0,3.38,2.25,1.0,3.62,1.0,1.0,1.0,3.0,1.0,1.12,3.88,3.88,2.62,1.0,1.25,1.25,2.5,2.12,2.0,2.5,1.5,4.0,4.0,3.03,4.75,3.64,3.92,4.42,1.98,3.4,3.99,4.16,3.49,1.6,4.59,3.53,3.51,4.22,3.39,1.9,4.34,2.85,3.39,3.59,4.24,3.33,3.49,2.19,4.33,3.55,3.08,3.92,2.96,3.31,1.38,1.6,3.9,3.89,2.99,2.69,4.21,3.79,4.22,3.94,"Directors, Religious Activities and Education",Community & Social Service,1.210922,1.2117050160347045,23540.0,30150.0,33990.0,30580.0,38060.0,42210.0,62240.0,72290.0,74990.0,90870.0,101650.0,106530.0,21820.0,24030.0,21460.0,51009.18,53379.78,54840.0,-1.6498625114573784,10.128322639780018,-10.694964627548895,7.510059953914178,4.647398762340424,2.7355301951413087,1.2172695853411653,-1.0573786142579122,118,95,-23,23,3,Highest Exposure Knowledge & Management
23-1011,1.12,2.12,3.75,1.12,4.12,1.5,1.0,1.0,1.0,1.0,2.75,1.75,3.0,3.75,1.0,1.0,1.0,1.75,4.0,3.88,1.12,2.62,2.88,1.0,3.75,1.0,2.38,4.62,4.88,3.75,2.62,1.0,4.0,1.0,1.0,1.0,3.25,1.0,1.12,4.38,3.75,2.88,1.0,1.0,1.0,2.88,1.75,1.75,2.5,1.62,4.62,4.5,3.72,3.1,3.09,4.24,4.59,1.56,3.63,3.86,3.2,3.97,1.23,4.35,2.74,4.51,4.62,3.22,1.67,3.92,1.58,4.43,3.45,4.57,2.73,2.89,1.87,4.09,3.11,1.69,3.22,4.08,4.13,1.44,1.12,4.49,3.26,3.42,2.95,3.87,2.94,4.13,4.0,Lawyers,Legal,1.328783,1.3296422275869646,59670.0,66470.0,72780.0,80950.0,94440.0,99760.0,186350.0,208980.0,215420.0,,,,657170.0,707160.0,747750.0,143002.48,146734.94,151160.0,13.78334373145457,7.606859716663878,5.739860851858137,5.704460510055482,2.6100666226208045,3.015682563403098,1.7093659551383138,-1.6028403176749133,71,9,-62,62,3,Highest Exposure Knowledge & Management
23-1012,1.25,2.0,3.5,1.25,3.75,1.0,1.0,1.25,1.0,1.0,2.88,1.88,2.75,3.0,1.0,1.0,1.0,1.75,3.88,3.75,1.38,2.5,2.62,1.0,3.88,1.0,2.5,4.25,4.12,2.75,2.5,1.0,3.75,1.0,1.0,1.0,3.0,1.0,1.0,3.88,3.88,2.25,1.0,1.0,1.0,2.38,1.5,2.5,1.88,1.62,4.5,4.25,4.56,2.62,1.43,2.03,4.11,1.74,1.38,2.06,1.39,2.71,1.02,3.27,1.37,3.73,4.85,1.15,1.33,3.97,1.13,3.82,2.16,3.91,2.23,1.09,1.08,3.6,2.25,1.02,1.98,4.01,2.44,1.21,1.02,2.08,1.48,1.75,1.3,3.23,1.56,3.5,3.94,Judicial Law Clerks,Legal,1.462973,1.4639189978349496,33910.0,38850.0,42000.0,41640.0,44800.0,49840.0,72160.0,76600.0,78060.0,96990.0,106670.0,113150.0,16630.0,15540.0,13220.0,62813.630000000005,62146.69,60400.0,-20.505111244738423,-6.554419723391461,-14.929214929214927,-3.84252589764356,-1.061775923473949,-2.810592165085534,0.8947613091941164,-1.643668333690055,9,169,160,160,2,High Exposure Analytical & Office
23-1021,1.75,2.0,3.12,1.62,4.12,1.0,1.0,1.12,1.0,1.0,2.75,1.88,2.88,2.88,1.0,1.0,1.0,2.0,4.25,3.75,1.75,2.25,2.62,1.0,3.75,1.0,2.12,4.25,4.0,2.88,2.62,1.0,4.0,1.0,1.0,1.0,3.12,1.0,1.0,3.88,3.75,2.75,1.0,1.0,1.0,2.75,1.38,1.88,1.75,1.25,4.25,4.12,3.82,2.33,2.12,3.76,3.8,1.6,2.11,2.02,1.75,3.72,1.31,3.37,2.05,4.43,4.57,1.96,1.45,4.11,1.3,3.92,3.75,4.6,2.22,1.73,1.64,3.78,3.72,1.45,3.78,4.2,2.41,1.42,1.29,3.94,3.08,2.36,1.42,3.08,2.23,4.28,3.44,"Administrative Law Judges, Adjudicators, and Hearing Officers",Legal,1.374714,1.3756029275963555,45970.0,46070.0,56970.0,65130.0,65250.0,76920.0,129880.0,122970.0,161290.0,172010.0,151470.0,203990.0,14380.0,12490.0,16230.0,113822.81,102684.19,115230.0,12.86509040333797,-13.143254520166897,29.943955164131303,1.2362987699917112,-9.785929551379022,12.21785943873151,1.0418255302609747,-1.5028800685823211,37,135,98,98,2,High Exposure Analytical & Office
23-1022,1.0,1.88,3.0,1.0,4.0,1.12,1.0,1.0,1.0,1.0,2.88,1.25,2.88,3.12,1.0,1.0,1.0,2.0,4.0,3.12,1.0,2.12,2.0,1.0,3.38,1.0,2.0,4.12,4.12,3.0,2.0,1.0,3.75,1.0,1.0,1.0,3.25,1.0,1.0,4.0,3.75,2.75,1.0,1.0,1.0,2.5,1.88,2.0,2.0,1.5,4.25,4.25,4.39,1.89,2.32,2.8,2.75,1.4,1.9,2.5,2.1,3.32,1.42,3.6,2.65,4.35,4.65,1.7,1.45,3.9,2.15,4.1,4.16,4.61,2.8,1.79,1.45,3.32,2.84,1.33,2.42,4.05,2.5,1.37,1.42,4.63,3.26,2.72,1.4,3.63,2.65,4.22,3.35,"Arbitrators, Mediators, and Conciliators",Legal,1.431593,1.4325187068268137,37420.0,33980.0,46200.0,46460.0,48130.0,60030.0,94230.0,98680.0,101010.0,123730.0,194630.0,133480.0,6090.0,7780.0,7860.0,74350.59,69216.43,67710.0,29.064039408867,27.7504105090312,1.0282776349614395,-8.931455688515715,-6.905338612645849,-2.176405226331368,0.9192706917011135,-1.4396775258043033,18,164,146,146,2,High Exposure Analytical & Office
23-1023,1.0,1.88,3.25,1.0,4.62,1.0,1.0,1.12,1.0,1.0,2.38,1.5,2.88,3.0,1.0,1.38,1.0,1.88,4.25,3.88,1.0,2.12,2.75,1.0,4.0,1.0,2.0,4.62,4.25,3.0,2.75,1.0,4.0,1.0,1.12,1.12,3.0,1.0,1.0,4.12,4.0,2.88,1.0,1.0,1.12,2.62,1.12,2.0,2.0,1.0,4.38,4.12,3.53,2.3,2.25,3.43,3.57,1.95,3.12,2.7,2.55,3.98,1.27,3.49,2.67,4.51,4.79,2.76,1.47,4.1,1.68,3.83,4.15,4.91,2.67,1.61,1.17,3.86,3.53,1.29,4.64,4.42,2.15,1.38,1.08,3.52,3.84,1.84,1.82,3.06,2.5,4.19,3.55,"Judges, Magistrate Judges, and Magistrates",Legal,1.496494,1.4974616732614547,39110.0,46470.0,46520.0,77910.0,86210.0,86060.0,165320.0,183820.0,189890.0,204200.0,227850.0,216540.0,28670.0,28230.0,25580.0,159226.33000000002,163263.43,156210.0,-10.777816532961284,-1.5347052668294383,-9.3871767623096,-1.8943663400393744,2.535447497910664,-4.32027552036607,1.3067106150835595,-1.614711816215028,5,74,69,69,2,High Exposure Analytical & Office
23-2011,1.5,2.0,3.0,1.38,3.25,1.0,1.0,1.12,1.0,1.0,2.75,2.0,2.88,2.75,1.0,1.0,1.0,1.88,3.25,3.12,1.88,2.0,2.62,1.0,3.75,1.0,2.0,3.88,3.88,2.62,2.88,1.0,3.5,1.0,1.0,1.0,2.88,1.0,1.0,3.75,3.75,2.0,1.0,1.0,1.0,2.12,1.88,2.0,2.0,1.88,4.0,3.88,3.82,2.54,2.11,4.34,4.33,1.73,2.8,2.4,2.86,4.41,1.01,3.47,2.21,3.44,4.31,1.95,1.97,3.53,1.97,3.24,2.26,3.25,3.14,1.78,1.41,3.98,3.83,1.24,3.07,3.58,2.3,1.33,1.19,2.81,3.16,1.87,1.22,2.72,2.05,4.09,4.38,Paralegals and Legal Assistants,Legal,1.292055,1.2928904784427062,32160.0,37690.0,39710.0,39500.0,46850.0,48190.0,65610.0,75560.0,78280.0,82500.0,94960.0,98990.0,329870.0,345240.0,367220.0,60173.62,63995.2,61010.0,11.32264225300876,4.659411283232789,6.366585563665855,1.3899446302216776,6.350922547122799,-4.664724854364073,0.8452203632829319,-1.3477293686643284,90,179,89,89,2,High Exposure Analytical & Office
23-2093,1.5,2.0,2.88,1.62,3.5,1.38,1.0,1.5,1.0,1.0,2.25,2.0,3.0,2.25,1.0,1.0,1.0,1.75,3.25,3.0,1.62,2.12,2.0,1.0,3.5,1.0,2.0,4.0,4.0,2.12,2.5,1.0,3.25,1.0,1.0,1.0,2.75,1.0,1.0,3.38,3.5,2.12,1.0,1.0,1.0,2.0,1.75,1.88,2.12,1.5,4.0,3.75,4.26,1.77,2.32,3.33,4.12,2.22,2.56,2.72,2.6,4.62,1.57,3.52,2.69,4.09,4.7,1.94,2.13,4.28,2.05,3.85,2.44,4.11,3.85,1.74,1.45,3.85,2.92,2.0,2.34,4.4,2.27,1.31,1.32,2.76,2.81,1.73,1.38,2.43,2.68,3.85,4.54,"Title Examiners, Abstractors, and Searchers",Legal,1.279954,1.2807816536661143,29060.0,34060.0,36710.0,36700.0,40040.0,45020.0,62090.0,65690.0,70290.0,79920.0,83990.0,87240.0,52890.0,53680.0,48170.0,56033.34,54579.69,54980.0,-8.924182265078464,1.4936660994516922,-10.264530551415795,-1.8798451065026711,-2.5942590607663374,0.733441322220784,0.7381839732522958,-1.2642638677791531,97,208,111,111,2,High Exposure Analytical & Office
25-1011,1.0,2.0,3.25,1.0,3.88,1.0,1.0,1.0,1.0,1.0,2.75,1.75,2.62,3.0,1.0,1.0,1.0,1.75,3.88,3.25,1.0,3.12,2.88,1.0,3.38,1.0,3.12,4.0,4.62,3.0,2.12,1.0,3.38,1.0,1.0,1.0,3.0,1.0,1.0,4.12,3.5,2.62,1.0,1.0,1.0,2.12,1.88,1.75,2.12,1.62,4.12,4.12,3.68,2.56,3.73,3.53,3.92,1.74,2.7,3.38,2.79,2.9,1.22,3.72,2.48,3.1,4.42,2.93,1.76,3.5,1.94,4.07,3.16,3.6,2.74,1.91,1.44,3.97,2.73,1.92,3.55,3.49,3.53,1.23,1.09,2.53,3.41,2.23,1.96,3.95,4.68,4.14,4.13,"Business Teachers, Postsecondary",Education,1.349314,1.3501865033896423,39470.0,48100.0,46460.0,57680.0,62340.0,63040.0,133160.0,133750.0,140360.0,196980.0,206630.0,210530.0,83920.0,78410.0,81780.0,101413.6,95981.99,97270.0,-2.550047664442326,-6.565776930409914,4.29792118352251,-4.085842529995983,-5.355899011572427,1.341928834774117,1.3254624842238831,-1.537353001867141,50,67,17,17,2,High Exposure Analytical & Office
25-1021,1.38,1.62,3.12,1.25,3.88,1.88,1.0,1.0,1.0,1.0,2.88,2.25,2.88,3.12,1.0,1.0,1.0,2.0,3.88,3.75,1.38,3.0,2.88,1.0,3.75,1.0,3.0,4.12,4.12,3.12,2.75,1.0,3.5,1.0,1.0,1.0,3.12,1.0,1.0,3.88,3.5,2.25,1.0,1.0,1.0,2.12,2.0,2.0,2.38,1.12,4.0,4.0,4.25,2.84,3.81,3.52,4.06,1.93,3.34,3.76,3.48,3.69,2.3,3.51,2.98,3.28,4.33,3.64,1.67,3.55,2.3,3.93,3.18,4.38,3.21,2.46,1.32,3.94,2.81,1.61,2.63,4.19,3.71,1.98,1.54,2.75,3.28,2.39,2.37,4.35,4.75,4.65,4.65,"Computer Science Teachers, Postsecondary",Education,1.277778,1.2786042466159646,42750.0,48620.0,48910.0,59550.0,63170.0,65200.0,123720.0,125790.0,132200.0,169980.0,165880.0,172380.0,31800.0,33870.0,36240.0,99064.34,91625.56,96690.0,13.962264150943396,6.509433962264151,6.997342781222321,-2.396765576795844,-7.50903907500923,5.527322288671417,1.3843804412218548,-1.3396616812312903,99,49,-50,50,3,Highest Exposure Knowledge & Management
25-1022,1.0,1.88,3.0,1.0,4.0,1.38,1.0,1.0,1.0,1.0,2.38,1.62,2.62,3.12,1.0,1.0,1.0,1.5,3.88,3.38,1.0,4.25,3.0,1.0,3.75,1.0,4.12,4.0,4.12,3.12,2.12,1.0,3.12,1.0,1.0,1.0,2.88,1.0,1.0,3.88,3.5,2.25,1.0,1.0,1.0,2.62,1.88,1.75,2.12,1.5,4.0,3.88,3.56,2.9,3.58,2.81,3.96,1.88,3.01,3.27,2.6,3.41,1.2,3.45,2.57,2.4,4.19,3.28,1.72,3.32,2.07,3.84,3.03,3.81,2.52,1.75,1.45,3.35,3.01,1.54,3.21,3.3,3.11,1.37,1.09,2.6,2.94,2.16,2.24,3.76,4.47,3.68,4.02,"Mathematical Science Teachers, Postsecondary",Education,1.338676,1.3395416246214924,38790.0,47740.0,48150.0,53170.0,59900.0,60880.0,106460.0,103960.0,106270.0,154320.0,159730.0,161020.0,51150.0,46560.0,48820.0,85701.47,83691.02,79350.0,-4.55522971652004,-8.973607038123168,4.853951890034365,-7.411156424738106,-2.3458757475221805,-5.18696032142995,1.2924175491804673,-1.531469450674521,64,77,13,13,2,High Exposure Analytical & Office
25-1031,1.5,1.88,3.25,1.25,4.0,1.88,1.0,1.0,1.0,1.0,3.25,1.88,3.0,3.5,1.0,1.0,1.0,1.75,3.88,3.88,1.0,3.12,2.88,1.0,3.75,1.0,3.0,4.0,4.25,3.25,2.38,1.0,3.62,1.12,1.25,1.0,2.88,1.0,1.5,4.12,3.62,2.62,1.0,1.0,1.0,2.62,2.0,2.12,3.5,1.5,4.0,4.0,3.56,2.65,3.89,4.17,3.97,2.73,3.84,4.17,3.84,3.73,3.83,4.32,3.3,3.27,4.36,3.46,2.4,4.12,2.84,4.08,4.15,4.21,3.65,2.7,1.61,4.53,3.11,2.24,3.2,4.05,3.5,1.36,1.63,3.59,4.09,2.78,2.77,4.46,4.58,4.49,4.52,"Architecture Teachers, Postsecondary",Education,1.222022,1.2228121935423624,43000.0,48900.0,59590.0,63450.0,66270.0,78090.0,124060.0,128980.0,129310.0,175390.0,171740.0,166720.0,6780.0,6420.0,9120.0,102227.7,100770.82,101480.0,34.51327433628318,-5.3097345132743365,42.05607476635514,-0.7314064583278281,-1.425132327148126,0.7037553132940741,1.4514233833665624,-1.1236990579430914,114,43,-71,71,3,Highest Exposure Knowledge & Management
25-1032,1.5,2.0,3.75,1.12,3.88,1.88,1.0,1.0,1.0,1.0,2.88,1.62,3.0,3.25,1.0,1.0,1.0,2.12,3.88,3.75,1.0,3.75,2.88,1.0,3.75,1.0,3.38,4.0,4.38,3.25,2.62,1.0,3.38,1.12,1.12,1.0,3.0,1.0,1.0,4.25,3.75,2.5,1.0,1.0,1.0,2.62,1.62,2.5,3.12,1.38,4.12,3.88,4.48,2.48,4.04,3.53,3.99,2.56,3.76,3.87,3.27,3.41,1.94,3.58,3.67,3.04,4.13,3.46,1.9,3.57,2.9,3.84,3.37,4.36,3.56,3.14,1.74,3.96,2.97,1.87,1.99,4.37,3.74,1.91,1.96,2.79,3.91,2.49,2.62,4.63,4.64,4.62,4.13,"Engineering Teachers, Postsecondary",Education,1.351133,1.3520066795956271,53030.0,56860.0,59790.0,74510.0,78570.0,80060.0,136400.0,136530.0,136400.0,185720.0,178740.0,200650.0,36080.0,36010.0,39910.0,117474.63,111937.55,106120.0,10.61529933481153,-0.1940133037694013,10.830324909747292,-9.665601841010272,-4.713426209556908,-5.197138940418119,1.45602934306649,-1.2536191967397725,49,41,-8,8,3,Highest Exposure Knowledge & Management
25-1041,2.0,2.0,3.12,2.0,4.0,1.88,1.0,1.75,1.38,1.88,2.88,2.12,2.5,3.38,1.0,1.62,1.5,1.88,4.0,3.25,2.0,3.0,3.0,2.0,3.25,1.0,3.0,4.12,4.5,3.12,2.12,1.0,3.75,1.75,1.75,1.5,2.62,1.0,1.12,4.12,3.75,2.12,1.0,1.75,1.88,2.12,2.25,2.0,2.12,1.88,4.12,4.0,3.86,3.41,4.23,4.24,4.59,2.51,4.08,4.01,3.94,4.11,2.09,4.39,3.47,3.62,4.51,4.2,2.8,4.33,2.65,4.24,3.59,4.39,3.94,3.35,2.48,4.19,3.45,2.98,3.31,3.88,3.41,1.84,2.06,3.03,4.04,2.73,3.54,4.03,4.7,4.36,3.89,"Agricultural Sciences Teachers, Postsecondary",Education,0.7546685,0.7551564923418873,40750.0,48130.0,49080.0,57770.0,65020.0,63980.0,113790.0,118620.0,123290.0,149700.0,150550.0,160870.0,9470.0,8240.0,8700.0,96831.38,92814.66,86350.0,-8.130939809926083,-12.988384371700109,5.582524271844661,-10.824362928629132,-4.148159408654509,-6.96512813816266,1.1622224380092137,-0.7821853948484981,209,107,-102,102,3,Highest Exposure Knowledge & Management
25-1042,1.75,2.0,3.25,1.75,4.0,1.75,1.0,1.0,1.0,1.0,3.0,1.75,2.5,3.38,1.0,1.0,1.0,1.75,4.0,3.5,1.75,3.12,2.75,1.0,3.62,1.0,2.5,4.12,4.62,3.12,2.25,1.0,3.25,1.0,1.0,1.0,2.88,1.0,1.0,4.12,3.75,2.25,1.0,1.0,1.0,2.25,1.88,2.0,2.0,1.12,4.12,4.12,4.4,2.57,4.0,3.22,4.41,2.19,3.4,4.17,3.28,4.19,1.53,3.54,3.81,3.53,4.3,3.6,2.05,4.38,3.33,4.44,4.19,4.36,3.97,2.58,1.71,4.28,3.06,2.02,2.89,4.56,3.56,1.4,1.36,2.63,3.86,2.35,2.14,4.4,4.7,4.63,4.59,"Biological Science Teachers, Postsecondary",Education,1.227677,1.228470850191534,44750.0,49800.0,50760.0,59710.0,62220.0,64010.0,122410.0,121530.0,125310.0,173930.0,166750.0,169560.0,53090.0,49920.0,53250.0,96877.9,88263.65,83460.0,0.3013750235449237,-5.970992653983801,6.670673076923077,-13.850320867814029,-8.891862850041148,-5.442387664684153,1.4664470937354515,-1.3275201346711105,111,39,-72,72,3,Highest Exposure Knowledge & Management
25-1043,1.62,2.12,3.12,2.0,3.75,2.0,1.0,1.38,1.38,1.38,2.88,1.75,2.75,3.12,1.62,1.38,1.38,2.0,3.75,3.12,1.0,3.25,2.75,2.0,3.5,1.5,2.88,4.12,4.75,3.0,2.38,1.5,3.62,1.5,1.62,1.62,2.88,1.5,1.5,3.88,3.75,2.0,1.0,1.38,1.62,2.12,1.62,2.0,2.0,1.25,4.25,4.12,4.44,2.25,3.94,3.93,4.36,1.92,3.74,3.72,3.39,4.18,1.51,4.08,4.17,2.93,4.8,4.03,2.49,4.6,2.91,4.79,4.04,4.51,4.16,2.49,2.58,4.01,3.12,3.0,3.01,4.27,3.54,1.52,1.51,2.91,3.29,1.89,2.1,4.58,4.48,4.85,4.39,"Forestry and Conservation Science Teachers, Postsecondary",Education,1.260278,1.2610929307255123,49210.0,51840.0,58670.0,63810.0,76550.0,81380.0,112470.0,115980.0,125080.0,138950.0,138310.0,154630.0,1770.0,1270.0,1310.0,99378.35,104316.5,100830.0,-25.98870056497175,-28.24858757062147,3.149606299212598,1.4607306319736584,4.969040037392444,-3.3422325327249287,1.2282570235123855,-0.9421401509261382,103,91,-12,12,3,Highest Exposure Knowledge & Management
25-1051,1.12,1.88,3.12,1.0,4.0,1.75,1.0,1.12,1.0,1.0,2.88,1.75,2.62,3.0,1.0,1.0,1.0,1.88,4.0,3.38,1.0,3.38,3.0,1.25,3.62,1.0,3.25,4.0,4.75,3.0,2.12,1.0,3.62,1.0,1.0,1.0,2.75,1.0,1.0,4.25,3.62,2.12,1.0,1.0,1.25,2.12,1.88,1.88,2.12,1.38,4.0,4.0,4.2,3.02,3.71,2.99,3.7,2.47,3.11,3.55,2.78,3.83,1.86,3.75,3.13,2.82,4.32,3.51,2.11,4.01,2.34,4.11,3.28,3.8,3.32,2.59,1.8,3.68,2.86,2.17,3.39,3.88,3.37,1.86,1.72,3.0,3.51,2.12,1.89,4.09,4.51,4.22,4.37,"Atmospheric, Earth, Marine, and Space Sciences Teachers, Postsecondary",Education,1.306156,1.3070005964639213,47660.0,50590.0,53310.0,65900.0,64200.0,66620.0,127210.0,131650.0,135500.0,173140.0,178740.0,199260.0,11020.0,11150.0,11480.0,107042.52,105689.37,101390.0,4.174228675136116,1.17967332123412,2.9596412556053813,-5.280630538219769,-1.2641238266812187,-4.06793038883664,1.3149928156667114,-1.3548726048935111,82,70,-12,12,3,Highest Exposure Knowledge & Management
25-1052,1.12,1.88,3.25,1.0,4.0,2.0,1.0,1.0,1.0,1.0,2.88,1.88,3.0,3.12,1.0,1.0,1.0,1.88,3.88,3.25,1.38,3.0,3.0,1.0,3.5,1.0,2.88,4.0,4.12,3.0,2.25,1.0,3.75,1.0,1.0,1.0,3.12,1.0,1.0,3.88,3.88,2.25,1.0,1.0,1.0,2.75,1.88,2.25,2.38,1.12,4.0,4.12,4.03,2.55,4.01,3.16,3.97,2.19,3.29,3.54,3.3,3.67,1.37,3.77,2.94,3.01,4.02,3.06,2.33,3.5,2.56,4.08,3.18,4.01,2.99,2.49,1.35,3.64,3.04,2.15,2.54,3.81,3.11,1.78,1.74,2.69,3.07,2.24,2.02,3.91,4.67,4.05,4.35,"Chemistry Teachers, Postsecondary",Education,1.333947,1.3348095667445812,45940.0,50130.0,52870.0,59100.0,62770.0,64980.0,112340.0,108000.0,125920.0,159160.0,163180.0,171600.0,21380.0,20650.0,20390.0,92516.65,87258.31999999999,86220.0,-4.630495790458372,-3.4144059869036485,-1.2590799031476998,-6.805964115648382,-5.683658022637023,-1.1899381056155935,1.2462379048575374,-1.3119836647105632,68,89,21,21,3,Highest Exposure Knowledge & Management
25-1053,1.0,1.88,3.12,1.0,4.0,1.75,1.0,1.0,1.0,1.0,2.75,1.62,2.62,3.12,1.0,1.0,1.0,1.75,4.0,3.12,1.0,3.12,2.75,1.0,3.62,1.0,2.75,4.0,4.38,3.12,2.25,1.0,3.38,1.0,1.0,1.0,2.88,1.0,1.0,4.0,3.5,2.12,1.0,1.0,1.0,2.5,1.62,1.88,2.12,1.5,4.12,4.0,3.94,2.97,3.72,3.29,4.21,2.46,3.43,3.7,3.26,3.64,1.8,3.97,3.45,3.03,4.46,3.52,2.25,4.03,2.61,4.16,3.76,4.01,3.9,2.84,1.92,4.1,2.73,2.4,2.68,3.99,3.26,2.06,1.9,2.74,3.57,2.0,2.35,4.02,4.47,4.44,4.28,"Environmental Science Teachers, Postsecondary",Education,1.347519,1.3483903427025934,44760.0,47330.0,50670.0,59920.0,61680.0,64360.0,115350.0,106720.0,124680.0,158030.0,141190.0,164290.0,6060.0,6240.0,7130.0,95866.09,89766.23999999999,87710.0,17.656765676567655,2.9702970297029703,14.262820512820513,-8.507794570530619,-6.362885979807882,-2.2906607205559584,1.3131290497736168,-1.2850479619600585,53,71,18,18,3,Highest Exposure Knowledge & Management
25-1054,2.12,2.25,3.12,1.62,3.88,1.88,1.0,1.0,1.0,1.25,2.88,2.25,2.12,3.25,1.0,1.0,1.0,2.0,3.88,3.12,2.12,3.88,2.88,1.0,3.62,1.0,3.38,4.0,4.38,3.0,2.25,1.0,3.88,1.5,1.5,1.0,2.88,1.0,1.0,3.88,3.62,2.12,1.0,1.0,1.0,2.38,2.0,2.12,2.38,1.5,4.0,4.0,4.36,3.17,3.75,3.33,4.01,2.51,3.03,3.84,2.97,3.98,2.2,3.85,3.61,2.99,4.2,3.32,2.04,4.26,2.69,4.45,3.27,4.38,3.52,2.44,1.48,4.08,2.79,2.02,2.86,4.25,3.5,2.64,1.88,2.78,3.73,2.48,2.25,4.34,4.71,4.46,4.56,"Physics Teachers, Postsecondary",Education,1.044191,1.0448662040500796,49690.0,50820.0,54880.0,64660.0,63450.0,66730.0,124880.0,125950.0,130150.0,168900.0,166570.0,169740.0,13780.0,12860.0,13590.0,104193.17,93560.55,97360.0,-1.3788098693759072,-6.676342525399129,5.67651632970451,-6.558174590522582,-10.20471879298806,4.060953040571049,1.2542373050349154,-1.1159179122807825,154,88,-66,66,3,Highest Exposure Knowledge & Management
25-1061,1.62,2.12,3.5,1.5,3.75,1.12,1.0,1.0,1.0,1.0,3.0,1.75,3.0,3.62,1.0,1.0,1.0,1.75,4.0,3.75,1.62,2.62,3.12,1.0,4.0,1.0,2.38,4.25,4.88,3.38,2.12,1.0,3.38,1.0,1.0,1.0,3.12,1.0,1.12,4.62,3.62,2.25,1.0,1.0,1.0,3.0,2.0,1.88,2.0,1.88,4.5,4.62,4.76,3.41,4.0,3.86,4.41,1.91,3.23,3.95,3.41,4.68,1.68,4.33,2.27,2.91,4.68,3.48,2.23,4.36,2.19,4.82,3.77,4.0,3.18,2.41,1.48,4.14,3.27,2.32,3.18,4.59,3.48,1.77,1.55,3.14,3.73,2.0,2.18,4.27,4.55,4.48,4.41,"Anthropology and Archeology Teachers, Postsecondary",Education,1.321694,1.3225486436813978,46700.0,50920.0,51380.0,63600.0,64400.0,67410.0,117210.0,119590.0,122870.0,157840.0,167180.0,169090.0,5850.0,4930.0,5260.0,100273.86,91885.0,95770.0,-10.085470085470083,-15.726495726495726,6.693711967545639,-4.4915594153850265,-8.365949012035639,4.228111225989008,1.6921378924860042,-1.496058934984865,75,11,-64,64,3,Highest Exposure Knowledge & Management
25-1062,1.0,2.12,3.0,1.0,3.62,1.38,1.0,1.0,1.0,1.0,2.75,1.62,2.62,3.12,1.0,1.0,1.0,2.0,3.75,3.0,1.0,2.0,2.75,1.0,3.75,1.0,2.0,4.0,4.12,3.12,2.12,1.0,3.12,1.0,1.0,1.0,2.88,1.0,1.0,4.0,3.5,2.25,1.0,1.0,1.0,2.62,1.75,2.0,2.0,1.0,4.0,4.12,3.62,2.54,4.08,3.82,4.46,1.45,3.41,4.24,3.12,4.09,1.09,4.33,2.66,2.94,4.54,3.12,1.35,4.1,1.91,3.99,2.9,3.84,3.15,2.59,1.11,4.27,3.01,1.52,2.97,3.39,3.42,1.35,1.01,3.02,3.84,2.62,2.22,4.42,4.59,4.07,4.04,"Area, Ethnic, and Cultural Studies Teachers, Postsecondary",Education,1.308699,1.3095452408244597,38610.0,48280.0,51130.0,54920.0,62360.0,64320.0,105140.0,104720.0,107810.0,157030.0,162440.0,164650.0,10600.0,9340.0,11430.0,89632.41,87463.70999999999,84290.0,7.830188679245283,-11.88679245283019,22.376873661670235,-5.960355188485955,-2.4195489109352426,-3.628602079651083,1.4444676833236385,-1.4879285427002638,81,44,-37,37,3,Highest Exposure Knowledge & Management
25-1063,1.0,2.12,3.0,1.0,3.88,1.62,1.0,1.0,1.0,1.0,2.75,1.75,2.75,3.12,1.0,1.0,1.0,1.88,3.75,3.12,1.0,3.38,3.0,1.0,3.5,1.0,3.12,4.0,4.12,3.0,2.5,1.0,3.38,1.0,1.0,1.0,2.88,1.0,1.0,4.0,3.62,2.62,1.0,1.0,1.0,2.75,1.88,1.75,2.5,1.38,4.0,4.0,4.17,2.33,3.54,3.14,3.08,1.69,2.4,2.75,2.33,3.19,1.49,3.49,2.65,2.53,4.71,2.92,1.61,4.26,2.0,4.14,3.25,3.72,3.36,2.02,1.42,3.76,2.47,1.45,2.55,3.95,2.55,1.51,1.48,1.9,3.0,2.43,2.72,4.33,4.42,4.37,4.25,"Economics Teachers, Postsecondary",Education,1.319012,1.3198649094403585,51090.0,51480.0,57550.0,73330.0,76580.0,80850.0,146270.0,144980.0,166600.0,206150.0,213680.0,217160.0,13270.0,11640.0,12420.0,121382.31,112348.33,119980.0,-6.40542577241899,-12.283345892991711,6.701030927835052,-1.155283665305099,-7.442583684558316,6.792864655843125,1.2125386453386822,-1.4138881546064883,77,96,19,19,2,High Exposure Analytical & Office
25-1064,1.0,1.88,3.0,1.0,3.75,1.25,1.0,1.0,1.0,1.0,2.62,1.5,2.75,3.12,1.0,1.0,1.0,1.88,3.75,3.12,1.0,2.62,2.5,1.0,3.38,1.0,2.12,4.0,4.25,3.0,2.12,1.0,3.5,1.0,1.0,1.0,2.88,1.0,1.25,3.88,3.5,2.12,1.0,1.0,1.0,2.62,2.0,2.12,2.25,1.0,4.0,4.12,4.51,2.86,3.49,3.77,4.22,2.07,2.79,3.5,3.05,3.86,1.73,3.93,3.44,2.62,4.51,3.16,1.49,3.75,2.17,4.65,3.71,3.78,3.04,2.26,1.76,3.61,2.78,1.72,2.99,4.52,3.1,1.43,1.25,2.71,3.31,2.28,1.98,4.34,4.45,4.54,4.74,"Geography Teachers, Postsecondary",Education,1.318899,1.3197518363720373,43740.0,49920.0,49990.0,62170.0,63600.0,66400.0,105300.0,102950.0,120220.0,137690.0,133030.0,164350.0,3970.0,3340.0,3290.0,93644.76,88555.51999999999,86730.0,-17.12846347607053,-15.869017632241814,-1.497005988023952,-7.38403302010706,-5.434623357462841,-2.0614412291859274,1.3472661078351733,-1.4448368511129044,78,60,-18,18,3,Highest Exposure Knowledge & Management
25-1065,1.0,1.88,3.0,1.0,3.25,1.12,1.0,1.25,1.0,1.0,2.25,1.25,2.38,3.0,1.0,1.0,1.0,1.62,3.75,3.0,1.0,2.0,2.75,1.0,3.62,1.0,2.12,4.12,4.12,3.0,2.12,1.0,3.12,1.0,1.0,1.0,3.0,1.0,1.0,3.75,3.38,2.12,1.0,1.0,1.0,2.62,1.75,2.0,1.88,1.12,4.25,4.0,4.63,2.29,3.42,3.22,3.7,1.23,2.72,3.2,2.98,3.1,1.01,3.76,2.77,2.68,4.57,3.37,1.1,4.12,1.27,3.81,3.61,3.7,2.53,2.1,1.01,3.79,2.96,1.24,2.67,4.09,2.66,1.2,1.01,3.0,3.39,2.09,2.08,4.27,4.4,4.57,4.14,"Political Science Teachers, Postsecondary",Education,1.368397,1.369281842883214,44340.0,49300.0,50490.0,61590.0,62820.0,65330.0,122800.0,122090.0,127480.0,184340.0,164370.0,173380.0,15750.0,15190.0,17170.0,99936.59,90555.37,94680.0,9.015873015873016,-3.555555555555556,13.0348913759052,-5.259925318644549,-9.38717240602266,4.554815468149492,1.290932769309242,-1.5777691195427201,40,78,38,38,2,High Exposure Analytical & Office
25-1066,1.0,1.88,3.12,1.0,3.88,1.38,1.0,1.0,1.0,1.0,2.88,1.62,2.62,3.25,1.0,1.0,1.0,1.62,3.88,3.12,1.0,2.88,2.88,1.0,3.25,1.0,2.38,4.0,4.5,3.12,2.12,1.0,3.25,1.0,1.0,1.0,2.5,1.0,1.0,4.0,3.75,2.12,1.12,1.0,1.12,2.12,1.75,1.62,2.12,1.38,4.12,4.12,3.93,3.73,4.26,3.65,4.26,1.76,3.58,3.88,3.0,4.05,1.11,4.45,2.94,3.58,4.24,3.96,1.58,3.66,1.91,4.87,4.13,4.23,3.42,2.43,1.22,4.13,3.28,1.59,3.8,3.99,3.79,1.37,1.13,3.51,3.65,2.3,1.95,3.96,4.95,4.45,4.35,"Psychology Teachers, Postsecondary",Education,1.33366,1.334522381163978,41010.0,47270.0,47870.0,56180.0,61010.0,62290.0,105830.0,102710.0,106640.0,151030.0,136680.0,158900.0,37480.0,40050.0,41610.0,89109.06,85193.61,80330.0,11.019210245464247,6.856990394877268,3.895131086142322,-9.852039736475728,-4.393997647377266,-5.7088906081101625,1.5622285395285425,-1.5504972646735171,69,22,-47,47,3,Highest Exposure Knowledge & Management
25-1067,1.0,1.62,3.12,1.0,3.88,1.0,1.0,1.12,1.0,1.0,2.5,1.62,2.25,3.12,1.0,1.0,1.0,1.5,4.0,3.25,1.0,2.12,2.25,1.0,3.75,1.0,2.12,4.0,4.5,3.0,2.12,1.0,3.0,1.0,1.0,1.0,2.62,1.0,1.0,4.0,3.38,2.12,1.0,1.0,1.0,2.12,1.88,1.75,1.88,1.38,4.0,4.0,4.66,2.4,2.84,3.47,4.23,1.47,2.33,3.62,2.36,3.88,1.05,4.26,2.28,3.03,4.17,2.82,1.3,4.43,1.42,4.59,3.87,3.91,3.38,1.88,1.12,4.16,2.76,1.57,2.02,4.78,2.92,1.01,1.0,2.63,3.67,2.11,1.63,4.47,4.49,4.4,4.47,"Sociology Teachers, Postsecondary",Education,1.349229,1.3501014484267462,39920.0,47990.0,49330.0,54980.0,61320.0,64130.0,103300.0,103340.0,113000.0,147930.0,155040.0,167240.0,13850.0,12030.0,12380.0,87562.27,85366.56999999999,82540.0,-10.613718411552346,-13.140794223826717,2.9093931837073983,-5.735655322777726,-2.507586886452363,-3.311097072308273,1.3729766496349822,-1.6587609241943875,51,52,1,1,2,High Exposure Analytical & Office
25-1071,1.88,2.0,3.0,1.75,3.88,1.62,1.0,1.75,1.38,1.62,2.75,2.12,2.25,3.12,1.0,1.25,1.12,2.0,3.75,3.12,1.62,2.88,2.88,1.88,3.5,1.0,2.75,4.0,4.75,3.0,2.12,1.0,3.25,1.5,1.5,1.0,3.0,1.0,1.0,4.0,3.38,2.12,1.0,1.62,1.75,2.62,1.88,2.12,2.12,1.5,4.12,4.0,3.94,3.43,3.74,3.91,3.95,2.66,3.12,3.81,3.7,3.91,1.7,4.24,3.11,3.49,4.47,2.57,2.81,4.04,3.4,4.11,3.31,4.04,3.42,2.27,1.64,4.17,2.87,3.11,3.42,3.83,3.27,2.73,1.67,2.87,3.31,1.63,2.3,4.3,4.56,4.56,4.44,"Health Specialties Teachers, Postsecondary",Education,0.924754,0.9253519734210564,44350.0,48670.0,51760.0,62350.0,64730.0,74400.0,159950.0,167120.0,176090.0,,,,201920.0,207700.0,229720.0,113183.16,108424.3,105620.0,13.76782884310618,2.862519809825673,10.601829561868078,-6.682230819496472,-4.204565414148183,-2.5864128244314264,1.0160065406369905,-0.9228431767815716,182,143,-39,39,3,Highest Exposure Knowledge & Management
25-1072,2.25,2.12,3.12,1.88,3.88,2.0,1.0,2.0,1.5,2.0,2.88,2.88,3.0,3.12,1.0,2.0,2.0,2.0,3.88,3.62,2.12,3.0,2.75,2.0,3.75,1.0,2.88,4.12,4.12,3.0,2.88,1.0,3.75,1.0,1.5,1.75,3.12,1.0,1.0,4.0,3.75,2.62,1.0,2.0,2.0,2.75,2.0,2.38,2.12,1.75,4.12,4.0,4.2,4.64,4.15,3.91,4.25,2.3,4.07,4.03,4.07,4.42,1.68,4.61,3.22,4.24,4.67,3.43,3.05,4.28,3.49,4.28,4.02,4.52,4.1,2.63,1.68,4.49,3.36,3.35,3.39,4.01,3.52,1.62,1.42,3.81,3.75,2.6,2.54,3.98,4.94,4.7,4.58,"Nursing Instructors and Teachers, Postsecondary",Education,0.5170682,0.5174025546866794,41130.0,47760.0,47950.0,56260.0,61800.0,62210.0,99640.0,100630.0,102020.0,133460.0,127290.0,130040.0,59680.0,69190.0,74250.0,86759.8,84944.98,79940.0,24.41353887399464,15.934986595174264,7.313195548489666,-7.860552928891034,-2.091775223087198,-5.892025638242538,1.1239608048695966,-0.6635484179950651,239,114,-125,125,3,Highest Exposure Knowledge & Management
25-1081,1.75,1.88,3.12,1.5,3.88,1.38,1.0,1.12,1.0,1.0,2.75,1.88,2.12,3.12,1.0,1.0,1.0,1.75,3.88,3.12,1.75,2.12,2.62,1.0,3.88,1.0,2.12,4.12,4.38,3.12,2.12,1.0,3.75,1.0,1.0,1.0,2.88,1.0,1.0,4.38,3.88,2.12,1.0,1.0,1.0,2.12,1.88,1.75,2.12,1.38,4.12,4.12,3.68,2.82,4.2,3.63,4.31,1.09,3.21,3.79,3.2,3.73,1.09,4.01,2.56,3.56,4.72,3.07,1.23,3.77,2.17,3.84,4.4,4.3,3.94,2.52,1.46,4.48,3.18,1.39,2.57,3.73,3.18,1.2,1.19,2.81,3.26,2.28,2.83,4.11,4.74,3.89,4.09,"Education Teachers, Postsecondary",Education,1.192988,1.1937594195101693,31730.0,38190.0,38650.0,47980.0,50990.0,50630.0,91270.0,97340.0,96260.0,128140.0,129570.0,126450.0,61300.0,58280.0,59090.0,76188.13,72351.33,72090.0,-3.605220228384992,-4.926590538336052,1.3898421413864104,-5.378961263388411,-5.035955075941623,-0.3611958480929124,1.3559757663257903,-1.4344503046817136,121,57,-64,64,3,Highest Exposure Knowledge & Management
25-1082,1.0,1.88,3.12,1.0,3.88,1.62,1.0,1.38,1.0,1.0,2.88,1.75,2.75,2.88,1.0,1.0,1.0,1.75,3.88,3.12,1.0,2.25,2.88,1.0,3.88,1.0,2.12,4.25,4.25,2.88,2.25,1.0,3.38,1.0,1.0,1.0,2.88,1.0,1.0,4.0,3.5,2.25,1.0,1.0,1.0,2.75,1.88,1.88,2.12,1.25,4.25,4.0,4.49,2.25,3.97,3.8,3.84,1.77,3.22,4.05,3.14,3.79,1.41,3.81,3.2,3.24,4.85,3.0,1.35,4.18,1.9,4.66,4.14,4.19,2.77,2.2,1.38,4.04,3.12,1.42,2.86,4.37,3.68,1.58,1.38,2.46,2.76,2.27,2.29,4.39,4.79,4.59,4.8,"Library Science Teachers, Postsecondary",Education,1.386292,1.3871884141894788,46230.0,50370.0,53590.0,56750.0,61920.0,62130.0,91160.0,96130.0,97020.0,118330.0,121230.0,126200.0,4390.0,4330.0,4100.0,83049.83,82555.97,78630.0,-6.605922551252847,-1.366742596810934,-5.311778290993072,-5.321901321170677,-0.5946550402330752,-4.755525251535414,1.4740325857222019,-1.4903610665301399,33,38,5,5,3,Highest Exposure Knowledge & Management
25-1111,1.0,2.12,3.0,1.0,3.75,1.0,1.0,1.0,1.0,1.0,2.25,1.62,2.12,3.0,1.0,1.0,1.0,1.75,3.88,3.12,1.0,2.0,2.75,1.0,3.5,1.0,2.0,4.0,4.12,3.0,2.0,1.0,3.5,1.0,1.0,1.0,2.88,1.0,1.0,4.0,3.12,2.12,1.0,1.0,1.0,2.75,1.88,1.88,2.0,1.12,4.0,4.0,3.72,2.9,3.7,3.34,3.65,1.68,2.25,3.49,2.45,4.17,1.48,3.8,2.45,3.19,4.06,2.57,1.44,3.82,1.92,4.07,3.67,3.84,2.99,2.15,1.05,4.25,3.51,1.62,3.21,3.32,2.81,1.52,1.37,2.59,3.27,1.92,1.65,4.21,4.35,4.33,4.53,"Criminal Justice and Law Enforcement Teachers, Postsecondary",Education,1.389999,1.3908978112183874,35650.0,40720.0,45640.0,48350.0,51670.0,56100.0,88510.0,97710.0,99730.0,125680.0,129640.0,143130.0,14070.0,13900.0,13560.0,73106.18000000001,70254.19,71470.0,-3.624733475479744,-1.2082444918265811,-2.446043165467626,-2.238087122046327,-3.901161297170779,1.7305871720960666,1.1359510688403391,-1.4657971003242445,30,111,81,81,2,High Exposure Analytical & Office
25-1112,1.0,1.88,3.12,1.0,4.0,1.0,1.0,1.0,1.0,1.0,2.5,1.75,2.38,3.0,1.0,1.0,1.0,1.75,4.0,3.12,1.0,2.12,2.62,1.0,3.75,1.0,2.0,4.12,4.62,3.12,2.25,1.0,3.25,1.0,1.0,1.0,2.62,1.0,1.0,4.12,3.5,2.12,1.0,1.0,1.0,2.0,1.88,1.75,2.0,1.5,4.38,4.0,4.03,2.71,4.28,3.04,3.76,1.36,2.54,3.31,2.53,3.65,1.35,3.72,2.38,3.39,4.62,2.24,1.21,3.78,1.3,4.47,3.48,3.52,2.95,2.04,1.17,3.9,2.57,1.36,2.62,3.61,3.29,1.29,1.06,2.32,3.23,1.99,1.61,4.2,4.79,4.4,3.72,"Law Teachers, Postsecondary",Education,1.35645,1.3573271176864576,37600.0,43400.0,58330.0,59160.0,62940.0,84540.0,179230.0,176900.0,173580.0,,,,16180.0,14830.0,22800.0,132035.39,117677.66,126650.0,40.91470951792336,-8.34363411619283,53.74241402562373,-4.078747372200751,-10.874152755560475,7.624505789799025,1.2895229013179776,-1.6058903768622466,47,81,34,34,2,High Exposure Analytical & Office
25-1113,1.0,1.88,3.25,1.0,4.0,1.5,1.0,1.0,1.0,1.0,2.88,1.75,2.38,3.38,1.0,1.0,1.0,1.62,4.0,3.25,1.0,2.38,2.75,1.0,3.62,1.0,2.0,4.0,4.75,3.12,2.0,1.0,3.5,1.0,1.0,1.0,2.62,1.0,1.0,4.25,3.75,2.12,1.0,1.0,1.0,2.25,1.75,1.75,2.0,1.5,4.0,4.0,3.99,2.99,3.82,4.46,4.58,1.83,3.44,4.03,3.29,4.28,1.5,4.24,2.14,3.86,4.49,3.04,1.56,3.55,1.77,4.51,3.8,4.21,3.45,2.07,1.29,4.69,3.13,1.91,2.89,3.67,3.63,1.16,1.14,3.6,3.86,2.47,2.2,4.21,4.44,4.68,4.58,"Social Work Teachers, Postsecondary",Education,1.347327,1.3481982185511094,34900.0,40130.0,45370.0,53320.0,51400.0,57080.0,96050.0,85040.0,98570.0,128350.0,109610.0,129280.0,13640.0,12050.0,13350.0,83817.41,71897.31,76210.0,-2.126099706744868,-11.656891495601172,10.78838174273859,-9.076169258868775,-14.2215083954515,5.998402443707564,1.577037338973204,-1.5924492110661415,55,20,-35,35,3,Highest Exposure Knowledge & Management
25-1121,2.12,2.0,3.12,2.0,3.5,1.75,1.12,1.38,1.25,1.38,3.12,2.12,2.75,3.5,1.0,1.25,1.12,1.88,3.62,3.12,2.12,2.0,2.5,2.0,3.75,1.0,2.12,4.0,4.25,3.75,2.12,1.0,3.38,1.25,1.38,1.25,2.88,1.0,1.25,4.0,3.75,2.12,1.12,1.25,1.62,2.5,2.0,3.0,3.0,1.5,4.12,4.12,3.18,3.39,4.5,3.84,4.7,2.81,3.51,3.85,3.29,3.61,2.23,4.47,2.54,2.73,4.01,4.04,3.13,3.7,2.39,3.83,3.72,4.31,3.23,2.7,2.11,4.22,3.12,3.18,3.5,2.98,3.84,1.47,2.02,3.49,3.91,3.05,2.53,4.87,4.71,3.98,3.9,"Art, Drama, and Music Teachers, Postsecondary",Education,0.7582769,0.7587672256138364,35180.0,40960.0,47040.0,50030.0,58570.0,60730.0,100620.0,103690.0,121600.0,149560.0,167610.0,194530.0,94060.0,97830.0,97890.0,80863.39,83539.68,80190.0,4.071869019774612,4.008079948968744,0.0613308800981294,-0.8327501481201807,3.309643585310972,-4.009687372515663,1.045539830883003,-0.7421084811533389,208,132,-76,76,3,Highest Exposure Knowledge & Management
25-1122,1.12,2.0,2.88,1.0,3.75,1.25,1.0,1.0,1.0,1.0,2.75,1.5,2.75,3.0,1.0,1.0,1.0,1.75,3.75,3.12,1.12,2.25,2.88,1.0,3.38,1.0,2.38,4.12,4.12,3.0,2.12,1.0,3.12,1.0,1.0,1.0,3.0,1.12,1.0,4.12,3.75,2.25,1.0,1.0,1.0,2.12,2.0,1.88,2.0,1.12,4.0,4.0,3.35,3.13,3.95,3.41,4.14,1.88,3.07,3.52,3.07,4.56,1.24,4.0,2.73,3.54,4.12,2.93,1.72,4.2,2.25,3.95,4.08,4.22,3.51,1.78,1.35,3.85,3.05,1.75,3.63,3.53,3.33,1.8,1.12,3.17,3.43,2.75,1.8,4.48,4.21,4.19,4.42,"Communications Teachers, Postsecondary",Education,1.347435,1.3483062883863193,38160.0,46930.0,47100.0,51470.0,58520.0,60060.0,97920.0,99850.0,103230.0,137830.0,133720.0,160210.0,29120.0,27350.0,29260.0,82142.69,82426.25,77800.0,0.4807692307692308,-6.078296703296704,6.983546617915905,-5.286763800893302,0.34520418067633,-5.612593075628213,1.2957383271685259,-1.4129138659650617,54,75,21,21,3,Highest Exposure Knowledge & Management
25-1123,1.0,1.75,3.12,1.0,3.88,1.0,1.0,1.0,1.0,1.0,2.12,1.25,2.75,3.25,1.0,1.0,1.0,1.75,3.88,2.88,1.0,2.0,2.75,1.0,3.5,1.0,2.0,4.25,4.62,3.25,2.0,1.0,3.38,1.0,1.0,1.0,2.88,1.0,1.0,4.0,3.38,2.12,1.0,1.0,1.0,2.75,1.75,1.75,2.0,1.0,4.88,4.25,3.93,3.22,4.21,3.04,4.5,1.7,3.27,3.89,3.32,4.19,1.08,4.55,1.87,2.58,4.07,3.05,1.48,3.72,2.06,4.53,4.04,4.41,3.22,2.29,1.04,4.25,3.2,1.76,2.67,3.42,3.31,1.48,1.29,3.43,3.98,2.52,2.3,4.48,4.73,3.84,4.11,"English Language and Literature Teachers, Postsecondary",Education,1.417833,1.418749809303807,37960.0,45980.0,47540.0,50150.0,53460.0,59780.0,99180.0,100200.0,103730.0,140890.0,133220.0,154800.0,67930.0,57680.0,59590.0,79653.87,80296.68,78270.0,-12.277344325040485,-15.089062269983808,3.311373092926491,-1.737354380898248,0.8070041041320374,-2.5239897838864485,1.5181650515516874,-1.6118174982697808,23,30,7,7,3,Highest Exposure Knowledge & Management
25-1124,1.0,2.12,2.88,1.0,3.38,1.0,1.0,1.0,1.0,1.0,2.62,1.5,2.5,2.88,1.0,1.0,1.0,1.88,3.62,3.0,1.0,2.0,2.88,1.0,3.38,1.0,2.0,4.12,4.25,2.88,2.12,1.0,3.25,1.0,1.0,1.0,3.0,1.0,1.0,4.62,4.0,2.12,1.0,1.0,1.0,2.12,1.88,2.0,2.0,1.0,4.0,4.0,3.54,2.78,3.42,2.62,3.33,1.6,2.2,3.19,2.36,2.97,1.08,3.47,1.67,2.22,3.88,1.72,1.3,3.3,1.51,3.87,3.45,3.61,2.9,1.36,1.05,3.88,2.81,1.53,3.0,2.99,3.04,1.31,1.04,1.91,3.06,1.88,2.08,4.32,4.44,4.06,4.27,"Foreign Language and Literature Teachers, Postsecondary",Education,1.33412,1.334982678610241,40530.0,46420.0,47090.0,53040.0,59250.0,59790.0,99090.0,99570.0,101680.0,135430.0,130250.0,134960.0,24860.0,19520.0,21170.0,81398.37,82188.43,77010.0,-14.843121480289623,-21.48028962188254,8.452868852459016,-5.391225893098346,0.9706091166199,-6.300680034890547,1.0426493594511173,-1.536059297069599,67,133,66,66,2,High Exposure Analytical & Office
25-1125,1.0,1.88,3.12,1.0,3.88,1.0,1.0,1.25,1.0,1.0,2.62,1.0,2.5,3.0,1.0,1.0,1.0,1.5,3.88,3.12,1.0,2.0,2.88,1.0,3.5,1.0,2.0,4.0,4.75,3.0,2.12,1.0,3.25,1.0,1.0,1.0,3.0,1.0,1.0,3.88,3.25,2.25,1.0,1.0,1.0,2.12,1.62,1.88,2.0,1.12,4.12,4.38,4.65,2.65,3.35,3.34,3.59,1.53,2.58,3.41,2.26,4.42,1.01,3.94,2.14,2.6,4.77,2.38,1.4,4.8,1.86,4.37,3.8,3.58,3.28,2.32,1.01,3.78,2.93,1.68,2.62,4.28,3.07,1.16,1.0,2.63,3.34,2.26,1.92,4.46,4.61,4.68,3.85,"History Teachers, Postsecondary",Education,1.43749,1.4384195199585847,39580.0,46540.0,47730.0,55520.0,61140.0,62370.0,101530.0,102870.0,106770.0,139140.0,134420.0,158140.0,21030.0,18250.0,19860.0,87422.71,85831.4,81500.0,-5.563480741797433,-13.219210651450307,8.821917808219178,-6.774795702398159,-1.8202478509302813,-5.046404928732369,1.3850505747091582,-1.6385389012950724,14,48,34,34,2,High Exposure Analytical & Office
25-1126,1.0,1.75,3.12,1.0,3.88,1.0,1.0,1.0,1.0,1.0,2.62,1.62,2.25,3.0,1.0,1.0,1.0,1.75,4.0,3.12,1.0,2.0,3.0,1.0,3.5,1.0,2.0,4.0,4.12,2.88,2.25,1.0,3.25,1.0,1.0,1.0,2.5,1.0,1.0,4.12,3.25,2.12,1.0,1.0,1.0,2.0,1.88,1.75,2.0,1.25,4.12,4.0,3.46,3.19,3.75,3.15,3.71,1.62,3.18,3.36,2.86,3.46,1.02,3.77,1.98,2.98,4.47,3.05,1.61,3.85,1.34,4.53,3.81,4.16,2.82,2.23,1.24,3.77,2.92,1.52,3.14,3.55,2.99,1.25,1.01,3.27,3.56,2.8,2.09,4.24,4.76,3.93,4.06,"Philosophy and Religion Teachers, Postsecondary",Education,1.363522,1.3644036905994448,41540.0,46940.0,47550.0,55570.0,61200.0,60980.0,103960.0,100150.0,101680.0,151180.0,132600.0,134910.0,23490.0,21620.0,20840.0,87504.12,85161.18,78050.0,-11.281396338867603,-7.960834397616007,-3.6077705827937097,-10.80419984796144,-2.677519641360889,-8.350260059806585,1.2901648535031298,-1.5320217080063805,45,79,34,34,2,High Exposure Analytical & Office
25-1192,1.0,1.88,3.12,1.12,3.62,1.75,1.0,1.0,1.0,1.12,2.88,1.75,2.5,3.0,1.0,1.0,1.0,1.88,3.5,3.12,1.12,2.75,2.75,1.0,3.38,1.0,2.12,4.0,4.12,3.12,2.25,1.0,3.38,1.0,1.0,1.0,2.75,1.0,1.0,4.0,3.38,2.0,1.0,1.0,1.0,2.25,2.0,2.0,2.25,1.62,4.12,4.0,3.31,2.94,3.86,3.56,3.92,1.87,3.14,3.51,2.96,3.36,1.62,3.92,2.67,3.53,4.25,2.87,2.4,3.97,2.33,3.62,3.44,3.78,3.27,2.43,1.63,4.02,3.03,2.03,2.85,3.16,3.34,1.3,1.27,3.16,3.41,1.96,2.11,3.45,4.56,4.18,3.95,"Family and Consumer Sciences Teachers, Postsecondary",Education,1.211652,1.2124354880689918,36430.0,47770.0,47580.0,54540.0,58220.0,56870.0,101880.0,107060.0,99530.0,137050.0,149650.0,133180.0,2150.0,2420.0,2630.0,88946.24,82631.64,77280.0,22.32558139534884,12.558139534883722,8.677685950413224,-13.1160575196883,-7.0993445029267175,-6.476502221183071,1.0779338389404651,-1.2566015985521544,117,126,9,9,2,High Exposure Analytical & Office
25-1193,1.38,2.12,3.12,1.38,3.75,2.0,1.0,1.38,1.0,1.38,2.88,1.38,2.5,3.25,1.0,1.38,1.38,2.0,3.75,3.12,1.12,2.5,2.62,1.38,3.62,1.0,2.12,4.0,4.12,3.0,2.12,1.0,3.12,1.0,1.0,1.0,3.0,1.0,1.0,4.0,3.38,2.12,1.0,1.62,1.38,2.62,1.88,2.0,2.12,1.12,4.0,4.0,3.89,3.24,4.17,3.57,4.23,1.74,3.72,3.67,3.39,3.76,1.33,4.52,2.55,3.49,4.42,3.42,2.47,4.02,2.57,4.05,3.79,3.99,2.83,2.95,1.39,4.07,3.35,2.38,3.72,3.65,3.47,1.64,1.43,3.08,3.32,2.69,2.73,3.77,4.51,4.23,3.96,"Recreation and Fitness Studies Teachers, Postsecondary",Education,1.16489,1.1656432507164596,33740.0,39920.0,44150.0,47790.0,52980.0,57290.0,92350.0,99860.0,101420.0,127910.0,133490.0,158240.0,15880.0,13400.0,12680.0,74873.94,78534.65,75890.0,-20.151133501259448,-15.617128463476073,-5.3731343283582085,1.3570275585871368,4.889164374146722,-3.3674944753685083,1.2112325501022476,-1.1560132425456324,126,97,-29,29,3,Highest Exposure Knowledge & Management
25-1194,2.75,2.25,2.88,2.62,3.62,2.0,1.0,2.0,1.38,2.0,2.88,2.88,2.75,2.88,1.5,2.0,2.0,2.25,3.25,3.25,2.5,2.12,2.88,2.12,3.25,1.5,2.12,4.0,4.0,3.0,2.12,1.62,3.75,2.0,2.0,2.0,3.0,1.62,1.5,3.75,3.62,2.0,1.38,2.0,2.0,2.88,2.25,2.12,2.62,2.0,3.88,3.88,3.37,3.38,4.23,3.69,4.02,3.28,3.33,3.43,3.32,3.62,3.08,4.02,2.66,3.86,4.42,3.41,3.44,3.69,3.51,3.76,3.33,3.85,3.43,3.08,2.73,4.15,3.2,3.15,3.51,3.25,3.72,2.96,3.05,3.02,3.67,2.69,2.62,3.31,4.66,4.28,3.55,"Career/Technical Education Teachers, Postsecondary",Education,0.1622185,0.162323400953417,32840.0,37680.0,38680.0,41970.0,46890.0,48030.0,72460.0,77840.0,80070.0,99230.0,102330.0,106580.0,112210.0,103100.0,111150.0,63523.060000000005,64687.04,61490.0,-0.9446573389181,-8.118705997682916,7.807953443258972,-3.200507028471243,1.832373944202304,-4.942319203352017,0.2816947747342816,-0.02383238766872954,280,279,-1,1,1,Moderate Exposure Service & Healthcare
25-2011,2.12,2.5,2.88,1.62,3.5,2.0,1.0,2.0,1.38,2.38,3.0,2.12,2.88,3.62,1.0,2.12,2.0,2.5,3.0,3.25,2.12,2.38,2.75,2.12,3.25,1.0,2.0,4.0,4.0,3.75,2.62,1.0,3.88,1.0,1.25,1.12,2.88,1.38,1.12,4.0,3.62,2.75,1.62,2.38,2.12,2.88,2.75,2.5,2.62,1.25,3.62,3.12,1.98,4.24,3.02,2.8,3.52,1.36,2.79,3.11,3.61,3.05,1.03,4.02,1.86,3.25,4.02,2.73,2.59,3.43,2.69,2.45,2.78,3.43,3.25,2.63,1.31,3.28,2.26,3.17,2.76,2.54,2.63,1.41,1.2,3.38,3.08,1.84,1.9,3.67,3.76,2.87,2.27,"Preschool Teachers, Except Special Education",Education,0.0306372,0.0306570175490559,21140.0,23920.0,28300.0,24830.0,28870.0,31250.0,39720.0,44090.0,46550.0,55050.0,58580.0,60070.0,431350.0,415360.0,445080.0,35494.76,38191.73,37120.0,3.1830300220238783,-3.7069665005216175,7.155238828967643,4.578816704212109,7.598220131647583,-2.80618343290549,0.23173237305534214,-0.39942401443738257,304,291,-13,13,2,High Exposure Analytical & Office
25-2012,2.25,2.25,3.12,1.62,3.38,1.5,1.0,2.0,1.5,2.25,2.75,2.25,2.88,3.75,1.0,2.25,2.12,2.12,3.38,3.25,1.62,2.5,2.75,2.12,3.25,1.0,2.88,3.88,4.12,3.38,2.62,1.0,3.88,1.0,1.0,1.0,3.25,1.12,1.0,3.88,3.62,2.75,1.0,1.88,2.25,3.0,2.38,2.38,2.38,1.5,4.0,3.88,3.54,3.76,3.6,3.34,3.8,1.87,3.56,4.04,3.49,3.41,1.07,4.11,2.45,3.55,3.88,3.27,2.51,3.37,1.98,3.0,2.8,3.98,3.52,2.3,1.28,4.19,2.62,2.56,3.25,3.17,2.87,1.55,1.12,3.47,3.6,1.91,1.69,4.25,3.96,3.95,3.55,"Kindergarten Teachers, Except Special Education",Education,0.3644047,0.364640339061422,37420.0,40620.0,45750.0,45720.0,48550.0,50290.0,71470.0,77200.0,77720.0,90180.0,100020.0,99360.0,124290.0,119250.0,114410.0,66116.55,65389.69,61430.0,-7.949151178694988,-4.055032585083273,-4.058700209643606,-7.08831601164913,-1.099361657557764,-6.055526490491078,0.7624420180851555,-0.7247382569159341,260,203,-57,57,3,Highest Exposure Knowledge & Management
25-2021,1.62,2.75,3.38,1.12,3.88,1.5,1.0,1.38,1.38,1.88,3.0,1.75,3.0,3.88,1.0,1.88,1.5,2.0,4.0,3.88,1.5,3.0,2.88,1.88,3.75,1.0,2.88,4.0,4.62,3.75,2.62,1.0,4.0,1.0,1.0,1.0,3.12,1.12,1.0,4.0,4.0,2.62,1.38,2.12,2.0,3.0,2.12,2.62,2.62,1.88,3.88,3.88,3.08,4.14,4.09,3.44,3.86,1.38,3.7,3.76,3.62,3.39,1.29,4.09,2.19,2.79,3.58,3.31,2.37,3.49,1.82,3.33,3.12,3.92,3.22,2.04,1.42,3.7,3.07,2.58,3.41,3.02,2.71,1.42,1.06,3.72,3.78,1.71,1.86,3.87,4.48,3.98,4.12,"Elementary School Teachers, Except Special Education",Education,0.8869491,0.887522627929231,39020.0,45470.0,46440.0,47300.0,49120.0,50680.0,77440.0,78860.0,79410.0,97900.0,101310.0,102010.0,1430480.0,1394200.0,1393310.0,69396.21,66686.89,62340.0,-2.598428499524635,-2.5362116212739783,-0.06383589155071,-10.168004852138186,-3.904132516746962,-6.51835765620499,1.0741289291065002,-0.9571887662812988,189,127,-62,62,3,Highest Exposure Knowledge & Management
25-2022,1.38,2.12,2.88,1.38,3.75,1.62,1.0,1.0,1.0,1.0,2.88,1.88,3.0,3.38,1.0,1.25,1.25,2.0,3.25,3.88,1.25,2.88,3.0,1.0,3.75,1.0,2.88,3.88,4.25,3.12,2.75,1.0,3.88,1.0,1.0,1.0,3.0,1.12,1.0,3.88,3.75,2.62,1.0,1.38,1.0,2.75,2.0,2.12,2.5,1.25,3.88,3.88,3.83,4.33,4.37,3.39,4.14,1.91,4.31,4.38,3.79,4.14,1.55,4.51,2.64,3.76,4.22,3.56,2.13,3.99,2.19,4.16,3.96,4.31,3.75,2.0,1.3,4.33,3.19,2.35,3.14,3.58,3.26,1.56,1.4,3.99,3.81,2.25,1.51,4.39,4.62,4.03,3.87,"Middle School Teachers, Except Special and Career/Technical Education",Education,1.286445,1.2872768508915386,39990.0,45910.0,47050.0,47850.0,49320.0,53540.0,76430.0,78970.0,79380.0,96280.0,100570.0,100980.0,622330.0,611120.0,620370.0,69384.58,66816.61,62970.0,-0.3149454469493677,-1.801295132807353,1.5136143474276738,-9.24496480341886,-3.701067297661816,-5.756966718305525,1.4031935046941961,-1.2005525024919261,92,47,-45,45,3,Highest Exposure Knowledge & Management
25-2023,2.12,2.75,3.25,2.12,3.88,1.88,1.0,1.88,1.38,1.75,3.12,2.12,2.75,3.25,1.0,1.88,1.88,2.62,3.75,3.12,2.0,2.75,2.75,2.0,3.88,1.0,2.38,4.0,4.12,3.25,3.0,1.0,3.75,1.75,1.88,1.5,3.12,1.0,1.12,4.0,3.88,2.62,1.38,1.88,1.88,3.0,2.12,2.5,2.75,2.0,4.0,3.88,3.66,3.18,3.84,3.58,4.21,2.82,3.66,3.97,3.71,3.91,2.25,4.17,2.83,3.62,4.29,3.51,2.47,3.92,2.9,3.78,3.65,4.0,3.88,2.99,1.43,4.03,3.43,2.68,3.01,3.5,3.11,2.1,1.73,3.65,3.39,1.94,1.41,4.17,4.41,4.28,4.14,"Career/Technical Education Teachers, Middle School",Education,0.5199191,0.5202552981422274,40770.0,46790.0,47090.0,50500.0,51630.0,55920.0,77460.0,77810.0,78270.0,97050.0,99250.0,98430.0,11860.0,11110.0,14200.0,70710.40000000001,67703.03,63620.0,19.73018549747049,-6.323777403035413,27.81278127812781,-10.02737928225552,-4.253080169253758,-6.030793599636529,0.8005636296703863,-0.5220786311367309,238,192,-46,46,1,Moderate Exposure Service & Healthcare
25-2031,1.62,2.12,3.25,1.0,3.88,1.62,1.0,1.12,1.12,1.12,3.0,1.62,2.88,3.5,1.0,1.25,1.12,2.0,3.75,3.62,1.12,3.0,2.88,1.12,3.88,1.0,2.88,4.0,4.12,3.38,2.88,1.0,3.75,1.0,1.0,1.0,3.0,1.0,1.25,4.0,4.0,2.75,1.0,1.25,1.25,2.75,2.0,2.0,2.75,1.25,4.0,4.0,3.5,4.0,4.45,3.28,4.18,1.81,3.74,4.22,3.54,3.65,1.67,4.35,2.44,3.59,4.07,3.35,2.24,3.65,2.64,3.48,3.2,4.36,3.39,2.63,1.63,4.17,3.31,2.72,3.3,3.7,3.23,1.84,1.61,3.78,3.71,2.06,1.63,4.06,4.65,4.06,4.19,"Secondary School Teachers, Except Special and Career/Technical Education",Education,1.191325,1.192095344177265,40540.0,46480.0,47330.0,49060.0,50090.0,57800.0,79820.0,79520.0,83010.0,99660.0,101710.0,104670.0,1035850.0,1042090.0,1072540.0,71710.58,67411.16,64580.0,3.542018632041319,0.602403822947338,2.922012494122389,-9.94355365693598,-5.995516979502883,-4.199838721066369,1.337852400764424,-1.1917574396062476,122,61,-61,61,3,Highest Exposure Knowledge & Management
25-2032,2.75,2.75,3.5,2.38,3.88,2.0,1.0,1.75,1.62,2.0,3.38,2.5,3.0,3.75,1.5,1.75,1.75,2.38,4.0,3.75,2.62,3.0,3.0,2.0,3.88,1.38,2.88,4.12,4.25,3.38,2.88,1.5,4.0,1.88,1.88,2.0,3.12,1.5,1.75,4.12,4.0,3.0,1.5,2.0,2.12,3.0,2.5,2.62,2.75,2.12,4.12,4.0,3.74,4.07,4.49,3.72,4.41,3.44,3.96,4.28,4.16,4.22,3.14,4.37,3.08,3.78,4.43,3.94,3.46,4.03,3.79,4.08,3.73,4.42,4.09,3.46,2.69,4.5,3.24,3.34,3.7,4.06,4.07,2.4,3.32,3.86,4.19,2.96,2.46,4.5,4.74,4.41,4.08,"Career/Technical Education Teachers, Secondary School",Education,0.3734505,0.3736919882775277,42620.0,47250.0,48840.0,51240.0,51340.0,58840.0,76730.0,78320.0,78650.0,94050.0,98090.0,98720.0,74520.0,88280.0,104450.0,71768.73,67562.5,63910.0,40.16371443907676,18.46484165324745,18.316719528772087,-10.950075332251242,-5.860811526134009,-5.406105457909343,0.863425951131001,-0.13682002855603825,259,175,-84,84,1,Moderate Exposure Service & Healthcare
25-2051,2.12,2.75,3.0,1.62,3.88,1.88,1.12,2.0,1.75,2.0,2.88,2.0,2.62,3.25,1.25,2.12,2.0,2.25,3.75,3.38,2.12,2.0,2.5,1.88,3.38,1.0,2.0,4.0,4.12,2.88,2.5,1.12,4.0,1.0,1.0,1.38,3.38,1.38,1.25,4.0,3.5,2.5,1.0,2.0,2.0,3.0,2.38,2.12,2.25,1.88,4.0,3.75,3.44,4.35,3.62,3.22,4.29,1.83,3.49,3.92,3.55,4.22,1.68,4.21,2.1,3.76,4.45,2.78,3.07,3.74,2.65,3.66,2.98,3.57,3.75,1.97,1.55,4.06,3.21,3.21,3.03,3.22,2.76,1.37,1.42,3.01,3.2,2.16,1.98,3.41,4.13,3.61,4.03,"Special Education Teachers, Preschool",Education,0.3750564,0.3752989266882978,35110.0,38020.0,38740.0,45990.0,48760.0,49370.0,79910.0,81270.0,81330.0,115260.0,113700.0,132530.0,22340.0,22970.0,28200.0,69780.0,67281.44,62190.0,26.230975828111013,2.820053715308863,22.76882890727036,-10.877042132416165,-3.5806248208655744,-7.567376679214954,0.5892096204181728,-0.5764578795173185,257,230,-27,27,1,Moderate Exposure Service & Healthcare
25-2059,3.0,2.25,3.0,2.25,3.88,2.0,1.25,2.12,2.12,3.0,3.12,2.75,3.12,3.38,1.0,3.0,2.75,2.12,3.38,3.25,3.0,2.0,2.75,3.0,3.88,1.0,2.0,4.0,4.12,3.25,2.75,1.0,3.88,1.0,1.88,2.12,3.12,1.0,1.75,3.75,3.75,2.75,2.0,3.0,3.0,2.88,3.0,2.0,2.38,1.38,3.88,3.88,3.14,4.38,3.75,2.95,4.05,1.48,3.19,4.05,3.57,3.9,1.19,4.0,2.38,3.52,4.1,3.67,3.62,3.57,2.81,3.29,3.38,4.0,3.38,1.9,1.86,4.0,2.95,4.48,3.19,2.9,3.52,1.33,1.48,3.05,3.29,2.2,1.43,4.05,3.62,3.52,3.24,Adapted Physical Education Specialists,Education,-0.6632917,-0.6637205923603046,34180.0,38680.0,43220.0,45730.0,50730.0,53470.0,81510.0,89770.0,87890.0,100890.0,121850.0,109360.0,35600.0,42780.0,39350.0,71163.97,69129.95,67430.0,10.53370786516854,20.168539325842698,-8.01776531089294,-5.246995073490139,-2.858216032635622,-2.459064414193844,0.18814505969095066,-0.006696398290424766,429,298,-131,131,1,Moderate Exposure Service & Healthcare
25-3011,1.0,2.0,2.88,1.0,3.5,1.0,1.0,1.0,1.0,1.0,2.75,1.75,3.0,3.25,1.0,1.0,1.0,2.0,3.25,3.0,1.0,2.88,2.75,1.0,3.62,1.0,2.88,3.88,4.25,3.25,2.62,1.0,3.5,1.0,1.0,1.0,3.0,1.0,1.0,3.88,3.75,2.62,1.0,1.0,1.0,2.75,2.0,2.0,2.0,1.0,4.0,4.0,2.85,2.97,3.83,2.21,3.76,1.84,2.92,3.69,2.59,3.43,1.29,3.68,2.16,3.13,3.54,2.34,1.63,3.33,2.34,3.98,3.15,3.79,2.91,1.97,1.4,3.72,2.82,1.72,3.37,2.72,3.31,1.73,1.42,2.76,2.93,1.98,1.42,4.12,3.82,3.37,3.65,"Adult Basic Education, Adult Secondary Education, and English as a Second Language Instructors",Education,1.348951,1.3498232686657436,32580.0,36970.0,39750.0,42640.0,46320.0,47950.0,71700.0,76770.0,76580.0,93760.0,97010.0,95750.0,51950.0,36490.0,36260.0,63209.05,63335.79,59950.0,-30.20211742059673,-29.75938402309913,-0.6303096738832557,-5.15598636587641,0.2005092625185759,-5.345776850655847,1.0063894005637157,-1.3332539872371598,52,148,96,96,2,High Exposure Analytical & Office
25-3021,2.0,2.0,3.0,1.75,3.12,1.75,1.0,1.75,1.25,1.88,2.5,2.0,2.62,3.0,1.0,1.62,1.62,1.62,3.0,3.12,1.88,2.0,2.5,1.75,3.12,1.0,2.0,3.88,4.0,3.0,2.12,1.0,3.0,1.25,1.25,1.5,2.62,1.0,1.12,3.62,3.25,2.0,1.0,1.88,1.75,2.38,2.12,2.0,2.5,1.62,3.12,3.12,3.02,2.99,4.74,3.1,3.72,1.61,3.09,3.07,2.7,3.43,1.42,4.12,1.91,2.59,4.03,2.72,2.44,3.9,2.63,4.28,2.96,4.01,3.54,1.89,1.79,3.34,2.52,2.83,3.03,2.95,3.11,1.28,1.74,2.99,3.08,3.02,1.91,4.12,4.87,3.51,2.83,Self-Enrichment Teachers,Education,0.526352,0.5266923577988953,21400.0,26290.0,28980.0,27540.0,31230.0,35410.0,57160.0,60640.0,62180.0,80330.0,81340.0,90780.0,252780.0,248150.0,308520.0,45577.97,47682.91,45590.0,22.050795157844767,-1.8316322493868185,24.328027402780577,0.0263943304188379,4.61832767014414,-4.3892245670408885,0.5366337658510199,-0.6889837308275262,237,242,5,5,2,High Exposure Analytical & Office
25-4011,2.0,1.88,4.0,1.62,3.62,1.88,1.0,2.0,1.38,2.0,2.75,2.0,2.5,3.0,1.0,1.5,1.5,1.88,3.5,3.88,2.0,2.12,2.62,2.0,3.88,1.0,2.38,3.75,3.88,2.88,2.38,1.0,3.0,1.0,1.0,1.0,3.0,1.0,1.12,3.0,3.12,2.25,1.0,1.75,2.0,2.12,2.0,2.62,2.38,1.38,4.0,3.88,3.7,2.32,3.35,4.1,4.13,2.1,3.39,3.81,3.29,4.74,1.68,3.9,3.19,3.61,4.42,3.45,3.81,4.19,2.61,3.97,3.97,4.03,3.26,3.37,1.84,4.13,3.43,2.87,3.87,4.39,3.3,1.77,1.68,3.0,3.52,2.06,3.17,3.7,3.58,4.35,4.52,Archivists,Education,0.6765602,0.6769976857723911,31870.0,35310.0,39330.0,39530.0,45390.0,47890.0,72560.0,78400.0,79850.0,91350.0,101870.0,104780.0,6560.0,7230.0,7050.0,62743.85,63389.84,61570.0,7.4695121951219505,10.21341463414634,-2.489626556016597,-1.870860650087616,1.0295670412319264,-2.870870158372377,0.8840725288742053,-0.7638631472194252,221,170,-51,51,3,Highest Exposure Knowledge & Management
25-4012,2.12,1.75,3.75,1.38,3.88,1.88,1.0,1.62,1.12,1.75,3.12,2.12,3.12,3.38,1.12,1.62,1.62,1.75,3.75,3.38,2.0,2.88,2.75,1.75,3.88,1.12,2.75,4.0,4.0,3.5,2.75,1.12,3.62,1.0,1.0,1.12,3.12,1.0,1.75,3.75,3.62,2.38,1.0,1.75,2.12,2.75,2.12,3.0,3.25,1.62,4.0,3.88,3.78,2.41,3.01,4.02,4.03,2.07,3.24,3.53,3.21,4.5,2.29,4.11,3.0,3.21,4.44,3.21,3.94,4.54,3.08,3.88,3.9,4.04,3.41,3.24,2.05,4.21,3.15,2.95,3.78,3.98,3.11,1.55,1.63,2.85,3.63,2.71,2.13,4.35,3.57,3.97,3.99,Curators,Education,0.7366658,0.7371421513943995,30740.0,36320.0,37110.0,40980.0,46170.0,47270.0,73370.0,79200.0,81350.0,94750.0,102980.0,105520.0,12890.0,11620.0,12280.0,63464.91,65270.78,61770.0,-4.732350659425912,-9.852598913886734,5.679862306368331,-2.670625389683848,2.8454621616890265,-5.363471985473437,0.9707719671082133,-0.6962680201189441,211,153,-58,58,3,Highest Exposure Knowledge & Management
25-4013,3.25,2.75,3.12,2.88,3.25,2.12,1.0,2.0,1.25,2.25,3.12,3.25,3.12,3.25,1.12,1.88,2.0,2.0,3.12,3.62,3.12,2.25,2.75,2.75,3.75,1.0,2.0,3.62,3.75,3.38,2.88,1.12,3.12,1.75,1.75,1.75,3.0,1.0,1.38,3.5,3.5,2.12,1.0,1.88,2.75,2.5,2.25,3.12,3.25,2.12,3.5,3.5,3.0,1.94,2.6,3.26,3.83,2.97,2.69,3.25,3.01,3.57,2.31,3.72,3.03,2.82,4.21,2.37,4.04,4.29,3.29,2.86,3.34,3.86,3.88,2.25,2.17,3.41,2.83,3.6,2.93,3.39,2.66,2.03,2.59,2.53,2.76,1.93,1.6,3.58,2.55,3.49,3.31,Museum Technicians and Conservators,Education,-0.0912107,-0.0912696720216979,26110.0,29640.0,30720.0,33530.0,36320.0,37460.0,58470.0,62520.0,62990.0,76330.0,81650.0,82790.0,13190.0,12240.0,13070.0,51672.09,51098.87,47460.0,-0.9097801364670204,-7.202426080363912,6.781045751633987,-8.151576605475032,-1.1093416194313186,-7.121233796363787,-0.05625286007772482,0.08032218688969357,321,339,18,18,1,Moderate Exposure Service & Healthcare
25-4031,2.0,2.0,3.12,2.0,3.0,1.25,1.38,2.12,1.25,2.38,3.0,2.88,2.88,2.12,1.0,2.0,1.88,1.75,2.88,3.0,2.5,2.0,2.38,2.0,3.25,1.0,2.0,3.38,3.38,2.0,2.75,1.0,2.88,1.0,1.12,1.12,2.88,1.12,1.88,3.25,3.25,2.0,1.12,2.0,2.25,2.0,2.38,2.0,2.0,1.75,3.25,3.0,2.41,2.96,2.01,2.77,4.0,2.15,2.78,2.52,2.15,3.61,1.06,3.81,2.1,2.77,4.02,1.79,3.52,3.48,2.46,2.99,2.99,3.17,3.38,2.76,1.26,3.49,3.12,3.31,3.47,3.42,1.82,1.58,1.35,2.66,2.92,1.89,1.71,3.08,2.25,3.43,4.29,Library Technicians,Education,0.037965,0.0379895558680304,22010.0,25730.0,27890.0,26470.0,30400.0,33510.0,45560.0,47940.0,49740.0,56170.0,59570.0,60960.0,88720.0,73330.0,73770.0,40588.7,40645.6,39970.0,-16.850766456266907,-17.346708746618575,0.6000272739669985,-1.524315881021083,0.140186800759803,-1.662172535280568,-0.14883242248555298,-0.3567401258342273,301,353,52,52,4,Low Exposure Routine Service
25-9021,2.12,2.25,3.62,2.25,4.0,2.12,1.12,1.75,1.5,1.62,2.88,2.0,3.0,3.5,1.75,1.62,1.5,2.0,4.0,4.0,2.0,3.0,3.12,2.12,3.0,1.75,3.0,4.12,4.5,3.75,2.88,1.75,3.88,1.88,1.88,1.88,3.0,1.75,2.0,4.12,3.75,3.0,1.25,1.75,1.75,3.0,2.0,2.0,3.0,1.75,4.12,4.0,3.56,2.59,3.5,4.52,4.31,2.07,3.44,3.67,3.89,3.67,1.44,4.41,2.78,3.19,4.22,3.27,2.59,3.78,2.54,3.96,2.88,4.0,3.41,3.38,3.33,4.3,3.37,2.67,4.41,3.48,3.93,1.78,1.81,3.11,4.15,2.78,2.62,3.7,4.33,4.48,4.19,Farm and Home Management Educators,Education,0.8604031,0.8609594626933488,27370.0,31080.0,36780.0,36640.0,39070.0,46010.0,65050.0,71050.0,69110.0,82210.0,87540.0,85230.0,8720.0,8220.0,10260.0,57812.73,57779.45,58120.0,17.660550458715598,-5.73394495412844,24.817518248175183,0.5314919395780078,-0.0575651763893628,0.5893964030464169,0.9631673123520664,-0.6035466812835223,193,155,-38,38,3,Highest Exposure Knowledge & Management
25-9031,1.12,2.25,3.75,1.0,3.88,1.62,1.0,1.0,1.0,1.0,3.12,1.88,3.0,3.62,1.0,1.12,1.0,1.75,3.75,3.75,1.25,3.0,3.12,1.0,3.88,1.0,3.0,4.12,4.25,3.75,2.62,1.0,4.0,1.0,1.0,1.0,3.0,1.0,1.0,4.12,4.0,2.88,1.25,1.38,1.0,2.88,1.75,2.12,3.0,1.5,4.38,4.25,4.19,3.29,4.14,3.23,4.54,1.5,3.31,4.16,4.12,3.67,1.46,4.63,2.97,3.83,4.23,3.44,2.11,3.69,2.36,3.76,3.6,4.38,3.71,3.26,1.67,4.5,3.71,2.08,3.22,3.89,3.83,1.39,1.3,3.21,3.91,2.4,2.31,3.72,4.53,4.06,4.45,Instructional Coordinators,Education,1.301855,1.3026968153413594,38260.0,42000.0,46560.0,50930.0,52140.0,59120.0,85090.0,84900.0,94780.0,103790.0,105210.0,115410.0,176690.0,198660.0,210850.0,77095.27,71875.69,74720.0,19.3332956024676,12.434206802875092,6.136111950065438,-3.0809542530949097,-6.770298618838745,3.957262879841567,1.6135490801993715,-1.3748205863723986,84,14,-70,70,3,Highest Exposure Knowledge & Management
27-1011,2.12,1.75,3.5,1.88,3.62,1.38,1.0,1.12,1.0,1.0,3.12,2.38,3.0,4.25,1.0,1.0,1.0,1.62,3.5,3.75,2.12,2.5,2.38,1.0,4.0,1.0,2.25,4.0,4.0,4.25,2.75,1.0,3.75,1.12,1.25,1.0,2.75,1.0,1.12,3.62,3.62,2.75,1.0,1.0,1.0,2.62,1.62,3.75,3.88,1.5,4.0,3.38,3.36,2.7,2.78,3.79,4.39,1.7,3.24,3.03,3.33,2.99,2.45,3.89,2.28,2.75,4.41,3.26,1.78,3.78,2.27,3.56,2.95,4.37,2.76,2.03,1.37,4.2,2.56,1.7,2.63,2.54,3.5,1.48,1.3,3.5,2.91,2.54,2.28,4.95,3.34,4.34,4.57,Art Directors,Arts & Entertainment,1.02251,1.023171184631743,53240.0,57820.0,61060.0,69110.0,77220.0,80130.0,130330.0,153760.0,160460.0,188750.0,207060.0,211410.0,42890.0,54470.0,50370.0,109577.86,113699.58,111040.0,17.43996269526696,26.99930053625554,-7.527079126124472,1.3343388892610235,3.761453271673677,-2.339129133106738,1.191691144694209,-1.0875787352846962,163,103,-60,60,3,Highest Exposure Knowledge & Management
27-1012,3.88,2.0,3.0,3.12,3.0,2.12,1.0,2.0,1.5,2.5,2.62,3.88,2.0,3.62,1.0,2.0,1.62,1.75,3.0,3.0,3.75,2.62,2.0,3.12,3.75,1.0,2.25,3.0,3.0,4.12,2.0,1.0,3.0,1.88,2.0,1.62,2.88,1.0,1.12,3.0,3.0,2.0,1.0,1.88,2.38,2.0,2.75,3.0,3.62,1.88,3.0,2.62,2.43,1.83,2.59,3.23,2.22,3.57,2.0,2.78,1.65,3.09,2.3,3.13,3.13,2.35,3.71,1.7,3.65,3.04,3.26,2.3,2.96,4.0,3.57,3.17,1.7,3.64,2.74,3.09,3.3,2.74,2.39,1.78,2.52,2.22,3.04,3.64,1.3,4.61,2.96,3.3,3.09,Craft Artists,Arts & Entertainment,-0.9295284,-0.9301294469506748,20710.0,23220.0,22620.0,26030.0,30620.0,31350.0,46250.0,54170.0,52070.0,62960.0,88380.0,65850.0,4640.0,4760.0,4370.0,40367.73,41240.15,38480.0,-5.818965517241379,2.586206896551724,-8.193277310924369,-4.676334289790392,2.161181716187653,-6.692870903718831,-0.5505904318907495,0.3155729410841791,500,407,-93,93,4,Low Exposure Routine Service
27-1013,3.75,1.88,3.12,2.88,3.0,2.12,1.25,2.25,1.5,2.12,3.0,3.38,2.75,4.0,1.0,1.88,1.75,1.75,3.0,3.0,3.38,2.12,1.75,2.88,3.62,1.0,2.12,3.12,3.0,4.38,2.5,1.0,3.0,1.75,1.75,1.75,2.88,1.0,1.0,3.0,3.0,2.12,1.12,1.88,2.62,2.25,2.5,3.75,4.0,2.12,3.0,2.88,2.49,1.91,1.56,2.83,2.54,2.89,1.64,1.94,1.62,1.99,2.51,3.56,2.45,1.85,3.91,1.56,3.16,2.85,3.34,2.18,2.81,3.57,3.37,2.33,1.3,3.72,1.84,2.77,2.64,2.71,1.77,1.68,1.38,1.72,2.29,2.28,1.24,4.8,1.57,3.46,3.46,"Fine Artists, Including Painters, Sculptors, and Illustrators",Arts & Entertainment,-0.5690498,-0.5694177534450829,20070.0,28440.0,26420.0,32400.0,38760.0,39740.0,74110.0,83440.0,89630.0,112970.0,124670.0,140660.0,12350.0,12080.0,10000.0,58789.65,62222.36,60560.0,-19.02834008097166,-2.186234817813765,-17.218543046357617,3.011329375153617,5.838969954745434,-2.6716440842166715,-0.6307917300929388,0.2146644906983367,409,425,16,16,4,Low Exposure Routine Service
27-1014,2.75,1.88,3.0,2.38,3.62,2.0,1.0,1.25,1.0,1.0,2.88,2.62,2.75,3.38,1.0,1.0,1.0,1.88,3.25,3.38,2.25,2.75,2.12,1.5,3.88,1.0,2.38,4.12,4.0,3.5,2.75,1.0,3.62,1.88,1.75,1.5,3.0,1.0,1.0,3.5,3.12,2.5,1.0,1.0,1.0,2.5,1.62,3.62,4.0,2.0,4.0,3.5,3.44,2.48,2.9,2.73,4.76,2.91,2.19,3.22,3.11,2.72,1.53,3.82,2.9,3.53,4.55,3.45,2.06,4.02,2.3,3.21,2.98,4.01,3.09,1.94,1.38,3.48,2.61,1.51,2.36,4.06,3.07,2.1,1.4,2.42,3.38,2.45,1.88,4.82,3.05,4.34,4.84,Special Effects Artists and Animators,Arts & Entertainment,0.7058651,0.7063215349745685,40250.0,52660.0,57220.0,55390.0,67900.0,73030.0,103330.0,131280.0,135600.0,139940.0,174140.0,174630.0,29340.0,35990.0,21280.0,87539.01000000001,106964.95,99800.0,-27.471029311520105,22.66530334014997,-40.87246457349264,14.006315584332048,22.19118082326952,-6.698409151782895,0.7824901423429375,-0.7995278359939552,215,197,-18,18,2,High Exposure Analytical & Office
27-1021,2.88,2.12,3.12,2.12,3.75,2.0,1.0,1.62,1.0,1.0,3.0,2.75,3.12,3.88,1.0,1.0,1.0,2.12,3.38,3.62,2.12,2.75,2.5,1.12,3.88,1.0,2.75,3.75,3.75,3.88,2.75,1.0,3.62,1.5,1.75,1.0,3.12,1.0,1.38,3.5,3.62,2.25,1.0,1.0,1.12,2.75,1.75,3.25,3.75,1.38,3.75,3.12,3.45,1.78,2.12,3.66,4.37,2.76,2.67,2.74,2.01,3.73,4.57,3.86,2.99,3.9,4.19,2.49,2.07,3.87,2.67,2.93,2.94,4.39,3.73,2.78,2.21,3.72,2.04,1.89,1.51,3.61,3.0,1.8,1.81,2.99,2.79,2.98,1.56,3.97,2.89,3.71,4.38,Commercial and Industrial Designers,Arts & Entertainment,0.867039,0.867599653614346,39860.0,43680.0,49390.0,53270.0,58170.0,62040.0,90980.0,100140.0,103170.0,114950.0,125780.0,134840.0,32770.0,30450.0,30250.0,80119.07,82058.70999999999,79450.0,-7.689960329569728,-7.079646017699115,-0.6568144499178982,-0.8350945661251521,2.42094672342051,-3.179077516573185,0.6189575063417826,-0.663312389474325,191,226,35,35,2,High Exposure Analytical & Office
27-1022,2.88,2.12,3.62,2.12,3.62,2.0,1.12,1.38,1.38,2.0,3.0,2.88,2.88,3.88,1.0,1.0,1.38,2.0,3.5,3.12,2.38,2.25,2.0,1.62,3.75,1.0,2.25,3.75,3.88,4.25,2.88,1.0,3.62,1.75,1.62,1.12,3.0,1.0,1.12,3.38,3.75,2.12,1.0,1.0,1.5,2.5,2.12,3.75,3.75,1.5,3.88,3.62,3.03,2.31,3.73,3.68,4.19,2.44,3.66,3.14,3.66,3.29,3.06,4.21,3.49,2.43,4.19,3.51,2.74,3.63,2.94,3.17,3.43,4.09,2.92,2.99,1.64,4.62,2.22,2.43,2.19,3.61,2.87,1.69,1.71,3.28,3.75,2.96,3.21,4.8,3.56,4.12,3.93,Fashion Designers,Arts & Entertainment,0.5801539,0.5805290473078384,37260.0,34660.0,35970.0,52410.0,52840.0,53730.0,100830.0,104800.0,107990.0,149010.0,139920.0,169620.0,22030.0,20560.0,20910.0,85817.77,82912.7,80690.0,-5.083976395823877,-6.672719019518839,1.7023346303501945,-5.975184393628504,-3.3851613715900646,-2.680771462031748,0.7556192280131339,-0.4960766396858367,232,206,-26,26,3,Highest Exposure Knowledge & Management
27-1023,3.12,2.0,3.5,2.12,3.12,2.0,1.12,2.12,1.5,2.12,3.12,3.12,2.25,3.38,1.25,2.0,1.75,1.75,2.88,3.25,3.12,2.25,2.0,2.75,3.62,1.0,2.12,4.0,4.0,3.62,2.25,1.38,2.88,1.12,1.25,1.5,3.0,1.25,1.62,3.62,3.25,2.25,1.12,2.12,2.12,2.25,3.12,3.62,3.88,1.88,3.0,2.88,2.36,2.27,1.92,2.69,2.29,1.63,2.05,2.6,1.83,3.42,1.3,2.69,3.39,1.68,4.05,1.51,3.41,3.55,2.37,1.73,3.28,2.63,3.51,3.27,1.49,3.75,3.18,3.18,3.68,2.54,2.16,1.41,1.24,3.08,2.66,2.8,1.21,3.87,2.12,3.11,3.01,Floral Designers,Arts & Entertainment,-0.2718452,-0.2720209743196313,19710.0,23540.0,27260.0,23280.0,28590.0,30200.0,34870.0,37770.0,43420.0,41400.0,46560.0,48690.0,41770.0,42840.0,40160.0,32610.52,35845.96,36120.0,-3.8544409863538425,2.5616471151544173,-6.2558356676003735,10.761803246314376,9.921460927332648,0.7644934045566109,-0.34577402907617494,0.020512819682106657,352,373,21,21,4,Low Exposure Routine Service
27-1024,2.5,1.75,3.0,2.25,3.25,1.75,1.0,1.25,1.0,1.0,2.75,2.38,2.75,3.88,1.0,1.0,1.0,1.88,3.12,3.12,2.12,2.0,2.0,1.0,3.88,1.0,2.0,3.62,3.5,4.0,2.75,1.0,3.12,1.0,1.0,1.0,3.0,1.0,1.0,3.25,3.25,2.25,1.0,1.0,1.0,2.62,1.88,3.25,3.12,1.38,3.75,3.5,2.65,2.45,3.0,3.95,4.2,2.4,3.25,3.5,3.15,3.0,3.16,4.2,2.6,3.0,4.6,3.0,1.79,3.65,2.25,3.6,3.0,4.21,2.8,2.42,1.75,4.2,2.72,1.65,2.65,3.45,3.65,1.9,1.55,3.05,3.45,3.25,2.16,4.9,3.21,4.0,4.75,Graphic Designers,Arts & Entertainment,0.7156958,0.7161585917245266,30810.0,35430.0,37600.0,39000.0,44350.0,47200.0,68920.0,76970.0,79000.0,89210.0,100920.0,103030.0,215930.0,211890.0,214260.0,60603.93,62687.19,61300.0,-0.7733987866438198,-1.870976705413792,1.1185048846099392,1.1485558774818725,3.437499845307053,-2.212876346826194,0.9023588591821355,-0.8753368447597462,213,167,-46,46,2,High Exposure Analytical & Office
27-1025,1.0,2.0,3.38,1.38,3.62,2.0,1.0,1.0,1.0,1.0,3.12,1.5,2.88,4.12,1.0,1.0,1.0,2.0,3.25,3.12,1.0,3.0,2.25,1.38,4.0,1.0,2.88,4.0,4.0,4.12,2.88,1.0,3.75,1.0,1.0,1.0,3.0,1.0,1.88,3.75,3.75,2.25,1.0,1.0,1.0,2.62,2.12,3.75,4.0,1.25,3.88,3.62,3.21,2.62,3.29,4.33,4.33,1.75,4.0,3.48,3.67,3.71,4.25,4.46,3.42,4.08,4.42,3.62,2.46,3.87,2.92,3.17,3.67,4.65,3.71,2.88,1.96,4.25,3.42,2.33,3.29,3.91,3.62,1.43,1.25,3.65,3.73,3.88,2.67,4.78,3.25,4.0,4.42,Interior Designers,Arts & Entertainment,1.12168,1.1224053101663782,31970.0,36610.0,38480.0,42260.0,47590.0,49770.0,73490.0,79770.0,80830.0,96470.0,101550.0,106090.0,60650.0,64290.0,69580.0,65174.52,66578.79,63490.0,14.723825226710636,6.001648804616653,8.228340332866697,-2.584629698845506,2.154630367818573,-4.639300293682108,1.2862234370832841,-0.9312605144814688,141,82,-59,59,3,Highest Exposure Knowledge & Management
27-1026,3.0,2.25,3.25,2.5,3.25,1.88,1.0,2.25,1.75,3.12,3.25,3.25,2.62,3.38,1.0,3.0,2.62,1.88,3.0,3.25,3.38,2.12,2.0,3.0,3.25,1.0,2.0,3.62,3.62,3.25,2.75,1.12,3.12,1.5,1.88,1.25,2.88,1.0,1.88,3.62,3.38,2.25,1.62,3.0,3.0,2.25,3.25,3.25,3.88,1.25,3.0,3.0,2.74,2.69,3.19,2.18,4.15,2.6,3.39,3.38,3.23,2.07,1.99,3.97,2.98,3.48,4.29,3.2,4.21,3.92,2.58,2.96,2.84,3.84,3.29,2.56,1.48,4.13,2.25,4.26,3.45,2.63,2.61,1.34,1.22,3.24,2.93,3.13,1.45,4.28,3.17,3.26,3.2,Merchandise Displayers and Window Trimmers,Arts & Entertainment,-1.001413,-1.0020605291368907,21630.0,28740.0,30050.0,24710.0,30750.0,33580.0,37330.0,41780.0,44750.0,49410.0,49990.0,53800.0,140850.0,173110.0,192480.0,34261.98,38245.78,37350.0,36.65601703940362,22.90379836705716,11.189417133614466,9.012964224484389,11.627465779852756,-2.3421669005050987,-0.19078394456674477,0.3160994947990612,522,359,-163,163,4,Low Exposure Routine Service
27-1027,2.62,2.12,3.5,2.62,3.62,2.25,1.0,1.38,1.0,1.38,3.0,2.75,3.0,4.12,1.62,1.38,1.88,2.12,3.5,3.75,2.62,2.75,2.5,2.12,3.75,1.38,2.75,4.0,3.75,3.88,2.88,1.38,3.88,1.5,1.75,1.62,3.0,1.62,1.88,3.62,3.75,2.75,1.5,1.38,2.12,2.88,2.0,2.88,4.0,1.75,3.88,3.75,2.67,1.75,2.81,3.05,4.43,1.9,3.35,3.14,3.14,2.67,4.52,4.33,2.95,2.38,4.67,3.14,2.4,3.24,2.35,3.0,2.76,4.3,3.1,2.76,1.62,4.29,2.89,2.24,2.05,2.71,2.45,1.45,1.55,2.9,3.48,2.52,1.95,4.81,2.76,3.86,3.9,Set and Exhibit Designers,Arts & Entertainment,-0.0519323,-0.0519658737318964,30910.0,33160.0,35990.0,38500.0,41570.0,48920.0,78560.0,82790.0,100020.0,105990.0,118180.0,129420.0,12040.0,9490.0,10850.0,63499.8,64849.19,66280.0,-9.883720930232558,-21.17940199335548,14.330874604847208,4.378281506398441,2.125030315056098,2.206365260691776,0.5877423313380608,-0.40027270780876917,314,231,-83,83,1,Moderate Exposure Service & Healthcare
27-2012,2.03,2.6575,3.375,2.065,3.8725,1.9975,1.0,1.375,1.125,1.375,3.3425,2.25,3.0325,3.5325,1.0925,1.06,1.03,2.25,3.685,3.53,1.8725,2.375,2.69,1.625,3.72,1.0925,2.375,4.0925,4.2175,3.625,2.72,1.0625,3.905,1.6575,1.78,1.5625,3.0925,1.28,1.405,3.845,3.6875,2.7475,1.1575,1.1575,1.2825,3.03,1.7175,2.5925,2.995,1.94,3.9375,3.81,3.1075,2.4175,3.2875,3.4825,4.15,2.5175,3.6725,3.1675,3.2475,3.495,1.835,3.855,3.0375,3.22,4.54,3.375,2.1275,4.0725,2.6950000000000003,3.17,3.55,4.33,3.6025,2.63,1.7225,4.005,2.985,2.0075,3.3425,3.555,2.895,2.3975,1.6275,3.3025,3.5625,2.725,2.35,4.2925,3.2475,3.775,4.1175,Producers and Directors,Arts & Entertainment,0.9388108,0.9394178628615651,35480.0,42140.0,43060.0,50840.0,58080.0,59810.0,114530.0,127970.0,131160.0,173680.0,179930.0,198530.0,129210.0,153770.0,145270.0,86550.46,92230.92,83480.0,12.429378531073446,19.00781673245105,-5.52773622943357,-3.54759524097273,6.563177133893906,-9.488054548301154,0.876564327130084,-0.7198780646472784,179,173,-6,6,3,Highest Exposure Knowledge & Management
27-2021,3.25,2.5,2.75,2.5,3.38,2.5,2.25,3.62,3.62,3.38,3.38,2.75,2.75,2.88,1.88,3.5,3.25,2.38,3.38,3.25,3.12,2.12,2.38,3.38,3.5,1.75,2.12,4.0,3.88,2.88,2.88,2.0,3.88,2.38,2.88,2.75,3.12,1.62,1.88,3.62,3.38,2.25,2.75,3.88,3.88,2.88,3.25,2.38,3.0,1.88,3.25,2.75,3.98,2.68,3.71,3.26,3.85,3.25,3.29,3.84,3.54,3.27,2.58,3.87,3.6,3.51,4.22,2.94,3.51,3.93,3.42,3.01,3.21,4.05,3.25,3.13,2.91,3.6,2.19,3.91,3.46,3.7,3.22,2.25,2.38,3.09,3.45,2.91,2.3,3.39,3.03,3.68,2.37,Athletes and Sports Competitors,Arts & Entertainment,-1.814336,-1.815509183286252,19280.0,28510.0,24960.0,25770.0,44690.0,36750.0,109920.0,215530.0,130770.0,,,,11330.0,11930.0,14370.0,59743.310000000005,101905.87,62360.0,26.831421006178285,5.29567519858782,20.452640402347026,4.379887890376336,70.57285577247056,-38.80627288692987,-0.8900902857287484,1.1681557416550565,645,483,-162,162,0,Low Exposure Manual & Technical
27-2022,2.62,2.75,3.75,1.88,3.75,2.5,1.25,2.5,1.88,2.0,3.25,2.0,3.12,3.75,1.12,2.0,2.0,2.12,3.75,3.88,2.38,2.25,2.75,2.5,3.62,1.0,2.0,4.12,4.62,3.88,2.62,1.75,3.75,1.0,1.0,1.0,3.12,1.12,1.75,4.0,4.0,2.75,1.5,2.62,2.88,2.88,2.88,2.62,3.38,1.38,3.75,3.5,3.64,3.29,4.3,3.94,4.02,1.7,3.7,3.94,4.23,3.42,1.8,4.45,2.24,3.05,4.04,3.84,3.14,3.95,2.79,3.38,4.04,4.32,3.52,3.16,2.28,4.29,3.51,3.81,2.92,3.72,3.67,1.46,1.46,3.37,4.03,2.91,2.8,3.99,3.51,3.82,3.64,Coaches and Scouts,Arts & Entertainment,0.1168668,0.1169423755323309,19040.0,24910.0,27490.0,23950.0,31340.0,33960.0,53980.0,62330.0,61930.0,78890.0,93590.0,93980.0,241390.0,218970.0,250940.0,40518.92,48526.09,45920.0,3.9562533659223664,-9.287874394133974,14.600173539754303,13.329772856729653,19.76155830412064,-5.370492450555973,0.7012826333283461,-0.27664139893172923,285,211,-74,74,1,Moderate Exposure Service & Healthcare
27-2023,1.88,2.75,2.88,1.0,3.25,2.0,1.25,2.12,2.0,2.25,3.88,1.88,3.12,1.88,1.75,2.62,2.0,2.5,3.0,2.88,1.75,2.12,3.0,2.12,3.75,1.0,2.12,3.75,3.88,1.88,3.12,2.0,3.62,1.62,2.12,2.12,3.12,1.75,2.38,3.62,3.25,3.0,2.0,2.88,2.12,3.12,3.0,2.75,2.62,1.5,3.0,2.88,2.55,2.24,3.1,2.74,3.84,1.33,2.7,1.9,3.14,3.15,1.19,3.63,2.0,3.62,4.05,2.67,1.71,3.85,2.71,3.06,3.43,4.0,2.86,1.65,1.38,2.3,2.33,3.38,2.52,2.95,2.86,1.25,1.19,3.48,2.62,2.05,1.9,2.05,3.33,3.86,2.38,"Umpires, Referees, and Other Sports Officials",Arts & Entertainment,-0.0325617,-0.0325827482697486,18310.0,22090.0,25070.0,21580.0,28080.0,30920.0,44750.0,48610.0,53560.0,62490.0,69010.0,93180.0,20120.0,12720.0,15080.0,33203.65,38926.81,38820.0,-25.04970178926441,-36.779324055666,18.553459119496853,16.91485725213944,17.23653875402251,-0.2743867272966824,-0.2935719814937437,0.052056158686640396,311,369,58,58,4,Low Exposure Routine Service
27-2032,2.62,2.38,3.0,1.0,3.62,2.0,3.25,3.75,2.62,3.75,2.88,1.88,2.62,3.88,1.12,4.12,4.0,2.12,3.25,3.25,1.88,2.0,3.0,3.62,3.12,1.0,2.0,3.88,4.0,4.0,2.62,2.0,3.62,1.38,1.75,2.0,3.12,1.0,2.62,3.62,3.25,2.12,2.75,3.75,2.75,2.88,3.75,2.12,3.75,1.75,3.62,3.0,1.86,3.57,4.29,3.52,4.05,1.43,4.05,3.3,3.86,2.8,1.38,4.2,1.95,1.95,3.35,4.52,2.38,2.95,1.9,3.0,3.71,4.19,2.6,2.71,1.1,4.24,2.7,4.52,4.0,2.76,3.37,1.29,1.19,3.7,3.75,2.9,2.4,4.86,4.14,3.24,2.38,Choreographers,Arts & Entertainment,-1.575769,-1.5767879205412558,21800.0,29020.0,33080.0,31820.0,33700.0,39600.0,66040.0,75390.0,71190.0,101710.0,100420.0,94090.0,4630.0,5400.0,3430.0,53881.79,55120.19,55600.0,-25.917926565874733,16.630669546436287,-36.48148148148148,3.1888510014236706,2.298364623743929,0.8704795828896907,-0.3624373046052398,0.622991886563015,621,376,-245,245,1,Moderate Exposure Service & Healthcare
27-2041,2.38,3.62,3.5,2.12,3.5,1.12,1.62,2.25,1.75,2.0,2.75,2.12,3.12,3.75,1.12,1.88,1.75,4.25,3.12,3.75,2.25,2.12,3.0,2.5,3.5,1.12,2.25,3.62,3.62,3.75,2.75,1.12,3.38,1.88,1.5,1.88,3.12,2.75,1.5,3.5,3.5,3.0,1.5,2.0,1.75,2.62,2.5,1.88,2.38,2.0,3.75,3.5,2.92,2.5,3.28,3.64,4.0,1.51,3.7,3.16,3.38,3.02,1.51,4.44,2.35,2.23,4.14,3.24,2.0,3.35,2.08,2.78,3.59,3.55,2.44,3.1,1.41,3.78,3.26,2.54,3.74,2.85,2.76,1.76,1.41,2.88,3.93,2.76,1.88,4.48,3.36,3.53,3.61,Music Directors and Composers,Arts & Entertainment,0.8829641,0.8835350511393194,23100.0,31750.0,34990.0,33290.0,45050.0,47330.0,75010.0,98200.0,96590.0,125200.0,165760.0,157010.0,10580.0,11690.0,12330.0,60092.21,68038.14,63670.0,16.5406427221172,10.491493383742911,5.474764756201882,5.953833283881557,13.222895280436516,-6.420134354054946,0.3020307510230729,-0.22031462118290807,190,275,85,85,1,Moderate Exposure Service & Healthcare
27-3011,1.88,2.5,3.0,2.12,3.25,1.88,1.0,1.38,1.38,1.38,2.25,1.88,2.25,3.62,1.5,1.0,1.0,2.0,3.25,3.12,1.88,1.88,3.0,1.38,3.12,1.38,2.0,4.0,5.0,3.75,2.38,1.5,3.12,1.88,2.0,1.62,3.38,1.62,1.5,4.75,4.0,3.0,1.0,1.0,1.38,3.0,2.12,2.0,2.0,1.62,3.88,3.75,2.96,1.87,2.66,4.39,4.39,1.9,3.13,3.48,3.22,4.21,1.38,3.89,3.02,3.8,4.22,2.57,1.51,4.19,2.6,3.61,3.64,4.19,3.8,1.81,2.04,3.92,1.99,2.04,4.44,3.93,2.59,2.27,1.33,2.67,3.28,2.27,1.61,4.67,2.66,4.03,3.76,Broadcast Announcers and Radio Disc Jockeys,Arts & Entertainment,0.8493547,0.849903918551402,19330.0,23920.0,26000.0,24010.0,31030.0,33280.0,56060.0,68400.0,72080.0,105180.0,171650.0,131780.0,29230.0,26820.0,23880.0,40274.69,45131.75,45680.0,-18.3031132398221,-8.244953814574068,-10.961968680089486,13.421108889975311,12.059832117888424,1.2147767369977898,0.8325505112636767,-0.8881227595673634,195,180,-15,15,2,High Exposure Analytical & Office
27-3031,1.0,2.0,3.0,1.0,3.88,1.38,1.0,1.0,1.0,1.12,2.5,1.62,2.38,3.75,1.0,1.0,1.0,1.75,3.62,3.0,1.0,2.0,2.25,1.0,3.5,1.0,2.12,4.25,4.12,3.75,2.0,1.0,3.88,1.0,1.0,1.0,2.88,1.0,1.0,4.0,4.0,2.12,1.0,1.0,1.0,2.88,1.62,2.0,2.62,1.38,3.88,4.0,3.45,2.73,3.59,4.76,4.77,1.36,3.95,4.5,3.91,2.95,1.41,4.59,2.59,3.0,4.73,3.41,1.59,3.95,1.27,4.05,2.55,4.41,3.05,3.27,1.41,4.41,3.0,1.59,4.18,3.36,4.14,1.23,1.05,3.67,3.64,3.86,2.55,4.45,3.18,4.27,4.24,Public Relations Specialists,Arts & Entertainment,1.284927,1.2857578693188696,34590.0,38630.0,40750.0,45480.0,49980.0,51970.0,83170.0,92880.0,95940.0,115430.0,128450.0,129480.0,244730.0,264750.0,280590.0,71117.45,72902.64,69780.0,14.65288276876558,8.18044375434152,5.98300283286119,-1.8806214227309848,2.5101996767319443,-4.283301674671863,1.6178833056046347,-1.498655617466557,93,13,-80,80,3,Highest Exposure Knowledge & Management
27-3041,2.0,2.0,3.62,1.75,3.5,1.12,1.0,1.5,1.0,1.0,2.62,2.5,3.12,3.88,1.0,1.0,1.0,1.75,3.38,3.38,2.0,2.12,2.62,1.0,3.88,1.0,2.0,4.0,4.0,3.5,2.88,1.0,3.38,1.0,1.0,1.0,3.0,1.0,1.0,3.88,3.88,2.75,1.0,1.0,1.0,2.5,1.75,2.62,2.88,1.75,4.88,4.62,3.56,1.88,2.95,4.0,4.15,1.88,3.35,2.9,2.79,3.32,1.83,3.72,2.35,3.13,4.45,3.07,1.8,3.79,1.72,3.51,3.37,3.96,3.08,2.03,1.62,3.69,2.85,1.66,2.89,3.89,2.71,1.57,1.28,3.03,3.4,2.55,2.15,4.07,2.78,3.89,4.57,Editors,Arts & Entertainment,1.128221,1.1289505397229178,32620.0,38400.0,36200.0,44190.0,50880.0,50210.0,85730.0,102850.0,101210.0,122280.0,145240.0,140840.0,95970.0,101430.0,95480.0,71373.31,78999.48,75260.0,-0.5105762217359592,5.689277899343545,-5.866114561766736,5.445579026669776,10.684904483202471,-4.733550144887025,1.1462862084000092,-1.2511982544107587,139,109,-30,30,2,High Exposure Analytical & Office
27-3042,2.0,1.88,3.0,1.38,3.75,1.38,1.0,1.0,1.0,1.0,2.0,2.38,2.25,3.0,1.0,1.0,1.0,1.75,3.38,3.62,2.0,1.88,2.0,1.0,4.0,1.0,1.88,3.88,3.75,2.88,2.12,1.0,3.38,1.0,1.0,1.0,2.5,1.0,1.25,3.38,3.12,2.12,1.0,1.0,1.0,1.88,1.12,2.25,3.0,1.38,4.12,4.25,4.0,2.07,1.94,3.07,4.03,1.89,2.65,2.76,2.76,3.9,2.76,3.6,2.82,3.48,4.33,2.11,1.44,4.19,2.14,4.02,2.99,3.33,3.08,1.82,1.49,3.96,2.58,1.65,1.66,3.99,2.79,1.92,1.78,2.68,2.92,2.63,1.63,3.57,3.05,4.09,4.61,Technical Writers,Arts & Entertainment,1.184001,1.1847666083154555,44320.0,47460.0,54400.0,56570.0,61260.0,68640.0,93590.0,102120.0,102740.0,117250.0,128110.0,130430.0,50760.0,48620.0,55530.0,84724.55,86436.76,91670.0,9.397163120567376,-4.21591804570528,14.212258329905389,8.197682962022219,2.0209136548969475,6.05441481147605,0.826456130020454,-1.2229034443319848,123,182,59,59,2,High Exposure Analytical & Office
27-3043,1.625,1.94,3.06,1.5,3.12,1.0,1.06,1.37,1.06,1.06,2.565,1.94,2.625,4.065,1.0,1.06,1.06,1.69,3.25,3.06,1.56,1.63,2.19,1.125,3.63,1.0,1.63,3.94,3.875,4.0,1.94,1.0,2.94,1.06,1.06,1.06,2.875,1.0,1.125,3.31,3.31,2.5,1.06,1.06,1.06,2.19,2.0,2.0,2.44,1.69,4.12,4.6850000000000005,2.56,1.93,2.535,3.51,3.33,1.34,2.795,3.475,2.55,3.095,1.07,3.51,1.785,2.21,4.445,2.46,1.405,3.03,1.195,3.115,2.58,3.635,2.015,1.7999999999999998,1.275,3.76,2.495,1.375,2.605,2.745,2.51,1.415,1.135,2.35,3.185,3.675,1.4900000000000002,4.32,2.51,3.665,3.63,Writers and Authors,Arts & Entertainment,0.9879274,0.988566222750992,33660.0,39610.0,41080.0,46640.0,50980.0,52890.0,87110.0,105000.0,98320.0,122450.0,161260.0,133680.0,45860.0,54010.0,47800.0,73501.6,79075.15,72270.0,4.230266027038813,17.771478412559965,-11.497870764673207,-1.6756097826441951,7.582896154641515,-8.60592739944217,0.8030512508914404,-1.2694924665203073,172,191,19,19,2,High Exposure Analytical & Office
27-3091,1.75,3.0,3.0,1.0,3.12,1.5,1.0,1.38,1.38,1.38,2.88,2.25,2.88,3.0,1.0,1.88,1.38,2.88,3.0,3.75,1.5,2.0,2.88,1.88,3.62,1.0,2.0,4.12,4.25,3.0,2.88,1.0,3.62,1.0,1.0,1.12,3.12,1.0,1.0,3.88,3.88,3.0,1.12,1.88,1.38,3.0,2.0,2.0,2.75,1.25,4.0,4.0,3.3,3.11,2.93,3.71,4.17,1.81,2.85,2.84,3.26,3.78,1.67,4.24,2.53,3.69,4.03,2.67,1.59,4.09,2.67,4.71,2.88,3.75,3.58,2.21,1.73,3.48,2.81,2.51,3.94,2.9,2.62,1.43,1.24,3.05,2.9,1.81,2.13,3.54,3.51,4.12,3.26,Interpreters and Translators,Arts & Entertainment,1.111319,1.1120376105126082,28170.0,33540.0,35630.0,37740.0,41440.0,45020.0,71590.0,73430.0,80020.0,94370.0,93140.0,99830.0,58870.0,52160.0,53360.0,60278.29,57984.84,59440.0,-9.35960591133005,-11.397995583489044,2.3006134969325154,-1.3906997029942303,-3.8047695115438818,2.5095524968250382,0.8106599534116427,-0.8882717395699615,144,188,44,44,2,High Exposure Analytical & Office
27-4011,3.12,3.12,3.12,3.12,3.38,2.12,1.0,2.0,1.62,2.25,3.12,3.0,3.12,2.88,1.12,1.88,1.88,3.25,3.25,3.75,3.0,2.12,2.12,2.25,4.0,1.12,2.25,3.75,3.88,2.88,3.0,1.0,3.75,2.12,2.12,1.75,3.12,1.62,1.38,3.12,3.12,2.25,1.0,2.12,2.12,3.0,2.12,3.25,3.0,2.12,3.5,3.5,3.58,2.37,2.76,3.09,4.1,3.5,3.34,2.91,2.36,3.71,2.72,3.24,3.09,3.59,4.16,2.19,3.43,4.16,3.76,3.31,3.33,4.14,3.72,2.82,2.41,4.04,2.52,3.04,3.26,3.62,3.15,3.77,2.59,2.34,3.93,1.78,1.97,4.15,2.91,4.2,4.54,Audio and Video Technicians,Arts & Entertainment,-0.0117747,-0.0117823069317587,26690.0,31310.0,35290.0,34270.0,39420.0,43860.0,62610.0,68100.0,73590.0,83170.0,89990.0,98190.0,73960.0,56110.0,70080.0,53393.33,54763.46,54830.0,-5.246078961600865,-24.13466738777717,24.89752272322224,2.6907293476544694,2.5661070399617283,0.1215043753626978,-0.08440166835646562,0.2522694777718748,308,345,37,37,1,Moderate Exposure Service & Healthcare
27-4012,3.0,2.75,3.0,3.0,3.25,2.0,1.0,2.0,1.12,2.0,2.88,3.0,3.12,3.0,1.62,2.0,1.75,2.75,3.12,3.25,3.0,2.62,2.62,2.5,3.88,1.62,2.12,3.62,3.25,3.0,3.0,1.62,3.62,2.5,2.5,2.0,3.12,1.62,1.62,3.12,3.12,2.75,1.0,2.0,2.38,2.75,2.12,3.12,3.0,2.0,3.62,3.25,3.33,2.35,2.95,3.55,4.34,3.54,3.36,3.13,3.2,3.89,2.94,3.47,3.38,3.6,4.23,3.13,2.95,4.08,3.88,3.08,3.2,3.88,3.76,2.81,2.81,3.75,2.7,3.1,2.81,3.58,3.06,3.94,3.18,3.05,3.29,2.44,2.46,3.39,3.15,4.12,4.58,Broadcast Technicians,Arts & Entertainment,0.1222249,0.1223039401993383,21620.0,29450.0,29190.0,27320.0,37940.0,36900.0,60520.0,100320.0,80390.0,82080.0,128960.0,115400.0,28650.0,33020.0,21080.0,47182.91,65616.7,53920.0,-26.422338568935427,15.25305410122164,-36.15990308903695,14.278665728756442,39.06878571075839,-17.825797396089712,-0.07396541994032321,0.3206917997807335,284,343,59,59,1,Moderate Exposure Service & Healthcare
27-4014,3.0,4.0,3.25,3.12,3.38,2.0,1.0,1.62,1.25,1.88,3.0,3.0,3.25,3.5,1.0,1.0,1.0,4.12,3.12,3.12,3.0,2.12,2.38,2.12,4.0,1.0,2.12,4.0,4.0,3.38,3.12,1.0,3.12,1.62,2.12,1.88,3.5,2.12,1.38,3.25,3.0,3.25,1.0,1.0,2.12,2.88,2.12,2.5,2.75,2.12,3.38,3.25,2.92,2.72,2.88,3.33,4.2,3.25,3.24,3.08,2.92,4.04,2.29,4.4,2.84,2.96,4.0,3.16,2.56,3.21,3.28,3.33,3.56,4.46,3.67,2.59,1.72,3.86,2.52,2.29,2.56,3.48,2.92,3.29,2.83,3.4,3.72,2.8,1.76,4.76,2.84,4.28,4.92,Sound Engineering Technicians,Arts & Entertainment,0.4715462,0.4718511191458136,25990.0,31200.0,36600.0,35270.0,41600.0,47680.0,79130.0,99470.0,99950.0,121320.0,135950.0,134980.0,12890.0,13420.0,13050.0,63662.62,65584.27,66430.0,1.2412723041117144,4.111714507370055,-2.7570789865871834,4.3469464498947685,3.0184902851940456,1.289531773396267,0.24689928736066943,-0.04284107859714504,248,286,38,38,1,Moderate Exposure Service & Healthcare
27-4021,3.0,1.75,3.12,2.88,3.12,2.75,1.0,1.75,1.25,2.0,3.88,2.88,3.0,3.25,2.0,1.88,1.88,1.75,3.0,3.0,3.0,2.0,2.0,2.75,4.0,1.62,2.0,3.62,3.88,3.88,2.75,1.62,3.38,2.38,2.5,2.0,3.0,1.12,1.88,3.25,3.0,2.38,1.25,1.75,2.0,2.75,2.25,3.62,3.88,2.12,3.25,3.0,2.95,2.41,3.43,4.09,3.14,2.82,3.27,3.55,3.09,3.24,1.64,4.32,3.1,2.64,3.95,3.23,3.29,3.59,3.59,2.73,3.36,4.09,3.55,3.52,2.05,4.05,4.05,3.41,4.45,3.18,3.43,2.55,2.1,3.77,4.09,4.27,2.33,4.59,3.23,4.18,4.68,Photographers,Arts & Entertainment,-0.1680973,-0.1682059886127162,20630.0,26990.0,29610.0,25150.0,31050.0,34790.0,57250.0,59750.0,62370.0,79440.0,82450.0,94760.0,50620.0,47380.0,51230.0,42193.64,43423.77,42520.0,1.2050572896088505,-6.400632161201106,8.125791473195441,0.7734815010034701,2.9154393884955114,-2.0812794467177698,0.09830983429675373,0.2694811491975215,329,316,-13,13,1,Moderate Exposure Service & Healthcare
27-4031,3.25,2.75,3.0,3.25,3.12,2.62,1.0,2.0,1.62,2.25,3.75,3.12,3.25,3.12,2.0,2.12,2.0,2.75,3.12,3.25,3.12,2.0,2.12,2.88,3.75,1.62,2.0,3.5,3.62,3.12,2.88,1.62,3.62,2.25,2.12,2.25,3.25,1.62,2.12,3.5,3.38,2.5,1.75,2.0,2.62,3.0,2.62,3.38,3.75,2.0,2.88,2.75,2.84,3.64,3.29,3.55,4.57,4.18,2.77,3.31,3.22,3.71,1.94,4.4,2.93,2.99,4.59,2.73,3.9,4.39,4.05,2.58,4.04,4.31,3.86,2.1,2.14,3.41,2.06,3.14,2.91,3.02,2.33,3.31,3.06,3.1,2.73,2.61,1.28,4.6,3.12,4.17,4.29,"Camera Operators, Television, Video, and Film",Arts & Entertainment,-0.4470009,-0.4472899339032443,26560.0,33190.0,36240.0,37180.0,42710.0,48060.0,78120.0,84240.0,102400.0,110790.0,116770.0,131420.0,21500.0,22970.0,24460.0,64151.08,62946.63,68810.0,13.767441860465116,6.837209302325581,6.486721811057902,7.262418652967336,-1.8775210019846964,9.314827497516552,-0.31693249913537386,0.6620650444733062,378,371,-7,7,0,Low Exposure Manual & Technical
27-4032,2.38,2.25,3.38,2.62,3.38,1.62,1.0,1.0,1.0,1.25,2.88,2.88,3.12,3.62,1.0,1.0,1.0,2.25,3.12,3.75,2.38,2.0,2.25,1.12,3.88,1.0,2.0,3.88,3.75,3.5,3.12,1.0,3.25,1.38,1.38,1.0,3.38,1.12,1.0,3.5,3.38,2.5,1.0,1.0,1.0,2.5,1.62,3.12,3.62,1.62,3.62,3.38,3.58,2.61,2.81,3.57,4.11,2.53,3.29,3.6,3.07,4.06,2.37,4.07,3.28,3.75,4.58,2.8,2.47,4.28,3.38,3.38,3.39,3.95,3.46,2.37,1.6,4.04,2.4,2.15,3.05,3.67,2.98,2.56,1.61,2.94,3.44,3.0,2.25,4.73,2.9,4.47,4.87,Film and Video Editors,Arts & Entertainment,0.985707,0.9863443869908116,32750.0,36930.0,39170.0,45310.0,46800.0,50230.0,99220.0,97960.0,101570.0,168320.0,166730.0,145900.0,27570.0,32080.0,28860.0,74176.14,68665.12,70980.0,4.678998911860719,16.35836053681538,-10.037406483790525,-4.308851876088456,-7.429639773652289,3.37126040120516,0.8167041255268075,-0.6977851193710366,174,185,11,11,3,Highest Exposure Knowledge & Management
29-1011,3.12,1.88,3.12,2.75,4.0,2.0,1.0,2.5,1.38,2.62,2.25,3.0,3.12,3.0,1.0,2.25,1.88,1.88,4.0,3.75,2.88,2.5,2.75,3.12,3.62,1.0,2.25,4.0,4.0,2.88,2.88,1.0,4.0,1.75,2.0,2.0,3.0,1.0,1.0,3.75,3.62,2.88,1.75,2.12,2.88,2.75,3.38,1.75,2.88,2.12,4.0,3.88,3.47,4.7,2.99,3.55,3.9,2.86,3.54,3.8,3.5,4.5,1.62,3.91,2.83,3.7,4.3,3.44,3.47,4.13,2.48,3.89,3.43,4.32,3.42,3.75,1.59,3.76,3.68,4.1,4.07,4.0,3.25,1.81,1.76,3.43,3.67,3.55,2.9,3.39,3.29,4.16,3.86,Chiropractors,Healthcare Practitioners,-0.1911757,-0.1912993116210708,35290.0,38170.0,44780.0,52800.0,52750.0,59320.0,97760.0,100320.0,104000.0,147480.0,132630.0,149990.0,35010.0,37740.0,37630.0,81805.42,81485.78,79000.0,7.483576121108254,7.79777206512425,-0.291467938526762,-3.4293815739837266,-0.3907320566290099,-3.050569068615406,0.4627513097498838,-0.17625057194360794,338,253,-85,85,1,Moderate Exposure Service & Healthcare
29-1021,4.12,2.88,3.75,4.0,4.12,3.0,1.12,2.0,1.0,2.88,2.88,4.25,3.5,3.25,1.0,1.88,1.88,2.88,4.12,3.88,3.88,3.0,2.75,3.62,4.12,1.0,3.0,4.0,4.0,3.12,3.0,1.0,4.25,2.25,2.75,2.75,3.88,1.0,1.88,4.0,3.88,2.88,1.12,2.12,2.0,2.88,2.25,3.12,3.25,2.88,4.0,3.38,3.62,4.65,3.1,3.37,4.01,3.97,3.91,3.43,3.98,4.43,2.08,4.32,3.51,4.39,4.68,4.2,3.24,4.27,4.13,3.52,4.07,4.63,4.1,3.54,1.66,4.37,3.54,2.72,4.67,4.02,3.49,2.31,2.7,3.51,4.05,3.35,3.68,3.64,3.26,4.64,3.3,"Dentists, General",Healthcare Practitioners,-0.1813301,-0.1814473452364403,80850.0,68160.0,83860.0,113060.0,105480.0,126090.0,,212220.0,220380.0,,,,110730.0,120740.0,113490.0,180962.8,167598.24,172790.0,2.4925494445949608,9.040007224781,-6.004638065264204,-4.516287325350855,-7.385252659662663,3.097741360529806,0.3833852484140677,0.30772070942079455,331,266,-65,65,1,Moderate Exposure Service & Healthcare
29-1031,1.0,2.12,3.88,1.0,4.0,1.62,1.0,1.12,1.0,1.12,2.75,1.88,2.88,3.12,1.0,1.0,1.0,1.75,4.0,3.75,1.25,3.12,2.75,1.0,3.38,1.0,3.0,4.0,4.0,3.5,2.88,1.0,4.0,1.0,1.0,1.0,3.0,1.0,1.0,4.0,3.62,2.25,1.12,1.0,1.12,2.62,1.75,2.38,2.5,1.38,4.0,4.0,3.9,4.55,3.57,3.7,3.77,1.53,2.8,3.4,2.73,4.23,1.2,4.03,2.53,3.66,4.5,2.93,1.63,3.66,2.13,4.17,2.66,4.03,3.17,2.77,1.3,3.93,3.17,2.03,3.45,3.76,3.83,1.23,1.1,2.93,2.97,2.69,2.14,3.33,3.87,4.37,4.17,Dietitians and Nutritionists,Healthcare Practitioners,1.342809,1.343677297111506,38890.0,44140.0,48830.0,50220.0,56490.0,61260.0,74900.0,80430.0,85200.0,87360.0,95130.0,101760.0,67670.0,69880.0,76570.0,71257.01000000001,71832.45,73850.0,13.152061474804198,3.2658489729569973,9.57355466514024,3.6389261912617306,0.8075556355788542,2.8086888307443267,1.358174211630864,-1.442322487079807,60,56,-4,4,3,Highest Exposure Knowledge & Management
29-1041,3.12,2.0,3.75,3.12,4.0,2.38,1.0,1.12,1.12,1.25,3.25,3.62,3.88,3.12,1.0,1.0,1.0,2.0,4.0,3.88,3.0,3.0,2.38,2.25,4.0,1.0,2.88,4.0,4.12,2.88,3.12,1.0,4.12,2.0,2.0,1.75,3.25,1.0,1.0,3.75,3.75,2.75,1.0,1.0,1.88,3.0,2.0,3.12,3.0,2.0,4.0,3.88,4.52,4.81,3.43,3.29,4.05,3.24,3.71,3.57,3.71,4.71,1.76,4.1,3.71,3.9,4.67,3.71,3.05,4.29,3.52,4.45,3.67,4.8,4.1,3.33,1.43,3.62,3.85,2.43,4.57,4.55,3.57,2.0,1.95,3.15,3.71,3.29,3.24,3.29,3.9,4.79,4.24,Optometrists,Healthcare Practitioners,0.5040194,0.5043453170414606,59200.0,62150.0,70060.0,87780.0,96980.0,103310.0,142790.0,156030.0,163710.0,194100.0,191430.0,203210.0,39420.0,40640.0,41890.0,134035.75,135762.79,134830.0,6.265854895991882,3.0948756976154232,3.0757874015748032,0.5925657893509754,1.2884920627519212,-0.6870733873397917,1.0132823813618006,-0.5356200549849729,241,146,-95,95,1,Moderate Exposure Service & Healthcare
29-1051,2.88,2.25,3.88,2.12,3.88,1.88,1.12,1.38,1.12,2.12,3.0,3.12,2.88,3.12,1.0,1.88,1.25,1.62,3.88,3.75,3.0,3.25,3.0,2.12,4.0,1.0,3.25,4.12,4.25,2.62,3.12,1.0,4.0,1.25,1.25,1.12,3.12,1.0,1.0,3.75,3.75,2.88,1.25,1.88,2.0,3.0,2.25,3.0,2.25,1.75,4.12,3.88,3.34,3.77,3.04,3.07,3.85,3.13,3.51,2.48,3.02,4.38,1.21,3.67,3.25,4.32,4.24,3.33,2.75,3.81,2.95,3.88,2.97,4.28,4.07,3.15,1.5,3.84,3.03,2.61,3.37,4.15,3.03,1.88,1.57,3.14,2.65,2.24,2.06,2.7,3.18,4.34,4.16,Pharmacists,Healthcare Practitioners,0.6058705,0.6062622762351753,88400.0,79950.0,86930.0,112140.0,123020.0,127250.0,148660.0,147750.0,158620.0,162900.0,164230.0,172040.0,311200.0,325480.0,328870.0,148968.67,143502.75,137480.0,5.6780205655527,4.5886889460154245,1.0415386506083324,-7.7121383979597935,-3.669174196158167,-4.196957898019376,0.7572448058572686,-0.6494963329872699,231,204,-27,27,1,Moderate Exposure Service & Healthcare
29-1071,3.25,2.31,3.25,2.815,4.0,2.19,1.06,1.94,1.56,2.25,2.94,3.06,3.25,2.875,1.31,2.06,2.0,2.565,4.0,3.75,3.065,3.0,2.815,2.435,3.815,1.0,2.88,4.12,3.875,2.75,3.375,1.0,4.12,1.625,2.315,2.125,3.315,1.0,1.0,3.69,3.75,2.94,1.875,2.125,2.31,2.94,2.815,3.0,2.88,1.75,4.0,3.75,4.275,4.54,3.285,3.38,4.365,2.98,3.06,3.185,3.27,4.52,1.705,4.135,3.23,3.825,4.57,2.9000000000000004,2.99,4.415,3.63,3.735,3.725,4.54,4.205,2.365,1.745,3.75,3.005,2.965,3.72,4.17,3.615,1.895,1.98,3.065,2.865,2.46,2.18,3.265,3.765,4.605,3.585,Physician Assistants,Healthcare Practitioners,0.1059147,0.1059831936601127,72720.0,83820.0,95240.0,92800.0,104240.0,113770.0,130530.0,140660.0,160160.0,157120.0,168120.0,182200.0,120090.0,140910.0,155540.0,130558.38,136216.81,133260.0,29.519527021400616,17.336997252060954,10.382513661202186,2.0692811905294746,4.334022833310272,-2.170664545734111,0.5108625844115412,-0.15736903077042846,287,246,-41,41,1,Moderate Exposure Service & Healthcare
29-1081,3.0,1.88,3.62,2.88,4.25,2.0,1.0,1.38,1.38,1.62,2.88,3.12,3.62,3.25,1.0,1.38,1.38,2.0,4.12,3.5,3.12,2.88,3.0,2.75,3.88,1.0,2.88,4.0,4.0,3.0,3.0,1.0,4.12,1.62,1.88,1.75,3.0,1.0,1.0,4.0,4.0,3.12,1.0,1.5,2.12,2.88,2.12,2.88,3.12,1.88,4.12,4.12,3.18,4.9,3.08,3.58,4.17,2.69,3.34,3.01,3.24,4.63,1.67,3.7,2.96,3.64,4.3,3.31,3.23,3.83,2.76,3.95,3.52,4.3,3.58,3.36,2.13,3.82,2.94,3.02,3.93,4.07,3.41,1.84,1.41,2.14,3.03,2.49,2.77,3.61,3.19,3.99,4.45,Podiatrists,Healthcare Practitioners,0.6279185,0.6283245329639,54150.0,60280.0,57500.0,85090.0,97920.0,91130.0,178960.0,208180.0,217960.0,,,,9770.0,9320.0,9520.0,146817.12,160766.32,152800.0,-2.55885363357216,-4.605936540429887,2.145922746781116,4.075056097000135,9.501071809609131,-4.955216988234853,0.7963372293163012,-0.5516546256305913,227,193,-34,34,1,Moderate Exposure Service & Healthcare
29-1122,2.625,2.5,3.315,2.0,3.81,2.0,1.0,2.0,1.375,2.0,3.06,2.5,2.88,3.565,1.44,2.185,2.12,2.435,3.69,3.63,1.88,2.25,2.5,2.56,3.25,1.375,2.25,3.94,4.12,3.5,2.815,1.25,4.0,1.31,1.31,1.62,3.125,1.25,1.62,3.815,3.75,2.62,1.565,2.0,2.375,2.75,2.435,2.56,2.815,1.25,3.94,3.94,3.515,4.449999999999999,3.78,3.6,4.025,1.9,2.98,4.005,3.29,4.48,1.4700000000000002,4.154999999999999,2.72,3.565,4.29,2.915,3.09,3.92,2.78,3.76,3.33,4.4,3.93,2.305,2.24,4.135,3.25,3.735,3.645,3.3200000000000003,3.51,1.4449999999999998,1.535,3.2,3.61,2.23,2.095,3.915,3.93,4.03,3.62,Occupational Therapists,Healthcare Practitioners,0.1151615,0.115235972847303,56800.0,63320.0,67090.0,69710.0,77700.0,80490.0,101590.0,104730.0,110460.0,121490.0,123870.0,129830.0,133570.0,134980.0,152280.0,98796.85,100727.58,98340.0,14.007636445309576,1.0556262633824962,12.816713587198103,-0.4624135283665478,1.954242468256828,-2.370333924432615,0.6158791386696807,-0.38179951375551885,286,228,-58,58,1,Moderate Exposure Service & Healthcare
29-1123,3.25,2.12,3.0,2.75,3.88,2.0,1.0,2.75,1.5,2.88,3.0,3.12,2.88,3.25,1.0,2.5,2.12,2.0,3.88,3.88,3.0,2.62,2.75,2.88,3.25,1.0,2.75,4.0,4.0,3.0,2.88,1.0,3.88,2.0,2.0,1.62,3.12,1.0,1.12,3.75,3.75,2.75,1.88,2.62,3.12,2.88,3.12,2.38,2.88,2.12,4.0,3.88,3.46,4.7,3.58,3.36,4.27,2.54,3.74,3.86,2.99,4.68,1.38,4.08,2.79,4.1,4.41,3.21,3.85,3.95,3.06,3.8,3.26,4.52,4.0,2.26,1.95,3.69,3.34,3.95,4.43,3.89,3.44,1.69,1.51,3.13,3.68,2.48,2.04,3.91,3.99,4.24,3.86,Physical Therapists,Healthcare Practitioners,-0.3581922,-0.3584238082163656,62120.0,67910.0,74420.0,73940.0,80700.0,83470.0,104210.0,107430.0,117190.0,124740.0,128830.0,132500.0,233350.0,229740.0,248630.0,104018.72,105635.32,101020.0,6.548103706878081,-1.5470323548317977,8.222338295464438,-2.882865699558696,1.5541433311234665,-4.369106847974705,0.4267369624112043,-0.06765198163422456,363,261,-102,102,1,Moderate Exposure Service & Healthcare
29-1124,3.38,2.25,3.12,3.12,3.5,2.75,1.0,2.0,1.0,2.25,3.12,3.0,3.0,3.0,1.75,2.12,2.0,2.25,3.25,3.62,3.0,2.75,2.5,3.0,3.38,1.88,2.75,4.0,3.88,2.25,2.88,1.75,3.88,2.62,2.88,2.38,3.12,2.0,1.88,3.38,3.25,2.88,2.0,2.12,2.62,2.88,2.25,2.88,3.0,2.0,3.75,3.62,3.59,4.61,3.01,3.44,4.4,4.6,3.73,2.64,3.47,4.58,3.03,3.96,3.53,3.95,4.34,3.01,3.64,4.5,4.59,3.9,3.76,4.3,4.14,2.56,3.11,3.69,3.18,3.9,4.45,3.89,2.72,3.34,3.01,3.35,3.41,1.69,2.37,3.12,3.7,4.45,4.38,Radiation Therapists,Healthcare Practitioners,-0.2189393,-0.2190808641842794,59280.0,65760.0,77860.0,70170.0,77930.0,86520.0,105830.0,105760.0,120360.0,128630.0,133260.0,141550.0,17860.0,15510.0,18700.0,99506.28,96781.93,101990.0,4.703247480403135,-13.157894736842104,20.56737588652482,2.496043465799346,-2.737867398921963,5.381242138899284,-0.06593450620289344,0.48893259634008385,343,341,-2,2,1,Moderate Exposure Service & Healthcare
29-1125,2.75,2.25,3.12,2.0,3.88,2.0,1.38,2.0,2.0,2.12,3.0,2.62,3.0,3.12,1.5,2.75,1.88,1.88,3.75,3.62,2.38,2.0,2.12,2.75,3.12,1.5,2.0,4.0,4.0,3.25,2.75,1.88,3.88,1.62,1.88,2.0,3.0,1.5,1.88,4.0,3.75,2.0,2.0,2.5,2.5,3.0,2.75,1.88,2.5,1.62,3.88,3.88,2.78,4.86,3.84,3.39,4.42,1.89,3.65,3.61,3.73,4.33,1.68,4.45,2.32,3.54,4.29,3.39,3.26,3.62,2.97,3.14,3.19,4.08,3.31,3.16,2.57,4.25,3.13,3.57,3.68,2.89,3.03,1.84,1.64,3.73,4.27,2.65,2.74,4.46,3.65,3.92,3.64,Recreational Therapists,Healthcare Practitioners,0.2190109,0.2191525241863828,30880.0,33930.0,39520.0,37840.0,41600.0,48230.0,61960.0,66530.0,77680.0,77970.0,84410.0,96600.0,19070.0,15920.0,15060.0,56079.86,55487.73,60280.0,-21.02779234399581,-16.518091242789723,-5.402010050251256,7.489569339153128,-1.0558692550231128,8.636630116243724,0.2700026688499227,-0.04011228437777362,273,282,9,9,1,Moderate Exposure Service & Healthcare
29-1126,3.0,2.75,3.0,3.0,3.88,2.62,1.0,2.12,1.0,2.88,3.0,3.12,3.0,2.88,1.62,2.12,2.0,2.88,4.0,3.88,3.12,2.88,2.62,3.0,3.75,1.62,2.88,3.88,4.0,2.88,3.25,1.88,4.0,2.0,2.12,2.12,3.12,1.75,1.5,3.5,3.25,2.38,2.0,2.38,2.25,2.88,2.75,2.88,2.38,2.12,3.75,3.5,3.95,4.52,3.35,2.51,4.06,3.87,3.21,3.2,3.31,4.59,2.41,3.65,3.14,3.95,4.47,3.05,3.83,3.91,4.42,3.58,3.19,4.18,4.03,2.49,2.45,4.16,2.55,3.53,3.76,3.86,3.09,2.75,2.48,3.01,3.11,1.75,2.44,2.79,3.39,4.2,3.79,Respiratory Therapists,Healthcare Practitioners,-0.1880507,-0.1881722909263472,44850.0,51970.0,61900.0,52820.0,62260.0,68410.0,74160.0,81610.0,95530.0,86980.0,100520.0,108820.0,132090.0,129910.0,136420.0,71326.79000000001,76253.73999999999,80450.0,3.278067983950337,-1.6503898856840031,5.011161573396967,12.790720008568998,6.907572876895178,5.503021884565937,-0.013412060471942691,0.3244553747373928,336,335,-1,1,1,Moderate Exposure Service & Healthcare
29-1127,2.0,3.12,3.75,1.12,4.0,1.38,1.0,1.0,1.0,1.38,2.5,2.12,3.25,3.75,1.0,1.0,1.0,3.62,4.0,3.75,1.62,2.75,2.75,1.12,3.62,1.0,2.38,4.5,4.25,3.25,3.12,1.0,4.0,1.0,1.0,1.12,3.0,1.38,1.0,4.12,4.25,3.12,1.0,1.12,1.25,2.88,2.0,2.0,2.5,1.88,4.12,4.25,4.45,4.16,3.66,2.57,4.24,1.34,3.02,4.46,3.04,4.94,1.17,4.69,2.16,4.25,4.81,2.26,2.26,4.04,2.74,3.76,3.76,4.58,3.59,1.23,1.17,4.59,4.26,2.36,4.02,3.88,2.72,1.43,1.14,3.2,3.58,1.87,1.07,3.74,3.76,4.19,4.31,Speech-Language Pathologists,Healthcare Practitioners,1.146267,1.1470082086691518,49840.0,56370.0,60480.0,61940.0,66700.0,75310.0,99380.0,104500.0,112510.0,121260.0,126680.0,132850.0,154360.0,162760.0,178790.0,92016.56,90955.34,95410.0,15.826639025654316,5.441824306815237,9.848857213074464,3.6878579247039904,-1.1532924073666753,4.897634377486802,1.3602277807597416,-1.2854917295254327,132,54,-78,78,3,Highest Exposure Knowledge & Management
29-1128,2.88,2.25,3.5,2.12,4.0,1.88,1.62,2.12,1.62,2.12,3.12,2.38,3.0,3.12,1.0,2.12,2.0,2.12,4.0,3.62,2.12,2.88,2.62,2.88,3.38,1.0,2.62,4.0,4.12,3.12,2.75,1.0,4.12,2.0,1.88,1.62,3.0,1.0,1.0,4.0,4.0,2.25,1.88,2.62,2.25,2.75,3.0,2.12,2.75,1.88,4.0,3.88,3.82,4.65,3.91,3.45,3.86,2.95,3.09,3.43,3.5,4.14,1.41,4.38,2.45,3.41,4.38,3.0,3.23,3.62,2.91,4.23,2.77,4.05,3.36,2.36,1.77,3.68,3.14,4.14,3.95,3.64,3.5,1.64,1.77,2.9,3.09,3.1,2.27,3.36,3.68,4.14,4.0,Exercise Physiologists,Healthcare Practitioners,-0.0331901,-0.0332115546072092,34990.0,39250.0,40930.0,41530.0,46070.0,48650.0,61650.0,62850.0,65430.0,78310.0,77980.0,79830.0,7280.0,6580.0,8110.0,57184.71,55509.35,58160.0,11.4010989010989,-9.615384615384617,23.25227963525836,1.7055083430518418,-2.929734189436304,4.775141485173221,0.5134573513848026,-0.33194036118421405,312,244,-68,68,1,Moderate Exposure Service & Healthcare
29-1131,3.0,2.38,3.25,3.0,4.0,2.12,1.12,2.0,1.38,2.25,3.0,3.12,3.25,3.0,1.12,2.12,2.0,2.38,4.0,3.75,3.0,3.12,2.62,2.88,4.0,1.12,3.0,4.12,4.12,3.0,2.75,1.12,4.0,1.75,1.75,1.75,3.12,1.0,1.12,3.62,3.62,2.5,1.25,2.25,2.12,2.88,2.25,2.88,2.88,2.12,4.12,3.62,3.73,3.68,2.68,3.33,3.79,2.48,3.14,2.81,3.18,4.26,1.42,4.06,3.08,3.22,4.52,3.08,2.84,4.46,3.26,4.04,3.09,4.81,3.81,2.13,1.61,3.14,2.34,3.03,4.25,3.73,2.75,1.57,1.62,2.88,2.32,3.31,1.95,2.69,3.06,4.5,3.24,Veterinarians,Healthcare Practitioners,-0.0749958,-0.0750442871055786,58080.0,62350.0,70350.0,75580.0,82580.0,98420.0,122590.0,132980.0,161610.0,160780.0,174500.0,212890.0,74540.0,78810.0,80630.0,111019.98,111624.06,125510.0,8.17011000804937,5.728467936678293,2.309351605126253,13.051722761974908,0.5441182749267178,12.439916627293435,0.462875554166759,-0.26018240201913095,317,252,-65,65,1,Moderate Exposure Service & Healthcare
29-1141,2.448,2.648,3.4,2.076,4.072,1.974,1.2,1.872,1.898,2.1740000000000004,2.926,2.698,3.3,3.224,1.1,2.052,1.978,2.376,4.024,3.878,2.426,2.876,2.926,2.276,3.826,1.0,2.85,4.148000000000001,4.1240000000000006,3.1,3.15,1.024,4.222,1.55,2.0740000000000003,2.05,3.35,1.048,1.148,3.976,3.926,3.1,1.576,2.302,2.402,2.974,2.6,2.752,2.726,1.9,4.05,3.926,4.0120000000000005,4.8420000000000005,3.784,3.476,4.44,2.576,3.594,3.4240000000000004,3.81,4.556,1.588,4.41,2.894,4.154,4.55,3.432,3.012,4.282,3.216,4.104,3.64,4.568,4.0760000000000005,2.71,1.7879999999999998,4.32,2.938,3.3600000000000003,3.76,3.966,3.692,1.876,1.7120000000000002,3.84,3.172,2.376,2.646,3.692,4.042,4.578,4.186,Registered Nurses,Healthcare Practitioners,0.2294097,0.229558048282476,52080.0,61250.0,66030.0,60110.0,66680.0,78610.0,90760.0,101100.0,107960.0,111220.0,129400.0,135320.0,2982280.0,3072700.0,3282010.0,85247.90000000001,87798.81999999999,93600.0,10.050364150918089,3.031908472712153,6.811924366192599,9.797426094953646,2.992355236903177,6.607355315253677,0.8175240053571943,-0.3577352854242672,270,184,-86,86,1,Moderate Exposure Service & Healthcare
29-1151,3.25,2.88,3.38,3.0,4.0,2.12,1.0,2.0,1.25,2.25,3.0,3.12,3.25,3.38,1.88,2.0,2.0,2.88,4.0,4.12,3.12,3.12,3.0,2.88,4.0,1.0,3.12,4.12,4.0,3.12,3.38,1.0,4.75,2.12,2.38,1.88,3.5,1.0,1.0,4.0,3.75,3.25,1.12,2.12,2.25,3.12,2.38,3.0,3.12,2.25,4.12,4.0,4.56,4.85,3.59,3.04,4.5,3.85,3.67,3.54,3.77,4.68,1.96,4.19,3.81,4.37,4.74,3.89,3.74,4.62,4.52,3.88,3.73,4.63,4.46,3.41,2.35,3.96,2.73,3.89,3.89,4.3,3.7,2.81,2.67,3.69,3.37,2.67,3.08,3.46,4.19,4.65,4.15,Nurse Anesthetists,Healthcare Practitioners,0.2413191,0.241475149166233,127480.0,143870.0,137230.0,148110.0,174190.0,187110.0,203730.0,227160.0,,,,,43570.0,46540.0,50350.0,203280.77,219540.29,223210.0,15.56116593986688,6.816616938260271,8.186506231198969,9.803795017108593,7.998552937397846,1.6715428407241428,0.6672113988255605,0.04173091272042122,268,218,-50,50,1,Moderate Exposure Service & Healthcare
29-1161,3.12,2.38,3.38,2.5,4.12,2.0,1.0,2.0,1.38,2.25,2.88,3.0,3.12,3.12,1.0,2.0,1.88,2.12,4.0,3.62,3.0,2.75,3.12,2.75,3.75,1.0,2.62,4.12,4.12,3.0,3.12,1.0,4.12,1.0,1.62,2.0,3.38,1.0,1.12,3.75,3.75,3.0,1.0,2.12,2.75,3.12,2.88,2.75,3.0,1.5,4.25,4.0,3.94,4.94,3.72,3.44,4.52,2.38,3.82,3.44,3.97,4.82,1.24,4.58,2.81,4.15,4.79,3.5,3.26,4.67,3.16,4.1,3.5,4.61,4.3,2.5,1.56,4.19,3.21,3.5,4.15,4.06,3.64,1.53,1.55,4.0,3.59,2.44,2.91,3.48,3.91,4.59,4.0,Nurse Midwives,Healthcare Practitioners,0.1966265,0.1967536499339124,69000.0,77510.0,74670.0,86990.0,102510.0,104260.0,127110.0,137010.0,146520.0,158990.0,171230.0,177040.0,6930.0,7950.0,8280.0,122149.89,130671.28,128790.0,19.480519480519483,14.71861471861472,4.150943396226415,5.436034367284327,6.976174927378158,-1.4397042716655095,0.9192737167362958,-0.41258133258621027,275,163,-112,112,1,Moderate Exposure Service & Healthcare
29-1171,2.75,2.88,3.38,2.5,4.12,1.88,1.0,2.12,2.12,2.0,3.0,2.75,3.25,3.25,1.0,2.0,2.0,2.62,4.25,4.0,2.75,2.88,3.0,2.5,4.12,1.0,3.0,4.0,4.12,3.0,3.0,1.0,4.25,1.25,2.0,2.0,3.0,1.0,1.0,4.0,4.0,3.12,1.88,2.25,2.12,3.0,2.38,3.0,2.88,1.5,4.25,4.12,4.26,4.52,3.64,3.76,4.17,2.15,3.39,3.22,3.73,4.74,1.27,4.27,2.91,4.13,4.57,3.39,2.22,4.35,2.77,4.22,3.76,4.64,3.87,2.65,1.65,4.05,2.77,3.14,4.09,4.23,3.91,1.57,1.61,3.48,3.0,2.78,2.35,3.48,3.95,4.45,4.2,Nurse Practitioners,Healthcare Practitioners,0.1900572,0.1901801020779612,81410.0,87340.0,97960.0,92790.0,103250.0,109940.0,127030.0,135470.0,149570.0,152160.0,165240.0,169950.0,200600.0,258230.0,307390.0,127720.66,131460.41,129210.0,53.23529411764706,28.728813559322035,19.037292336289354,1.166091687907028,2.928069742201457,-1.7118537816822594,0.9085632953244017,-0.4606640953182288,276,166,-110,110,1,Moderate Exposure Service & Healthcare
29-1181,3.0,3.38,3.25,3.0,4.0,1.62,1.0,1.0,1.12,1.5,2.88,3.0,3.12,3.0,1.0,1.12,1.0,3.5,4.0,3.62,2.88,2.88,2.88,2.0,3.75,1.0,2.5,4.12,4.0,3.12,3.12,1.0,4.0,1.75,1.62,1.88,2.88,1.62,1.0,3.88,3.75,3.0,1.0,1.0,1.75,2.88,2.12,2.38,2.5,1.88,4.12,4.0,3.86,4.86,3.57,4.33,4.29,3.71,3.0,3.32,3.32,4.59,2.14,4.71,3.16,4.05,4.62,3.5,3.0,4.14,3.55,4.38,3.81,4.57,3.55,3.36,1.64,3.86,4.1,2.23,4.73,3.95,3.91,3.45,2.73,3.82,3.91,4.14,3.05,3.27,4.05,4.77,4.77,Audiologists,Healthcare Practitioners,0.6329063,0.6333155581866655,54010.0,56990.0,61930.0,66030.0,68750.0,76440.0,96610.0,101100.0,109330.0,120750.0,120380.0,129830.0,13590.0,13940.0,14730.0,90248.8,89377.08,92120.0,8.388520971302428,2.57542310522443,5.667144906743185,2.0733793690331583,-0.9659075799345822,3.0689299762310407,0.9859294279931466,-0.5018752040213795,225,151,-74,74,1,Moderate Exposure Service & Healthcare
29-2031,3.25,2.5,3.0,3.12,3.62,2.0,1.12,1.88,1.0,2.25,2.88,3.12,3.25,2.88,1.0,2.0,1.75,2.62,3.62,3.5,3.12,2.62,2.62,2.75,4.0,1.0,2.5,4.0,4.0,2.5,3.38,1.0,4.12,2.12,2.25,2.0,3.12,1.0,1.0,3.62,3.62,3.0,2.0,2.0,2.25,3.0,2.88,2.88,2.75,2.12,3.5,3.5,3.74,4.57,2.67,2.68,3.94,4.02,2.53,2.78,3.25,4.48,2.02,3.8,2.97,3.91,4.16,2.31,3.86,4.11,3.83,3.64,3.16,3.66,3.75,2.26,2.45,3.54,2.87,3.23,3.76,3.71,2.27,2.77,2.58,2.65,2.65,1.53,2.01,2.84,2.97,3.91,4.3,Cardiovascular Technologists and Technicians,Healthcare Practitioners,-0.0909526,-0.0910114051284793,29710.0,33950.0,37890.0,38770.0,39430.0,46470.0,76190.0,81740.0,91430.0,94370.0,102000.0,108900.0,56110.0,55750.0,61180.0,67128.36,68124.62,67260.0,9.035822491534486,-0.6415968633042238,9.739910313901346,0.1961019157923706,1.484111931231442,-1.2691740519066317,0.003459040155513991,0.06872161713978794,320,332,12,12,1,Moderate Exposure Service & Healthcare
29-2032,3.5,2.5,3.12,3.5,3.38,2.62,1.0,2.12,1.0,2.75,2.88,3.0,3.38,3.0,1.0,2.25,1.88,2.88,3.5,3.12,3.0,2.25,2.38,3.0,3.88,1.0,2.12,4.0,3.88,3.0,3.0,1.0,3.88,2.12,2.25,2.5,3.0,1.0,1.0,3.62,3.5,3.0,1.88,2.38,2.25,2.88,2.75,2.88,3.0,2.0,3.88,3.75,3.54,4.28,2.99,3.12,4.08,3.69,3.05,2.6,3.06,4.12,1.79,3.85,2.99,3.74,4.22,2.79,3.4,3.76,3.62,3.78,3.09,3.77,3.67,2.15,2.29,3.32,2.98,3.6,3.93,3.62,2.71,2.72,2.63,3.13,3.18,2.08,1.85,3.02,3.31,4.15,3.98,Diagnostic Medical Sonographers,Healthcare Practitioners,-0.264054,-0.2642247363558777,52770.0,61430.0,64760.0,61830.0,68580.0,78080.0,89130.0,97350.0,103630.0,102060.0,107730.0,123170.0,72790.0,81080.0,86460.0,86434.16,87939.34999999999,89340.0,18.78005220497321,11.388927050419014,6.635421805624075,3.361911540529805,1.7414295459110007,1.5927454546798547,0.0069407976417905455,0.17033675818678667,350,331,-19,19,1,Moderate Exposure Service & Healthcare
29-2033,3.0,1.88,3.25,3.12,3.5,2.0,1.0,2.0,1.0,1.88,2.75,2.88,3.0,2.88,1.0,2.0,1.88,2.0,3.5,3.75,2.88,3.12,2.75,2.5,3.88,1.0,3.12,4.0,4.0,2.75,3.0,1.0,3.88,2.12,2.12,1.88,2.88,1.0,1.0,3.5,3.62,2.5,1.88,2.0,2.0,2.75,2.38,2.88,2.88,1.88,3.75,3.5,2.87,4.61,2.86,2.96,3.91,3.81,3.61,2.56,3.25,4.27,1.95,3.94,3.14,4.03,4.2,2.81,3.49,3.79,3.84,3.34,3.12,3.68,3.8,2.79,2.24,3.68,3.2,3.39,4.09,3.68,2.6,2.93,2.39,2.9,3.26,1.98,2.14,2.81,3.31,4.21,4.55,Nuclear Medicine Technologists,Healthcare Practitioners,0.0855276,0.0855829109063851,56560.0,64680.0,75570.0,66880.0,76910.0,83020.0,93370.0,100740.0,108190.0,105690.0,114100.0,128090.0,18110.0,16910.0,16960.0,90655.85,92209.3,97020.0,-6.350082827167311,-6.6261733848702375,0.2956830277942046,7.020120598946448,1.7135684018185229,5.217152716699939,0.27311425573896964,-0.12817283140634375,290,281,-9,9,1,Moderate Exposure Service & Healthcare
29-2034,3.12,2.62,3.12,3.12,3.62,2.25,1.25,2.12,2.0,2.62,2.88,2.75,3.12,2.38,1.62,2.0,1.88,2.5,3.5,3.62,2.75,2.12,2.75,2.75,4.0,1.75,2.25,4.0,3.88,2.25,3.12,2.0,4.0,2.0,2.38,2.38,3.12,1.75,1.88,3.5,3.5,2.62,1.62,2.12,2.75,2.62,2.75,2.62,3.12,2.5,3.62,3.0,2.67,4.87,3.24,2.58,3.81,4.02,2.89,2.33,3.02,4.04,1.69,3.85,2.38,3.38,3.9,2.6,3.95,3.69,3.75,3.27,3.04,3.43,3.82,2.27,2.51,3.45,2.39,3.69,3.95,2.96,2.46,2.71,2.27,2.97,2.71,1.55,2.06,2.8,3.42,4.04,4.29,Radiologic Technologists and Technicians,Healthcare Practitioners,-0.5559037,-0.5562631528835131,41480.0,47760.0,52360.0,49580.0,57350.0,62910.0,74660.0,80050.0,93610.0,89760.0,97940.0,106990.0,207360.0,215820.0,223460.0,70373.13,70416.34,77660.0,7.764274691358025,4.079861111111112,3.5399870262255586,10.354619724886463,0.0614012763109895,10.286902159356767,-0.41556404027906263,0.45963962834893274,406,385,-21,21,1,Moderate Exposure Service & Healthcare
29-2035,3.12,2.88,3.12,3.25,3.25,2.12,1.0,1.88,1.38,2.38,3.0,3.12,3.12,2.88,1.0,2.0,1.88,2.62,3.25,3.25,3.12,2.5,2.62,2.5,4.0,1.0,2.5,4.0,4.0,2.62,3.12,1.12,3.62,2.88,2.75,2.25,3.12,1.0,1.25,3.25,3.25,2.62,1.62,2.0,2.25,2.62,2.25,2.75,2.88,2.0,3.88,3.5,3.61,4.43,3.64,3.43,4.0,3.91,3.0,2.96,3.09,4.48,2.09,3.36,2.95,4.0,4.04,3.35,3.9,3.7,3.74,3.22,3.18,4.18,3.96,2.83,1.95,3.61,3.22,3.3,4.24,3.91,2.96,3.04,2.59,2.91,3.09,2.09,2.61,3.52,3.7,4.17,4.52,Magnetic Resonance Imaging Technologists,Healthcare Practitioners,-0.0727627,-0.0728097431332947,51150.0,60530.0,64910.0,61030.0,67770.0,78150.0,87280.0,93360.0,102440.0,101580.0,104850.0,121420.0,37900.0,38380.0,41530.0,85375.83,86577.29,88180.0,9.577836411609498,1.2664907651715038,8.207399687337155,3.284501011586064,1.4072601109705076,1.8511898443575752,0.05548286516365349,0.1694955174788071,316,324,8,8,1,Moderate Exposure Service & Healthcare
29-2051,2.62,2.75,3.12,2.25,3.5,2.12,1.0,2.0,1.38,2.25,2.88,2.75,3.0,3.12,1.25,1.88,2.0,2.38,3.25,3.12,2.62,2.88,2.12,2.12,3.25,1.25,2.88,3.75,3.75,3.0,2.75,1.38,3.25,1.88,1.88,2.0,2.88,1.12,1.38,3.25,3.12,2.38,1.62,2.12,2.12,2.75,2.38,2.75,2.88,2.12,3.25,3.12,3.75,4.42,3.25,3.02,4.11,3.16,3.33,3.23,3.81,4.14,2.39,4.06,3.43,4.53,4.8,3.43,3.67,4.46,4.26,3.11,3.71,4.2,4.24,3.15,3.05,4.08,3.03,3.28,3.05,4.2,3.78,2.1,2.39,3.66,3.64,2.68,3.17,3.65,3.91,4.13,3.0,Dietetic Technicians,Healthcare Practitioners,-0.1260282,-0.1261096857940299,20190.0,25040.0,28280.0,23670.0,29710.0,32460.0,36360.0,39480.0,44290.0,47040.0,49920.0,53440.0,29230.0,19690.0,29950.0,33029.200000000004,36710.76,37040.0,2.463222716387273,-32.63770099213137,52.1076688674454,12.143194506678924,11.146379567170856,0.8968487713139088,0.19560089727507413,0.11510707887642238,325,294,-31,31,1,Moderate Exposure Service & Healthcare
29-2052,3.0,2.62,3.62,2.12,3.12,1.75,1.0,2.0,1.12,2.12,2.88,3.12,2.88,2.5,1.0,2.0,2.0,1.75,3.0,3.75,3.0,2.88,2.38,2.0,4.0,1.0,3.12,4.0,4.0,2.12,3.12,1.0,3.75,1.12,1.5,1.5,3.0,1.0,1.0,3.38,3.88,2.25,1.88,2.12,2.0,3.0,2.88,2.75,2.12,2.0,4.0,3.12,3.63,3.61,3.12,3.29,3.85,2.92,3.21,2.62,2.95,4.05,1.93,3.96,3.2,4.1,4.28,2.78,2.98,3.84,3.21,3.61,3.18,3.64,3.91,2.99,1.98,3.64,2.83,2.74,3.93,4.09,2.73,2.07,2.07,3.46,3.03,2.29,2.18,2.54,3.66,3.67,4.17,Pharmacy Technicians,Healthcare Practitioners,0.0070256,0.0070301497616848,24120.0,29640.0,35100.0,27980.0,34590.0,36920.0,40440.0,45710.0,48580.0,49130.0,50640.0,59450.0,417780.0,453630.0,487920.0,39483.85,40850.99,43460.0,16.788740485422952,8.581071377279908,7.559023874082402,10.07031989028426,3.462529616539419,6.386650605040421,0.3345080779402293,-0.27732799815931614,306,271,-35,35,1,Moderate Exposure Service & Healthcare
29-2053,2.62,2.12,3.0,2.0,3.75,2.0,1.0,2.0,2.25,2.25,3.0,2.5,2.75,2.88,1.12,2.12,2.0,1.88,3.62,3.25,2.38,2.0,2.12,2.25,3.38,1.12,2.0,4.0,4.0,2.62,2.75,1.38,4.0,1.5,2.0,2.0,3.12,1.62,1.5,3.5,3.5,2.25,2.0,2.38,2.88,2.75,2.88,2.0,2.25,1.5,3.62,3.5,2.34,4.92,3.49,2.85,4.56,1.53,3.49,2.15,3.69,4.2,1.25,4.03,1.87,3.64,4.44,2.09,2.71,4.45,3.15,3.26,1.87,3.78,3.82,1.99,2.19,3.85,2.69,3.16,2.37,3.24,2.74,1.4,1.19,4.5,3.15,2.09,1.6,3.01,3.56,3.38,3.13,Psychiatric Technicians,Healthcare Practitioners,-0.2203484,-0.2204908753397786,23440.0,28660.0,32980.0,27440.0,31660.0,37170.0,43200.0,45710.0,48910.0,62120.0,58880.0,60150.0,78470.0,100950.0,136300.0,39286.14,40407.78,42590.0,73.69695425003185,28.64789091372499,35.01733531451213,8.409734323606239,2.855052697974399,5.4004946572170045,0.11682071416976761,-0.21312713676295894,344,312,-32,32,1,Moderate Exposure Service & Healthcare
29-2055,3.5,2.88,3.0,3.0,3.0,2.75,1.0,2.0,1.0,2.75,3.0,3.0,3.12,2.88,1.5,2.0,2.0,2.88,3.0,3.25,3.38,2.5,2.75,3.0,3.75,1.0,3.12,4.0,3.25,2.5,3.25,1.0,3.75,2.0,2.0,2.25,3.38,1.12,1.12,3.12,3.62,2.75,2.0,2.38,2.75,2.88,3.0,3.12,3.0,2.0,3.0,3.0,2.85,4.49,3.41,2.4,4.34,3.21,3.45,2.89,3.45,3.35,2.43,3.93,3.01,4.42,4.52,2.8,4.42,4.36,4.4,3.37,3.54,3.93,4.06,2.76,2.17,3.76,2.05,3.71,3.0,3.35,2.64,2.75,2.73,3.02,3.0,1.7,1.98,3.05,3.73,4.1,2.85,Surgical Technologists,Healthcare Practitioners,-0.4830476,-0.4833599425037216,33420.0,38860.0,43290.0,39760.0,47860.0,51740.0,59320.0,64360.0,77140.0,71400.0,78560.0,90700.0,109000.0,107400.0,113890.0,56172.9,60492.76,62830.0,4.486238532110091,-1.4678899082568808,6.042830540037244,11.85108833619058,7.690291937927352,3.863668974601267,-0.23683055193485664,0.5123603138521451,387,362,-25,25,1,Moderate Exposure Service & Healthcare
29-2056,3.12,3.0,3.12,2.88,3.88,2.0,1.0,2.12,1.88,2.88,2.75,3.12,3.12,2.88,1.0,2.25,2.12,2.88,3.88,3.75,3.12,2.88,2.75,2.75,3.88,1.0,2.88,3.75,3.88,2.88,3.0,1.0,3.75,2.0,2.0,1.88,3.12,1.0,1.0,3.38,3.75,2.75,1.75,2.62,2.88,2.88,3.0,2.88,2.75,1.88,3.75,3.12,3.39,4.48,2.9,3.63,3.96,3.22,3.27,2.67,3.28,4.37,2.13,3.63,3.53,3.49,4.34,2.77,3.92,4.51,4.33,3.96,3.6,3.9,4.23,2.86,2.08,3.83,3.08,4.24,3.97,3.45,2.65,2.74,2.83,3.1,2.94,2.98,2.3,2.76,3.54,4.16,3.28,Veterinary Technologists and Technicians,Healthcare Practitioners,-0.3623179,-0.3625521759860364,24530.0,29000.0,32120.0,29080.0,34510.0,37390.0,42540.0,46740.0,50960.0,51230.0,54680.0,60880.0,110650.0,118750.0,131320.0,41077.16,41337.44,45980.0,18.68052417532761,7.320379575237235,10.585263157894737,11.935683966467,0.6336367947540471,11.230884157315996,0.05707387966843692,0.2835144042379511,365,323,-42,42,1,Moderate Exposure Service & Healthcare
29-2057,3.12,1.75,3.0,2.88,3.25,2.0,1.0,1.62,1.0,1.88,3.0,3.12,2.62,2.5,1.0,1.88,1.75,1.62,3.0,3.0,2.88,2.62,2.38,2.12,3.88,1.0,2.38,3.88,3.88,2.0,2.25,1.0,3.38,1.12,1.25,1.12,3.12,1.0,1.0,3.62,3.12,2.12,1.38,1.5,1.88,2.38,2.25,2.88,2.12,1.62,3.25,3.38,2.82,4.48,3.18,3.0,3.95,2.73,3.09,2.18,3.3,4.33,1.3,3.95,2.23,3.38,4.55,3.0,2.59,3.68,3.38,3.36,2.62,3.25,3.1,2.18,1.29,3.27,2.6,2.38,4.55,3.62,2.81,2.5,2.14,3.09,2.73,1.8,2.32,2.27,3.81,4.09,4.09,Ophthalmic Medical Technicians,Healthcare Practitioners,0.078734,0.0787849180130495,24980.0,29830.0,34210.0,29940.0,35100.0,37100.0,46320.0,48080.0,49730.0,56370.0,58970.0,60810.0,58600.0,66060.0,76520.0,42961.22,42007.66,44080.0,30.580204778157,12.73037542662116,15.834090221011202,2.6041625447322,-2.219583149640548,4.933243127562935,0.31356270485031046,-0.46009061638110754,292,273,-19,19,2,High Exposure Analytical & Office
29-2061,3.0,2.75,3.12,2.88,3.75,2.12,1.0,2.12,2.0,2.88,2.88,3.0,3.0,2.88,1.0,2.62,2.38,2.5,3.75,3.25,3.0,2.75,3.0,2.88,3.75,1.0,2.88,4.0,4.0,2.62,2.88,1.12,4.0,1.88,2.25,2.38,3.0,1.0,1.12,3.88,3.75,2.88,1.88,2.88,3.12,3.0,3.12,2.75,2.62,2.12,4.0,3.38,3.64,4.57,3.32,3.22,4.12,2.57,3.59,3.32,3.64,4.47,2.01,3.53,2.93,3.68,4.43,3.63,2.85,4.14,3.69,3.44,3.47,4.2,4.01,2.48,1.92,4.2,2.87,3.54,3.07,3.75,2.79,2.19,2.09,3.79,3.44,1.88,2.37,2.93,3.6,4.15,3.77,Licensed Practical and Licensed Vocational Nurses,Healthcare Practitioners,-0.5137373,-0.5140694871484759,34560.0,40490.0,47960.0,40810.0,47800.0,55220.0,56040.0,62110.0,73160.0,63360.0,72650.0,80510.0,697510.0,632020.0,632430.0,55219.240000000005,59044.22,62340.0,-9.330332181617468,-9.389112700893175,0.0648713648302268,12.895432823776629,6.926897219157663,5.581884221690114,0.18556212393807692,0.13700202332910774,394,300,-94,94,1,Moderate Exposure Service & Healthcare
29-2081,3.12,2.12,3.12,3.0,3.62,2.5,1.0,1.75,1.38,1.62,2.88,3.38,2.75,2.88,1.0,1.0,1.0,1.88,3.0,3.38,3.0,2.88,2.25,2.62,3.88,1.0,2.88,4.0,4.0,2.88,3.0,1.0,3.62,1.88,1.88,1.88,3.0,1.0,1.0,3.75,3.75,2.75,1.0,1.0,1.88,3.0,2.25,3.0,2.88,2.25,3.75,3.62,3.7,4.17,3.87,4.0,4.08,3.29,3.22,3.09,3.46,4.71,2.42,4.17,3.79,4.46,4.52,3.79,3.46,3.91,3.78,4.04,3.88,4.46,3.62,3.78,1.71,3.71,4.05,2.46,4.83,4.04,3.7,2.46,2.67,3.88,3.29,4.54,3.08,3.67,4.0,4.33,4.3,"Opticians, Dispensing",Healthcare Practitioners,0.1013966,0.1014621721558469,25640.0,29540.0,34470.0,30050.0,34310.0,37900.0,49170.0,52000.0,59680.0,60840.0,64760.0,73240.0,72330.0,73460.0,79690.0,44007.92,42818.41,46560.0,10.175584128300844,1.5622839762201022,8.48080588075143,5.79913797334662,-2.702945288029978,8.73827402745689,0.7043761327203875,-0.2738559486463949,288,210,-78,78,1,Moderate Exposure Service & Healthcare
29-2091,3.0,2.12,3.38,3.0,4.0,2.25,1.0,2.0,1.75,2.12,3.0,3.0,2.88,3.25,1.38,1.75,1.75,1.88,4.0,3.75,3.0,2.88,2.12,2.88,4.0,1.38,2.38,4.0,4.0,3.12,2.75,1.38,4.0,1.75,2.0,1.75,3.12,1.38,1.5,3.62,3.62,2.38,1.38,2.0,2.12,2.75,2.25,2.62,3.88,2.0,4.0,3.88,3.4,4.48,3.19,3.76,4.15,3.62,3.24,3.1,3.24,4.5,3.05,3.95,3.11,3.95,4.1,3.21,3.48,3.86,4.05,3.9,3.53,4.48,3.57,3.35,2.57,4.1,3.85,3.29,4.38,4.1,3.38,2.76,3.24,3.38,3.63,2.76,2.75,4.05,3.38,4.05,4.14,Orthotists and Prosthetists,Healthcare Practitioners,0.066577,0.0666200570256081,41360.0,40360.0,46220.0,52120.0,54600.0,59990.0,86580.0,93980.0,98880.0,108130.0,110120.0,118730.0,9830.0,9150.0,9930.0,79560.83,83312.67,78310.0,1.017293997965412,-6.917599186164802,8.524590163934425,-1.5721681133794123,4.715687355197271,-6.004692923657348,0.35275872299503375,0.0317814981034666,295,270,-25,25,1,Moderate Exposure Service & Healthcare
29-2092,3.12,3.12,3.12,2.88,3.38,1.75,1.0,1.0,1.0,1.5,2.75,3.12,3.12,2.62,1.0,1.0,1.0,3.12,3.25,3.12,3.12,2.25,2.62,2.12,3.5,1.0,2.25,4.0,4.0,2.5,3.0,1.0,3.75,1.12,1.5,1.38,3.0,1.5,1.0,3.88,3.62,2.75,1.0,1.0,1.75,2.5,1.88,2.5,2.88,1.38,3.5,3.12,3.19,4.66,2.31,3.68,3.62,2.9,2.74,2.86,2.53,4.12,2.22,4.13,2.91,3.1,4.34,2.26,2.71,4.16,3.62,3.91,3.21,4.05,3.12,2.8,2.0,3.55,3.26,2.31,4.37,2.98,3.05,3.78,2.29,3.29,3.21,3.99,2.01,3.12,2.73,4.26,4.3,Hearing Aid Specialists,Healthcare Practitioners,0.5648953,0.5652605807566355,29020.0,32400.0,36950.0,38640.0,40610.0,47150.0,64780.0,75150.0,78110.0,85260.0,91740.0,91000.0,8210.0,10080.0,10580.0,62127.46,63800.62,61560.0,28.867235079171746,22.77710109622412,4.9603174603174605,-0.9133803313381864,2.693108651150387,-3.5119094453940973,0.4308224416243195,-0.39872739168785154,234,258,24,24,1,Moderate Exposure Service & Healthcare
29-9091,3.0,2.62,3.0,2.38,3.75,2.38,1.62,2.5,2.0,2.12,3.0,3.0,3.12,3.12,1.0,2.62,2.0,2.62,3.75,3.75,3.0,2.0,2.75,3.12,3.38,1.0,2.0,3.62,4.0,3.12,2.88,1.0,4.12,1.38,1.38,1.75,3.0,1.0,1.0,3.88,3.88,2.75,1.88,2.88,3.0,2.75,2.88,2.5,2.75,1.88,3.88,3.75,2.91,4.88,3.53,3.23,3.8,1.73,2.71,3.42,2.98,4.86,1.72,4.16,3.0,3.6,3.91,2.6,2.72,3.7,3.02,3.07,3.31,4.65,3.31,2.46,1.8,4.01,3.37,3.68,2.63,3.12,2.79,1.74,1.69,2.68,3.48,1.6,1.77,3.98,3.18,4.24,3.2,Athletic Trainers,Healthcare Practitioners,-0.3311363,-0.3313504132677669,31300.0,39670.0,45380.0,39860.0,47320.0,51590.0,59430.0,63240.0,70880.0,73470.0,78000.0,84100.0,28600.0,29720.0,28950.0,56335.72,58201.04,60250.0,1.2237762237762235,3.916083916083916,-2.590847913862719,6.948131664954311,3.31107865489249,3.5204869191340893,0.0662881001621433,0.0037924149349617487,359,322,-37,37,1,Moderate Exposure Service & Healthcare
29-9092,1.0,2.0,3.12,1.12,4.12,1.0,1.0,1.0,1.0,1.0,2.75,2.25,3.12,3.12,1.0,1.0,1.0,1.88,4.0,3.88,1.0,3.12,2.88,1.0,3.38,1.0,2.88,4.0,4.0,3.12,2.88,1.0,4.0,1.0,1.0,1.0,3.0,1.0,1.0,3.75,3.88,2.88,1.0,1.0,1.0,2.75,1.12,2.12,2.62,1.0,4.25,4.0,3.83,4.43,2.91,4.17,4.13,1.17,2.7,2.57,2.52,4.43,1.26,4.22,2.13,3.39,4.68,2.43,1.35,3.39,1.35,4.74,3.26,4.13,3.04,1.43,1.09,4.04,3.39,1.26,3.78,3.91,3.61,1.04,1.0,3.0,2.78,1.61,2.04,2.78,3.65,4.74,4.26,Genetic Counselors,Healthcare Practitioners,1.527667,1.5286548304187724,61310.0,64360.0,78680.0,70740.0,79940.0,87060.0,98110.0,104610.0,113220.0,114750.0,128380.0,137780.0,2390.0,3220.0,3510.0,95226.44,97279.19,98910.0,46.86192468619247,34.72803347280335,9.006211180124224,3.868211391710115,2.155651308607147,1.6764222646179494,1.4814731555869378,-1.6926840512107684,1,35,34,34,2,High Exposure Analytical & Office
31-2011,3.0,2.25,3.0,2.25,3.38,2.0,1.0,2.25,1.5,2.75,2.75,3.0,2.5,3.12,1.0,2.38,2.0,1.88,3.25,3.38,3.0,2.0,2.38,2.75,3.5,1.0,2.0,4.0,4.0,2.88,2.75,1.0,3.75,1.88,2.0,2.12,3.0,1.12,1.5,3.38,3.25,2.25,2.0,2.25,3.12,2.88,3.0,2.0,2.62,2.12,3.62,3.75,2.96,4.76,3.36,3.46,4.79,2.4,3.4,3.78,3.5,4.79,1.84,4.46,2.44,3.92,4.04,3.1,3.85,4.1,3.35,4.09,3.03,4.2,4.21,2.33,1.47,4.07,2.23,4.17,3.82,3.41,3.18,1.72,1.82,3.52,3.59,2.06,1.71,4.56,3.61,4.35,3.97,Occupational Therapy Assistants,Healthcare Support,-0.3153762,-0.3155801224354749,41730.0,47940.0,49070.0,52150.0,57470.0,59950.0,73190.0,76270.0,77340.0,82210.0,85580.0,86930.0,44990.0,43810.0,47910.0,71536.13,69454.25,68340.0,6.4903311847077125,-2.622805067792843,9.358593928326869,-4.467854215764823,-2.9102496878151007,-1.6042934737615049,0.2400080157500512,0.006034566999553518,358,288,-70,70,1,Moderate Exposure Service & Healthcare
31-2012,2.88,2.0,3.0,2.12,3.25,1.88,1.12,2.12,1.88,2.75,2.5,3.0,2.62,2.75,1.38,2.5,2.5,1.88,3.0,3.12,2.88,2.0,2.12,2.75,3.0,1.25,2.0,3.75,3.5,2.62,2.25,1.5,3.75,1.5,1.75,1.88,2.62,1.25,1.38,3.25,3.25,2.12,1.5,2.62,2.88,2.75,3.0,1.88,2.12,1.38,3.12,3.12,3.17,4.82,3.66,3.58,4.4,3.11,3.71,3.13,3.8,3.89,2.41,4.13,2.72,3.95,4.23,3.41,3.54,4.01,3.58,3.88,3.32,3.9,3.76,2.85,2.72,3.88,3.67,4.31,4.51,3.34,3.12,2.62,2.67,3.91,3.76,2.32,2.69,3.52,3.92,3.5,3.9,Occupational Therapy Aides,Healthcare Support,-0.7734322,-0.7739323116650084,18960.0,25100.0,27970.0,21920.0,30590.0,34840.0,39330.0,53240.0,44190.0,62120.0,68070.0,65580.0,7560.0,3710.0,5000.0,33994.49,40061.86,37370.0,-33.86243386243386,-50.92592592592593,34.77088948787062,9.929579764250036,17.848098324169605,-6.719258666472302,-0.03531351900217134,0.20755898286902533,457,337,-120,120,1,Moderate Exposure Service & Healthcare
31-2021,3.12,2.38,3.0,2.38,3.25,2.0,1.0,2.25,1.62,2.88,3.0,3.0,2.75,3.0,1.0,2.38,2.12,2.12,3.25,3.12,3.0,2.0,2.12,3.0,3.75,1.0,2.0,4.0,4.12,2.75,3.0,1.0,3.75,2.0,2.0,1.75,3.25,1.0,1.0,3.88,3.88,2.5,1.75,2.5,3.12,2.88,3.0,2.12,3.0,2.12,3.75,3.25,3.17,4.99,3.23,3.26,4.91,2.66,3.16,3.13,3.71,4.79,2.2,4.63,2.68,4.22,4.21,2.69,3.67,4.65,3.55,3.52,3.49,4.1,3.6,2.05,2.15,3.66,2.56,4.68,4.46,3.51,2.95,2.95,2.19,2.79,3.16,2.18,1.57,3.52,3.4,4.27,4.14,Physical Therapist Assistants,Healthcare Support,-0.5308535,-0.5311967548652847,33450.0,43340.0,46020.0,47690.0,53970.0,58240.0,69880.0,75310.0,77270.0,80840.0,85230.0,87630.0,96840.0,97740.0,108010.0,68372.77,67854.37,65510.0,11.534489880214789,0.929368029739777,10.507468794761612,-4.187003100795835,-0.7581965744550188,-3.455002234933425,0.13124613403320678,0.12897395679499057,401,311,-90,90,1,Moderate Exposure Service & Healthcare
31-2022,2.88,2.12,2.88,2.12,2.88,2.0,1.38,2.25,1.38,2.75,2.75,2.88,2.75,2.12,1.0,2.62,2.25,2.0,3.0,3.0,2.62,2.0,2.25,2.88,3.12,1.0,2.0,3.38,3.12,2.25,2.75,1.0,3.25,1.5,1.5,1.62,3.0,1.0,1.0,3.0,3.25,2.12,1.75,2.62,2.88,2.38,3.0,2.0,2.12,1.88,3.0,3.0,2.83,4.98,2.81,3.35,4.43,2.43,3.43,3.13,3.55,3.99,1.71,3.89,2.58,3.57,4.26,2.92,4.07,3.66,3.28,3.49,3.87,3.74,4.01,2.31,1.9,3.4,2.61,3.65,4.5,3.39,2.82,1.61,1.92,2.77,3.06,1.97,1.29,3.51,3.2,3.97,4.01,Physical Therapist Aides,Healthcare Support,-0.8823265,-0.8828970251489877,20310.0,22380.0,24960.0,23320.0,26940.0,29710.0,32310.0,35280.0,38240.0,39740.0,41320.0,46930.0,49270.0,42800.0,44010.0,31401.0,33954.21,34520.0,-10.6758676679521,-13.131723158108382,2.8271028037383177,9.932804687748796,8.130983089710515,1.6663323929492126,-0.2170024386672032,0.1424128752728115,487,360,-127,127,1,Moderate Exposure Service & Healthcare
31-9011,3.12,1.62,2.75,2.0,3.12,1.88,1.88,3.75,1.88,3.25,2.12,3.12,2.25,2.75,1.0,1.75,2.0,1.62,3.0,2.88,3.5,2.0,2.12,3.38,3.0,1.0,1.88,3.62,3.62,2.75,2.0,1.0,3.38,1.0,1.12,1.25,3.12,1.0,1.25,3.12,3.0,2.12,1.5,3.12,3.0,2.25,3.75,1.75,2.0,2.25,3.12,3.12,2.69,4.6,2.5,3.04,3.0,1.58,2.19,3.0,2.62,3.81,1.15,4.2,2.12,3.81,4.19,2.27,3.35,3.64,2.62,3.16,3.38,3.88,3.15,3.23,1.15,3.31,3.27,4.23,4.52,2.81,2.92,1.46,1.5,3.12,3.04,2.08,1.96,3.19,2.69,3.58,2.27,Massage Therapists,Healthcare Support,-1.410233,-1.4111448812702934,21810.0,29040.0,33280.0,29420.0,39080.0,44870.0,59370.0,67300.0,77170.0,80630.0,90530.0,97450.0,107240.0,86270.0,96040.0,49799.66,53898.66,57950.0,-10.443864229765012,-19.55427079447968,11.324910165758665,16.36625631580616,8.230979890224136,7.51658761089794,-0.5283587322259753,0.16049985561710625,606,402,-204,204,4,Low Exposure Routine Service
31-9091,3.12,2.25,3.0,3.0,3.38,2.12,1.38,2.12,1.25,2.5,2.88,3.12,2.38,2.75,1.12,2.0,1.75,2.0,3.0,3.25,3.0,2.12,2.0,2.75,4.12,1.0,2.38,3.88,4.0,2.62,2.88,1.0,3.12,1.75,1.88,1.88,3.0,1.0,1.5,3.12,3.75,2.12,1.75,2.12,2.12,3.0,2.38,2.88,2.38,2.0,3.5,3.12,3.2,4.49,3.57,2.98,4.1,2.84,3.4,3.16,3.32,3.81,2.39,3.75,3.28,3.57,4.55,3.14,3.57,4.37,4.18,3.34,3.91,4.02,4.02,2.79,2.19,3.92,2.95,3.12,4.17,3.54,3.19,2.75,2.72,3.26,4.0,3.05,2.47,3.17,3.54,3.85,4.45,Dental Assistants,Healthcare Support,-0.5268759,-0.5272165828603783,27980.0,31450.0,36190.0,33440.0,36910.0,39520.0,48550.0,48870.0,56910.0,56930.0,59200.0,61780.0,351470.0,363880.0,375430.0,46613.04,48450.42,47300.0,6.817082539050275,3.53088457051811,3.1741233373639663,1.4737506929391413,3.9417725168751008,-2.374427301146199,0.07814673757528046,0.16255935283624176,399,320,-79,79,1,Moderate Exposure Service & Healthcare
31-9092,3.0,2.25,3.12,2.25,3.5,1.88,1.0,1.88,1.25,1.88,2.88,3.0,3.12,2.75,1.25,1.88,1.75,2.12,3.25,3.25,2.25,2.75,2.88,2.12,3.88,1.25,2.88,4.0,4.0,2.75,3.0,1.38,3.88,1.62,1.88,2.0,2.75,1.25,1.5,3.75,3.88,2.5,1.5,2.0,2.12,2.88,2.62,2.88,2.38,2.0,4.0,3.75,4.06,4.58,3.15,3.58,4.43,3.05,2.89,3.8,3.0,4.65,2.99,3.48,3.61,4.24,4.89,3.37,3.06,4.43,4.4,3.55,3.89,4.28,3.85,3.17,2.84,4.31,4.07,3.32,3.6,4.46,3.37,2.99,2.74,3.33,3.58,2.39,2.93,3.35,3.7,4.59,4.68,Medical Assistants,Healthcare Support,0.1497917,0.149888565507276,25820.0,30390.0,35020.0,29460.0,35330.0,37610.0,40270.0,45360.0,48160.0,48720.0,51710.0,57830.0,712430.0,752460.0,793460.0,40472.4,41369.87,44200.0,11.373748999901744,5.618797636259001,5.448794620312043,9.210227216572276,2.217486484616662,6.841041559956569,0.5511354451924636,-0.16563026111348217,281,241,-40,40,1,Moderate Exposure Service & Healthcare
31-9093,3.25,2.75,3.12,3.0,3.25,2.5,1.25,2.25,1.12,2.38,2.88,3.25,3.0,2.0,1.75,2.25,1.75,2.62,3.0,3.25,3.25,2.0,2.0,3.0,3.88,1.75,2.12,3.62,3.25,2.0,3.25,1.75,3.75,2.25,2.5,2.12,2.88,1.88,1.88,2.88,3.25,2.25,2.25,2.62,3.0,2.75,3.12,2.88,3.0,2.12,3.12,3.25,3.35,3.57,2.88,3.08,4.11,3.85,2.71,2.8,2.93,4.63,1.91,3.41,3.81,4.71,4.36,2.88,4.24,4.31,4.39,3.71,4.12,4.27,4.62,2.76,2.5,4.41,2.64,3.91,3.04,4.47,2.79,2.57,2.49,3.02,3.03,2.21,1.97,3.36,3.31,4.17,3.52,Medical Equipment Preparers,Healthcare Support,-0.7308648,-0.7313373866344243,26530.0,31570.0,35400.0,30910.0,36240.0,38910.0,46630.0,50300.0,56160.0,56910.0,62960.0,67070.0,56900.0,63890.0,72760.0,43542.72,44839.88,46490.0,27.873462214411248,12.284710017574692,13.883236813272813,6.768708982810441,2.979051377589632,3.680027689636999,-0.5395185012777169,0.7403886678747008,445,404,-41,41,0,Low Exposure Manual & Technical
31-9094,2.25,2.25,3.12,2.12,3.0,1.0,1.0,1.25,1.0,1.0,2.25,3.0,2.88,1.88,1.0,1.12,1.12,1.88,3.0,3.25,2.62,1.88,2.12,1.12,3.88,1.0,2.0,4.25,3.75,1.88,3.0,1.0,3.0,1.0,1.0,1.0,3.12,1.0,1.0,3.0,4.0,2.25,1.0,1.25,1.0,2.12,1.5,1.75,1.75,2.0,4.12,3.88,3.31,3.61,2.04,2.19,4.3,2.04,1.92,2.0,2.32,4.49,1.11,3.92,2.07,3.82,4.41,2.14,2.27,4.0,2.07,3.19,2.33,3.38,3.52,2.44,1.32,3.76,3.21,1.86,2.54,4.2,1.87,1.24,1.2,2.24,3.3,1.41,1.33,1.63,2.62,3.65,4.84,Medical Transcriptionists,Healthcare Support,1.06259,1.0632771012539892,22160.0,24340.0,26370.0,25690.0,29120.0,31200.0,42460.0,43950.0,45680.0,51260.0,51280.0,53890.0,55780.0,48680.0,43070.0,38820.94,37543.13,37550.0,-22.78594478307637,-12.72857655073503,-11.524239934264584,-3.2738516893202543,-3.2915483241776347,0.0182989537633186,0.4686589773675024,-1.1066732171231055,150,251,101,101,2,High Exposure Analytical & Office
31-9095,2.5,2.0,3.0,1.88,3.0,2.0,1.38,2.12,1.0,2.12,2.88,3.0,2.38,1.88,1.0,1.88,1.62,1.75,2.75,3.12,2.38,2.88,2.0,2.25,3.38,1.0,2.62,4.0,3.5,1.88,2.88,1.0,3.25,1.5,1.62,1.62,2.62,1.0,1.38,3.5,3.38,1.88,1.25,2.12,2.12,2.62,2.75,2.75,2.12,1.75,3.25,3.0,2.92,4.06,2.9,3.31,4.39,2.78,3.32,3.0,3.65,3.39,2.28,3.55,3.85,3.36,4.34,3.5,3.29,4.05,3.56,2.97,4.07,4.04,3.89,2.25,2.43,3.35,2.66,2.9,3.96,3.21,2.95,2.38,2.34,3.67,3.03,3.48,2.28,3.23,3.79,4.16,4.51,Pharmacy Aides,Healthcare Support,-0.1552654,-0.1553657912198768,20300.0,24590.0,29360.0,23560.0,28600.0,34450.0,34970.0,39590.0,42570.0,46500.0,50180.0,58660.0,37280.0,43230.0,41100.0,32389.55,35964.869999999995,37000.0,10.246781115879829,15.96030042918455,-4.9271339347675225,14.234374975879568,11.03849852807463,2.8781697250678366,0.1341860826930737,-0.07443064109177289,327,309,-18,18,1,Moderate Exposure Service & Healthcare
31-9096,3.0,2.25,2.88,2.25,3.12,2.0,1.38,2.0,1.38,3.0,2.88,3.0,3.0,2.25,1.0,2.12,2.0,2.62,3.0,3.25,3.12,2.75,2.12,3.0,3.12,1.0,2.75,3.38,3.38,2.25,2.5,1.0,3.25,2.0,2.0,1.75,3.0,1.0,1.0,3.0,3.0,2.0,2.0,2.38,2.75,2.5,3.0,2.25,2.25,2.0,3.0,3.25,3.16,4.25,3.06,3.11,4.39,3.61,2.86,2.54,3.16,4.61,1.82,3.55,3.25,3.38,4.14,2.6,3.99,3.96,3.73,3.74,2.9,4.1,4.19,2.75,2.19,3.77,3.1,4.47,3.96,3.6,2.63,2.55,2.49,3.44,3.43,3.65,1.83,3.03,3.48,3.47,3.94,Veterinary Assistants and Laboratory Animal Caretakers,Healthcare Support,-0.7735824,-0.7740826087876796,20790.0,25270.0,29160.0,24080.0,29190.0,34320.0,34220.0,37510.0,44550.0,39800.0,44920.0,48150.0,97030.0,111880.0,114190.0,33250.17,37553.94,37320.0,17.685251983922498,15.304544986086777,2.0647121916338937,12.240027644971445,12.943602995112496,-0.622943957411646,-0.2520421738529748,0.3026606704691158,458,364,-94,94,1,Moderate Exposure Service & Healthcare
31-9097,3.75,2.12,3.12,2.25,3.38,2.0,1.12,2.0,1.75,2.38,2.88,3.25,3.12,2.5,1.0,2.0,1.88,2.0,3.12,3.25,3.0,2.25,2.25,2.38,3.88,1.0,2.12,3.5,3.5,2.38,3.0,1.0,3.62,1.75,1.88,1.75,3.0,1.0,1.12,3.38,3.25,2.12,1.75,2.25,2.12,2.5,2.25,2.75,2.5,1.62,3.5,3.12,3.38,4.57,3.73,3.27,4.41,3.0,3.73,3.0,3.64,4.18,2.36,4.09,2.86,4.18,4.45,3.32,3.36,3.91,3.77,3.64,3.59,4.23,3.82,2.86,2.32,4.14,3.64,3.73,4.09,4.27,2.73,2.55,2.27,3.86,3.73,2.0,2.86,2.95,4.05,4.32,4.41,Phlebotomists,Healthcare Support,-0.2778475,-0.2780271555407319,26000.0,30250.0,34860.0,29860.0,35020.0,37540.0,41490.0,45280.0,48170.0,49750.0,51610.0,57750.0,128290.0,137090.0,138880.0,41298.130000000005,41650.93,43660.0,8.254735365188246,6.859459038116766,1.305711576336713,5.719072510062792,0.8542759684276156,4.823589773385612,0.19343429538468898,0.03167679673113136,354,296,-58,58,1,Moderate Exposure Service & Healthcare
31-9099,2.75,2.44,3.0,2.62,3.375,1.62,1.06,1.56,1.31,1.75,2.815,2.75,2.94,2.81,1.25,1.5,1.375,2.685,3.25,3.435,2.685,2.12,2.44,2.0,3.75,1.19,2.12,3.875,3.875,2.5,2.875,1.25,3.75,1.69,1.625,1.56,2.935,1.25,1.375,3.56,3.625,2.435,1.25,1.5,1.81,2.875,2.185,2.625,2.565,1.81,3.75,3.5,3.165,4.23,3.2350000000000003,3.075,4.505,2.75,2.86,3.265,2.95,4.29,1.96,3.9,2.81,3.825,4.1850000000000005,2.4,3.21,4.035,3.21,3.3,3.115,3.86,4.2,2.24,2.49,3.865,2.825,3.18,3.22,3.54,2.605,2.325,2.26,3.055,3.245,2.08,1.89,3.56,3.42,4.125,3.63,Speech-Language Pathology Assistants,Healthcare Support,0.1660077,0.1661150511346799,23790.0,28750.0,32450.0,29460.0,33550.0,37570.0,48440.0,50400.0,57650.0,58500.0,61520.0,68180.0,93270.0,107170.0,103650.0,44728.98,43694.02,46050.0,11.12898037954326,14.902969872413424,-3.284501259680881,2.953387267046994,-2.313846638130372,5.391996433379221,0.2858880720658144,-0.2696114020123333,279,278,-1,1,1,Moderate Exposure Service & Healthcare
33-1011,2.38,3.12,3.0,2.12,4.0,2.38,1.38,2.5,3.12,2.25,3.38,2.38,3.12,3.0,1.88,2.75,3.0,2.12,3.75,3.38,2.38,2.12,2.62,2.75,3.5,1.75,2.38,4.0,4.0,2.75,3.12,2.12,4.0,1.88,3.12,3.0,3.12,2.0,2.12,3.62,3.5,2.75,2.0,3.0,3.12,3.0,3.12,2.25,2.25,1.62,3.88,3.75,3.49,4.04,4.23,3.44,4.58,2.44,4.17,3.29,3.83,4.7,2.5,4.02,3.23,4.44,4.5,4.25,2.78,4.07,3.97,3.84,3.96,4.36,4.18,2.98,3.07,4.06,3.82,3.62,3.34,4.15,3.59,2.34,2.4,4.51,3.96,2.95,3.58,3.15,4.28,3.7,4.08,First-Line Supervisors of Correctional Officers,Protective Service,-0.5584278,-0.5587888850228897,41850.0,42100.0,50340.0,47710.0,47430.0,56890.0,86670.0,86800.0,102190.0,105780.0,110240.0,125170.0,46430.0,55900.0,53390.0,74117.99,68438.11,76310.0,14.99030799052337,20.396295498600043,-4.490161001788909,2.9574601254027457,-7.663294700787223,11.50220250091652,0.020336701788507626,0.5042574913996123,408,328,-80,80,1,Moderate Exposure Service & Healthcare
33-1012,3.0,2.88,3.25,2.88,3.88,2.5,1.0,2.12,2.38,2.0,3.0,2.75,3.12,3.12,1.88,2.12,2.0,2.5,3.88,3.75,3.0,2.62,3.0,2.88,3.5,1.88,2.5,4.0,4.0,3.0,3.0,2.12,4.0,2.38,2.88,2.88,3.5,1.88,2.25,3.62,3.62,3.0,2.0,2.12,2.75,2.88,2.75,2.5,2.75,2.0,4.0,3.88,3.78,4.2,3.93,4.18,4.41,2.87,3.94,3.8,3.81,4.48,2.65,4.23,3.17,4.03,4.7,4.19,3.3,4.2,3.2,3.8,3.39,4.34,3.54,3.4,4.19,3.86,4.05,3.41,4.32,3.95,3.86,2.52,2.57,4.14,3.71,3.3,3.64,3.55,3.9,4.13,4.08,First-Line Supervisors of Police and Detectives,Protective Service,-0.1923298,-0.1924541578878805,52320.0,54070.0,62370.0,68170.0,72260.0,80940.0,118970.0,122850.0,133520.0,146580.0,155760.0,165050.0,121340.0,131860.0,153130.0,105937.67,104089.49,105980.0,26.199109939014345,8.669853304763475,16.130744729258303,0.0399574580033728,-1.744591890684407,1.81623524142544,0.29155669465094564,0.3441556342173116,339,277,-62,62,1,Moderate Exposure Service & Healthcare
33-1021,3.12,2.88,3.38,3.0,3.75,2.38,1.75,2.75,3.12,3.0,3.25,3.0,3.0,3.5,2.5,2.75,3.0,2.62,3.75,3.62,3.25,2.62,2.88,3.0,4.0,2.12,2.5,4.12,4.25,3.25,3.25,2.12,4.12,2.38,2.88,2.62,3.25,2.12,2.5,3.62,3.62,3.0,2.12,2.88,3.12,3.0,3.25,3.0,3.12,2.25,3.62,3.62,3.5,4.61,4.2,4.02,4.37,3.71,4.28,3.99,4.19,4.33,2.75,4.02,3.73,3.75,4.46,4.4,4.1,4.37,4.48,3.68,4.02,4.61,4.38,3.78,4.45,4.23,3.92,4.37,4.58,3.84,3.72,2.61,3.59,4.19,4.1,3.05,3.72,3.7,4.34,4.31,3.4,First-Line Supervisors of Firefighting and Prevention Workers,Protective Service,-0.593021,-0.5934044537578372,43150.0,46170.0,53970.0,58540.0,61820.0,72240.0,101430.0,101820.0,115990.0,126720.0,128810.0,142300.0,69590.0,84040.0,93680.0,90481.4,86642.15,92430.0,34.617042678545765,20.764477654835463,11.470728224654929,2.1535917879254645,-4.243137263570208,6.680178181173951,-0.1550141773828739,1.0806606805521066,414,354,-60,60,1,Moderate Exposure Service & Healthcare
33-2011,3.75,3.38,3.12,3.62,3.75,3.12,2.12,3.5,3.12,3.38,3.75,3.0,3.5,2.88,2.62,3.12,3.0,2.88,3.62,3.5,3.5,2.62,2.88,3.62,3.62,2.38,2.62,3.88,3.75,2.62,3.38,2.62,4.12,2.88,3.5,3.0,3.12,2.5,3.25,3.62,3.5,3.12,2.88,3.62,3.75,2.75,3.5,3.12,3.25,2.5,3.38,3.0,3.31,4.48,3.47,3.68,4.06,4.03,3.4,3.35,3.69,4.18,2.51,3.83,3.56,3.59,4.24,3.31,4.2,4.2,4.54,3.24,3.71,4.38,4.2,3.08,4.49,3.59,2.82,4.33,4.21,3.67,3.22,2.91,3.74,3.41,3.07,2.5,2.75,3.29,3.83,4.09,3.08,Firefighters,Protective Service,-1.320232,-1.3210856846156327,25550.0,29150.0,34490.0,34470.0,37400.0,44180.0,69040.0,70730.0,77410.0,92020.0,84750.0,101330.0,324620.0,321450.0,332240.0,59138.55,55866.08,59530.0,2.34735999014232,-0.9765264000985768,3.356665111214808,0.6619201857333281,-5.533564823621831,6.558398226616233,-1.0353124971962488,1.7106291719899773,595,525,-70,70,0,Low Exposure Manual & Technical
33-2021,2.62,2.5,3.5,2.25,3.88,2.5,1.12,2.25,2.12,2.25,3.12,2.25,3.5,3.12,2.25,1.75,2.25,2.38,3.75,3.75,2.5,2.38,2.62,2.38,3.62,2.0,2.5,4.0,3.88,3.0,2.88,2.38,4.12,1.88,2.0,2.0,3.38,2.0,2.38,3.38,3.38,2.62,1.25,2.25,2.25,2.62,2.75,3.12,2.75,2.25,4.0,4.0,3.66,3.64,3.08,4.53,4.33,2.41,3.3,3.31,3.39,4.59,2.48,4.05,3.37,4.66,4.46,3.02,3.11,4.32,4.38,3.99,3.55,4.2,3.85,2.71,3.42,4.01,3.34,3.74,4.61,3.71,3.09,1.84,2.2,3.45,3.83,2.43,2.46,3.16,3.33,4.53,3.94,Fire Inspectors and Investigators,Protective Service,0.062793,0.0628336102067813,38090.0,42930.0,47580.0,48060.0,53290.0,60700.0,78180.0,96470.0,105390.0,96400.0,125610.0,149870.0,13710.0,14510.0,14050.0,71710.58,75075.45,78060.0,2.4799416484318018,5.835156819839534,-3.1702274293590627,8.854230435732074,4.692292267054589,3.9754007468486745,0.19431842294443133,0.2046860104448139,297,295,-2,2,1,Moderate Exposure Service & Healthcare
33-2022,2.75,2.25,3.0,2.75,3.62,3.0,1.38,2.12,1.62,2.38,3.5,2.5,3.5,2.88,2.12,2.0,2.12,2.12,3.5,3.12,2.5,2.38,2.25,3.0,3.62,1.88,2.62,3.88,4.0,3.0,3.25,2.12,4.0,2.0,2.12,2.25,3.0,1.88,2.38,3.38,3.12,3.12,1.88,2.38,2.25,2.62,2.62,2.62,2.75,1.88,3.5,3.25,3.13,3.49,3.66,3.92,4.46,3.1,3.73,3.99,3.97,4.1,2.35,4.04,3.21,3.72,4.16,3.61,3.83,4.18,4.01,3.38,3.48,4.15,4.45,3.07,4.36,3.88,3.06,4.43,4.2,3.42,3.05,2.31,3.39,3.56,3.23,2.67,2.6,3.17,3.83,3.8,3.44,Forest Fire Inspectors and Prevention Specialists,Protective Service,-0.2144127,-0.214551337183724,28090.0,30000.0,33590.0,33760.0,35270.0,41000.0,69080.0,72990.0,77780.0,89710.0,90120.0,100450.0,2160.0,2290.0,2780.0,52649.01,52006.91,52380.0,28.703703703703702,6.018518518518518,21.397379912663755,-0.5109497785428483,-1.2195860852844256,0.7173854397425339,-0.09986874027445687,0.5494357558054794,342,348,6,6,1,Moderate Exposure Service & Healthcare
33-3011,2.0,2.12,2.12,1.75,3.12,2.12,1.0,2.12,2.38,2.12,2.88,2.0,2.38,2.0,1.5,2.0,2.0,2.0,3.0,3.0,2.0,1.38,2.12,2.38,3.38,1.5,1.75,3.62,3.75,2.0,2.38,1.62,3.88,1.5,2.5,2.38,3.75,1.62,1.75,3.75,3.62,2.38,2.12,2.25,3.0,2.62,3.0,2.12,2.0,1.25,3.0,2.75,3.14,4.06,3.8,3.97,4.46,2.72,3.48,2.91,3.16,4.05,1.74,3.9,2.52,3.35,4.05,3.14,2.84,4.27,3.74,3.19,3.92,4.4,4.38,2.3,3.31,3.67,3.16,3.94,4.26,3.41,3.03,1.98,1.82,4.51,2.89,2.56,2.82,2.98,3.49,4.35,3.57,Bailiffs,Protective Service,-0.5103183,-0.5106482763467928,24620.0,28290.0,32950.0,34530.0,37510.0,43420.0,67180.0,72150.0,77880.0,82900.0,82530.0,93950.0,19650.0,16470.0,16910.0,55626.29,53077.1,57050.0,-13.944020356234097,-16.18320610687023,2.671523982999393,2.5594192961637368,-4.582707205531777,7.485148962546939,-0.13255204144694963,0.18816997330903126,392,351,-41,41,1,Moderate Exposure Service & Healthcare
33-3012,3.0,3.0,2.88,2.88,3.75,2.62,1.25,3.0,3.0,3.0,3.25,2.88,3.25,2.88,2.0,2.75,2.5,2.88,3.75,3.25,3.0,2.0,2.5,3.0,3.62,2.0,2.12,4.0,4.0,2.25,3.0,2.12,4.0,2.12,3.0,2.88,3.38,2.0,2.12,3.75,3.62,2.88,2.75,3.12,3.0,3.0,3.0,2.75,2.88,2.0,3.38,3.0,3.2,3.75,3.76,3.38,4.21,2.79,3.21,3.59,3.57,4.11,2.37,3.73,2.83,3.84,4.03,3.83,2.74,3.86,3.65,3.15,3.3,4.36,3.84,3.28,3.18,3.89,3.44,3.4,3.08,3.62,3.47,2.65,2.85,4.21,3.3,2.49,3.49,3.63,3.96,3.87,3.81,Correctional Officers and Jailers,Protective Service,-0.8875365,-0.8881103940512307,31740.0,35510.0,41750.0,37110.0,39850.0,47520.0,60110.0,64110.0,75330.0,78090.0,82600.0,93000.0,423050.0,363250.0,365380.0,52544.34,53628.41,57970.0,-13.63195839735256,-14.135444982862548,0.5863730213351687,10.325869541800309,2.0631527582228504,8.095690325333166,-0.4282742668156838,0.8580820710914673,491,386,-105,105,1,Moderate Exposure Service & Healthcare
33-3021,2.4166666666666665,2.4166666666666665,3.5,2.1266666666666665,4.0,1.9966666666666668,1.1266666666666667,1.836666666666667,1.7066666666666668,1.75,3.206666666666667,2.1633333333333336,3.6666666666666665,3.2099999999999995,1.6666666666666667,1.7066666666666668,1.6266666666666667,2.083333333333333,4.17,3.92,2.2466666666666666,2.6266666666666665,2.54,2.123333333333333,3.88,1.7933333333333332,2.46,4.126666666666666,4.0,3.0400000000000005,3.083333333333333,1.8733333333333333,3.9133333333333336,1.8333333333333333,1.8733333333333333,1.913333333333333,3.083333333333333,1.6666666666666667,1.9166666666666667,3.8333333333333335,3.8333333333333335,2.92,1.75,1.71,1.8333333333333333,2.793333333333333,2.2066666666666666,2.54,2.793333333333333,2.04,4.0,3.8333333333333335,4.003333333333333,3.03,3.22,3.9966666666666666,4.513333333333333,2.11,2.9966666666666666,3.296666666666667,3.1133333333333333,4.34,1.8833333333333333,4.006666666666667,2.68,3.61,4.61,2.8433333333333333,2.54,4.206666666666667,2.6533333333333333,3.733333333333333,3.1933333333333334,4.253333333333333,3.59,2.1966666666666668,2.9133333333333336,3.943333333333333,3.3266666666666667,2.8433333333333333,3.2000000000000006,4.223333333333334,3.1666666666666665,1.7566666666666666,1.663333333333333,3.4233333333333333,3.0766666666666667,2.37,2.18,3.6766666666666654,3.4,4.2700000000000005,4.173333333333333,Detectives and Criminal Investigators,Protective Service,0.2257696,0.2259155945125998,44860.0,47990.0,54160.0,58890.0,61240.0,68390.0,107050.0,110530.0,120080.0,139180.0,150570.0,159410.0,105620.0,107400.0,110790.0,96726.71,93268.68,93580.0,4.89490626775232,1.685286877485325,3.156424581005586,-3.2531965576002806,-3.5750518135063345,0.333788362824484,0.6515959179641544,-0.425739200097953,272,221,-51,51,1,Moderate Exposure Service & Healthcare
33-3031,2.88,2.12,3.12,3.0,3.75,3.0,1.0,2.25,1.88,2.0,3.75,2.62,3.25,2.88,2.62,2.5,2.25,2.75,4.12,3.12,2.62,2.38,2.38,3.0,3.75,2.25,2.25,4.12,4.12,2.88,2.88,2.38,4.0,2.38,2.88,2.62,3.0,2.12,3.12,3.88,3.88,3.0,2.25,3.0,2.88,3.0,2.5,2.75,2.5,1.75,3.62,3.5,3.2,3.42,3.0,4.6,4.55,2.95,3.05,3.44,2.94,4.36,1.79,4.24,3.04,4.33,4.42,2.22,3.23,4.4,3.56,3.53,3.19,4.47,4.11,2.49,4.67,4.0,3.05,4.18,4.37,3.81,2.58,2.18,2.74,3.96,3.84,3.26,1.65,3.95,3.27,4.08,3.75,Fish and Game Wardens,Protective Service,-0.4585168,-0.4588132803411217,33930.0,31200.0,35670.0,45740.0,46300.0,53260.0,70050.0,72800.0,82100.0,80540.0,85300.0,94470.0,6800.0,6530.0,6420.0,66872.5,64319.5,68180.0,-5.588235294117648,-3.970588235294117,-1.6845329249617151,1.955213279001084,-3.817712811693895,6.002067802143984,-0.09434078282597866,0.5426597856538191,380,346,-34,34,1,Moderate Exposure Service & Healthcare
33-3041,2.62,2.38,2.88,3.0,3.0,2.75,1.0,2.0,2.0,2.38,3.12,2.75,2.25,2.0,2.25,2.38,2.0,2.25,3.0,3.25,2.5,2.0,2.25,2.75,3.25,2.0,2.0,3.25,3.62,2.0,3.0,2.0,3.12,2.0,2.38,2.38,3.0,2.12,2.62,3.38,3.12,2.25,2.0,2.62,2.62,2.62,2.88,2.88,2.12,1.62,3.0,3.12,3.49,3.94,3.05,3.94,4.4,3.68,3.1,3.03,2.87,4.3,2.55,3.88,2.78,4.25,4.16,2.91,3.31,4.32,3.59,3.28,3.73,3.86,3.79,2.46,4.37,3.59,2.85,3.29,4.21,4.19,2.69,3.34,2.97,3.54,3.48,2.31,2.49,3.33,3.83,3.85,3.5,Parking Enforcement Workers,Protective Service,-0.6239931,-0.6243965810087323,26610.0,29220.0,35410.0,32200.0,34650.0,39930.0,53040.0,52250.0,61210.0,64210.0,64460.0,76030.0,7650.0,8150.0,7770.0,47589.96,44937.17,47150.0,1.568627450980392,6.535947712418301,-4.662576687116564,-0.9244807097967704,-5.57426398341163,4.924275382717696,-0.4945669732307024,0.6551391439093419,422,399,-23,23,0,Low Exposure Manual & Technical
33-3051,2.75,2.815,3.13,2.56,4.065,2.75,1.25,2.5,2.625,2.5,3.435,2.75,3.44,2.94,2.31,2.375,2.31,2.435,4.125,3.565,2.815,2.315,2.875,3.0,3.875,2.19,2.315,4.25,4.0600000000000005,2.81,3.185,2.25,4.25,2.44,2.81,2.685,3.25,2.315,2.38,3.88,3.685,3.0,2.31,2.5,2.875,3.0,2.88,2.75,2.56,2.13,3.88,3.56,3.96,3.5650000000000004,3.3,4.09,4.465,2.86,3.3200000000000003,3.26,3.34,4.34,1.975,3.975,3.25,4.265000000000001,4.654999999999999,3.33,2.9,4.529999999999999,3.505,3.8,4.045,4.48,4.06,2.655,3.89,3.595,3.56,3.58,4.58,4.195,3.14,2.27,2.165,4.12,3.25,2.645,2.44,3.165,3.67,4.25,4.4,Police and Sheriff's Patrol Officers,Protective Service,-0.6681123,-0.6685443094678195,36960.0,40560.0,47640.0,47190.0,50210.0,58980.0,84440.0,84520.0,97190.0,105230.0,104100.0,115280.0,665280.0,655890.0,666990.0,73443.45,71118.98999999999,76290.0,0.257034632034632,-1.4114357864357865,1.6923569500983398,3.875839166052252,-3.164965698098342,7.270927216486076,0.010264636108122038,0.5105391584227675,430,330,-100,100,1,Moderate Exposure Service & Healthcare
33-3052,3.0,3.12,3.0,2.62,3.75,2.88,1.0,2.88,3.0,2.88,3.75,2.5,3.38,3.0,2.5,2.75,2.88,3.0,3.88,3.38,3.0,2.12,2.38,3.0,3.75,2.62,2.0,4.0,4.0,3.0,3.0,2.75,4.12,2.5,2.88,3.0,3.25,2.62,2.62,3.88,3.62,3.12,2.0,3.0,3.0,3.0,3.12,2.75,2.62,2.12,3.38,3.75,3.52,4.07,3.51,3.77,4.4,2.24,3.13,3.58,3.16,4.65,1.73,3.75,2.99,3.46,4.2,3.7,3.1,4.4,3.1,3.7,3.48,4.61,3.76,2.6,4.17,3.48,3.3,4.36,4.5,4.41,3.19,2.16,2.02,4.52,3.42,2.76,2.74,3.5,3.71,4.19,3.67,Transit and Railroad Police,Protective Service,-0.8205515,-0.8210820800556924,43220.0,50080.0,58370.0,57780.0,56990.0,65920.0,83200.0,92580.0,114040.0,99320.0,114310.0,141870.0,4690.0,3370.0,3000.0,83526.66,74751.15,82320.0,-36.034115138592746,-28.14498933901919,-10.979228486646884,-1.4446405494964163,-10.506238367486512,10.125396064140828,-0.27594182916682025,0.8407421138556929,467,366,-101,101,1,Moderate Exposure Service & Healthcare
33-9011,3.0,2.0,3.0,2.62,3.62,2.25,1.25,2.0,2.0,2.12,3.0,2.5,2.75,2.75,2.0,2.0,2.0,2.0,3.25,3.0,3.0,2.0,2.0,3.0,3.0,2.0,2.0,3.88,4.0,2.62,2.12,2.12,4.0,2.0,2.0,2.0,3.0,2.0,2.25,3.25,3.0,2.0,2.0,2.12,3.0,2.88,2.75,2.0,2.0,1.88,3.0,3.0,3.76,3.46,3.35,4.54,4.42,2.19,3.32,3.2,3.44,4.58,1.88,4.04,2.62,4.0,4.31,3.19,3.96,4.0,3.54,3.42,3.36,4.72,3.68,3.0,4.38,4.27,3.62,4.15,4.56,4.15,3.48,1.77,2.33,4.08,3.54,2.68,2.46,3.73,3.73,3.92,3.73,Animal Control Workers,Protective Service,-0.5946321,-0.5950165955310434,24280.0,28430.0,32880.0,30440.0,33260.0,38160.0,47370.0,50040.0,57110.0,59610.0,62050.0,69990.0,11980.0,11490.0,11790.0,43717.17,42504.92,45830.0,-1.5859766277128546,-4.090150250417363,2.610966057441253,4.832952361737966,-2.772937955498949,7.822812041523668,-0.09910775239058338,0.31784389535638935,416,347,-69,69,1,Moderate Exposure Service & Healthcare
33-9021,2.12,2.12,3.12,2.38,3.88,2.25,1.0,1.38,1.25,1.5,3.12,2.25,3.25,3.0,1.88,1.38,1.38,2.25,4.12,3.5,2.0,2.5,2.12,2.12,4.0,1.5,2.38,4.0,4.0,3.0,3.0,1.75,4.0,1.62,2.0,2.0,3.38,1.75,1.88,3.62,3.62,2.75,1.0,1.12,1.38,2.75,2.25,2.12,2.25,1.75,3.88,3.88,4.12,1.92,2.56,3.99,4.12,1.82,2.94,3.69,2.52,4.5,1.72,3.89,3.06,4.09,4.75,2.5,1.8,4.6,2.94,3.39,3.87,4.31,3.79,2.82,3.47,3.81,3.82,2.4,3.22,3.96,2.53,2.4,1.95,3.08,3.78,2.54,1.72,3.48,2.8,4.03,4.34,Private Detectives and Investigators,Protective Service,0.7483108,0.7487946813112174,30390.0,33710.0,37250.0,37030.0,38360.0,41940.0,67940.0,75740.0,75310.0,89760.0,92660.0,98770.0,35000.0,32050.0,38700.0,58743.130000000005,56341.72,52370.0,10.571428571428571,-8.428571428571429,20.74882995319813,-10.849149509057492,-4.087984416220252,-7.049341056680558,0.5831811669404149,-0.5366676353215675,210,232,22,22,1,Moderate Exposure Service & Healthcare
33-9031,2.0,2.25,2.88,2.12,3.5,2.0,1.0,1.62,1.75,1.75,4.0,2.12,3.62,2.25,1.0,1.5,1.62,2.0,3.75,3.12,2.0,2.12,2.12,1.62,3.75,1.25,2.12,3.88,3.62,2.12,3.38,1.62,4.25,1.0,1.62,1.75,4.0,1.0,1.38,3.25,3.25,3.12,1.38,1.75,1.88,3.12,2.0,2.38,2.25,1.75,3.12,3.75,3.85,2.82,3.42,3.38,4.58,2.41,3.3,3.13,2.94,4.78,2.02,3.6,3.42,4.25,4.58,2.88,2.65,4.55,3.83,3.82,3.91,4.22,4.58,2.29,1.64,3.95,3.26,2.39,2.11,4.09,3.08,2.23,1.56,2.98,3.23,1.4,1.87,3.3,3.74,4.38,4.62,Gambling Surveillance Officers and Gambling Investigators,Protective Service,0.7283933,0.7288643022113273,24490.0,27400.0,34020.0,28050.0,30290.0,37410.0,43680.0,44630.0,50610.0,57700.0,57190.0,62360.0,10280.0,10500.0,10000.0,39762.97,38883.57,43900.0,-2.723735408560312,2.140077821011673,-4.761904761904762,10.404227853201103,-2.211605420822442,12.901155938099308,0.4368216988034993,-0.3766788892133963,212,256,44,44,1,Moderate Exposure Service & Healthcare
33-9032,2.38,2.88,2.25,2.25,3.25,2.12,1.0,2.12,2.12,2.0,3.75,2.0,3.12,2.25,2.12,2.12,2.0,2.88,3.0,3.0,2.12,2.0,2.25,2.25,3.38,2.12,2.0,3.62,3.38,2.25,2.88,2.12,3.88,2.25,2.25,2.38,3.38,2.0,2.38,3.25,3.38,2.5,1.75,2.75,2.75,2.88,2.88,2.88,2.38,1.88,3.0,2.88,3.95,4.15,3.5,4.2,4.54,2.61,4.13,4.11,3.46,4.48,2.42,4.45,3.63,4.2,4.58,3.79,2.61,4.76,4.17,3.48,3.42,4.27,4.02,3.04,3.92,4.23,3.35,3.96,4.37,4.11,3.16,2.15,2.07,4.19,3.72,2.67,3.77,3.77,4.24,3.87,4.11,Security Guards,Protective Service,-0.3908421,-0.3910948203701751,21150.0,24020.0,29800.0,24650.0,28860.0,35100.0,37950.0,39440.0,46660.0,50310.0,51350.0,59580.0,1126370.0,1124890.0,1241770.0,34517.840000000004,37564.75,38370.0,10.245301277555331,-0.1313955449807789,10.39034927859613,11.159910353602646,8.827058703557338,2.14363199542124,-0.02979870526782316,0.5196895763697373,373,336,-37,37,1,Moderate Exposure Service & Healthcare
33-9091,2.75,2.38,2.38,1.75,3.0,2.25,1.25,2.0,1.5,2.0,3.12,2.0,2.0,1.88,2.12,2.12,1.88,2.25,2.88,2.88,2.38,1.38,2.0,2.25,2.88,1.62,1.5,3.5,3.5,1.88,2.25,2.0,3.5,1.62,2.75,1.75,3.12,1.62,2.0,3.12,3.0,2.0,1.88,2.38,1.88,2.75,2.88,2.0,1.88,1.5,2.38,2.38,2.57,3.44,2.44,2.63,3.29,2.01,2.14,2.44,2.19,2.53,1.56,2.81,2.51,2.84,3.52,1.61,2.81,2.87,2.64,2.42,2.73,2.9,3.07,1.8,2.05,2.66,2.19,3.39,3.44,2.71,2.29,1.35,1.47,3.01,2.69,1.8,1.47,2.33,2.45,2.74,1.98,Crossing Guards and Flaggers,Protective Service,-0.5699511,-0.5703196362457723,20060.0,26000.0,29940.0,24410.0,29120.0,34280.0,38510.0,40510.0,46920.0,49710.0,57060.0,61440.0,84920.0,91270.0,90180.0,34610.88,36083.78,37700.0,6.194065002355158,7.477626000942063,-1.1942587925934045,8.92528592165239,4.2555982396287,4.479076194345496,-0.987735912968929,0.2723808391030113,410,514,104,104,4,Low Exposure Routine Service
33-9092,2.5,2.5,2.5,2.0,3.12,2.38,1.38,2.12,2.0,2.5,3.5,2.0,3.12,2.25,2.0,2.88,2.38,2.12,3.0,3.0,2.12,1.5,2.25,2.75,3.0,1.25,1.75,3.25,3.5,2.0,3.0,1.88,4.0,1.75,2.12,2.25,3.25,2.0,2.12,3.25,3.12,3.0,2.0,3.0,2.88,3.0,3.0,1.88,2.0,1.0,2.75,2.62,2.34,4.59,3.29,3.34,3.82,2.66,3.02,2.47,3.18,3.91,1.87,3.43,2.75,2.66,3.85,3.3,3.19,3.74,4.06,2.62,3.0,3.88,3.53,2.79,2.83,3.25,2.38,4.44,4.1,2.98,3.06,1.58,2.52,2.88,2.64,2.02,2.43,2.63,3.55,3.82,2.5,"Lifeguards, Ski Patrol, and Other Recreational Protective Service Workers",Protective Service,-0.4718385,-0.4721435944495693,17830.0,20460.0,24860.0,19720.0,22880.0,28840.0,27620.0,31260.0,37750.0,35930.0,36930.0,44600.0,143940.0,107930.0,143590.0,27237.46,29478.87,33720.0,-0.2431568709184382,-25.017368347922748,33.03993329009543,23.80009002307852,8.229144714668694,14.387016870049637,-0.665143352155093,0.5846232679934962,384,431,47,47,0,Low Exposure Manual & Technical
33-9093,2.88,2.88,3.12,2.62,3.5,2.25,1.25,2.38,1.88,2.62,3.12,3.0,3.5,2.38,1.88,2.5,2.25,2.62,3.5,3.25,3.0,2.0,2.5,3.0,3.38,1.12,2.0,3.5,3.5,2.5,3.25,1.38,4.12,2.75,2.88,2.5,3.62,1.25,1.25,3.38,3.38,2.88,2.38,2.62,2.88,2.75,2.75,2.88,2.62,2.12,3.12,2.75,2.81,2.85,3.23,2.81,3.93,3.12,3.07,2.44,3.11,3.07,1.26,3.26,2.7,3.74,4.22,3.22,3.89,4.11,3.3,3.15,2.81,3.7,3.41,2.44,1.63,2.63,2.35,3.93,4.0,2.78,2.58,2.85,2.04,3.11,2.7,1.7,2.46,2.26,3.52,3.59,3.0,Transportation Security Screeners,Protective Service,-0.5068558,-0.507183537417039,34640.0,38540.0,45010.0,38010.0,42600.0,52210.0,45180.0,52460.0,69990.0,50240.0,59950.0,75940.0,46730.0,47550.0,46340.0,48578.51,51574.51,63360.0,-0.8345816392039376,1.7547613952493046,-2.544689800210305,30.428043182057245,6.167336132787919,22.85138530642367,-0.6024915754236482,0.5929248915182237,391,417,26,26,0,Low Exposure Manual & Technical
35-1011,3.12,2.5,3.25,2.62,3.88,2.0,1.62,2.38,1.75,3.0,3.0,3.12,2.88,3.25,1.88,2.0,2.0,2.0,3.75,4.0,3.12,3.0,3.0,2.75,3.75,1.5,3.12,4.0,4.12,3.38,3.0,1.75,4.12,2.0,2.12,2.0,3.38,1.75,1.75,3.88,3.75,2.25,2.0,2.38,2.12,3.25,3.12,3.0,3.25,2.38,3.5,3.12,3.08,2.96,3.91,3.0,3.79,3.08,4.08,3.12,4.04,3.17,2.21,3.79,3.21,3.46,3.91,3.88,3.43,3.71,3.38,2.71,3.25,3.88,3.61,3.71,2.54,3.92,3.0,3.67,3.38,3.0,3.17,2.0,2.67,3.71,3.78,2.52,3.38,3.71,4.13,3.25,3.21,Chefs and Head Cooks,Food Preparation,-0.2676433,-0.2678163572773405,28370.0,33750.0,36000.0,37380.0,42950.0,47710.0,68500.0,72820.0,76790.0,86990.0,91520.0,96030.0,128190.0,160190.0,182320.0,59929.39,61098.12,60990.0,42.22638271316016,24.96294562758405,13.814844871714838,1.769766053016726,1.9501783682430205,-0.1769612551089875,-0.0008568999840595281,0.41742918031924264,351,333,-18,18,1,Moderate Exposure Service & Healthcare
35-1012,2.88,2.88,3.0,2.0,3.75,2.0,1.12,2.0,1.38,2.12,3.0,2.75,2.75,3.0,1.0,2.0,1.88,1.88,3.0,3.0,2.5,2.75,2.75,2.62,3.0,1.12,2.88,4.0,4.0,2.75,2.88,1.12,3.88,1.62,2.0,1.5,3.0,1.12,1.75,3.62,3.5,2.12,1.62,2.62,2.12,3.0,3.0,2.62,3.0,2.0,3.12,3.0,3.27,3.24,3.79,3.58,3.78,2.9,3.76,3.01,3.72,3.29,2.4,3.91,3.19,3.93,4.39,3.93,3.19,3.79,3.63,3.39,3.73,3.67,3.64,3.37,2.41,3.82,3.76,3.63,3.88,2.94,3.11,3.14,2.88,3.84,3.74,3.08,3.42,3.18,3.95,3.37,3.48,First-Line Supervisors of Food Preparation and Serving Workers,Food Preparation,-0.2575492,-0.2577157302070655,22420.0,27700.0,29340.0,26610.0,31200.0,35400.0,44910.0,46710.0,50920.0,57990.0,59650.0,63420.0,1011100.0,1169620.0,1187460.0,38844.2,40051.05,42010.0,17.44238947680744,15.67797448323608,1.5252817154289426,8.149994078910096,3.106898842040745,4.891132691901971,0.1453584050588114,0.12829834613644522,348,306,-42,42,1,Moderate Exposure Service & Healthcare
35-2011,2.62,2.0,2.12,1.75,2.88,1.25,1.0,2.12,2.0,2.12,2.0,2.12,2.0,2.0,1.0,2.0,2.0,1.75,2.38,3.12,2.88,2.0,2.0,2.12,3.12,1.0,2.0,3.62,2.88,2.0,2.12,1.0,2.88,1.5,1.62,1.62,2.88,1.0,1.0,2.88,3.0,2.12,1.62,2.5,2.25,2.62,2.88,2.12,2.0,1.88,2.88,2.38,2.22,2.02,2.53,2.47,3.0,2.4,2.52,2.33,2.49,2.33,1.66,2.23,2.03,2.04,3.0,2.39,2.99,2.86,2.11,2.34,2.48,2.83,2.84,2.27,1.66,2.54,1.73,2.99,2.64,2.88,2.3,1.71,1.97,2.52,2.2,2.35,1.67,2.79,2.74,2.8,2.14,"Cooks, Fast Food",Food Preparation,-0.7131837,-0.7136448536406718,17540.0,20680.0,22370.0,19450.0,22550.0,26540.0,26410.0,31970.0,35710.0,30490.0,35800.0,38980.0,527220.0,725590.0,668230.0,27342.13,29878.84,30160.0,26.74595045711468,37.6256591176359,-7.905290866742927,10.305963727039549,9.277660518767188,0.9410003868958764,-0.7771968671713666,0.007149757861686757,437,456,19,19,4,Low Exposure Routine Service
35-2012,3.0,2.5,3.12,2.88,3.12,2.12,1.38,2.12,1.25,2.38,2.75,3.0,2.25,2.5,1.0,2.0,1.88,2.5,3.0,3.12,3.0,2.75,2.12,2.75,3.25,1.0,2.62,3.12,3.25,2.62,2.75,1.12,3.12,1.88,2.0,1.88,3.0,1.0,1.12,3.12,3.0,2.0,1.88,2.75,2.12,3.0,3.0,2.75,3.0,2.25,3.0,2.88,3.21,3.68,2.94,2.73,3.82,3.09,3.29,2.79,2.85,3.16,1.3,3.65,3.16,3.65,3.98,3.0,3.36,3.76,3.85,3.07,3.38,3.56,3.8,2.65,1.97,3.76,2.2,3.53,2.72,3.39,2.95,1.34,1.9,3.02,3.1,2.14,2.28,2.73,3.34,3.2,2.02,"Cooks, Institution and Cafeteria",Food Preparation,-0.6360813,-0.6364925975085587,19200.0,23250.0,26800.0,22710.0,27490.0,30530.0,33940.0,37760.0,42860.0,40570.0,45230.0,48320.0,402480.0,417780.0,448260.0,32273.25,35143.31,36450.0,11.374478234943352,3.8014311270125214,7.295705873904926,12.94183263228835,8.892999620428677,3.7181756641591313,-0.45165133108983524,0.3329540208078089,425,391,-34,34,4,Low Exposure Routine Service
35-2013,3.0,1.88,3.0,2.75,3.12,2.0,1.38,2.12,2.0,2.0,2.75,3.12,2.5,3.25,1.0,2.0,2.0,2.0,3.0,3.12,3.12,2.0,2.12,2.88,3.38,1.0,2.25,3.0,3.12,3.0,2.62,1.0,3.25,1.88,2.0,1.88,3.0,1.0,1.0,2.88,3.0,2.12,1.0,2.0,2.88,2.38,3.0,2.88,2.62,2.38,3.0,2.88,2.36,2.77,2.5,3.0,2.73,2.62,2.69,2.8,2.23,2.85,1.27,3.92,3.28,3.28,3.92,2.65,3.19,3.4,2.77,1.96,3.0,3.65,3.44,3.46,2.42,3.96,3.15,3.62,3.12,3.08,2.04,1.24,1.65,2.77,3.16,3.08,1.76,3.73,2.65,3.32,2.54,"Cooks, Private Household",Food Preparation,-0.7867444,-0.7872531196305441,27390.0,24950.0,38240.0,30520.0,26620.0,42800.0,49100.0,52070.0,47150.0,81670.0,92030.0,92480.0,390.0,610.0,900.0,44042.81,41694.17,44530.0,130.76923076923077,56.41025641025641,47.540983606557376,1.1061737432284688,-5.332629775438941,6.8015024642534,-0.5469550728576185,0.26189746405866954,461,406,-55,55,4,Low Exposure Routine Service
35-2014,3.0,2.38,2.88,3.0,2.88,1.75,1.75,2.12,1.88,2.62,2.75,3.0,2.38,2.62,1.0,2.12,2.0,2.25,2.5,3.0,3.38,2.0,2.12,2.75,3.5,1.0,2.25,3.0,3.0,2.25,3.0,1.12,3.12,1.62,2.0,2.0,3.0,1.12,1.5,3.0,3.0,2.0,1.88,2.62,2.38,3.0,3.0,3.0,2.75,2.5,2.62,2.38,1.55,1.77,2.15,1.6,2.64,2.3,2.37,1.68,2.12,1.41,1.25,2.17,2.12,2.35,2.87,2.33,3.39,2.67,2.41,1.79,2.75,2.54,2.8,1.84,1.63,2.64,1.5,2.99,1.99,2.71,1.92,1.35,1.49,1.87,1.69,1.41,1.33,2.18,2.57,1.98,1.48,"Cooks, Restaurant",Food Preparation,-0.7418264,-0.7423060746495544,19970.0,23610.0,28010.0,23520.0,28690.0,31310.0,32600.0,37350.0,43610.0,38740.0,44570.0,47340.0,1401890.0,1321480.0,1452130.0,32319.77,36872.91,36830.0,3.5837333884969578,-5.735828060689498,9.886642249598934,13.955018863067403,14.087785896991209,-0.1163726974627069,-1.3732261836812492,0.5588967599259207,447,609,162,162,4,Low Exposure Routine Service
35-2015,3.0,2.62,2.88,3.0,2.75,1.88,1.25,2.12,1.75,2.75,2.88,3.0,2.38,2.12,1.0,2.0,2.0,2.25,2.62,3.12,3.12,2.12,2.5,2.5,3.5,1.0,2.25,3.5,2.88,2.0,2.62,1.12,3.0,1.75,2.0,1.88,3.0,1.12,1.12,2.88,2.75,2.0,1.62,2.5,2.0,3.0,3.25,2.75,2.25,1.88,2.75,2.12,2.22,2.24,2.52,1.93,3.14,2.74,2.51,2.31,2.48,1.91,1.7,3.09,3.21,3.1,3.4,2.21,2.64,2.93,3.18,2.78,3.26,3.11,2.78,1.82,1.56,3.01,1.16,2.79,2.87,3.65,1.78,1.13,1.8,2.53,2.83,2.41,1.48,2.42,2.64,3.26,1.65,"Cooks, Short Order",Food Preparation,-0.5933817,-0.593765386994505,18700.0,21510.0,23770.0,21130.0,25330.0,30160.0,30120.0,35170.0,39990.0,36070.0,40110.0,46010.0,152670.0,133290.0,150420.0,29249.45,32819.16,35620.0,-1.4737669483199056,-12.694045981528786,12.851676794958362,21.78006765939188,12.2043662359463,8.534161142454604,-0.8966540223775465,0.36619553532750493,415,484,69,69,4,Low Exposure Routine Service
35-2021,2.88,2.0,2.62,2.0,2.62,2.0,1.25,2.0,1.75,2.5,2.38,2.88,2.0,1.88,1.0,2.0,1.88,1.88,2.5,2.75,2.88,1.88,1.88,2.12,3.0,1.0,2.0,3.0,2.88,1.88,2.0,1.12,2.62,1.38,1.62,1.25,2.62,1.0,1.75,2.88,2.88,2.0,1.5,2.5,2.25,2.12,3.0,2.25,2.0,1.88,2.25,1.88,2.38,2.52,3.07,1.79,3.26,2.42,2.81,2.16,2.97,2.43,1.64,3.4,3.37,3.59,3.94,3.38,3.24,2.9,3.01,1.61,2.53,3.66,3.19,2.16,2.14,3.25,1.93,3.43,2.63,2.53,2.22,1.73,1.5,1.97,2.16,1.77,1.71,2.26,3.2,2.43,1.88,Food Preparation Workers,Food Preparation,-1.226416,-1.2272090210968534,18220.0,21770.0,23490.0,20800.0,25880.0,28740.0,29650.0,34970.0,37540.0,35500.0,38780.0,44260.0,863740.0,904330.0,888770.0,28842.4,32202.99,34220.0,2.897862782781856,4.699330817144047,-1.7206108389636523,18.644772973122897,11.65156158988155,6.263424607466581,-0.9112799920860724,0.2695855459434986,583,489,-94,94,4,Low Exposure Routine Service
35-3011,3.12,3.0,2.88,2.5,3.0,2.12,1.0,2.12,1.38,2.62,2.88,3.0,2.75,2.75,1.0,2.75,2.12,2.0,3.0,3.25,3.12,2.25,3.0,2.75,3.25,1.0,2.5,3.75,3.88,2.88,2.75,1.12,3.0,1.75,1.75,1.75,3.0,1.12,1.25,3.12,3.25,2.12,1.75,2.5,2.25,2.88,3.0,2.62,2.5,2.0,3.0,3.0,2.7,3.44,3.33,3.12,3.49,2.11,3.46,2.7,3.16,3.2,1.54,3.99,3.77,3.31,3.74,3.45,3.65,3.41,3.62,2.39,3.61,3.45,3.23,3.55,1.9,3.4,2.61,3.36,4.07,2.94,2.72,1.9,1.97,3.29,3.0,3.28,2.56,3.33,3.66,3.22,2.57,Bartenders,Food Preparation,-0.6159883,-0.616386604926453,17780.0,19100.0,19930.0,19390.0,22340.0,25790.0,31390.0,37560.0,46790.0,46140.0,57220.0,71920.0,646850.0,613070.0,745610.0,27539.84,31759.78,33530.0,15.267836438123211,-5.222230810852594,21.61906470712969,21.750888894053126,15.323037461365058,5.573779163457685,-0.21883003318239705,0.27778753933595113,421,361,-60,60,1,Moderate Exposure Service & Healthcare
35-3031,3.0,2.62,2.62,2.12,3.0,1.75,1.38,2.5,1.88,2.75,2.75,2.88,2.25,2.12,1.0,2.88,2.12,2.0,2.75,3.0,3.0,2.12,2.62,2.5,3.0,1.0,2.0,3.88,3.75,2.0,2.0,1.12,3.12,1.12,1.5,1.0,2.88,1.12,1.75,3.75,3.75,2.0,1.62,3.25,2.75,3.25,3.25,2.25,2.25,1.12,2.88,2.62,2.32,3.16,2.43,2.35,3.62,2.17,3.06,1.95,2.96,1.32,1.12,3.16,2.57,3.05,3.27,2.38,3.67,3.88,2.79,2.65,3.47,2.65,2.78,2.04,1.32,2.56,1.59,3.76,3.99,2.33,2.08,1.74,1.29,3.03,1.79,3.05,1.48,2.75,2.42,3.09,3.0,Waiters and Waitresses,Food Preparation,-0.9481003,-0.9487133559555824,17420.0,18250.0,18500.0,18950.0,21810.0,25690.0,29620.0,36400.0,45350.0,42950.0,55360.0,62510.0,2579020.0,2122210.0,2302690.0,26621.07,31478.72,33760.0,-10.71453497840265,-17.71254197330769,8.50434217160413,26.8168409459124,18.247388252989072,7.247054518099855,-0.6427242311645974,0.2142824730041109,504,426,-78,78,4,Low Exposure Routine Service
35-3041,2.88,2.12,2.25,2.0,2.88,2.0,1.0,2.12,1.38,2.38,2.62,2.25,2.12,2.0,1.0,2.38,2.38,2.0,2.88,2.88,2.88,2.0,2.12,2.25,3.12,1.0,2.12,3.5,3.12,2.0,2.12,1.0,2.88,2.0,2.0,1.62,3.0,1.0,1.5,3.0,3.0,2.0,1.75,2.25,2.38,2.25,2.88,2.12,2.12,1.88,2.75,2.5,3.17,3.64,3.21,3.21,3.82,3.08,2.93,2.28,2.73,2.79,1.63,3.44,2.44,3.15,4.27,2.78,3.79,4.38,3.29,2.48,3.08,3.31,3.33,2.92,1.69,3.31,2.19,3.93,4.09,3.15,2.68,1.7,1.65,3.21,2.26,2.31,1.93,2.69,3.25,2.9,2.8,"Food Servers, Nonrestaurant",Food Preparation,-0.7270206,-0.7274907008889343,18510.0,22680.0,26590.0,20800.0,26920.0,29800.0,29280.0,35170.0,37550.0,36530.0,41920.0,44770.0,277580.0,248870.0,271780.0,28412.09,32754.3,34460.0,-2.0894877152532603,-10.342964190503638,9.205609354281352,21.286396037743085,15.282965807865592,5.207560534036755,-0.48223456572712087,0.1657629871772048,441,397,-44,44,4,Low Exposure Routine Service
35-9011,3.12,2.12,2.5,2.0,2.62,2.0,1.88,2.88,1.5,3.0,2.88,2.88,2.0,2.0,1.0,2.62,2.25,2.12,2.5,3.0,3.12,2.0,2.0,2.88,3.0,1.0,2.0,3.0,3.0,2.0,2.0,1.12,2.5,1.12,1.38,1.75,2.38,1.0,1.5,3.0,3.0,1.88,1.88,3.12,3.0,2.25,3.5,2.12,2.25,1.88,2.12,2.0,2.43,3.34,2.9,2.45,3.93,2.34,3.09,2.82,3.17,2.42,1.98,3.73,2.65,2.49,3.39,2.57,2.86,3.29,2.62,2.5,3.03,3.03,2.86,2.57,1.82,3.04,2.04,2.62,3.86,2.88,2.27,2.17,2.35,3.27,3.13,2.69,2.4,2.99,3.13,2.74,3.04,Dining Room and Cafeteria Attendants and Bartender Helpers,Food Preparation,-1.927078,-1.9283240847789,17870.0,20680.0,22260.0,19590.0,23320.0,27830.0,27140.0,33860.0,36880.0,34600.0,39760.0,46380.0,477270.0,439770.0,522010.0,27295.61,31478.72,32670.0,9.374148804659836,-7.857187755358602,18.70068444868909,19.689576455701115,15.325211636596498,3.7843978408270815,-0.8700632678895962,0.4859921291134937,650,477,-173,173,4,Low Exposure Routine Service
35-9021,3.0,2.0,2.62,2.75,2.0,1.88,1.12,2.0,1.75,3.0,2.5,2.75,2.0,2.0,1.38,2.62,1.88,1.75,2.0,2.88,3.62,1.62,1.88,2.88,3.0,1.38,1.75,2.88,2.75,1.88,2.0,1.62,2.75,2.25,2.0,1.88,2.62,1.5,1.75,2.62,2.75,1.62,2.25,2.75,2.75,2.0,3.0,1.88,1.88,1.5,2.0,1.88,2.43,2.84,2.73,1.74,3.04,2.63,2.48,2.36,2.53,1.97,1.91,2.49,2.38,2.85,2.85,2.23,3.4,2.79,3.11,1.87,3.31,2.99,2.89,2.3,2.32,2.6,2.25,3.04,2.14,2.09,2.48,2.21,2.56,2.42,2.63,1.69,2.22,2.19,3.07,2.17,1.95,Dishwashers,Food Preparation,-1.738612,-1.7397362184583336,18360.0,21670.0,23960.0,20580.0,24940.0,28740.0,26760.0,33710.0,36750.0,30950.0,36350.0,41600.0,514330.0,431840.0,471670.0,27877.11,31435.48,33670.0,-8.294285769836486,-16.038341142846033,9.22332345313079,20.780095210730234,12.764486706118388,7.108273835805913,-1.4782255201285714,0.7130327336672404,634,628,-6,6,4,Low Exposure Routine Service
35-9031,2.0,2.12,2.62,1.88,3.0,1.88,1.0,1.75,1.25,1.88,2.88,2.25,2.12,2.0,1.0,2.12,2.0,1.88,3.0,2.88,2.12,2.0,2.12,2.0,3.0,1.0,2.0,4.0,4.0,1.88,2.0,1.25,3.0,1.12,1.12,1.12,2.88,1.0,1.38,3.12,3.25,2.12,1.5,2.0,2.0,2.88,2.88,1.88,2.0,1.12,3.0,2.38,2.57,3.32,2.79,2.83,3.17,2.74,3.17,2.15,2.67,2.61,1.55,3.96,3.11,2.59,3.86,2.19,3.22,3.66,3.45,2.22,3.72,3.2,3.58,2.42,1.34,2.84,1.64,3.7,3.61,2.74,2.14,1.75,1.33,3.58,2.01,2.77,1.93,2.15,2.77,2.56,2.09,"Hosts and Hostesses, Restaurant, Lounge, and Coffee Shop",Food Preparation,-0.0565477,-0.0565842581525131,17600.0,20500.0,22010.0,19290.0,22630.0,26630.0,26350.0,31300.0,35840.0,31560.0,36180.0,42600.0,423380.0,400420.0,427150.0,26853.67,29965.32,30380.0,0.890453020926827,-5.423024233549058,6.675490734728536,13.131650161784211,11.587429204276352,1.3838664162438457,-0.338431400140541,-0.15636131447168367,315,372,57,57,4,Low Exposure Routine Service
37-1011,2.75,1.88,3.12,2.5,3.12,2.0,1.12,2.25,1.38,2.25,3.0,2.5,2.62,2.75,1.25,2.12,2.0,1.88,3.0,3.25,3.0,2.12,2.12,2.5,3.25,1.5,2.5,3.62,3.88,2.62,2.5,1.5,3.25,1.75,1.88,1.75,2.62,1.38,1.75,3.25,3.25,2.12,1.75,2.5,2.75,2.25,2.88,2.5,2.12,1.88,3.0,3.0,3.24,4.13,4.19,2.43,4.55,3.24,4.44,3.36,4.09,3.47,2.63,4.06,3.44,3.77,4.2,4.37,3.64,3.85,4.37,3.8,3.55,4.11,3.73,4.04,2.56,3.89,3.84,3.51,3.69,3.61,3.59,3.05,2.78,3.78,3.91,3.32,3.67,3.28,4.27,3.74,3.74,First-Line Supervisors of Housekeeping and Janitorial Workers,Building & Grounds,-0.5854128,-0.5857913341259665,26240.0,29890.0,34390.0,31900.0,35970.0,38600.0,53890.0,56640.0,60330.0,67340.0,68540.0,74190.0,155550.0,165750.0,174660.0,47427.14,48039.64,47520.0,12.285438765670202,6.557377049180328,5.375565610859728,0.1957950658631336,1.2914546396852098,-1.0816900376439111,0.09029123920465855,0.2700545516395611,412,318,-94,94,1,Moderate Exposure Service & Healthcare
37-1012,3.12,2.88,2.88,3.0,3.12,2.62,1.62,2.12,1.88,2.38,3.12,3.0,3.12,3.0,2.0,2.25,2.0,2.38,3.12,3.12,3.0,2.38,2.38,3.0,3.38,2.12,2.62,4.0,3.88,2.88,3.12,2.0,3.75,2.38,2.38,2.12,3.0,2.0,2.0,3.25,3.25,2.25,1.62,2.25,3.0,3.12,2.88,2.88,3.25,2.0,3.25,3.12,2.89,2.74,3.87,3.64,4.32,3.59,4.36,3.51,3.97,4.0,3.08,3.82,3.53,4.17,4.26,4.15,3.95,4.16,4.08,3.59,3.83,4.33,4.16,3.86,4.32,4.08,3.02,3.96,3.76,3.72,3.55,3.05,3.54,3.5,4.44,2.79,3.6,3.65,3.82,3.97,2.93,"First-Line Supervisors of Landscaping, Lawn Service, and Groundskeeping Workers",Building & Grounds,-0.5548871,-0.5552458955272712,32380.0,36520.0,39270.0,38850.0,43080.0,46350.0,62520.0,64270.0,70320.0,78220.0,80600.0,83080.0,103580.0,122910.0,124130.0,57417.310000000005,54925.61,56170.0,19.839737401042672,18.661903842440623,0.9925962086079244,-2.172358823497661,-4.339632072627583,2.2655915883319264,-0.2970161808620293,0.8762907069376851,405,370,-35,35,1,Moderate Exposure Service & Healthcare
37-2011,3.0,2.0,2.62,2.62,2.75,2.0,1.25,2.12,1.5,3.0,2.75,2.75,2.12,2.12,1.5,2.75,2.25,2.0,2.5,2.88,3.0,1.5,1.88,2.88,3.25,1.0,1.5,3.0,3.0,2.12,2.12,1.0,3.0,2.0,2.0,1.75,2.88,1.0,1.25,2.88,2.75,2.0,1.75,2.75,3.0,2.12,3.25,2.12,2.25,1.88,2.25,2.25,2.73,2.97,2.95,2.17,4.15,2.78,3.34,3.26,3.52,3.1,1.69,3.0,2.88,3.17,3.63,2.76,3.6,3.41,3.73,2.95,3.02,3.72,3.47,3.08,2.32,3.88,2.33,3.78,2.82,3.22,2.84,2.69,2.87,3.07,3.3,2.21,2.39,3.33,3.29,3.05,2.76,"Janitors and Cleaners, Except Maids and Housekeeping Cleaners",Building & Grounds,-1.436201,-1.4371296727584792,19620.0,23160.0,27570.0,23050.0,27920.0,30830.0,34950.0,37560.0,41650.0,44880.0,46400.0,49040.0,2145450.0,2148350.0,2199900.0,31901.09,34581.19,35930.0,2.537929105782004,0.1351697779020718,2.399515907556962,12.6293803754041,8.40128033242752,3.9004152257339832,-0.808009920010384,0.5740374840941543,611,462,-149,149,4,Low Exposure Routine Service
37-2012,2.38,2.0,2.12,2.0,2.62,2.0,1.62,2.88,1.25,3.0,2.75,2.5,2.0,2.0,1.0,2.75,2.25,2.0,2.62,2.88,2.75,2.0,2.0,2.5,3.0,1.0,2.0,3.0,3.0,2.0,2.0,1.0,2.88,1.5,1.38,1.5,2.88,1.0,1.0,2.88,2.88,2.0,1.88,3.0,2.88,2.0,3.12,2.62,2.0,1.88,2.5,2.0,2.19,3.4,2.55,2.32,3.31,2.46,2.68,2.27,2.48,2.6,1.41,2.83,2.06,2.62,3.29,2.08,3.17,2.83,2.85,2.8,2.46,2.52,2.82,2.56,1.53,3.06,1.56,3.85,3.31,2.65,1.89,2.02,2.3,2.63,2.64,1.97,1.76,2.19,2.55,2.56,1.72,Maids and Housekeeping Cleaners,Building & Grounds,-1.480657,-1.4816144189999607,18680.0,22520.0,26800.0,21290.0,26510.0,29630.0,30080.0,35480.0,38510.0,37900.0,42720.0,47590.0,926960.0,771390.0,854910.0,28900.55,32386.76,34660.0,-7.772719426943989,-16.782816950030206,10.82720802706802,19.92851347119692,12.06278081212987,7.019041114331912,-1.0843732743718966,0.4041402227532169,613,537,-76,76,4,Low Exposure Routine Service
37-2021,3.0,2.5,3.25,3.0,3.62,2.88,1.25,2.25,1.62,3.0,3.5,2.88,3.25,2.88,2.12,2.88,2.88,2.88,3.5,3.25,3.0,2.75,2.12,2.88,4.0,2.25,2.75,3.75,3.75,2.75,2.88,2.25,3.62,2.25,2.5,2.25,3.0,2.12,2.62,3.75,3.62,2.38,2.0,2.62,2.88,3.0,3.0,3.0,3.0,2.12,3.25,3.62,2.86,2.5,2.53,3.87,4.0,2.74,2.48,3.09,2.75,3.64,1.72,3.69,3.18,3.53,4.3,2.6,3.53,4.29,4.15,2.78,3.12,4.05,3.79,2.74,4.2,3.59,2.7,3.75,3.89,3.32,2.51,1.86,2.73,3.25,3.53,3.25,1.97,3.36,2.93,3.74,2.5,Pest Control Workers,Building & Grounds,-0.7255374,-0.7260065418187218,24920.0,29250.0,32460.0,30120.0,35090.0,37060.0,48150.0,47010.0,49300.0,60320.0,58970.0,61410.0,79450.0,91160.0,96110.0,43414.79,41413.11,44730.0,20.969162995594715,14.738829452485842,5.430013163668276,3.029405416909765,-4.610594684438183,8.009275323683731,-0.5032021286302473,0.7840994233742115,440,400,-40,40,0,Low Exposure Manual & Technical
37-3011,3.12,2.25,2.38,3.12,2.75,2.62,1.75,2.75,2.12,3.12,2.88,2.75,2.62,2.0,2.0,2.75,2.5,2.12,2.75,2.88,3.38,1.5,2.0,3.62,3.0,1.75,1.88,2.88,2.75,2.0,2.38,2.0,3.0,2.62,2.5,2.25,2.88,1.88,2.12,2.88,2.88,2.12,2.12,3.0,3.12,2.0,3.25,2.38,3.0,1.62,2.25,1.75,2.28,3.31,3.14,1.62,2.83,3.79,2.96,2.49,2.69,1.95,1.27,3.65,2.47,3.22,3.6,1.94,3.9,3.41,3.45,1.73,2.66,3.44,2.75,1.89,3.34,3.44,1.56,3.62,2.26,2.4,1.67,1.56,3.39,2.24,3.08,2.04,1.58,3.38,2.65,3.55,1.25,Landscaping and Groundskeeping Workers,Building & Grounds,-1.824293,-1.825472621704608,21710.0,27550.0,29990.0,25450.0,30400.0,35250.0,37480.0,42020.0,45870.0,46530.0,48530.0,53900.0,912660.0,914230.0,943430.0,35401.72,38797.09,38090.0,3.371463633773804,0.1720246312975259,3.193944631000952,7.593642342801419,9.5909746758067,-1.8225335972362784,-1.647854824935389,1.2111518118257836,646,644,-2,2,4,Low Exposure Routine Service
37-3012,3.38,2.38,3.0,3.38,3.25,3.0,1.12,2.25,1.5,2.38,2.88,2.88,2.5,2.5,2.0,2.25,2.0,2.38,3.0,3.0,3.12,2.25,2.0,3.12,3.5,1.88,2.88,3.25,3.12,2.38,2.5,1.88,3.25,2.75,2.5,2.25,3.0,2.0,2.12,3.0,3.25,2.25,1.88,2.12,3.0,2.62,2.88,2.88,2.75,2.0,3.12,2.62,2.82,2.85,3.08,3.65,3.66,3.48,2.93,3.03,2.67,3.95,1.83,3.49,3.31,3.55,4.08,2.74,4.01,4.01,3.89,2.91,3.33,3.74,4.18,2.99,4.31,3.61,2.79,4.02,4.01,3.33,2.78,1.94,3.49,3.15,3.39,3.23,2.22,3.09,3.2,3.53,2.31,"Pesticide Handlers, Sprayers, and Applicators, Vegetation",Building & Grounds,-0.8847935,-0.8853656203662302,25020.0,29270.0,34590.0,29570.0,35730.0,38040.0,43310.0,48170.0,50960.0,57350.0,56400.0,58910.0,25780.0,22740.0,25200.0,41681.92,44796.64,45200.0,-2.2498060512024827,-11.792086889061288,10.817941952506596,8.440302174180081,7.472592433361997,0.9004246747077473,-0.7422863733295807,0.850252384848045,488,451,-37,37,0,Low Exposure Manual & Technical
37-3013,3.75,3.0,2.88,4.0,3.25,3.12,1.75,3.38,1.75,3.75,3.25,3.12,3.0,2.5,2.0,3.0,3.25,2.62,3.12,3.0,3.88,2.0,1.88,3.88,3.5,1.75,1.88,3.62,3.12,2.25,2.5,2.5,3.88,3.0,3.88,2.88,3.38,2.12,3.0,3.0,3.0,2.0,2.88,3.25,3.75,2.88,3.5,2.75,3.12,2.62,2.62,2.5,2.56,3.08,2.77,2.44,3.43,3.88,2.75,2.92,2.42,2.11,1.97,2.74,3.15,3.6,4.11,2.7,4.01,3.83,4.74,2.91,3.44,3.83,3.96,2.42,4.56,2.83,1.89,4.22,2.74,2.92,2.26,1.9,3.41,2.58,3.03,2.25,1.65,3.07,3.28,3.45,1.44,Tree Trimmers and Pruners,Building & Grounds,-1.727035,-1.728151732511833,26450.0,30650.0,37660.0,32160.0,37950.0,43690.0,50800.0,58860.0,63130.0,62390.0,72370.0,78900.0,47210.0,48150.0,47870.0,46496.74,50893.48,50430.0,1.39800889642025,1.9911035797500527,-0.5815160955347871,8.459216710676925,9.45601777673015,-0.910686398336282,-1.759443339332515,1.794345814171586,632,651,19,19,0,Low Exposure Manual & Technical
39-2011,2.88,2.62,3.0,2.75,3.12,2.88,1.12,2.62,1.38,2.88,3.0,2.88,2.88,3.12,1.75,3.0,2.12,2.62,3.0,3.25,3.0,2.0,2.38,3.0,3.0,1.75,2.0,3.38,3.62,3.12,2.88,2.0,3.75,2.25,2.62,2.75,3.0,2.0,2.0,3.25,3.12,2.62,2.5,3.0,2.88,2.75,3.0,2.38,2.62,2.12,3.0,3.0,2.59,3.1,3.4,3.67,3.85,1.68,3.17,3.31,2.93,3.53,1.36,3.84,2.54,2.96,3.68,2.83,3.36,3.82,2.54,3.59,3.65,4.18,3.3,2.69,2.55,3.5,3.01,4.13,3.99,2.69,3.59,1.33,1.45,3.23,3.3,3.3,2.13,3.91,4.03,3.32,2.62,Animal Trainers,Personal Care,-0.9167759,-0.9173687008996468,20810.0,27050.0,29120.0,24120.0,29660.0,32870.0,42080.0,46250.0,48900.0,59110.0,66850.0,70800.0,16530.0,17710.0,20110.0,35390.090000000004,38505.22,38750.0,21.657592256503328,7.138535995160314,13.551665725578768,9.493928950166543,8.80226639717502,0.6357060159635468,-0.44275801943472426,0.6077056562365861,497,388,-109,109,0,Low Exposure Manual & Technical
39-2021,2.88,2.38,2.62,2.0,3.0,2.0,1.25,2.12,1.5,2.88,2.88,2.62,2.62,2.12,1.0,2.12,1.88,1.88,3.0,3.12,2.75,2.0,2.12,2.25,3.12,1.0,2.0,3.25,3.12,2.0,2.12,1.12,3.12,1.0,1.5,1.62,2.62,1.75,1.5,3.0,3.0,2.0,1.88,2.75,3.12,2.12,3.0,2.0,2.0,1.38,2.88,2.5,2.42,3.27,2.59,3.24,4.22,2.14,2.62,2.89,2.73,3.58,1.35,3.57,2.64,3.01,4.38,2.24,3.85,4.01,3.55,3.22,3.12,3.71,3.8,2.49,2.4,3.6,2.59,4.19,3.36,3.45,2.49,1.56,1.82,2.92,2.96,2.23,1.68,3.36,2.98,3.38,2.93,Animal Caretakers,Personal Care,-0.8890408,-0.889615666765174,18630.0,22250.0,24500.0,21200.0,26370.0,28870.0,30070.0,35450.0,37160.0,38630.0,44280.0,46480.0,212450.0,256670.0,277300.0,28819.14,31921.93,33470.0,30.524829371616853,20.814309249235112,8.037557953792808,16.138094335917035,10.766421204796538,4.849550136849494,-0.41402744863719987,0.15049941393717792,492,384,-108,108,4,Low Exposure Routine Service
39-3011,2.88,2.62,2.75,2.12,3.12,1.88,1.38,2.0,1.12,2.12,2.88,3.12,2.75,2.12,1.0,1.88,1.75,1.88,2.88,3.12,3.0,2.88,2.25,2.12,3.38,1.0,2.88,3.75,3.75,2.12,2.88,1.25,3.25,1.0,1.25,1.38,3.0,1.12,1.12,3.5,3.5,2.75,1.12,2.0,1.88,2.75,2.75,2.62,2.38,2.0,2.62,2.25,1.81,2.55,2.62,2.61,3.43,2.12,2.23,1.46,2.43,1.97,1.15,3.37,1.43,2.65,3.02,2.09,2.96,2.85,1.78,2.46,2.47,2.37,2.17,1.86,1.27,1.65,1.57,2.53,3.75,2.43,2.2,1.4,1.08,2.71,1.98,1.86,1.22,1.75,2.49,2.37,1.51,Gambling Dealers,Personal Care,0.0605832,0.0606223813007972,17040.0,19590.0,22340.0,18570.0,22060.0,24480.0,24720.0,37630.0,45430.0,36370.0,61060.0,73530.0,98890.0,71290.0,82980.0,24725.38,31478.72,33280.0,-16.088583274345233,-27.909798766306,16.39781175480432,34.598538020447,27.31339215009029,5.7222148804017525,-0.5588896638338864,-0.17204309042034036,298,408,110,110,4,Low Exposure Routine Service
39-3012,2.38,2.25,2.62,1.88,3.12,2.0,1.12,1.38,1.0,1.5,3.12,2.75,2.38,2.12,1.0,1.75,1.0,1.88,3.0,3.25,2.62,3.0,2.25,2.0,3.62,1.0,3.0,4.0,3.75,2.0,2.75,1.12,3.38,2.0,2.0,1.25,2.88,1.0,1.12,3.38,3.38,2.38,2.0,2.12,1.5,2.88,2.25,2.38,2.0,1.25,3.0,3.0,2.06,3.23,2.59,3.1,3.59,2.31,3.01,1.95,2.57,2.51,1.39,3.51,2.07,2.71,3.66,2.52,2.15,3.17,2.63,2.61,2.57,2.98,3.14,2.02,1.46,2.33,2.78,2.32,4.12,3.32,1.97,2.1,1.89,2.84,2.36,2.72,1.99,2.35,3.02,3.05,2.75,Gambling and Sports Book Writers and Runners,Personal Care,0.4652752,0.4655760641772979,19350.0,20890.0,22200.0,21850.0,24760.0,24960.0,31030.0,36230.0,36310.0,43030.0,43480.0,45900.0,9970.0,7910.0,7600.0,28784.25,31284.14,30460.0,-23.77131394182548,-20.661985957873625,-3.919089759797725,5.821760163978565,8.684923178474337,-2.63437000345862,-0.06369027795828316,-0.4043242360533768,249,340,91,91,4,Low Exposure Routine Service
39-3021,3.0,2.75,2.88,3.12,2.75,1.88,1.0,1.88,1.25,2.0,4.0,3.0,2.75,2.0,1.75,2.0,1.38,2.75,2.75,3.0,3.0,1.38,1.88,2.62,3.88,1.88,1.75,3.12,3.12,2.0,3.0,1.62,3.12,2.62,3.0,1.75,3.0,1.75,1.5,3.0,3.0,2.0,1.5,1.88,2.0,2.75,2.0,3.0,2.62,1.62,3.0,2.62,2.07,1.92,2.37,2.39,3.82,3.58,2.44,1.6,1.89,2.16,1.86,2.73,1.96,2.36,3.59,2.29,3.02,3.04,3.74,1.8,2.59,3.16,3.36,2.08,1.22,2.77,2.08,2.65,3.15,2.74,2.19,3.15,2.8,2.2,2.83,1.53,1.67,1.95,3.01,2.98,4.14,Motion Picture Projectionists,Personal Care,-0.3786598,-0.3789046430231892,18260.0,21730.0,24160.0,20560.0,26380.0,29250.0,34200.0,38490.0,75380.0,52980.0,50220.0,82040.0,4540.0,1900.0,1950.0,29249.45,36062.16,38180.0,-57.04845814977973,-58.14977973568281,2.631578947368421,30.532368984715948,23.291754203925187,5.872748609622951,-0.9765073090148222,0.5008356873596842,368,505,137,137,4,Low Exposure Routine Service
39-3031,2.25,2.25,2.5,2.0,2.88,2.0,1.0,2.0,1.38,2.0,2.75,2.5,2.5,2.25,1.0,2.0,2.0,2.12,2.75,2.75,2.5,1.88,2.12,2.0,3.12,1.38,1.88,3.25,3.25,2.25,2.62,1.12,3.0,1.62,1.62,1.5,2.88,1.0,1.5,3.38,3.0,2.12,1.38,2.12,2.12,2.5,2.62,2.5,2.0,1.62,2.88,2.25,2.04,3.11,2.47,3.0,3.17,2.86,2.52,1.84,2.57,2.75,1.28,3.17,2.21,2.32,3.57,2.31,2.41,3.26,2.54,2.32,2.48,2.96,2.66,2.2,1.25,2.3,2.32,2.56,3.98,2.32,2.06,2.02,1.82,3.11,2.4,2.89,1.74,2.27,2.82,2.89,2.7,"Ushers, Lobby Attendants, and Ticket Takers",Personal Care,-0.2420959,-0.2422524377584987,17680.0,20020.0,22880.0,19460.0,22240.0,27140.0,27840.0,32450.0,35650.0,35170.0,37300.0,40210.0,138160.0,98350.0,119210.0,27330.5,29889.65,31150.0,-13.71598147075854,-28.814418066010425,21.209964412811388,13.975229139605934,9.363714531384344,4.216677010269448,-0.562368795797394,-0.03844860220707385,345,409,64,64,4,Low Exposure Routine Service
39-3091,2.75,2.25,2.25,2.62,2.75,2.0,1.0,1.88,2.0,2.0,2.75,2.0,2.0,2.0,1.62,2.0,2.0,2.12,2.75,2.88,2.62,2.12,2.0,2.5,3.0,1.0,2.12,3.75,3.75,2.0,2.12,1.12,3.5,1.5,1.5,1.75,2.88,1.12,1.5,3.88,3.38,2.12,1.38,2.12,2.0,2.25,2.75,2.0,2.12,1.88,2.75,2.62,2.38,3.13,2.79,3.06,3.64,2.14,2.47,2.69,3.07,2.88,1.56,3.33,2.07,3.12,3.87,2.12,2.73,3.26,3.68,2.89,3.23,3.36,2.64,1.92,1.66,3.11,2.55,3.37,4.45,3.33,1.93,1.67,1.74,2.78,2.85,3.24,1.91,3.55,3.34,3.0,3.24,Amusement and Recreation Attendants,Personal Care,-0.5246153,-0.5249545211059808,17820.0,20170.0,21940.0,19560.0,22790.0,26430.0,26680.0,31970.0,35360.0,32130.0,36920.0,39940.0,338110.0,324580.0,371590.0,27179.31,30030.18,30490.0,9.902102865931203,-4.001656265712343,14.48333230636515,12.180919971846226,10.48911837717734,1.531192953222391,-0.35877001153409904,-0.061866998717462256,397,375,-22,22,4,Low Exposure Routine Service
39-3092,3.0,2.25,3.12,2.25,3.0,2.0,1.0,2.12,1.62,2.25,2.5,3.0,2.5,3.12,1.5,2.0,1.88,2.12,3.0,3.12,2.88,1.62,1.62,2.25,3.25,1.0,1.75,3.62,3.62,3.0,2.25,1.0,3.25,1.62,2.0,1.5,3.0,1.0,1.0,3.12,3.0,2.0,1.38,2.12,2.25,2.0,2.38,2.75,2.5,2.0,3.0,2.88,2.67,3.19,2.65,1.95,4.19,3.04,3.39,2.61,3.02,2.88,2.1,3.78,3.09,2.16,4.17,2.86,4.07,4.04,3.12,3.14,3.14,4.1,3.34,2.7,1.55,3.71,2.29,3.63,1.6,3.17,2.54,1.46,2.13,2.98,2.81,1.45,1.99,4.24,2.76,3.09,2.4,Costume Attendants,Personal Care,-0.4533608,-0.4536539463564834,24370.0,31310.0,33610.0,29800.0,37220.0,39240.0,55530.0,65330.0,83090.0,87780.0,85820.0,115240.0,7460.0,5730.0,6290.0,48159.83,52396.07,54810.0,-15.683646112600536,-23.19034852546917,9.773123909249565,13.808541267691348,8.796210451739547,4.607082172384303,-0.28966423468745034,0.08562310265448936,379,368,-11,11,4,Low Exposure Routine Service
39-3093,2.12,1.5,2.0,2.0,2.75,1.0,1.0,1.5,1.0,2.25,2.12,2.0,1.75,2.0,1.0,2.0,1.88,1.25,2.62,2.75,2.0,1.25,1.62,2.0,2.88,1.0,1.38,3.38,3.25,1.75,1.75,1.0,2.88,1.0,1.0,1.0,2.25,1.0,1.12,3.38,3.5,1.75,1.5,2.12,2.0,2.0,2.88,2.0,1.5,1.0,2.75,2.75,1.7,2.7,2.18,2.46,2.98,2.05,2.59,1.48,2.39,1.4,1.24,3.87,1.74,2.29,3.87,1.82,2.89,3.0,2.27,1.79,3.19,2.69,2.81,2.25,2.14,2.36,1.42,3.08,3.79,2.11,1.87,1.59,1.6,2.96,1.75,1.69,1.69,2.32,2.16,2.38,1.46,"Locker Room, Coatroom, and Dressing Room Attendants",Personal Care,-0.3454376,-0.3456609608074309,18700.0,22620.0,23530.0,21210.0,25730.0,29120.0,32030.0,36010.0,41530.0,39540.0,45770.0,50790.0,15990.0,12130.0,14960.0,29202.93,32657.01,34800.0,-6.441525953721075,-24.140087554721703,23.33058532563891,19.16612476898722,11.8278542598294,6.562113310434732,-0.6246722077615746,-0.35749518533280655,360,422,62,62,4,Low Exposure Routine Service
39-4011,3.38,2.12,2.75,3.0,3.25,2.5,1.0,1.88,1.5,2.25,2.88,3.0,2.75,2.75,2.0,2.0,2.0,2.12,3.12,3.25,3.12,2.0,2.0,2.88,4.0,2.0,2.0,3.62,3.38,2.38,2.38,2.0,3.62,2.0,2.0,2.0,2.88,2.0,2.0,3.25,3.38,2.0,1.62,2.0,2.88,2.38,3.0,3.0,3.12,2.0,3.0,3.0,2.96,4.55,2.5,3.85,3.82,3.27,3.06,2.96,2.53,4.41,1.64,3.84,3.08,4.04,4.16,2.11,4.3,3.93,3.37,2.83,3.52,4.3,3.8,2.72,3.63,3.7,3.18,3.68,3.9,3.95,2.07,1.63,2.11,2.88,3.14,2.23,1.7,3.27,2.82,4.0,3.35,Embalmers,Personal Care,-0.7311451,-0.7316178678826581,26090.0,31600.0,35160.0,36090.0,41490.0,46160.0,60760.0,62680.0,64760.0,76110.0,79830.0,78740.0,3890.0,3950.0,3420.0,55544.880000000005,53952.71,56280.0,-12.082262210796916,1.5424164524421593,-13.41772151898734,1.3234703180563092,-2.8664568183422223,4.313573868671288,-0.4504103643810628,0.4905827221306262,446,390,-56,56,0,Low Exposure Manual & Technical
39-4021,2.25,1.75,2.0,2.12,2.88,2.12,1.12,2.0,1.62,2.0,2.75,2.0,2.0,2.25,1.75,2.0,1.75,1.88,2.62,2.88,2.0,1.88,2.12,2.5,3.12,1.62,2.0,3.25,3.25,1.88,1.88,1.75,2.88,1.88,1.88,1.88,2.25,1.5,2.0,3.12,3.0,2.0,1.38,2.0,2.75,2.25,2.5,2.0,2.12,1.5,3.0,2.75,2.38,4.24,2.49,3.49,4.14,2.57,2.84,1.81,2.91,3.03,1.64,3.86,2.11,2.87,3.88,1.95,4.02,3.29,3.0,2.94,2.73,3.33,3.33,2.27,3.85,2.75,2.39,3.49,4.41,2.7,2.14,1.76,2.16,2.5,2.16,1.93,1.51,2.45,2.61,2.7,2.5,Funeral Attendants,Personal Care,-0.5445412,-0.5448933056374983,19390.0,23210.0,26820.0,22720.0,27880.0,29420.0,34860.0,37270.0,39230.0,43710.0,46420.0,46690.0,34370.0,32950.0,30560.0,32482.59,33683.96,34610.0,-11.085248763456503,-4.131510037823683,-7.253414264036419,6.549385378444268,3.698504337246504,2.749201697187625,-0.6530216732491642,0.15250565445898107,403,428,25,25,4,Low Exposure Routine Service
39-4031,2.88,2.38,3.0,2.88,3.12,2.25,1.12,2.12,1.75,2.25,2.75,2.62,2.75,3.12,1.75,2.0,1.75,2.12,3.0,3.25,2.88,2.62,2.25,2.75,3.25,1.75,2.62,3.75,4.0,3.0,2.12,2.0,3.62,1.88,1.88,2.0,3.12,1.75,2.12,3.75,3.75,2.12,1.38,2.12,2.62,2.88,2.38,2.12,2.75,2.12,3.12,3.12,2.73,4.43,2.79,4.07,4.33,3.02,3.71,2.92,3.72,4.46,2.0,4.53,2.9,3.73,4.57,3.46,4.22,3.52,3.32,3.35,3.64,4.35,2.97,3.09,3.61,4.36,4.1,3.86,4.69,3.77,3.91,1.93,2.27,3.96,4.37,3.59,2.8,3.83,2.74,3.95,3.7,"Morticians, Undertakers, and Funeral Arrangers",Personal Care,-0.1903759,-0.190498994452546,29370.0,30440.0,31470.0,40050.0,38480.0,38470.0,71530.0,71360.0,67140.0,89880.0,93250.0,85940.0,25440.0,23940.0,25700.0,62976.45,55747.17,49800.0,1.022012578616352,-5.89622641509434,7.351712614870509,-20.92282114981077,-11.47933870518266,-10.668111044919408,0.1391411967553968,0.18867172754686423,337,307,-30,30,1,Moderate Exposure Service & Healthcare
39-5011,3.88,2.0,2.25,3.0,2.88,2.12,1.12,2.25,1.25,2.25,2.12,3.38,2.0,2.75,1.0,1.62,1.62,1.75,2.75,2.75,3.38,1.75,2.0,2.38,3.62,1.0,1.88,3.62,3.25,2.5,2.0,1.0,3.0,1.38,1.5,1.25,3.12,1.0,1.0,3.12,3.25,1.88,1.0,2.12,1.88,2.75,3.0,2.5,3.0,2.25,2.75,2.25,2.44,3.46,1.96,3.06,2.35,2.93,2.51,2.56,2.22,1.71,1.25,3.75,2.59,3.2,3.02,1.89,3.45,2.64,3.13,2.27,3.21,3.39,2.61,2.11,1.49,2.52,1.67,3.85,4.67,2.75,2.41,2.58,2.68,2.79,3.03,2.27,1.74,3.88,2.08,3.27,1.43,Barbers,Personal Care,-0.7294621,-0.7299337796173079,20300.0,22880.0,27770.0,23880.0,28930.0,32050.0,42210.0,46770.0,59180.0,56630.0,60910.0,78440.0,20030.0,12690.0,18100.0,35064.450000000004,37824.19,38960.0,-9.63554667998003,-36.64503245132302,42.63199369582348,11.10968516545959,7.870478504582248,3.0028666839924534,-0.8102326818376165,0.28481954723235076,444,463,19,19,4,Low Exposure Routine Service
39-5012,3.88,2.25,3.0,2.88,3.0,2.0,1.12,2.25,1.38,2.75,2.38,3.88,2.88,3.25,1.0,1.88,1.62,2.0,3.0,3.0,3.88,2.38,2.0,2.88,4.0,1.0,2.12,3.75,3.75,3.75,2.62,1.0,3.12,1.0,1.0,1.0,3.0,1.0,1.0,3.25,3.62,2.5,1.0,2.12,2.0,2.88,2.88,3.12,3.5,2.0,3.0,2.88,3.0,3.93,2.96,3.56,3.38,2.48,2.97,2.65,3.23,3.33,2.06,3.98,2.76,2.77,3.59,2.6,3.17,3.53,2.37,3.37,2.4,3.79,3.22,2.5,2.2,3.56,2.67,3.49,4.27,2.56,3.09,2.36,2.34,3.62,3.2,3.99,2.3,3.83,3.54,3.9,2.95,"Hairdressers, Hairstylists, and Cosmetologists",Personal Care,-0.6824517,-0.6828929816437936,18420.0,21800.0,24580.0,20900.0,27400.0,29060.0,36730.0,45710.0,48300.0,51870.0,60080.0,70220.0,385960.0,298050.0,295460.0,30342.67,35986.49,35250.0,-23.4480257021453,-22.77697170691264,-0.8689817144774367,16.1730328939411,18.600274794538503,-2.046573589144143,0.041529743962004595,0.08128874026696235,432,327,-105,105,1,Moderate Exposure Service & Healthcare
39-5091,3.88,2.38,3.25,2.38,3.25,2.12,1.5,2.25,1.5,2.5,3.12,3.75,2.75,3.5,2.12,1.88,2.0,1.88,3.0,3.38,3.62,2.25,2.25,2.38,4.12,1.0,2.25,4.0,3.88,3.5,2.75,1.0,3.38,1.0,1.0,1.0,3.38,1.0,1.0,3.12,3.38,2.38,1.62,2.0,2.0,2.5,2.88,3.88,3.62,2.12,3.5,3.12,2.48,3.62,3.1,3.05,4.43,1.71,3.52,2.9,3.5,3.43,1.75,4.6,2.71,2.75,4.38,3.1,3.35,3.24,3.15,2.52,3.33,4.24,3.9,3.29,1.9,3.95,3.24,3.19,2.86,2.95,2.95,1.52,1.65,3.38,3.81,2.57,2.58,4.57,3.43,3.7,2.57,"Makeup Artists, Theatrical and Performance",Personal Care,-0.4596138,-0.4599109896857974,23920.0,37440.0,22010.0,38250.0,48420.0,28850.0,118560.0,107450.0,132530.0,145420.0,170860.0,157090.0,3400.0,2970.0,3320.0,88073.99,104175.97,50280.0,-2.3529411764705883,-12.647058823529411,11.784511784511784,-42.911636000594505,18.28233284310157,-51.73551059807746,0.13594786106021514,0.12351704805951254,381,308,-73,73,1,Moderate Exposure Service & Healthcare
39-5092,3.12,2.0,2.5,2.88,2.5,1.62,1.0,1.5,1.0,1.0,2.38,3.12,2.12,2.25,1.0,1.0,1.0,2.0,2.62,2.62,3.0,1.38,1.75,2.25,3.5,1.0,1.75,2.88,3.0,2.62,2.0,1.0,2.75,1.25,1.12,1.12,2.88,1.0,1.0,2.88,3.0,2.0,1.0,1.12,1.38,2.62,1.5,2.75,2.5,1.38,2.5,2.12,1.4,2.97,2.37,2.13,2.25,2.25,2.31,1.78,1.75,2.24,1.71,3.2,2.1,2.16,2.66,2.03,2.08,2.69,2.33,2.24,2.66,2.09,1.74,2.29,1.84,2.48,1.78,2.45,3.45,1.68,2.52,1.92,1.76,3.01,2.45,2.43,1.86,2.67,2.19,2.73,2.0,Manicurists and Pedicurists,Personal Care,0.0335124,0.0335340767175261,20230.0,23330.0,27910.0,23420.0,29120.0,31510.0,30200.0,35110.0,37660.0,36730.0,45180.0,47990.0,111780.0,138020.0,147820.0,29970.51,33651.53,34660.0,32.24190373948828,23.47468241188048,7.100420228952325,15.64701434843784,12.282140010296777,2.9968028199609384,-0.7114298899009297,-0.20421183970500023,303,438,135,135,4,Low Exposure Routine Service
39-5093,3.12,1.62,2.5,2.38,2.75,1.5,1.25,2.38,1.0,2.38,2.25,2.88,2.25,1.88,1.0,1.5,1.38,1.75,2.62,2.62,3.0,1.62,1.62,2.25,3.12,1.0,1.62,3.62,3.38,2.0,1.88,1.0,2.75,1.0,1.0,1.0,2.75,1.0,1.0,3.25,2.88,1.75,1.25,2.25,2.25,2.5,2.75,2.38,2.0,1.75,2.62,2.5,2.41,3.53,2.54,2.9,3.75,2.31,3.05,2.39,2.47,2.34,1.7,3.3,2.82,2.21,3.07,2.76,2.76,3.19,3.14,2.73,2.65,2.86,3.76,2.12,1.54,3.28,2.32,3.18,3.65,2.74,2.5,1.68,1.47,3.18,2.82,3.0,2.23,2.78,2.85,3.25,1.75,Shampooers,Personal Care,-0.905371,-0.905956426236846,17920.0,21430.0,22880.0,19450.0,24650.0,27390.0,25340.0,30190.0,35610.0,29230.0,33770.0,35970.0,12120.0,7480.0,8890.0,26225.65,30116.66,31470.0,-26.65016501650165,-38.28382838283829,18.850267379679146,19.9970258125156,14.836658004663366,4.493658991402102,-0.4787646700430202,-0.05172116462946816,495,396,-99,99,4,Low Exposure Routine Service
39-5094,3.25,2.12,3.0,2.88,3.5,2.0,1.0,2.0,1.12,2.25,2.38,3.12,2.75,3.0,1.12,1.5,1.25,1.88,3.0,3.0,3.0,1.62,2.0,2.38,3.88,1.0,1.75,3.88,3.88,2.88,2.38,1.0,3.25,1.25,1.38,1.25,3.12,1.0,1.0,3.5,3.5,2.12,1.0,2.0,2.0,2.38,2.25,2.88,2.62,2.12,3.25,3.0,2.94,4.53,3.46,3.28,4.26,3.51,3.79,3.14,3.59,2.87,2.07,4.36,3.13,3.9,3.85,2.51,3.41,3.47,4.09,2.62,4.0,3.34,4.2,2.98,1.69,4.32,3.9,3.73,3.95,3.03,3.97,2.06,1.89,3.79,4.25,4.32,2.26,3.46,3.96,4.32,3.88,Skincare Specialists,Personal Care,-0.2628396,-0.2630095510977426,20500.0,25540.0,27160.0,25220.0,31020.0,34130.0,46770.0,53050.0,55860.0,62540.0,79300.0,77330.0,56660.0,61990.0,70240.0,39646.67,41142.86,41560.0,23.967525591246027,9.40698905753618,13.308598160993707,4.825953856906525,3.773810007246517,1.0138818740359796,0.2604463975161912,-0.08610379398159285,349,285,-64,64,1,Moderate Exposure Service & Healthcare
39-6011,2.75,2.88,2.75,2.88,2.88,2.5,1.12,2.62,1.88,3.0,2.75,2.62,2.25,2.38,1.88,2.62,2.12,2.0,2.88,2.88,2.88,2.0,2.0,3.25,3.0,1.75,2.12,3.75,3.75,2.38,2.62,1.88,3.0,2.12,2.12,2.0,3.0,2.0,2.62,3.12,3.5,2.0,2.0,3.0,3.5,3.0,3.75,2.0,2.25,1.75,2.88,2.75,2.92,4.08,3.3,3.8,3.9,3.51,3.02,2.56,3.29,3.38,1.65,3.52,2.83,3.2,4.22,2.69,4.35,3.98,4.03,2.84,3.43,3.59,3.37,2.58,4.27,3.34,2.52,3.86,4.68,3.4,3.23,1.9,2.64,3.09,3.48,3.2,2.36,2.89,3.26,3.38,3.17,Baggage Porters and Bellhops,Personal Care,-1.272015,-1.2728375064276372,18690.0,22210.0,25480.0,21580.0,27240.0,29830.0,31550.0,36600.0,40780.0,39510.0,45560.0,48490.0,39790.0,26520.0,31220.0,29749.54,34062.31,36020.0,-21.538074893189243,-33.350087961799446,17.722473604826547,21.07750237482664,14.496930036565258,5.7473788477645895,-0.7341229808616909,0.8031245718950775,589,445,-144,144,0,Low Exposure Manual & Technical
39-6012,1.5,2.12,2.88,1.0,3.5,1.5,1.0,1.25,1.38,1.0,2.62,1.5,2.38,3.0,1.0,1.5,1.38,2.0,3.0,3.12,1.12,2.0,2.62,1.38,3.0,1.0,2.0,4.12,4.12,3.0,2.0,1.12,3.5,1.0,1.0,1.0,2.88,1.0,1.38,3.88,3.88,2.25,1.0,1.38,1.62,2.75,2.0,2.0,1.88,1.75,3.0,3.0,2.9,3.86,3.32,4.18,3.95,1.68,3.43,2.77,3.23,3.77,1.5,4.35,3.0,3.27,4.59,3.41,2.09,3.73,2.57,2.91,3.62,4.1,3.09,2.41,2.0,3.82,3.14,2.36,4.18,3.27,3.45,1.5,1.36,3.27,3.45,3.05,2.59,3.9,3.38,3.95,3.73,Concierges,Personal Care,0.855832,0.8563854069181006,22250.0,26880.0,30770.0,26090.0,30460.0,33860.0,39640.0,42880.0,45700.0,51270.0,56550.0,58050.0,41670.0,37600.0,44200.0,36506.57,38440.36,37320.0,6.071514278857691,-9.7672186225102,17.5531914893617,2.228174271096957,5.297101316283619,-2.914540862780683,0.8565153663230116,-0.9681531501516333,194,178,-16,16,2,High Exposure Analytical & Office
39-9011,2.56,2.315,2.94,1.56,3.37,2.125,1.185,2.31,1.69,2.75,2.935,2.56,2.88,3.06,1.5,2.435,2.0,2.125,3.25,3.0,2.37,1.81,2.62,2.5,3.06,1.5,2.0,3.94,3.875,3.0,2.5,1.5,3.75,1.5,1.56,1.87,3.06,1.62,1.625,3.375,3.435,2.62,1.685,2.435,2.565,2.94,2.69,2.25,2.685,1.63,3.25,3.0,2.205,4.475,3.17,2.555,3.8,1.58,3.1900000000000004,2.855,2.77,3.185,1.325,3.86,2.095,2.85,3.69,2.735,3.05,3.295,2.97,2.56,2.7,3.95,3.25,2.42,2.125,3.55,2.075,3.72,2.405,2.72,2.475,1.465,1.485,3.53,3.5,2.03,1.63,3.795,3.3200000000000003,3.285,1.82,Childcare Workers,Personal Care,-0.3834794,-0.383727359484082,18000.0,21250.0,22900.0,20210.0,23530.0,28000.0,29220.0,33870.0,36960.0,35800.0,39090.0,44560.0,561520.0,459460.0,520180.0,28179.49,30830.12,32050.0,-7.362159851830745,-18.17566604929477,13.215513864101336,13.735202446886008,9.4062383669825,3.956779928200088,-0.24888218583832544,0.08634575281009256,371,363,-8,8,4,Low Exposure Routine Service
39-9031,2.75,2.0,3.0,1.88,3.0,1.75,3.0,3.12,3.0,3.88,3.0,2.0,2.12,3.0,1.0,3.88,3.0,1.88,3.0,3.0,3.0,1.88,2.25,3.0,3.0,1.0,2.0,3.0,3.88,3.0,2.0,1.62,3.0,1.5,1.38,1.38,3.0,1.0,1.75,3.62,3.0,2.0,1.88,3.88,3.12,2.88,3.62,1.88,2.0,1.75,3.0,2.88,2.52,3.9,3.86,2.4,3.67,2.33,2.33,3.48,2.76,2.86,1.62,4.14,2.24,3.29,3.95,2.52,3.57,3.05,3.43,3.24,2.71,3.57,3.05,2.14,1.48,3.81,2.76,4.52,4.1,2.76,3.0,1.86,1.8,2.9,3.15,3.1,2.05,4.1,4.0,4.24,2.67,Exercise Trainers and Group Fitness Instructors,Personal Care,-2.111948,-2.1133136258456338,21110.0,23920.0,27580.0,26910.0,31530.0,34090.0,57470.0,60060.0,60920.0,75400.0,80330.0,82050.0,325500.0,250540.0,303620.0,46973.57,49055.78,46180.0,-6.721966205837174,-23.029185867895546,21.186237726510736,-1.689396824639898,4.432726743996676,-5.862265364040688,-0.7399412067324019,0.5980913677186293,655,450,-205,205,4,Low Exposure Routine Service
39-9032,2.0,2.25,3.12,1.62,3.25,2.0,1.12,2.12,1.88,2.12,3.12,2.0,2.62,3.12,1.25,2.88,2.12,2.0,3.0,3.12,1.75,2.25,2.0,2.5,3.62,1.0,2.12,4.0,4.0,3.12,2.62,1.0,3.62,1.0,1.62,1.38,3.0,1.0,1.0,3.88,3.62,2.62,1.62,2.88,2.38,3.0,2.75,2.12,2.62,1.62,3.38,3.12,3.51,3.71,3.64,3.61,4.38,2.47,3.99,3.72,3.96,4.01,1.67,4.18,3.26,3.79,4.56,3.31,3.06,3.62,3.28,3.54,3.72,4.18,4.13,3.76,2.48,4.16,3.57,3.65,3.92,4.0,3.56,2.41,2.34,3.88,4.3,3.14,3.36,4.52,3.71,4.05,3.86,Recreation Workers,Personal Care,-0.2441154,-0.2442732436122569,18860.0,22580.0,25640.0,22170.0,27040.0,30460.0,33630.0,37500.0,41120.0,44000.0,48270.0,49460.0,358750.0,270380.0,309640.0,30645.05,34246.08,35380.0,-13.689198606271775,-24.63275261324042,14.520304756268953,15.450945585012915,11.750772147540966,3.311094291667829,0.5159329975390399,-0.15849032616830852,346,243,-103,103,1,Moderate Exposure Service & Healthcare
39-9041,1.88,2.12,2.75,1.38,3.38,1.88,1.0,1.88,1.25,1.88,3.0,2.0,2.62,2.88,1.38,1.88,1.88,2.25,3.12,3.0,2.0,2.0,2.0,2.0,3.12,1.38,2.0,4.0,4.0,2.88,2.5,1.38,4.0,1.38,1.75,1.75,3.0,1.38,1.62,3.75,3.62,2.5,1.62,2.0,2.0,2.88,2.0,2.12,2.5,1.25,3.38,3.12,3.11,4.75,3.53,3.49,4.18,1.86,3.81,3.46,3.61,3.93,1.7,4.35,2.99,3.89,4.09,3.29,2.71,4.12,3.69,3.12,3.24,4.0,4.02,3.05,2.23,4.43,3.75,3.12,3.47,3.72,2.92,1.84,1.66,3.7,3.73,2.56,2.65,3.31,3.45,3.29,3.57,Residential Advisors,Personal Care,0.4746119,0.474918801495834,20600.0,25580.0,28490.0,24310.0,29800.0,33890.0,36980.0,43430.0,47590.0,46640.0,51480.0,58350.0,107930.0,86770.0,82810.0,34250.35,38613.32,39180.0,-23.27434448253497,-19.60529973130733,-4.563789328108793,14.39299160446536,12.7384683660167,1.4675764736106616,0.40953957735133145,-0.3406822911484804,246,262,16,16,1,Moderate Exposure Service & Healthcare
41-1011,2.25,2.12,3.0,1.88,3.12,1.5,1.0,2.12,1.5,2.0,2.88,2.5,2.88,3.0,1.0,2.0,2.0,2.38,3.0,3.12,2.38,2.62,2.75,2.38,3.12,1.0,2.88,3.88,3.88,3.0,2.62,1.0,3.25,1.38,1.38,1.5,3.0,1.12,1.25,3.88,3.75,2.62,1.5,2.0,2.0,2.75,2.5,2.5,2.38,2.0,3.0,3.0,3.17,3.12,3.89,3.67,3.82,2.28,3.81,2.73,3.59,2.95,1.17,3.81,2.46,3.17,3.8,3.67,2.9,3.73,2.39,3.01,3.16,3.93,3.35,2.59,1.64,3.56,3.14,2.8,4.08,2.89,2.78,1.57,1.44,3.89,3.44,3.28,3.08,2.67,4.09,3.13,3.24,First-Line Supervisors of Retail Sales Workers,Sales,0.0191826,0.0191950107491262,26290.0,29310.0,31120.0,31960.0,35900.0,37580.0,54290.0,57860.0,60510.0,70060.0,74580.0,76560.0,1171900.0,1097160.0,1113160.0,46927.05,48915.25,47320.0,-5.01237306937452,-6.377677276218108,1.458310547231033,0.8373635248753055,4.236788803046424,-3.2612528812589123,0.3851103754363844,-0.34908409791493683,305,265,-40,40,1,Moderate Exposure Service & Healthcare
41-1012,1.38,2.0,3.5,1.5,3.75,1.75,1.0,1.25,1.12,1.0,2.88,2.12,2.75,3.5,1.0,1.0,1.0,1.88,3.75,3.62,1.5,3.12,2.62,1.0,3.62,1.0,3.0,4.0,4.0,2.88,2.62,1.0,3.5,1.12,1.25,1.0,2.75,1.0,1.12,3.88,4.0,2.38,1.0,1.25,1.0,2.62,1.75,1.75,2.75,1.38,3.75,3.5,3.83,2.9,4.4,3.76,4.57,2.81,3.86,4.06,3.85,3.54,1.4,3.75,2.83,3.75,4.38,4.38,2.27,4.28,2.71,3.39,3.72,4.39,3.56,2.93,2.39,3.75,3.21,2.18,2.9,3.75,3.5,1.95,1.7,3.77,3.79,3.72,3.22,3.22,4.21,3.54,4.25,First-Line Supervisors of Non-Retail Sales Workers,Sales,1.316195,1.3170460879053068,41780.0,47570.0,48880.0,55860.0,63150.0,62730.0,103830.0,115320.0,118190.0,146740.0,161690.0,162120.0,249090.0,237520.0,219010.0,86945.88,89560.84999999999,84130.0,-12.075956481593,-4.644907463165924,-7.793027955540587,-3.238658347008512,3.0075835680770457,-6.06386607541129,1.2747234015381483,-1.0926630150071832,79,85,6,6,3,Highest Exposure Knowledge & Management
41-2011,2.5,2.0,2.75,2.38,2.62,1.5,1.0,2.0,1.88,2.12,2.12,2.62,2.0,2.0,1.0,2.0,2.0,2.0,2.62,3.0,2.5,2.38,2.62,2.12,3.25,1.0,2.62,3.5,3.5,2.0,2.38,1.0,3.0,1.5,1.5,1.75,2.88,1.0,1.0,3.12,3.0,2.0,1.0,2.12,2.12,2.88,2.5,2.12,1.88,1.75,3.12,2.38,2.36,2.42,2.43,3.03,3.03,2.49,2.14,1.73,2.14,2.37,1.46,3.13,2.01,2.57,4.19,1.91,2.68,2.95,2.02,2.14,2.27,2.75,2.92,2.17,1.64,2.42,2.6,2.58,4.02,2.29,2.18,1.53,1.34,2.44,1.94,2.43,1.95,2.23,2.67,2.57,2.87,Cashiers,Sales,-0.2480887,-0.2482491128366873,18150.0,21440.0,23070.0,20320.0,23920.0,27780.0,26550.0,31690.0,35410.0,31270.0,35900.0,38220.0,3596630.0,3296040.0,3148030.0,27504.95,30527.44,31190.0,-12.472787025632329,-8.357545813720066,-4.490540163347532,13.3977702195423,10.988894726222,2.1703752427324443,-0.48994833478040734,-0.23411031106320435,347,398,51,51,4,Low Exposure Routine Service
41-2012,3.0,2.75,2.88,2.12,3.0,2.0,1.12,2.0,1.12,2.12,2.88,3.0,2.62,2.25,1.0,2.0,2.0,2.5,3.0,3.25,2.88,3.12,2.25,2.0,3.38,1.0,3.12,3.5,3.38,2.0,3.0,1.0,3.25,2.0,2.0,1.75,2.88,1.62,1.12,3.12,3.25,2.12,1.62,2.0,2.0,2.75,2.5,2.25,2.12,2.12,3.12,2.88,2.89,3.14,3.31,2.85,4.02,2.67,3.21,2.3,3.38,3.4,2.63,3.87,2.49,3.95,4.08,3.17,2.84,3.26,3.12,2.87,3.3,3.72,3.23,2.81,1.77,3.45,3.06,3.01,4.4,3.83,2.83,2.68,2.65,3.96,2.81,1.98,1.93,2.23,3.42,3.4,3.78,Gambling Change Persons and Booth Cashiers,Sales,-0.0500926,-0.0501249841408299,19430.0,21130.0,22810.0,22470.0,24960.0,28870.0,31460.0,36800.0,39350.0,38960.0,46840.0,49190.0,21290.0,18800.0,21930.0,29877.47,32440.81,34810.0,3.0061061531235325,-11.695631751996242,16.648936170212767,16.509195725073102,8.579508238147328,7.303116044266473,-0.1439436240911255,0.021603444757900575,313,352,39,39,1,Moderate Exposure Service & Healthcare
41-2021,2.12,2.25,2.75,2.38,2.88,2.0,1.0,2.0,1.38,2.12,2.88,2.38,2.75,2.62,1.5,2.0,2.0,2.12,2.88,3.12,2.0,2.62,2.38,2.38,3.38,1.5,2.88,4.0,3.88,2.25,2.75,1.62,3.12,2.0,2.0,2.0,3.0,1.62,1.5,3.62,3.62,2.12,1.5,2.0,2.0,2.12,2.38,2.0,2.0,2.12,3.25,3.0,2.97,3.19,2.91,3.39,3.84,2.66,2.69,2.96,2.97,4.23,2.03,3.18,2.84,2.78,3.44,2.54,2.89,3.76,3.36,3.03,3.27,3.77,3.18,2.97,3.42,3.19,2.55,2.67,4.44,4.1,2.47,2.45,2.71,3.37,2.35,3.52,2.08,3.21,3.03,2.87,3.7,Counter and Rental Clerks,Sales,0.0784367,0.0784874257722363,19620.0,24620.0,28580.0,23630.0,29680.0,34200.0,37910.0,44960.0,48290.0,50860.0,57490.0,62030.0,411560.0,370770.0,398620.0,33517.66,38732.23,38540.0,-3.144134512586257,-9.911070074837204,7.511395204574264,14.984160588776174,15.557679145859204,-0.4963050152289087,-0.11171739830382403,-0.035263904848023477,293,350,57,57,4,Low Exposure Routine Service
41-2022,2.88,2.62,3.12,2.12,3.0,1.75,1.0,1.88,1.62,2.25,2.88,3.0,3.0,2.75,1.75,2.0,1.88,2.12,3.25,3.5,2.88,2.75,2.62,2.75,3.88,1.5,2.88,4.0,4.0,2.75,3.0,1.62,3.25,1.75,1.75,1.88,3.0,1.62,1.88,3.62,3.75,2.88,1.12,2.0,2.62,2.75,2.75,2.75,2.75,1.75,3.75,3.38,3.18,2.97,2.93,4.3,3.95,3.01,3.42,3.18,3.16,4.0,2.74,3.92,2.53,2.87,4.36,3.02,3.46,3.84,2.73,3.44,2.99,4.23,3.66,3.22,3.21,3.7,3.53,3.05,4.28,3.7,3.0,2.81,2.53,3.56,3.55,3.69,2.63,3.29,3.4,3.91,4.48,Parts Salespersons,Sales,-0.1184909,-0.1185675120076811,20570.0,23510.0,27770.0,24840.0,29030.0,30630.0,41980.0,46270.0,48410.0,56090.0,59070.0,61750.0,256170.0,259280.0,265060.0,36878.73,38699.8,37440.0,3.470351719561229,1.2140375531873364,2.229250231410058,1.5219341880807629,4.937995424462806,-3.255313980950795,0.2965231849748666,0.01609898223272598,322,276,-46,46,1,Moderate Exposure Service & Healthcare
41-2031,2.25,2.12,2.88,2.0,2.88,1.88,1.0,1.88,1.5,1.88,2.38,2.38,2.25,2.88,1.0,2.0,2.0,2.0,2.88,3.0,2.0,2.62,2.75,2.0,3.0,1.0,2.62,3.88,4.0,2.88,2.5,1.0,3.12,1.38,1.5,1.0,2.88,1.0,1.0,3.62,3.62,2.12,1.5,2.0,1.88,2.75,2.5,2.12,2.5,1.38,3.0,3.0,2.75,3.05,2.51,2.82,3.65,2.97,2.88,2.82,2.79,2.73,1.42,4.01,2.7,2.75,4.09,2.33,3.44,3.6,2.53,2.99,3.37,3.88,3.33,1.88,1.85,3.14,2.38,3.01,4.71,3.1,2.26,1.88,1.88,3.45,2.6,4.4,1.57,3.08,2.64,3.55,3.46,Retail Salespersons,Sales,0.0873069,0.0873633614414641,18900.0,22590.0,25600.0,21780.0,26950.0,29140.0,31480.0,36090.0,37850.0,42780.0,47200.0,47930.0,4317950.0,3640040.0,3800250.0,29365.75,33078.6,34580.0,-11.989485751340336,-15.699811253025162,4.401325260161976,17.756229621242433,12.643470709925674,4.538886168096599,0.15658368688399724,-0.3754930701500136,289,305,16,16,2,High Exposure Analytical & Office
41-3011,1.38,2.0,3.0,1.88,3.12,2.0,1.0,1.0,1.0,1.0,2.75,1.62,2.88,3.25,1.25,1.0,1.0,2.0,3.12,3.0,1.0,2.75,2.38,1.88,3.38,1.25,2.75,4.0,4.12,3.25,2.75,1.25,3.12,1.38,1.38,1.38,3.0,1.5,1.38,4.12,4.0,2.75,1.0,1.0,1.0,2.88,2.0,2.5,2.88,1.12,3.88,3.5,2.98,2.36,2.57,4.72,3.98,1.47,2.54,3.45,2.76,3.32,1.25,4.52,2.76,3.05,4.24,2.3,1.63,3.21,1.76,2.98,3.27,3.97,3.14,2.16,2.53,4.19,3.54,2.09,4.27,3.47,3.23,1.4,1.06,4.1,3.35,4.94,1.82,4.31,2.36,3.7,4.12,Advertising Sales Agents,Sales,1.162588,1.1633397621918984,25390.0,30510.0,33480.0,35250.0,39990.0,44980.0,79010.0,82880.0,91430.0,118300.0,132640.0,133540.0,129740.0,106560.0,97470.0,61999.53,63184.45,61460.0,-24.872822568213348,-17.866502235239707,-8.530405405405405,-0.8702162742201415,1.911175778267994,-2.729231638480666,0.9984112692687852,-1.0828119755386796,127,149,22,22,2,High Exposure Analytical & Office
41-3021,1.0,1.88,3.12,1.5,3.25,1.38,1.0,1.0,1.0,1.0,2.38,1.75,2.88,2.88,1.0,1.0,1.0,1.75,3.12,3.12,1.0,3.12,2.25,1.38,3.5,1.0,3.0,4.0,4.0,2.75,2.62,1.0,3.25,1.0,1.0,1.0,2.75,1.0,1.0,3.75,3.62,2.5,1.0,1.0,1.0,2.62,1.75,1.75,2.0,1.5,4.0,3.62,3.26,2.05,2.06,3.25,3.29,1.46,2.34,3.33,2.61,3.14,1.42,4.22,2.46,3.47,4.02,2.21,1.67,3.11,2.07,3.02,3.13,3.46,3.04,2.08,1.99,3.68,3.31,1.66,3.41,3.36,2.62,1.46,1.22,3.02,3.22,4.01,1.6,3.13,2.16,3.3,3.88,Insurance Sales Agents,Sales,1.341258,1.342125294200301,28000.0,31530.0,36390.0,36520.0,40030.0,45520.0,77460.0,81970.0,91150.0,125500.0,130350.0,135660.0,410050.0,445540.0,469480.0,59243.22,62546.66,60370.0,14.493354468967198,8.655042068040483,5.373254926605917,1.9019560381761809,5.576064231485046,-3.4800579279533013,0.8108269578368726,-1.306841221431165,62,187,125,125,2,High Exposure Analytical & Office
41-3031,1.12,2.25,3.25,1.12,3.75,1.25,1.0,1.0,1.0,1.12,2.5,1.0,2.88,3.25,1.12,1.0,1.0,2.0,3.38,3.38,1.12,3.25,2.5,1.12,3.38,1.12,3.12,4.12,3.88,3.0,2.75,1.12,3.5,1.0,1.12,1.12,2.88,1.12,1.38,3.62,3.5,2.75,1.0,1.0,1.0,2.38,1.88,1.62,2.0,1.88,3.62,3.5,3.9,2.03,2.66,3.98,3.85,1.53,2.76,3.08,2.74,3.63,1.11,4.23,2.91,3.96,4.27,2.56,1.26,3.7,1.58,3.75,3.4,4.08,3.19,2.47,1.51,3.88,3.08,1.62,3.49,4.08,2.95,1.24,1.19,3.29,2.99,3.73,1.69,3.17,2.59,4.01,4.42,"Securities, Commodities, and Financial Services Sales Agents",Sales,1.256298,1.2571103571687126,35320.0,40200.0,47080.0,43510.0,48300.0,51600.0,112770.0,110710.0,129480.0,204130.0,189620.0,215210.0,437880.0,443220.0,472300.0,72420.01000000001,72945.87999999999,78140.0,7.860601077920891,1.2195121951219512,6.5610757637290735,7.898355716879893,0.7261390878018116,7.120511809577197,1.1140619328464911,-1.3976392014599777,106,115,9,9,2,High Exposure Analytical & Office
41-3041,1.62,2.62,3.0,1.5,3.12,1.62,1.0,1.38,1.0,1.0,2.12,2.25,2.5,3.0,1.0,1.0,1.0,1.75,3.0,3.25,1.75,2.88,2.88,1.0,3.88,1.0,3.0,4.0,3.88,3.0,2.12,1.0,3.5,1.0,1.0,1.12,3.12,1.0,1.0,4.0,4.12,2.25,1.0,1.0,1.0,2.88,2.12,1.75,2.25,2.12,3.88,3.12,3.5,2.4,2.62,4.23,3.78,1.44,2.78,2.41,1.96,3.76,1.55,3.93,2.82,2.58,4.56,2.46,1.59,2.83,2.18,3.3,3.43,3.53,2.62,2.42,1.48,3.47,3.76,1.34,4.07,3.89,2.55,1.71,1.87,3.42,2.95,3.76,2.22,3.03,2.93,3.8,4.6,Travel Agents,Sales,1.133598,1.1343310166110872,23660.0,29650.0,33280.0,30400.0,36590.0,38760.0,54710.0,58520.0,60880.0,69420.0,64100.0,74160.0,66670.0,53180.0,59150.0,47287.58,50158.4,48450.0,-11.27943602819859,-20.23398830058497,11.226024821361417,2.458193039271619,6.070981006006228,-3.406009761076912,0.930409883114716,-1.2062213186988502,138,162,24,24,2,High Exposure Analytical & Office
41-4011,1.375,1.81,3.0,1.625,3.44,1.94,1.0,1.06,1.0,1.19,3.0,2.065,2.875,3.06,1.06,1.06,1.06,1.81,3.06,3.06,1.25,2.88,2.69,1.56,3.25,1.0,2.88,4.0,4.25,3.0,2.56,1.06,3.25,1.0,1.0,1.0,2.815,1.0,1.375,3.81,3.75,2.815,1.0,1.125,1.125,2.37,1.94,2.185,2.69,1.19,3.75,3.565,3.065,2.21,2.35,3.7,3.685,1.735,2.9850000000000003,3.155,2.68,2.935,1.985,4.1850000000000005,2.92,3.1950000000000003,4.12,2.06,1.755,3.2750000000000004,2.465,3.07,2.815,3.435,2.93,2.01,2.12,3.72,2.96,1.955,2.465,3.17,2.66,1.615,1.34,3.12,3.055,3.97,1.7399999999999998,2.845,2.63,3.34,3.825,"Sales Representatives, Wholesale and Manufacturing, Technical and Scientific Products",Sales,0.8911985,0.8917747756860815,41080.0,46160.0,48840.0,57050.0,62500.0,65640.0,117560.0,138180.0,146150.0,158580.0,182610.0,194890.0,306980.0,290830.0,293930.0,94226.26,105624.51,100070.0,-4.251091276304645,-5.260929050752492,1.0659147955850496,6.20181677591787,12.096680904028222,-5.258732087845893,0.776513944308663,-1.0998454792510788,187,199,12,12,2,High Exposure Analytical & Office
41-4012,2.0,1.88,3.12,2.12,3.12,1.88,1.12,1.38,1.38,1.62,2.25,2.12,2.38,3.12,1.62,1.5,1.38,1.62,3.0,3.12,2.12,2.38,2.25,2.0,3.12,1.5,2.38,3.88,4.0,3.0,2.12,1.62,3.12,1.5,1.62,1.75,2.38,1.38,1.5,3.88,3.75,2.12,1.25,1.5,1.38,2.25,2.0,1.88,2.12,1.5,3.75,3.62,2.81,2.95,2.58,3.94,4.22,2.44,2.76,2.96,2.19,3.92,1.48,4.27,2.99,3.02,4.47,2.45,3.24,4.19,2.01,2.58,3.15,4.41,4.04,2.81,4.0,3.71,3.31,3.45,3.79,3.75,2.31,1.07,1.05,3.66,3.12,4.88,1.15,3.93,2.22,4.4,4.07,"Sales Representatives, Wholesale and Manufacturing, Except Technical and Scientific Products",Sales,0.8224681,0.8229999330759608,30530.0,35790.0,37860.0,42070.0,47220.0,49040.0,85730.0,93280.0,97570.0,125300.0,129450.0,134470.0,1344530.0,1273400.0,1266860.0,69698.59,68351.63,66780.0,-5.776739827300246,-5.290324500011156,-0.5135856761426103,-4.187444824924,-1.9325498550257496,-2.2993306816531,0.4937183893970592,-0.6166989442256567,202,249,47,47,2,High Exposure Analytical & Office
41-9011,2.12,2.75,3.0,1.75,3.12,2.0,1.0,2.12,1.5,2.12,2.88,2.38,2.62,2.75,1.0,2.0,2.0,2.62,3.0,3.0,2.0,2.12,2.62,2.25,3.12,1.0,2.12,3.88,3.88,2.88,2.75,1.0,3.0,1.62,1.62,1.0,3.0,1.0,1.38,3.88,3.75,2.25,1.0,2.12,2.25,2.75,2.75,2.75,2.88,1.5,3.0,3.0,2.8,2.67,2.64,4.07,3.81,2.58,2.73,2.73,3.26,2.85,1.91,4.14,2.74,2.52,3.58,2.43,3.08,3.26,3.14,3.01,3.49,3.36,2.68,2.1,1.6,3.13,2.68,3.13,4.74,2.56,2.61,1.75,1.5,2.41,2.48,4.72,2.16,3.31,3.07,2.99,2.02,Demonstrators and Product Promoters,Sales,0.1235652,0.1236451068672225,21750.0,26200.0,30910.0,25230.0,29420.0,33860.0,41880.0,41620.0,50100.0,54490.0,58220.0,60320.0,77760.0,43410.0,64770.0,35971.590000000004,37586.37,37960.0,-16.705246913580247,-44.17438271604938,49.20525224602626,5.5277234061658,4.489042602787342,0.9940571542290588,0.046355831472323326,-0.17620573539763804,283,326,43,43,4,Low Exposure Routine Service
41-9012,1.88,1.38,2.38,1.0,2.0,1.38,1.5,2.0,1.25,2.62,2.25,1.38,1.62,2.25,1.5,2.75,2.75,1.25,2.25,2.12,1.5,1.62,1.75,2.62,2.38,1.0,1.62,2.88,2.75,2.5,1.38,1.25,2.25,1.12,1.25,1.5,2.62,1.0,1.62,2.75,2.75,1.25,1.25,2.25,1.88,2.12,2.75,2.25,2.12,1.0,2.25,2.38,1.26,1.87,1.33,1.67,2.42,1.26,1.9,1.5,1.63,2.26,1.22,3.16,1.25,1.5,2.82,1.49,2.29,2.11,1.57,1.74,1.84,1.99,1.74,1.24,1.26,2.63,1.6,4.43,2.55,1.85,1.64,1.21,1.21,1.6,2.97,1.82,1.31,3.52,1.53,2.06,1.38,Models,Sales,-1.122021,-1.1227465169606403,21930.0,27170.0,38010.0,23530.0,29540.0,45760.0,39620.0,95000.0,89990.0,55630.0,156000.0,124380.0,2320.0,2070.0,5350.0,32971.05,46623.53,89990.0,130.60344827586206,-10.775862068965516,158.45410628019323,172.93640936518548,41.40747716557402,93.01412827385658,-1.1771036240373853,-0.09711365423903634,555,564,9,9,4,Low Exposure Routine Service
41-9021,1.12,1.75,2.62,1.38,3.62,1.75,1.0,1.0,1.0,1.0,2.62,1.25,2.25,2.75,1.0,1.0,1.0,1.5,3.25,3.0,1.12,2.88,2.0,1.38,3.62,1.0,2.12,4.0,4.0,2.5,2.12,1.0,3.38,1.0,1.12,1.12,2.38,1.0,1.38,3.62,3.62,2.0,1.0,1.0,1.0,2.12,2.12,1.75,2.0,1.75,4.0,3.5,3.74,2.52,2.86,3.79,3.61,1.69,3.01,3.22,2.48,3.74,1.29,4.32,3.05,3.72,4.38,2.6,1.47,3.75,2.72,3.02,3.41,3.75,3.2,2.81,2.26,3.81,3.8,1.62,3.17,3.71,3.21,1.6,1.19,3.53,3.0,3.78,2.27,3.73,2.79,4.28,3.9,Real Estate Brokers,Sales,1.149681,1.1504244162377235,23600.0,36360.0,36920.0,35940.0,49280.0,48200.0,95790.0,97320.0,114220.0,178720.0,173000.0,166730.0,42730.0,52310.0,49590.0,69454.36,67227.39,72280.0,16.054294406739995,22.41984554177393,-5.199770598355955,4.068340706040628,-3.206378980383666,7.515701561521279,0.9188152622351312,-1.238566507583135,131,165,34,34,2,High Exposure Analytical & Office
41-9022,1.62,1.88,3.12,1.75,3.25,2.25,1.12,1.38,1.25,1.25,3.12,1.75,3.0,3.0,1.75,1.25,1.25,1.88,3.12,3.12,1.5,3.0,2.62,1.88,3.0,1.75,2.88,4.0,4.0,2.88,2.5,1.88,3.0,1.75,1.75,1.75,2.62,1.88,1.88,3.88,3.88,2.75,1.5,1.38,1.38,2.5,2.25,2.62,2.75,1.5,3.88,3.38,3.5,3.26,3.32,4.3,3.85,1.6,3.5,3.6,3.74,3.65,1.55,4.4,2.4,3.55,4.3,2.95,2.0,3.42,2.79,3.8,3.2,4.35,3.3,2.8,3.7,4.3,3.63,2.55,4.2,3.45,3.63,1.75,1.6,4.65,3.95,4.3,2.58,3.85,3.16,4.21,4.4,Real Estate Sales Agents,Sales,0.8649445,0.8655037992639144,24930.0,29130.0,31940.0,33600.0,36090.0,38940.0,75340.0,78240.0,85440.0,111800.0,113320.0,125140.0,162330.0,193010.0,190600.0,56905.59,54028.38,56320.0,17.41514199470215,18.899772069241667,-1.2486399668410963,-1.0290553177640434,-5.056111359182826,4.241511590760268,0.8052788774371219,-0.6325338723939149,192,189,-3,3,3,Highest Exposure Knowledge & Management
41-9031,1.88,2.0,3.62,1.75,4.0,2.12,1.0,1.0,1.0,1.0,2.75,2.12,2.88,3.62,1.0,1.0,1.0,1.88,4.0,3.75,1.88,3.12,3.0,1.38,3.62,1.0,3.25,4.0,4.12,3.38,2.75,1.0,3.75,1.0,1.0,1.0,2.88,1.0,1.0,4.12,4.0,3.0,1.0,1.0,1.0,2.62,1.75,2.5,2.88,1.5,4.0,3.88,3.55,2.0,2.54,4.44,3.96,1.7,2.51,3.25,2.34,3.3,2.23,4.0,4.07,3.62,4.4,2.44,1.42,4.21,1.75,3.42,3.15,3.85,2.23,1.83,1.82,3.63,2.86,1.54,2.59,3.39,3.52,1.9,1.58,2.99,2.67,4.32,1.61,3.95,3.34,3.87,4.19,Sales Engineers,Sales,1.145416,1.1461566583935647,59180.0,64790.0,70580.0,76350.0,82940.0,90690.0,139620.0,155180.0,159200.0,174270.0,195140.0,202670.0,63550.0,59700.0,56690.0,120835.7,117320.93,121520.0,-10.794649881982693,-6.058221872541306,-5.041876046901173,0.5663061495899001,-2.908718201657295,3.579131191680809,1.23511522184366,-1.278296615123338,133,90,-43,43,3,Highest Exposure Knowledge & Management
41-9041,1.62,2.12,2.25,1.5,2.75,1.25,1.0,1.0,1.0,1.0,1.62,1.75,1.88,2.25,1.0,1.0,1.0,1.75,2.62,2.62,1.5,1.62,1.88,1.0,2.88,1.0,1.75,4.0,4.0,2.25,1.5,1.0,2.88,1.0,1.0,1.0,3.12,1.0,1.0,3.75,3.62,1.75,1.0,1.0,1.0,2.12,1.62,1.5,1.62,1.62,3.12,2.75,3.81,3.7,2.2,4.46,4.21,1.92,2.49,3.68,2.62,3.36,1.39,3.94,2.71,3.56,4.34,2.56,2.0,4.0,2.16,3.47,3.18,4.02,3.24,1.67,1.43,3.64,2.55,1.31,3.0,4.08,2.8,1.8,1.56,3.75,3.04,4.85,1.22,3.54,2.89,4.17,3.61,Telemarketers,Sales,1.118129,1.1188520140105498,19170.0,22350.0,24620.0,22170.0,27360.0,29120.0,33960.0,36990.0,38640.0,44480.0,46100.0,48930.0,134800.0,96520.0,66430.0,30575.27,33543.43,34410.0,-50.71958456973293,-28.39762611275965,-31.174886033982595,12.541933399116342,9.707714764252286,2.5834269184755394,0.6918664196487597,-1.1648764162025163,143,212,69,69,2,High Exposure Analytical & Office
41-9091,1.12,1.5,2.5,1.12,2.88,1.0,1.0,1.0,1.0,1.0,2.38,1.62,2.12,2.88,1.0,1.0,1.0,1.5,2.75,3.0,1.25,2.12,2.25,1.12,2.88,1.12,2.0,3.88,4.0,2.88,1.5,1.0,2.88,1.0,1.0,1.0,2.5,1.0,1.25,3.5,3.5,1.75,1.0,1.25,1.38,2.5,2.12,1.75,2.0,1.5,3.0,3.12,1.88,2.54,3.65,3.83,3.3,1.42,2.65,3.0,3.57,2.92,1.12,4.26,2.08,2.17,3.71,3.39,2.38,2.62,1.58,2.57,2.46,2.75,2.67,2.25,2.13,3.65,3.04,2.18,4.46,2.83,2.61,1.29,1.12,3.08,3.3,4.58,2.48,2.88,3.39,3.0,3.52,"Door-to-Door Sales Workers, News and Street Vendors, and Related Workers",Sales,1.107101,1.1078168830596982,19550.0,20540.0,23440.0,23020.0,25130.0,31200.0,39670.0,39030.0,42970.0,61580.0,51860.0,55970.0,8930.0,8640.0,4590.0,31889.46,33619.1,34530.0,-48.600223964165735,-3.2474804031354982,-46.875,8.280290729287987,5.423861050014643,2.70947169912342,0.6249458135308164,-1.1162286575981608,145,224,79,79,2,High Exposure Analytical & Office
43-1011,1.38,2.75,3.25,1.0,3.62,1.88,1.0,1.5,1.25,1.5,2.88,2.62,2.75,3.38,1.0,1.38,1.25,2.5,3.5,3.62,1.5,2.75,2.5,1.75,3.5,1.0,2.62,4.12,4.0,3.38,2.62,1.0,3.75,1.0,1.0,1.0,3.0,1.0,1.0,3.88,3.88,2.62,1.0,1.38,1.5,2.88,1.62,2.12,2.62,1.5,4.0,3.88,3.98,3.19,3.97,3.59,4.2,2.33,3.6,3.51,3.66,3.98,1.4,3.7,2.96,3.95,4.29,3.73,2.68,3.95,2.98,3.44,3.69,4.21,3.75,3.69,1.94,3.71,3.48,2.72,3.05,4.2,3.47,1.85,1.75,3.86,3.34,2.41,3.75,3.55,3.63,3.65,4.47,First-Line Supervisors of Office and Administrative Support Workers,Office & Admin Support,1.038688,1.0393596456874992,34290.0,38420.0,43920.0,43360.0,48040.0,53190.0,72480.0,77430.0,82340.0,91570.0,97490.0,102980.0,1487870.0,1495440.0,1495580.0,65849.06,66340.97,66140.0,0.5181904333039848,0.5087810090935364,0.0093617931846145,0.4418286305074094,0.7470266090358822,-0.3029349736671037,1.039258131742788,-0.894947465077675,157,136,-21,21,3,Highest Exposure Knowledge & Management
43-2011,2.12,2.75,2.5,2.0,3.0,1.12,1.0,1.38,1.0,1.0,2.75,2.38,2.25,2.0,1.0,1.0,1.0,2.12,3.0,3.0,2.0,1.88,2.25,1.5,3.38,1.0,1.88,4.12,4.12,2.0,2.75,1.0,2.88,1.0,1.12,1.62,3.12,1.0,1.0,4.0,4.0,2.38,1.0,1.0,1.0,2.62,1.75,2.0,1.88,1.88,3.0,3.0,2.35,2.54,2.02,2.92,4.04,1.17,1.9,1.53,2.72,3.25,1.16,3.14,1.62,3.44,4.48,1.93,1.3,4.17,1.88,2.07,2.49,2.9,2.95,2.18,1.17,2.11,3.7,1.35,3.96,3.25,1.93,1.46,1.17,2.67,2.03,1.31,1.57,1.87,2.18,3.07,3.79,"Switchboard Operators, Including Answering Service",Office & Admin Support,0.9832644,0.9839002075511534,21870.0,25640.0,29820.0,25670.0,29650.0,34250.0,37790.0,40070.0,46330.0,47970.0,52710.0,60940.0,68050.0,47430.0,35730.0,35599.43,37478.27,38370.0,-47.49448934606907,-30.30124908155768,-24.66793168880456,7.782624609438971,5.27772495233771,2.379325406428854,0.20195842777035325,-1.002867801705521,175,293,118,118,2,High Exposure Analytical & Office
43-2021,2.0,2.5,2.5,2.0,2.88,1.5,1.0,1.5,1.0,1.0,2.0,2.62,2.5,1.88,1.0,1.0,1.0,2.12,2.88,2.75,2.0,2.0,2.0,1.0,3.0,1.0,1.88,4.0,4.12,1.88,2.25,1.0,3.0,1.62,1.88,1.5,3.0,1.0,1.0,4.0,4.0,2.12,1.0,1.0,1.0,2.0,1.88,1.88,1.62,1.62,3.0,2.75,2.83,3.19,2.76,3.31,3.91,2.09,1.91,2.71,2.29,4.04,1.64,3.49,2.67,3.09,4.49,2.17,1.75,3.28,2.47,3.57,3.25,2.87,2.87,1.8,1.36,3.09,2.47,1.99,4.11,4.06,2.31,2.29,1.51,2.83,2.68,1.63,2.28,2.37,3.28,3.86,4.38,Telephone Operators,Office & Admin Support,1.019712,1.0203713753825152,23360.0,27430.0,31440.0,27700.0,31220.0,35860.0,47630.0,49510.0,48530.0,57620.0,64390.0,57510.0,4740.0,4030.0,3950.0,41577.25,41434.73,39130.0,-16.666666666666664,-14.978902953586498,-1.9851116625310168,-5.886031423434691,-0.3427836136348702,-5.562314512487462,0.31373963910714553,-0.9243264143754495,164,272,108,108,2,High Exposure Analytical & Office
43-3011,1.38,2.12,3.0,1.38,2.88,1.5,1.0,1.12,1.0,1.0,2.5,2.12,2.38,2.5,1.0,1.0,1.0,2.12,2.88,2.88,1.38,2.62,2.12,1.0,3.25,1.0,2.75,3.75,3.75,2.5,2.62,1.0,3.0,1.0,1.0,1.0,3.0,1.0,1.0,3.62,3.62,2.0,1.0,1.0,1.0,2.25,1.38,2.0,2.12,1.25,3.62,3.5,2.8,2.32,2.5,3.13,3.9,1.43,2.3,2.77,2.83,3.92,1.16,3.58,2.61,2.91,3.65,2.88,1.98,3.3,2.56,2.74,2.85,3.42,3.18,2.31,1.05,3.95,3.47,2.14,2.5,3.05,2.24,1.21,1.15,3.66,2.62,1.86,1.55,2.41,2.98,3.1,4.16,Bill and Account Collectors,Office & Admin Support,1.271991,1.2728135046126476,25800.0,29510.0,33960.0,30740.0,34800.0,38290.0,45840.0,48290.0,54990.0,56860.0,59610.0,65830.0,235870.0,202840.0,165020.0,43031.0,42667.07,46040.0,-30.037732649340736,-14.003476491287572,-18.64523762571485,6.992633217912668,-0.8457391183100562,7.90522995837305,0.5658274665552976,-1.1635056899693386,101,234,133,133,2,High Exposure Analytical & Office
43-3021,1.88,2.12,3.12,1.75,3.12,1.0,1.0,1.62,1.0,1.0,2.12,1.88,2.88,2.12,1.0,1.0,1.0,1.62,3.0,3.5,1.88,2.88,2.5,1.0,3.62,1.0,3.12,3.38,3.5,2.0,2.62,1.0,3.25,1.0,1.0,1.12,2.75,1.12,1.0,3.25,3.38,2.38,1.0,1.0,1.0,2.12,2.25,1.75,1.88,2.38,3.62,3.38,3.24,2.6,2.43,3.79,4.28,1.63,2.65,2.28,2.27,3.6,1.26,2.73,1.84,3.9,4.53,1.89,2.11,2.77,1.59,2.85,1.72,3.39,2.86,1.5,1.49,3.72,3.75,1.6,2.17,4.28,2.27,1.31,1.24,2.78,2.54,1.53,1.43,2.48,2.54,4.09,4.67,Billing and Posting Clerks,Office & Admin Support,1.333455,1.334317248606404,27650.0,31580.0,35760.0,32940.0,36800.0,40260.0,47580.0,49520.0,56350.0,57300.0,60480.0,64990.0,466450.0,441980.0,417500.0,45054.62,46277.61,47170.0,-10.494158001929469,-5.246007074713259,-5.538712158921219,4.695145581074699,2.714460803353792,1.9283407245966235,0.5669522961300213,-1.236950001026488,70,233,163,163,2,High Exposure Analytical & Office
43-3031,2.0,1.88,3.12,2.0,3.0,1.0,1.0,1.38,1.0,1.0,2.62,2.5,2.75,2.12,1.0,1.0,1.0,1.75,3.12,3.12,2.0,3.88,2.38,1.0,3.88,1.0,3.5,4.0,3.5,1.88,2.88,1.0,3.5,1.0,1.0,1.0,3.0,1.0,1.0,3.0,3.12,2.25,1.0,1.0,1.0,2.0,1.75,1.75,2.0,1.62,3.88,3.62,3.13,2.16,2.19,3.57,3.82,1.89,2.57,2.57,2.38,4.05,1.09,3.97,2.48,3.34,4.26,1.91,1.79,3.7,1.67,2.75,2.23,3.48,3.33,2.73,1.27,3.71,3.68,1.65,3.08,3.72,2.47,1.17,1.13,3.01,2.64,1.6,2.1,2.43,2.41,3.44,4.46,"Bookkeeping, Accounting, and Auditing Clerks",Office & Admin Support,1.039749,1.0404213317537716,25870.0,30460.0,34600.0,33020.0,37180.0,41390.0,51370.0,55310.0,60220.0,62410.0,65540.0,72660.0,1512660.0,1550750.0,1455770.0,47950.49,49574.66,49210.0,-3.760924464188912,2.5180807319556275,-6.124778333064646,2.6266884863950337,3.3871812363127014,-0.7355774099106202,0.6695977982943965,-1.2263647515862708,156,217,61,61,2,High Exposure Analytical & Office
43-3041,2.12,2.38,2.88,2.0,3.25,1.38,1.0,2.0,1.38,2.25,2.12,2.25,2.5,2.12,1.0,2.0,1.62,1.62,3.0,3.25,2.12,3.62,2.62,2.0,3.88,1.0,3.62,3.88,3.88,2.12,2.88,1.0,3.62,1.25,1.12,1.12,3.12,1.0,1.12,3.75,3.25,2.0,1.25,2.12,2.0,2.38,2.88,2.0,2.0,1.5,3.12,3.0,2.92,2.46,3.12,2.92,3.64,3.04,3.2,2.27,3.1,3.42,1.63,3.21,2.47,3.58,4.04,2.88,2.86,3.41,3.01,3.03,2.71,3.57,2.95,2.81,1.36,2.85,2.92,3.17,3.9,3.27,2.18,2.15,1.88,3.1,2.25,1.82,2.21,2.14,3.49,3.25,4.07,Gambling Cage Workers,Office & Admin Support,0.4026518,0.4029121704896336,20970.0,23480.0,27940.0,24040.0,28230.0,31870.0,33950.0,37200.0,43840.0,40550.0,44460.0,49350.0,14330.0,11730.0,13490.0,32610.52,34289.32,36990.0,-5.861828332170272,-18.143754361479413,15.004262574595057,13.429653988958162,5.148031984770556,7.876155024363272,0.17478878356856842,-0.49384313300092203,253,302,49,49,2,High Exposure Analytical & Office
43-3051,1.88,2.0,2.88,1.5,3.12,1.0,1.0,1.38,1.0,1.0,2.12,2.0,2.75,2.12,1.0,1.0,1.0,2.0,3.12,3.38,2.0,3.5,2.12,1.0,3.75,1.0,3.38,3.88,3.62,2.12,2.88,1.0,3.25,1.0,1.0,1.0,3.0,1.0,1.0,3.0,3.0,2.0,1.0,1.0,1.0,2.0,2.0,2.0,2.0,1.75,3.88,3.75,3.45,2.9,1.77,2.81,4.0,1.86,2.07,2.25,2.72,3.86,1.33,3.59,2.04,3.73,4.25,1.96,1.78,3.49,1.69,3.02,2.52,3.62,2.95,1.69,1.43,3.65,4.19,1.69,1.66,4.32,2.32,1.36,1.33,2.7,2.49,1.63,2.18,2.73,2.8,3.7,4.37,Payroll and Timekeeping Clerks,Office & Admin Support,1.257632,1.2584452197628764,30320.0,34220.0,36670.0,37000.0,40470.0,45440.0,57030.0,61170.0,65750.0,66210.0,73580.0,78830.0,142700.0,159190.0,156950.0,53707.34,53650.03,55290.0,9.985984583041343,11.555711282410652,-1.407123563037879,2.946822538595276,-0.1067079471819027,3.056792326117993,0.607440064246218,-1.251964563302259,105,229,124,124,2,High Exposure Analytical & Office
43-3061,1.62,2.0,3.0,1.0,3.5,1.0,1.0,1.5,1.25,1.5,2.12,1.62,2.25,2.88,1.0,1.0,1.0,1.88,3.5,3.75,1.62,3.12,2.0,1.5,3.88,1.0,2.5,4.0,4.0,2.38,2.75,1.0,3.5,1.0,1.0,1.0,2.88,1.0,1.0,3.62,3.38,2.12,1.0,1.0,1.5,2.5,1.75,2.0,2.0,1.5,3.88,3.75,3.61,2.91,2.89,3.69,4.25,2.23,2.52,3.13,2.05,3.43,1.57,3.93,2.41,3.23,4.19,2.64,2.54,3.69,2.28,2.74,2.79,3.67,3.32,3.1,1.57,3.53,3.73,2.31,2.38,3.97,2.66,1.75,1.44,3.13,3.47,2.33,2.06,2.71,2.7,3.86,4.48,Procurement Clerks,Office & Admin Support,1.487838,1.488800076098726,29450.0,32450.0,36810.0,35530.0,37800.0,41240.0,51290.0,53100.0,57680.0,59920.0,62280.0,65890.0,66030.0,63340.0,59900.0,50369.53,48904.44,48510.0,-9.28365894290474,-4.07390580039376,-5.4310072623934325,-3.691775563520245,-2.90868308677886,-0.8065525338803493,0.7889353683726333,-1.1627522595701498,6,195,189,189,2,High Exposure Analytical & Office
43-3071,2.75,2.12,3.0,2.38,3.12,1.62,1.0,1.62,1.25,1.62,2.75,2.75,2.88,2.88,1.0,1.75,1.25,2.0,3.0,3.62,2.12,3.12,2.12,2.0,3.5,1.0,3.88,4.0,3.88,2.25,3.0,1.0,3.62,1.88,1.88,1.5,3.25,1.0,1.0,3.75,3.88,2.5,1.5,1.62,2.0,2.88,2.25,2.25,2.12,2.0,3.25,3.25,3.7,3.32,2.62,3.26,4.16,2.89,2.93,2.81,2.87,3.65,1.97,4.2,3.13,4.16,4.06,2.69,2.52,3.8,2.99,3.32,3.48,3.92,3.55,2.54,1.77,3.47,2.75,2.51,4.32,3.98,2.55,2.42,1.75,3.93,3.19,3.67,2.1,2.8,2.7,3.87,4.28,Tellers,Office & Admin Support,0.4727723,0.4730780119694298,23330.0,28570.0,31270.0,26920.0,31140.0,36420.0,36390.0,39450.0,45550.0,40230.0,46350.0,48270.0,442120.0,352440.0,339340.0,36320.49,39326.78,39340.0,-23.247082240115805,-20.28408576856961,-3.716944728180683,8.313516695397013,8.277118508037752,0.0336157702207024,0.43959769554058403,-0.49301713280243653,247,255,8,8,1,Moderate Exposure Service & Healthcare
43-4011,2.0,2.12,2.88,2.0,3.25,1.62,1.0,1.0,1.0,1.0,2.62,2.88,2.88,2.62,1.0,1.0,1.0,2.0,3.12,3.5,2.0,3.12,2.5,1.0,3.75,1.0,3.12,4.0,3.88,2.62,2.75,1.0,3.38,1.0,1.0,1.0,3.12,1.0,1.0,3.62,3.62,2.62,1.0,1.0,1.0,2.75,1.12,2.0,2.12,1.25,3.75,3.62,3.3,2.05,2.12,3.99,3.2,1.3,1.99,2.23,2.17,3.08,1.01,3.78,2.69,3.71,4.3,1.69,1.41,3.38,1.68,2.76,2.19,3.55,2.7,1.64,1.05,3.33,2.95,1.55,1.94,4.09,2.24,1.01,1.02,2.55,2.05,2.38,1.13,2.07,2.37,3.45,4.19,Brokerage Clerks,Office & Admin Support,1.144877,1.145617309864139,35600.0,40090.0,47730.0,43490.0,48070.0,53880.0,63770.0,63500.0,77400.0,78160.0,79860.0,91650.0,47990.0,42700.0,40090.0,61348.25,59109.08,62940.0,-16.461762867264014,-11.023129818712231,-6.112412177985949,2.594613538283488,-3.6499329646730025,6.4811023957740606,0.6661394945959046,-1.3120949518589402,134,219,85,85,2,High Exposure Analytical & Office
43-4021,1.12,1.88,3.0,1.0,3.25,1.25,1.0,1.12,1.0,1.0,2.5,1.75,2.75,3.0,1.0,1.0,1.0,1.62,3.12,3.25,1.12,2.62,2.12,1.0,3.62,1.0,2.75,3.75,3.62,2.88,2.5,1.0,3.38,1.0,1.0,1.0,3.0,1.0,1.0,3.38,3.12,2.62,1.0,1.0,1.0,2.25,1.75,1.75,2.0,2.0,4.0,4.12,3.27,2.73,2.25,3.75,4.13,2.0,2.46,2.54,2.54,3.98,1.27,3.76,2.62,2.71,4.07,2.22,1.98,3.54,2.2,2.94,2.55,3.63,3.14,2.3,1.46,3.98,4.0,1.93,3.08,3.92,2.42,1.53,1.24,2.75,2.72,1.78,1.54,2.53,2.54,3.3,4.52,Correspondence Clerks,Office & Admin Support,1.149758,1.1505014660276416,26540.0,29930.0,33530.0,32330.0,34740.0,38510.0,46090.0,48140.0,52480.0,55050.0,59840.0,62200.0,6250.0,4970.0,6260.0,44356.82,41834.7,46740.0,0.16,-20.48,25.95573440643863,5.372747640610847,-5.685980194251983,11.725433671091231,0.7853211554950094,-1.3110297719185848,130,196,66,66,2,High Exposure Analytical & Office
43-4031,2.12,2.0,3.12,1.88,3.38,1.0,1.0,1.75,1.0,1.0,2.5,2.12,2.88,2.5,1.0,1.0,1.0,1.88,3.25,3.38,2.12,2.5,2.5,1.0,3.62,1.0,2.5,3.88,3.75,2.25,2.38,1.0,3.38,1.0,1.12,1.25,2.88,1.0,1.0,3.38,3.5,2.38,1.0,1.0,1.0,2.5,2.25,1.88,1.88,2.75,3.5,3.38,3.27,2.73,2.64,3.71,4.11,2.23,2.66,2.49,2.77,4.02,1.52,3.73,2.22,3.63,4.28,2.35,2.1,3.26,2.27,2.99,2.37,3.5,3.33,2.28,1.29,3.64,3.64,1.85,4.15,4.06,2.52,1.73,1.48,3.11,2.97,1.31,1.91,2.53,3.17,3.8,4.62,"Court, Municipal, and License Clerks",Office & Admin Support,1.166267,1.1670211411153826,25990.0,30310.0,34860.0,31860.0,36440.0,39730.0,49380.0,51990.0,59590.0,61100.0,63640.0,72370.0,154020.0,159760.0,170010.0,45798.94,47715.34,47700.0,10.381768601480328,3.726788728736528,6.415873810716074,4.150882094651093,4.184376319626599,-0.032148990240867,0.6225370678247538,-1.0557501119149124,125,225,100,100,2,High Exposure Analytical & Office
43-4041,1.12,2.12,2.75,1.0,3.25,1.5,1.0,1.75,1.0,1.0,2.12,1.12,2.75,2.25,1.75,1.0,1.0,1.62,3.25,3.0,1.25,2.62,2.12,1.0,3.5,1.0,2.62,3.62,3.5,2.12,2.38,1.0,3.5,1.0,1.0,1.0,2.62,1.0,1.12,3.25,3.25,2.5,1.0,1.0,1.0,2.25,2.12,1.62,1.88,2.12,3.5,3.12,3.66,2.62,3.08,4.37,4.33,1.23,3.18,2.85,3.44,4.16,1.21,4.08,3.01,3.28,4.53,2.41,1.2,3.19,1.43,3.46,2.59,3.68,2.29,3.0,1.17,3.83,3.33,1.83,3.44,4.1,1.97,1.21,1.05,3.75,2.6,3.05,2.02,2.3,3.5,3.92,4.42,"Credit Authorizers, Checkers, and Clerks",Office & Admin Support,1.440296,1.4412273343807909,26950.0,30830.0,34590.0,32780.0,36500.0,40850.0,49360.0,53290.0,59530.0,60570.0,64080.0,71730.0,26700.0,16290.0,11960.0,46636.3,48461.23,49130.0,-55.2059925093633,-38.98876404494382,-26.580724370779617,5.347122306014835,3.9131106026850175,1.380010371177133,0.8838316708959518,-1.2870829079470651,13,171,158,158,2,High Exposure Analytical & Office
43-4051,2.0,2.25,2.75,1.88,3.25,1.25,1.0,1.38,1.25,1.38,2.25,2.38,2.75,2.75,1.0,1.25,1.12,2.0,3.12,3.12,2.0,2.75,2.5,1.25,3.62,1.0,2.38,4.12,4.12,2.75,2.38,1.0,3.88,1.0,1.0,1.0,2.88,1.0,1.0,4.0,4.0,2.38,1.0,1.25,1.38,2.25,1.38,2.0,2.12,1.5,3.38,3.62,3.48,2.43,2.76,4.51,4.59,2.28,3.86,2.78,3.11,3.91,1.73,3.69,2.94,3.07,4.21,2.79,2.69,3.62,2.36,3.8,2.48,3.98,3.65,2.67,1.85,4.02,3.95,2.55,4.37,4.3,2.71,1.92,1.46,4.01,3.25,2.74,2.55,2.94,4.02,4.16,4.54,Customer Service Representatives,Office & Admin Support,0.9562519,0.9568702406659628,22980.0,27990.0,30690.0,27630.0,31520.0,35970.0,43980.0,47010.0,50140.0,56380.0,59630.0,62730.0,2919230.0,2879840.0,2725930.0,40367.73,40840.18,42830.0,-6.621609122953656,-1.3493284187953674,-5.344394133007389,6.099599853645465,1.1703655370267216,4.872211630800843,1.0182369364543349,-1.0732675895872021,177,142,-35,35,2,High Exposure Analytical & Office
43-4061,1.88,1.88,3.12,1.88,3.62,1.0,1.0,1.12,1.0,1.0,2.25,1.88,2.62,2.75,1.0,1.0,1.0,1.75,3.62,3.38,1.88,2.62,2.12,1.0,3.25,1.0,2.25,4.0,4.25,2.5,2.25,1.0,3.38,1.0,1.0,1.0,2.88,1.0,1.0,3.88,3.75,2.12,1.0,1.0,1.0,2.25,1.75,1.75,2.12,1.62,3.88,3.88,3.75,2.73,2.34,3.96,4.3,1.07,2.62,2.65,2.91,4.37,1.18,3.62,2.25,4.43,4.64,2.39,1.22,3.11,1.38,3.75,2.69,3.95,2.89,2.21,1.52,3.91,3.45,1.57,4.59,4.47,2.04,1.34,1.17,3.42,3.14,1.3,1.79,2.82,2.3,4.15,4.7,"Eligibility Interviewers, Government Programs",Office & Admin Support,1.226286,1.2270789507398987,32180.0,33230.0,37690.0,37160.0,39060.0,43850.0,55960.0,59680.0,61680.0,62840.0,66060.0,72280.0,139780.0,149760.0,156260.0,54184.17,53217.63,51500.0,11.789955644584346,7.139791100300472,4.340277777777778,-4.953790009148426,-1.7838051224185971,-3.227558235870326,0.9974949665570003,-1.4999099594487042,113,150,37,37,2,High Exposure Analytical & Office
43-4071,2.62,1.75,4.0,2.0,3.12,1.38,1.12,1.88,1.25,2.0,2.88,2.62,3.0,3.0,1.0,2.0,2.0,1.62,3.0,4.25,2.5,2.12,2.38,2.12,4.0,1.12,2.25,3.88,3.75,2.88,3.38,1.0,3.0,1.12,1.25,1.0,3.38,1.0,1.0,3.25,3.12,2.5,1.12,2.0,2.0,2.38,2.38,2.0,2.0,2.25,4.12,3.5,4.19,3.17,2.66,3.87,4.09,2.69,3.23,3.43,3.62,4.16,1.58,4.27,2.38,3.94,4.14,2.91,2.56,3.84,2.36,3.72,3.39,4.18,3.82,2.53,2.27,4.5,3.98,2.58,3.38,4.47,3.09,1.75,1.85,3.77,3.73,2.31,2.54,3.13,3.59,4.28,4.56,File Clerks,Office & Admin Support,0.2839743,0.2841579309702561,22150.0,26190.0,29620.0,26370.0,31030.0,35120.0,40280.0,46570.0,50020.0,50740.0,57280.0,61080.0,102300.0,87250.0,78980.0,38041.73,40310.49,41270.0,-22.795698924731184,-14.71163245356794,-9.478510028653297,8.48612825967693,5.96387177975343,2.3802985277529545,0.6858643320218051,-0.6338607158188192,267,214,-53,53,1,Moderate Exposure Service & Healthcare
43-4081,2.12,2.25,3.0,2.0,3.0,1.38,1.0,1.5,1.5,1.38,2.75,2.5,2.25,2.88,1.0,1.38,1.5,2.0,2.88,3.0,2.12,2.75,2.12,1.5,3.25,1.0,2.75,3.88,3.88,2.88,2.12,1.0,3.25,1.0,1.0,1.0,2.88,1.0,1.75,3.38,3.38,2.12,1.0,1.38,1.62,2.25,2.12,2.12,2.0,1.25,3.0,3.0,3.21,3.18,3.06,3.3,4.24,1.99,3.3,2.63,3.0,3.47,1.42,3.91,2.35,3.11,4.47,2.92,2.63,3.94,2.56,2.8,3.13,4.29,3.16,2.58,1.72,3.37,3.42,2.57,4.41,3.75,2.7,1.7,1.58,4.08,2.57,3.31,2.22,2.87,3.19,3.61,4.55,"Hotel, Motel, and Resort Desk Clerks",Office & Admin Support,0.6063127,0.6067047621715614,18340.0,22280.0,26600.0,20940.0,25630.0,29210.0,29160.0,34380.0,37430.0,35550.0,37860.0,44720.0,267940.0,243180.0,261430.0,28458.61,31251.71,34270.0,-2.4296484287527056,-9.240874822721503,7.504729007319681,20.42049840101115,9.814604437813369,9.657999514266583,0.558799477533065,-0.7583973122242709,230,238,8,8,2,High Exposure Analytical & Office
43-4111,2.0,2.12,3.12,2.0,3.25,1.12,1.0,1.12,1.0,1.0,2.25,2.0,2.25,2.38,1.5,1.0,1.0,2.0,3.25,3.38,2.0,2.25,2.25,1.12,3.38,1.0,2.25,3.88,4.0,2.5,2.0,1.0,3.25,1.0,1.0,1.12,3.25,1.0,1.0,3.88,3.88,2.12,1.0,1.0,1.0,2.25,1.62,2.0,2.12,1.38,3.5,3.38,4.22,3.68,3.6,4.21,4.62,1.91,3.55,3.9,3.67,4.38,1.64,4.36,2.56,4.47,4.4,3.32,1.98,3.7,2.28,3.57,3.81,4.32,3.11,2.99,2.05,4.35,4.38,2.35,4.22,4.3,3.34,2.09,1.92,3.94,3.19,1.95,3.11,3.15,3.86,4.19,4.93,"Interviewers, Except Eligibility and Loan",Office & Admin Support,1.297031,1.2978696960353286,23710.0,29520.0,31980.0,28310.0,33930.0,37380.0,42820.0,46910.0,50440.0,51360.0,55620.0,60960.0,188570.0,168680.0,157310.0,40670.11,41834.7,43830.0,-16.577398313623586,-10.547807180357427,-6.740573867678444,7.769563445980351,2.863503442700294,4.769485618398131,1.1008267909627931,-1.1611765385472952,87,121,34,34,3,Highest Exposure Knowledge & Management
43-4121,2.25,2.12,3.0,2.0,2.88,1.38,1.0,2.0,1.12,2.12,2.62,2.5,2.75,2.12,1.0,2.0,2.0,2.0,2.88,3.38,2.0,2.0,2.5,2.0,3.25,1.12,2.0,3.38,3.62,2.12,3.0,1.12,3.12,1.0,1.0,1.0,3.0,1.0,1.88,3.12,3.12,2.12,1.0,2.0,2.12,2.88,2.62,2.0,2.38,1.62,3.62,3.0,2.71,3.31,2.86,2.76,4.12,1.88,2.76,2.39,2.47,3.45,1.2,4.15,2.28,2.73,4.19,2.27,4.04,3.2,2.25,2.82,2.82,3.24,3.81,2.84,1.06,3.26,3.23,2.59,3.86,3.81,2.05,2.12,1.09,2.92,2.97,1.51,1.56,3.09,2.57,4.11,4.65,"Library Assistants, Clerical",Office & Admin Support,0.2038919,0.2040237479036546,19030.0,22060.0,25090.0,22490.0,26620.0,30190.0,35730.0,38960.0,44200.0,44970.0,48750.0,52790.0,85910.0,77660.0,80070.0,31970.870000000003,33673.15,36010.0,-6.797811663368641,-9.603072983354672,3.103270667010044,12.6337819396219,5.32447193335683,6.939802186608614,0.09468325954454324,-0.44452286872317476,274,317,43,43,2,High Exposure Analytical & Office
43-4131,1.38,2.0,3.0,1.5,3.62,1.38,1.0,1.25,1.0,1.0,2.75,2.62,2.88,3.0,1.0,1.0,1.0,2.12,3.62,3.75,1.38,3.12,2.12,1.0,3.75,1.0,3.0,4.12,4.0,2.62,2.75,1.0,3.75,1.0,1.0,1.0,3.12,1.0,1.0,4.0,4.0,2.75,1.0,1.0,1.0,2.88,1.62,2.12,2.62,1.38,4.12,3.62,4.0,2.34,2.53,3.62,4.12,2.01,2.17,2.87,2.94,3.32,1.05,4.01,2.57,4.35,4.41,1.95,1.72,3.87,3.18,3.54,2.64,4.02,3.29,2.12,1.04,3.96,3.53,1.56,4.38,4.35,1.96,1.84,1.52,3.29,2.69,3.18,1.51,3.21,2.21,4.0,4.92,Loan Interviewers and Clerks,Office & Admin Support,1.364395,1.3652772551007228,26610.0,31750.0,36360.0,33230.0,37890.0,42720.0,50010.0,53740.0,59520.0,60090.0,61940.0,65910.0,208530.0,242630.0,173100.0,47264.32,50255.69,48950.0,-16.990361099122428,16.352563180357745,-28.65680253884516,3.566495826026906,6.329023669440279,-2.59809386757996,1.0419436943424834,-1.314666630046141,44,134,90,90,2,High Exposure Analytical & Office
43-4141,1.88,2.12,2.88,1.88,3.25,1.0,1.0,1.38,1.25,1.0,2.25,2.38,2.5,2.62,1.0,1.25,1.12,1.75,3.12,3.12,1.88,3.0,2.62,1.0,3.75,1.0,2.88,4.0,4.0,2.12,2.75,1.0,3.12,1.0,1.0,1.0,2.75,1.0,1.0,3.62,3.62,2.5,1.0,1.25,1.0,2.5,1.88,1.62,2.0,1.5,3.75,3.0,2.6,3.07,2.96,3.3,4.1,2.31,2.66,2.66,2.78,2.7,1.16,4.06,1.89,3.89,4.36,3.03,1.97,3.37,2.37,2.46,2.85,3.88,3.65,1.78,1.38,3.3,2.68,2.21,3.78,3.49,2.28,1.14,1.13,3.67,2.47,3.3,2.08,2.29,2.99,3.42,3.66,New Accounts Clerks,Office & Admin Support,1.174998,1.1757577867747846,26820.0,32760.0,36980.0,31060.0,36620.0,40050.0,43600.0,47230.0,51510.0,51310.0,55400.0,60110.0,43420.0,45170.0,38030.0,42507.65,44126.42,46610.0,-12.413634269921694,4.030400736987564,-15.806951516493248,9.650851082099337,3.808185114914601,5.628328788059403,0.6463309646077481,-1.075524504102628,124,222,98,98,2,High Exposure Analytical & Office
43-4151,1.88,2.38,3.12,1.62,3.12,1.5,1.0,1.62,1.0,1.38,2.62,1.88,3.0,2.5,1.0,1.0,1.12,1.75,3.12,3.25,1.75,2.62,2.25,1.25,4.0,1.0,2.88,4.0,4.0,2.25,3.12,1.0,3.5,1.12,1.38,1.12,3.0,1.0,1.0,3.88,4.0,2.88,1.0,1.12,1.0,2.75,2.0,2.5,2.12,2.0,3.75,3.38,3.93,3.15,2.76,3.85,4.76,2.81,3.13,2.88,3.4,4.38,1.91,3.72,3.05,3.99,4.76,2.07,2.45,3.41,3.04,3.13,3.4,4.37,4.73,2.49,2.08,4.66,4.43,2.28,2.82,4.51,2.99,1.71,2.14,3.85,3.3,3.08,1.88,3.23,3.94,4.2,4.31,Order Clerks,Office & Admin Support,0.8388861,0.8394285493210715,23260.0,28470.0,33530.0,27300.0,33070.0,38110.0,43660.0,46670.0,51890.0,54050.0,56220.0,61680.0,137180.0,113500.0,83420.0,39821.12,41142.86,44660.0,-39.189386207902025,-17.261991543956846,-26.50220264317181,12.151541694457608,3.3191934330325163,8.54860357301364,0.9459364202036129,-0.9417894235627836,197,156,-41,41,2,High Exposure Analytical & Office
43-4161,1.0,1.88,3.12,1.0,3.25,1.25,1.0,1.38,1.0,1.0,2.75,1.75,2.75,2.88,1.0,1.0,1.0,1.75,3.0,3.25,1.0,2.0,2.12,1.0,3.62,1.0,2.0,4.0,4.0,2.5,2.5,1.0,3.38,1.0,1.0,1.0,2.62,1.0,1.0,3.75,3.5,2.25,1.0,1.0,1.0,2.62,1.62,1.75,2.0,1.38,3.88,3.75,3.5,3.29,2.83,4.0,4.65,2.03,2.95,3.09,2.79,4.35,1.27,4.55,2.64,4.1,4.43,2.45,2.05,4.07,2.27,3.52,3.03,3.96,4.07,2.85,1.43,4.69,4.35,2.16,2.93,4.47,2.86,1.6,1.32,3.43,3.34,2.53,3.2,2.72,2.96,3.88,4.64,"Human Resources Assistants, Except Payroll and Timekeeping",Office & Admin Support,1.353098,1.3539729502084694,28760.0,32240.0,36090.0,34470.0,38370.0,42360.0,49640.0,53080.0,58560.0,59320.0,62580.0,67140.0,117340.0,103680.0,92580.0,48183.09,49650.33,49440.0,-21.10107380262485,-11.64138401227203,-10.70601851851852,2.608612274555236,3.045134714274236,-0.423622562025271,1.0932185254065798,-1.3364270578930566,48,122,74,74,2,High Exposure Analytical & Office
43-4171,2.0,2.25,2.62,2.0,2.62,1.25,1.0,1.12,1.0,1.0,2.75,2.25,2.38,2.5,1.12,1.0,1.0,2.12,2.75,2.75,2.0,2.38,2.5,1.5,3.12,1.0,2.5,3.88,4.0,2.38,2.62,1.0,2.75,1.0,1.0,1.0,3.0,1.0,1.12,3.75,3.88,2.12,1.0,1.0,1.25,2.88,1.38,2.0,2.12,1.25,3.62,3.38,2.19,3.68,2.51,3.61,4.14,2.41,3.24,2.46,2.36,3.43,1.3,3.6,1.96,2.98,4.37,2.45,2.06,2.76,2.52,3.09,2.78,3.9,2.94,2.04,1.34,3.29,3.37,2.02,4.29,3.57,2.37,1.75,1.12,3.66,3.28,2.12,2.2,2.42,2.48,3.46,4.57,Receptionists and Information Clerks,Office & Admin Support,1.013186,1.0138411555253102,21130.0,24350.0,28280.0,25050.0,28960.0,32660.0,36680.0,38170.0,44070.0,43380.0,46220.0,48870.0,1057370.0,1011170.0,964530.0,34948.15,36710.76,37230.0,-8.780275589434163,-4.369331454457758,-4.612478613882928,6.529244037238017,5.043500156660655,1.4144082007563938,0.5639674573327246,-1.027431230411782,167,236,69,69,2,High Exposure Analytical & Office
43-4181,2.38,2.25,3.0,2.12,3.12,1.38,1.0,2.0,1.25,1.75,2.88,2.88,2.88,2.88,1.62,2.0,1.88,2.25,3.0,3.62,2.12,2.62,2.38,2.12,3.38,1.0,2.38,4.0,4.12,2.75,2.75,1.0,3.12,2.0,2.0,1.38,3.0,1.0,1.12,4.0,4.0,2.62,1.12,2.12,2.38,2.88,2.25,2.25,2.12,1.5,3.62,3.12,3.39,3.69,2.46,4.11,4.25,2.95,2.85,2.01,2.64,3.79,1.28,4.29,3.32,4.42,4.65,2.7,3.87,4.38,3.66,3.7,2.92,4.42,4.03,2.13,2.15,3.27,3.23,4.12,4.72,3.75,2.93,1.5,1.29,4.08,2.31,2.67,1.53,2.64,3.06,4.08,4.83,Reservation and Transportation Ticket Agents and Travel Clerks,Office & Admin Support,0.227312,0.2274589918628531,24750.0,29990.0,34550.0,29260.0,33940.0,37200.0,61340.0,61310.0,54930.0,72630.0,68090.0,75050.0,123660.0,119130.0,127440.0,44635.94,42331.96,41460.0,3.056768558951965,-3.66327025715672,6.975572903550743,-7.115208058797467,-5.161714976765367,-2.059814853836201,0.43127739624307027,-0.4190237187277225,271,257,-14,14,1,Moderate Exposure Service & Healthcare
43-5011,1.88,2.25,3.06,1.75,3.19,1.94,1.0,1.5,1.56,1.62,2.63,2.06,3.0,2.69,1.5,1.5,1.5,2.125,3.06,3.25,1.75,2.69,2.435,1.625,3.375,1.5,2.935,3.94,3.94,2.5,3.0,1.56,3.31,1.56,1.625,1.56,2.94,1.5,1.62,3.0,3.0,2.56,1.0,1.56,1.625,2.815,1.685,2.31,2.565,1.56,3.88,3.25,3.475,2.685,2.865,3.66,3.665,3.225,3.245,3.115,2.88,3.875,3.055,3.655,3.56,3.675,4.305,2.98,3.435,3.895000000000001,3.395,3.44,3.765,4.055,3.875,2.77,2.9800000000000004,3.4400000000000004,2.93,3.145,3.31,3.5700000000000003,3.04,2.73,2.975,3.64,3.37,3.25,2.69,3.56,2.915,3.305,3.705,Cargo and Freight Agents,Office & Admin Support,1.405415,1.4063237795479422,26780.0,32720.0,37240.0,34080.0,38400.0,43490.0,55940.0,58710.0,62230.0,69040.0,70280.0,76350.0,95810.0,93480.0,97800.0,50869.62,50655.66,49900.0,2.0770274501617783,-2.431896461747208,4.621309370988447,-1.9060885455798624,-0.4206046752462597,-1.491758275383237,0.24666564792060694,-0.23353389811786238,25,287,262,262,1,Moderate Exposure Service & Healthcare
43-5021,3.0,2.5,3.12,3.0,3.0,3.0,1.62,2.38,1.75,2.75,3.25,3.12,2.25,2.12,2.5,2.62,2.0,2.12,3.0,3.12,3.12,2.12,2.12,3.25,3.25,2.0,2.0,3.62,3.62,2.25,3.0,2.12,3.12,2.75,2.75,3.0,2.88,1.88,2.75,3.12,3.25,2.0,2.25,2.75,2.88,2.88,2.88,2.25,2.38,1.88,3.25,3.12,2.56,2.59,1.41,2.83,3.64,2.68,1.34,1.41,1.39,3.99,1.26,3.35,2.32,3.0,4.16,1.41,3.61,3.25,2.01,2.34,2.46,2.66,3.01,2.08,3.98,2.7,1.85,3.13,2.7,2.68,1.64,1.74,1.87,2.29,2.32,1.35,1.79,2.09,1.76,2.54,1.82,Couriers and Messengers,Office & Admin Support,-0.9591126,-0.9597327767544636,20990.0,26350.0,29880.0,24760.0,30550.0,35130.0,36570.0,39730.0,44630.0,46080.0,46800.0,50590.0,74720.0,75800.0,71920.0,34529.47,38137.68,38340.0,-3.747323340471092,1.4453961456102784,-5.118733509234828,11.035587861615015,10.449653585763114,0.5304989710963008,-1.3579566076665637,0.7514677587620362,508,607,99,99,4,Low Exposure Routine Service
43-5031,2.12,3.12,3.0,2.12,3.75,2.0,1.0,1.38,1.38,1.88,2.62,2.5,3.0,3.0,1.12,1.5,1.5,2.75,3.5,3.75,2.25,2.0,2.88,2.0,3.25,1.0,2.0,4.25,4.38,2.75,3.0,1.0,4.0,1.38,2.5,2.12,3.88,1.0,1.25,4.12,3.88,3.0,1.38,1.5,1.62,3.25,2.12,2.25,2.25,2.0,3.75,3.25,3.59,4.21,3.54,4.78,4.39,2.54,3.21,3.61,3.3,4.77,1.47,3.81,3.33,3.6,4.63,3.03,2.19,4.11,3.35,4.14,3.22,4.41,3.72,2.68,2.02,3.96,4.02,1.99,4.38,4.49,2.96,2.65,2.2,3.9,3.28,2.38,3.3,3.17,3.65,4.37,4.89,Public Safety Telecommunicators,Office & Admin Support,0.9074452,0.9080319811647904,27190.0,31090.0,35640.0,33650.0,37720.0,42140.0,52650.0,59440.0,62840.0,64950.0,70730.0,78110.0,95320.0,95730.0,101140.0,48741.33,50698.9,50730.0,6.105749055812002,0.4301300881242131,5.651310978794526,4.080048697891498,4.016242478405903,0.0613425537832153,0.8142558326296723,-0.5766924702791165,185,186,1,1,1,Moderate Exposure Service & Healthcare
43-5032,1.75,2.5,3.0,2.0,3.75,1.62,1.0,1.12,1.0,1.0,2.88,2.62,2.75,2.88,1.0,1.0,1.0,2.25,3.0,3.12,2.0,2.25,2.62,1.0,3.75,1.0,2.25,4.0,4.0,2.75,2.88,1.0,3.62,1.0,1.0,1.12,3.25,1.0,1.12,4.0,4.0,2.88,1.0,1.0,1.0,2.88,1.62,1.75,2.25,1.5,3.62,3.62,3.24,2.88,3.09,3.42,3.89,2.35,3.85,3.12,2.79,3.66,1.49,3.8,2.94,3.18,4.68,3.13,2.01,4.35,2.89,2.98,3.67,3.92,3.69,2.11,2.23,3.48,3.03,1.84,3.48,3.28,2.52,1.73,1.86,3.64,3.29,2.43,2.29,3.0,3.42,3.31,4.12,"Dispatchers, Except Police, Fire, and Ambulance",Office & Admin Support,1.234523,1.235321276967879,25260.0,30160.0,34600.0,31640.0,36090.0,40240.0,52740.0,57320.0,61520.0,67850.0,71930.0,76130.0,199360.0,206370.0,211000.0,46740.97,48461.23,48880.0,5.83868378812199,3.5162520064205456,2.243543150651742,4.576349185735766,3.680411424923348,0.8641340717105284,0.825546888358067,-0.9474889840868983,110,183,73,73,2,High Exposure Analytical & Office
43-5041,3.0,2.25,2.88,3.0,2.75,2.75,1.0,2.12,1.75,3.0,3.0,2.75,2.5,2.12,2.38,2.88,2.38,2.12,2.88,3.12,2.88,2.62,2.12,3.0,3.5,2.0,2.62,3.25,3.25,2.25,3.12,2.0,3.0,2.5,2.38,2.5,2.88,2.0,2.25,3.0,3.0,2.25,2.5,2.75,2.88,2.25,3.12,2.75,2.25,2.25,3.0,2.75,2.88,2.55,2.24,3.7,3.85,2.55,2.42,2.19,2.66,4.34,1.92,3.49,3.16,3.05,4.09,2.01,3.5,3.45,3.8,2.7,2.76,3.44,3.36,1.74,4.03,3.08,2.44,3.94,3.42,3.72,2.19,2.23,2.26,2.75,2.95,1.85,1.64,2.56,2.72,3.13,3.41,"Meter Readers, Utilities",Office & Admin Support,-0.9723772,-0.9730059539407772,25810.0,29130.0,33980.0,31720.0,34660.0,39620.0,57760.0,61980.0,68030.0,72420.0,78600.0,86480.0,30450.0,20460.0,19620.0,49171.64,48385.56,49180.0,-35.56650246305419,-32.80788177339902,-4.105571847507331,0.0170016700683576,-1.5986450726475705,1.6418948132459403,-0.9269525181351462,0.7596456774579642,516,493,-23,23,0,Low Exposure Manual & Technical
43-5051,3.0,2.5,3.12,2.25,3.12,2.0,1.0,2.12,1.62,2.75,2.88,3.0,2.62,2.0,1.25,2.12,1.88,2.12,3.0,3.12,3.12,3.0,2.25,2.5,3.5,1.0,3.0,4.0,3.88,2.0,3.0,1.0,3.0,1.62,1.62,1.25,3.0,1.0,1.12,3.38,3.38,2.75,1.88,2.5,2.75,2.75,3.12,2.12,2.12,1.88,3.38,2.88,2.98,2.53,2.6,3.61,3.83,2.55,2.77,2.26,2.77,3.47,1.57,3.59,2.93,3.84,3.98,2.31,3.72,3.95,2.7,3.41,3.16,3.4,3.23,2.38,2.22,3.28,2.9,3.32,4.0,3.65,2.84,1.88,1.76,3.05,2.41,3.3,2.03,2.55,2.99,3.61,3.66,Postal Service Clerks,Office & Admin Support,-0.5186997,-0.5190350959470347,35770.0,39770.0,42600.0,43170.0,50150.0,55410.0,60750.0,68310.0,74050.0,61980.0,69620.0,74050.0,81170.0,77690.0,78060.0,56207.79,60752.2,61630.0,-3.831464826906492,-4.287298262905014,0.4762517698545501,9.646723345643013,8.085018108699872,1.444885946517168,-0.10579564867567331,-0.03838467853984394,396,349,-47,47,4,Low Exposure Routine Service
43-5052,3.0,2.38,3.0,2.88,2.75,2.38,1.5,2.12,1.75,2.88,2.75,2.88,2.75,2.0,2.0,2.25,2.0,2.0,2.75,3.12,2.88,1.62,2.12,2.88,3.12,2.0,1.75,3.0,2.88,2.0,2.75,2.0,3.0,2.12,2.0,2.12,2.88,2.0,2.25,3.0,3.0,2.0,1.75,2.75,2.88,2.5,3.0,2.0,2.0,2.0,3.0,2.25,1.67,1.89,1.88,3.35,2.91,1.49,1.5,1.61,1.51,2.67,1.23,2.95,2.07,2.34,3.48,1.55,3.94,2.9,2.26,1.94,2.2,2.6,2.7,1.36,4.21,2.55,2.22,4.08,3.46,2.41,1.78,1.4,1.61,2.34,1.58,2.13,1.25,1.72,2.16,2.48,1.74,Postal Service Mail Carriers,Office & Admin Support,-1.064715,-1.0654034616224557,36990.0,39640.0,42390.0,38050.0,43580.0,46030.0,64410.0,71340.0,75300.0,65620.0,71340.0,76880.0,339650.0,326760.0,336040.0,59673.53,58644.25,57490.0,-1.0628588252612985,-3.79508317385544,2.8400048965601665,-3.659126584266087,-1.7248518731839708,-1.9682236536403823,-1.4438000031182783,0.6525152247050295,540,623,83,83,4,Low Exposure Routine Service
43-5053,2.88,2.25,3.12,2.88,3.0,2.0,1.75,2.38,1.5,2.88,2.62,3.0,2.38,2.0,1.0,2.0,1.88,2.25,2.88,3.12,3.38,2.0,2.12,3.12,3.75,1.12,2.0,3.0,3.0,1.88,3.12,1.12,3.0,2.25,2.5,2.0,2.88,1.0,1.25,3.0,3.0,2.12,1.88,2.38,3.12,2.0,3.0,2.0,2.0,2.38,3.12,2.5,2.6,2.59,2.86,1.79,3.74,3.07,2.6,2.06,2.23,2.64,1.6,3.3,2.16,2.65,3.52,1.8,3.79,3.18,2.59,2.54,2.76,2.91,3.0,1.36,2.24,2.58,1.87,3.79,1.8,3.08,2.57,1.98,1.97,2.2,1.94,1.34,1.45,2.09,2.72,2.95,2.98,"Postal Service Mail Sorters, Processors, and Processing Machine Operators",Office & Admin Support,-1.185001,-1.185767241233821,35760.0,38580.0,42600.0,39030.0,39770.0,47380.0,60750.0,67160.0,72970.0,61270.0,68310.0,74050.0,102390.0,119530.0,111930.0,69942.82,53109.53,56530.0,9.317316144154702,16.7399160074226,-6.358236426001842,-19.17683616416954,-24.06721662066243,6.440407211285811,-1.0453188248907082,0.41809568491299226,572,529,-43,43,4,Low Exposure Routine Service
43-5061,2.0,2.12,3.12,2.0,3.5,2.0,1.0,1.75,1.0,1.5,2.88,2.25,2.75,2.75,1.0,1.38,1.38,2.12,3.0,3.88,2.0,2.62,1.75,1.5,3.62,1.0,2.75,3.88,3.75,2.5,3.0,1.0,3.75,2.0,1.75,1.5,3.25,1.0,1.12,3.0,3.38,2.38,1.5,1.5,1.5,2.62,2.0,2.12,2.5,1.88,3.62,3.5,3.57,2.29,2.31,2.63,4.28,2.11,3.34,2.72,2.44,3.49,2.05,3.15,2.84,3.41,4.08,2.3,2.13,3.75,2.68,3.23,2.87,3.73,3.75,2.86,1.93,3.62,3.05,1.99,1.63,3.84,2.45,1.68,1.36,1.76,3.35,1.66,1.52,3.04,2.38,3.06,4.35,"Production, Planning, and Expediting Clerks",Office & Admin Support,0.6999103,0.7003628844680277,30190.0,35030.0,38570.0,37180.0,40800.0,46600.0,61650.0,64400.0,71480.0,76100.0,79260.0,84810.0,370380.0,389920.0,385000.0,56126.380000000005,54731.03,57770.0,3.947297370268373,5.275662832766348,-1.2617972917521545,2.928426882332328,-2.486085865505678,5.5525540082107,0.26196859259417465,-0.6320460523150926,216,284,68,68,2,High Exposure Analytical & Office
43-5071,3.12,2.25,3.0,2.62,3.0,2.25,1.25,1.88,1.75,2.75,2.88,2.88,2.5,2.75,2.0,2.0,1.88,2.0,3.0,3.25,3.0,2.25,2.12,2.75,3.75,2.0,2.38,3.12,3.25,2.12,3.0,2.0,3.25,2.12,2.0,2.0,3.0,2.0,2.0,3.0,3.0,2.12,1.88,2.25,2.75,2.12,2.88,2.75,2.38,2.12,3.0,3.0,2.62,2.51,2.92,2.61,4.22,3.08,3.1,2.58,2.74,3.87,1.84,3.28,2.78,3.27,4.3,2.8,3.87,3.47,3.21,3.35,3.16,3.27,2.8,2.79,3.32,3.67,3.05,3.83,2.86,3.33,2.6,2.11,2.16,3.18,3.31,2.68,2.4,2.84,3.39,3.59,3.25,"Shipping, Receiving, and Inventory Clerks",Office & Admin Support,-0.7463213,-0.7468038811521825,23940.0,28970.0,32900.0,28030.0,32800.0,37040.0,41760.0,46050.0,49390.0,51560.0,55730.0,60300.0,704910.0,848240.0,857630.0,39762.97,40818.56,43190.0,21.665177114808984,20.33309216779447,1.1069980194284637,8.618646947147052,2.654706124819138,5.809710092663735,-0.5721547615594397,0.5026536369104485,450,411,-39,39,0,Low Exposure Manual & Technical
43-5111,2.88,2.5,3.38,2.62,3.12,1.88,1.0,2.0,1.62,2.38,3.0,3.0,3.12,2.12,1.5,2.0,2.0,2.25,3.0,3.25,2.75,3.0,2.5,2.25,4.0,1.5,3.0,3.25,3.25,2.25,3.25,1.62,3.38,1.88,2.38,1.62,3.25,1.62,1.62,3.0,3.12,2.25,1.62,2.0,2.25,2.75,2.38,2.75,2.5,1.5,3.38,3.12,3.57,2.75,3.57,3.14,4.4,3.76,3.73,2.94,3.44,4.36,2.29,3.51,3.87,3.87,4.11,3.2,3.78,3.88,3.89,3.44,3.91,3.77,4.29,2.8,2.88,4.05,3.1,3.37,2.49,4.23,2.8,2.83,2.72,3.05,3.19,2.37,2.57,2.78,3.62,4.06,3.89,"Weighers, Measurers, Checkers, and Samplers, Recordkeeping",Office & Admin Support,-0.1860789,-0.1861992159164733,23980.0,30000.0,34580.0,28190.0,34490.0,38650.0,43320.0,47130.0,53060.0,51540.0,53600.0,60120.0,60920.0,52610.0,49720.0,40751.52,43185.95,45650.0,-18.384766907419568,-13.640840446487196,-5.4932522334157,12.020361449094404,5.973838521851437,5.705675109613203,-0.0729761053180382,0.2839279259120933,335,342,7,7,1,Moderate Exposure Service & Healthcare
43-6011,1.75,2.25,3.12,1.62,3.12,1.25,1.0,1.25,1.25,1.12,2.88,2.62,3.0,3.0,1.0,1.0,1.0,1.88,3.0,3.38,1.88,2.88,2.75,1.62,3.88,1.0,2.62,4.0,4.0,3.0,3.12,1.0,3.25,1.0,1.0,1.25,3.0,1.0,1.0,3.88,4.0,2.62,1.0,1.0,1.38,2.88,1.5,1.88,2.25,2.12,4.0,4.0,2.82,3.47,2.71,4.45,4.64,1.96,3.2,2.65,2.84,3.79,1.25,4.53,2.51,3.36,4.5,2.39,2.77,3.92,2.28,2.86,2.93,3.67,3.42,2.73,1.42,4.49,4.43,2.22,3.1,3.98,2.32,1.68,1.5,3.14,4.26,2.04,1.78,3.73,2.3,4.15,4.41,Executive Secretaries and Executive Administrative Assistants,Office & Admin Support,1.079643,1.080341128104268,37890.0,43520.0,48300.0,48020.0,53070.0,60000.0,75820.0,81930.0,90440.0,91330.0,101600.0,107710.0,542690.0,475240.0,472770.0,70815.07,71324.38,74260.0,-12.883966905599884,-12.428826770347712,-0.5197373958421009,4.8646848756909975,0.7192113204152698,4.115871739789389,1.007219479988866,-1.1083567551667697,148,147,-1,1,2,High Exposure Analytical & Office
43-6012,2.0,2.25,3.0,2.0,3.0,1.38,1.0,1.38,1.0,1.0,2.75,2.0,2.12,2.75,1.0,1.0,1.0,2.0,2.88,3.12,2.0,2.12,2.12,1.0,4.0,1.0,2.12,4.0,3.88,2.62,2.38,1.0,3.0,1.0,1.0,1.0,3.12,1.0,1.0,3.75,3.75,2.12,1.0,1.0,1.0,2.5,2.0,2.0,2.25,2.12,4.0,3.88,3.91,3.12,2.79,3.82,4.41,2.08,2.79,2.79,2.6,3.98,1.19,4.09,2.48,2.99,3.87,2.41,2.28,3.76,2.72,3.38,2.72,3.76,3.93,1.49,1.42,4.19,4.48,2.26,2.93,4.26,2.23,1.52,1.21,2.52,3.82,1.65,2.0,3.12,2.95,3.72,4.33,Legal Secretaries and Administrative Assistants,Office & Admin Support,1.014541,1.0151970316985424,28760.0,31240.0,35530.0,35780.0,38960.0,42720.0,63480.0,64590.0,72090.0,79610.0,81400.0,87660.0,168140.0,159940.0,154540.0,55009.9,52731.18,54140.0,-8.088497680504341,-4.876888307362911,-3.37626609978742,-1.5813517203267076,-4.142381644031349,2.671702017667725,0.7734294463025627,-1.094351593838476,165,200,35,35,2,High Exposure Analytical & Office
43-6013,2.0,1.88,3.0,1.88,3.12,1.12,1.0,1.25,1.0,1.0,2.12,2.75,2.12,2.12,1.0,1.0,1.0,1.62,3.12,3.12,2.0,2.12,2.12,1.0,3.38,1.0,2.12,4.0,4.0,2.0,2.12,1.0,3.0,1.0,1.0,1.0,2.88,1.0,1.0,3.75,3.75,1.88,1.0,1.0,1.0,2.88,1.5,1.88,2.0,1.5,4.0,3.12,3.51,4.09,2.58,3.56,4.23,2.42,3.55,2.99,2.8,3.98,1.48,4.01,2.45,3.75,4.25,2.35,2.49,3.31,2.35,3.5,3.27,4.02,2.9,3.08,1.68,3.87,4.1,2.07,4.29,4.36,2.87,1.74,1.49,3.42,3.93,3.11,2.67,2.98,2.89,3.89,4.46,Medical Secretaries and Administrative Assistants,Office & Admin Support,1.217982,1.2187695811882238,26180.0,30230.0,35050.0,30590.0,35240.0,37880.0,44650.0,46550.0,49720.0,53230.0,55620.0,60050.0,604780.0,682630.0,830760.0,42542.54,41618.5,44640.0,37.36565362611197,12.872449485763418,21.699895990507304,4.930265094655841,-2.172037682752372,7.259992551389407,0.804346424672743,-1.1082439061626645,115,190,75,75,2,High Exposure Analytical & Office
43-6014,2.0,1.88,3.0,1.88,3.0,1.0,1.0,1.12,1.0,1.0,2.25,2.12,2.0,2.5,1.0,1.0,1.0,1.88,3.0,3.62,2.0,2.0,2.12,1.0,3.88,1.0,2.12,4.0,4.0,2.0,2.25,1.0,3.12,1.0,1.0,1.0,3.0,1.0,1.0,3.75,3.75,2.0,1.0,1.0,1.0,2.88,1.75,2.0,2.12,2.12,4.0,4.0,2.79,3.17,2.26,3.47,4.17,2.1,2.59,2.39,2.41,3.59,1.39,3.76,2.41,3.49,4.16,1.71,2.07,3.43,1.99,2.66,2.64,3.26,3.19,2.17,1.63,3.77,4.06,2.14,2.87,3.45,2.15,1.59,1.31,2.89,3.1,1.58,1.76,3.0,2.49,3.1,4.38,"Secretaries and Administrative Assistants, Except Legal, Medical, and Executive",Office & Admin Support,1.099056,1.0997666809832018,24250.0,29000.0,31600.0,30100.0,34620.0,37770.0,47510.0,49920.0,55650.0,57570.0,60790.0,64150.0,2038340.0,1826710.0,1737820.0,43833.47,44321.0,46290.0,-14.743369604678316,-10.382468086776496,-4.866125438630106,5.6042334772948585,1.1122322736484216,4.442589291757858,0.5643882603394715,-1.1387669220327195,146,235,89,89,2,High Exposure Analytical & Office
43-9021,2.0,2.12,3.12,2.0,2.88,1.88,1.0,1.62,1.62,1.88,2.75,3.75,2.75,2.12,1.0,1.38,1.5,2.0,3.0,3.5,2.0,2.38,2.38,1.62,3.88,1.0,2.12,3.5,3.0,2.0,3.5,1.0,2.88,1.62,1.38,1.0,3.38,1.0,1.0,3.25,3.5,2.5,1.0,1.5,1.62,2.75,2.0,2.0,2.38,3.12,3.88,3.12,3.55,2.38,2.55,3.28,4.27,2.39,2.8,2.69,2.77,4.41,1.66,3.56,2.82,4.1,4.25,2.83,2.42,3.44,2.07,3.15,3.61,4.21,3.34,1.93,1.55,3.85,3.91,2.54,2.68,4.5,2.26,1.65,1.65,2.44,2.58,1.85,1.75,2.9,3.28,4.11,4.71,Data Entry Keyers,Office & Admin Support,0.3108081,0.3110090823040394,23380.0,26850.0,30100.0,27700.0,30830.0,34900.0,39850.0,43540.0,47260.0,49190.0,51510.0,56930.0,159930.0,157380.0,135280.0,38948.87,39121.39,39850.0,-15.412993184518225,-1.5944475708122303,-14.04244503748888,2.313622962617394,0.4429396796363971,1.8624338245650285,0.26978210371597333,-0.5403776723892123,264,283,19,19,2,High Exposure Analytical & Office
43-9022,2.0,2.12,3.0,2.0,3.0,1.38,1.0,1.5,1.0,1.0,2.38,3.0,2.5,2.0,1.0,1.0,1.0,1.62,2.62,3.12,2.12,2.38,2.0,1.12,4.0,1.0,2.25,3.38,3.12,1.88,3.0,1.0,2.88,1.0,1.0,1.25,2.88,1.0,1.0,3.0,3.5,2.25,1.0,1.0,1.0,2.25,2.0,1.88,2.5,3.12,3.75,3.25,2.86,3.12,2.29,3.53,3.99,2.42,2.13,2.33,2.34,3.89,1.62,3.95,2.68,3.26,3.81,2.03,2.38,3.26,2.81,2.49,2.23,3.21,2.71,2.63,1.43,3.93,3.91,2.1,3.09,3.7,2.18,1.56,1.49,3.09,2.65,1.61,1.69,2.73,2.47,3.15,4.15,Word Processors and Typists,Office & Admin Support,0.6219606,0.6223627804528301,27850.0,31140.0,35300.0,33550.0,36970.0,39740.0,48710.0,50380.0,56000.0,58860.0,59640.0,64370.0,47460.0,41990.0,36030.0,46915.42,47920.73,47850.0,-24.0834386852086,-11.525495153813738,-14.193855679923791,1.992052932703153,2.142813599451945,-0.1475979184791131,0.19186910462297907,-0.7795156830221192,228,297,69,69,2,High Exposure Analytical & Office
43-9031,2.38,1.88,3.62,2.38,3.5,2.0,1.0,1.75,1.0,1.5,3.0,2.62,3.0,3.75,1.38,1.38,1.38,2.0,3.0,4.0,2.38,2.0,2.5,1.88,4.12,1.5,2.38,3.62,3.12,3.88,3.5,1.38,3.62,1.5,1.38,1.5,3.12,1.5,1.5,3.12,3.12,2.38,1.38,1.5,1.38,2.62,1.88,3.62,3.88,2.12,3.75,3.62,2.88,2.22,2.83,3.34,3.92,2.21,3.4,3.06,2.79,3.41,1.93,3.47,2.52,2.8,4.33,2.49,2.2,3.51,2.34,3.64,3.09,3.8,3.07,2.19,1.31,3.92,3.2,2.11,2.45,3.65,2.85,2.28,1.79,2.45,3.33,2.48,2.47,4.15,2.96,3.92,4.47,Desktop Publishers,Office & Admin Support,0.3437743,0.3439965989844861,23850.0,29370.0,34650.0,33060.0,33720.0,42680.0,60720.0,68000.0,71990.0,78190.0,86820.0,92880.0,8740.0,6560.0,4000.0,52788.57,51790.71,53620.0,-54.23340961098398,-24.94279176201373,-39.02439024390244,1.5750189861176391,-1.8902955696659345,3.532081332733227,0.48093841248727337,-0.43870687726666635,262,250,-12,12,1,Moderate Exposure Service & Healthcare
43-9041,1.88,2.25,3.12,1.88,3.38,1.25,1.0,1.62,1.0,1.12,2.62,2.0,2.62,2.38,1.12,1.0,1.0,2.0,3.12,3.38,1.88,2.62,2.38,1.25,3.5,1.0,2.62,3.62,3.5,2.25,2.75,1.12,3.25,1.25,1.25,1.25,2.88,1.12,1.25,3.5,3.5,2.38,1.25,1.12,1.12,2.62,2.12,2.12,2.0,1.88,3.62,3.38,3.01,2.62,2.07,3.77,4.08,1.61,2.19,2.15,2.54,4.07,1.04,3.75,2.16,4.02,4.2,1.65,1.66,3.45,2.11,3.38,2.53,3.63,3.21,1.68,1.15,3.52,3.54,1.54,2.6,4.11,2.21,1.15,1.02,2.96,2.13,1.94,1.23,2.24,2.66,3.62,4.42,Insurance Claims and Policy Processing Clerks,Office & Admin Support,1.240201,1.241002948489364,28380.0,33710.0,36900.0,34030.0,37710.0,41600.0,50550.0,54890.0,59500.0,61910.0,64350.0,73100.0,257000.0,227580.0,229070.0,47392.25,49812.48,48450.0,-10.867704280155642,-11.447470817120625,0.6547148255558485,2.231905005565256,5.106805437597911,-2.73521816219549,0.5066133303570967,-1.1041506492041981,109,247,138,138,2,High Exposure Analytical & Office
43-9051,3.0,2.0,3.12,2.62,3.0,2.12,1.38,2.12,1.75,2.38,2.88,3.12,2.5,2.0,1.12,2.0,2.0,2.12,2.88,3.12,3.12,2.12,2.12,2.62,3.38,1.25,2.12,3.25,3.0,2.0,2.88,1.5,3.0,2.5,2.25,2.12,2.88,1.25,1.75,2.88,3.12,2.12,1.75,2.12,2.88,2.25,2.75,2.25,2.25,2.12,3.12,2.88,2.39,3.11,2.49,2.09,3.59,3.51,2.88,2.25,2.31,2.62,2.14,3.23,2.91,2.79,3.58,2.41,3.7,3.44,3.39,2.39,3.03,3.06,3.04,2.13,2.64,2.87,2.86,3.74,1.92,3.29,2.62,2.2,2.69,2.87,1.7,2.15,1.61,2.78,2.83,2.84,3.29,"Mail Clerks and Mail Machine Operators, Except Postal Service",Office & Admin Support,-0.8184676,-0.8189968325594574,21380.0,26280.0,29460.0,25420.0,30390.0,34440.0,38470.0,39920.0,44940.0,47110.0,47990.0,52150.0,83580.0,67750.0,62730.0,36006.48,37910.67,38150.0,-24.94615936826992,-18.93993778415889,-7.409594095940959,5.953150655104293,5.28846474301291,0.6312998424981721,-0.9172484274415567,0.4727640699394462,465,490,25,25,4,Low Exposure Routine Service
43-9061,2.0,2.12,3.0,2.12,3.0,1.5,1.0,1.38,1.0,1.0,2.75,2.38,2.62,2.75,1.0,1.0,1.0,2.0,3.0,3.12,1.88,2.75,2.12,1.38,3.38,1.0,2.62,3.75,3.88,2.12,2.62,1.0,3.12,1.0,1.0,1.0,3.0,1.0,1.0,3.38,3.38,2.12,1.0,1.0,1.38,2.88,1.75,2.12,2.12,1.5,3.75,3.62,2.87,2.61,2.24,3.47,4.03,2.08,2.47,2.1,2.32,3.54,1.31,3.53,2.42,3.22,3.89,1.98,2.08,3.31,2.51,2.37,2.54,3.09,3.02,2.3,1.84,3.44,3.72,2.17,2.95,3.53,1.68,1.6,1.56,2.51,3.07,1.51,2.06,2.61,2.52,3.16,4.25,"Office Clerks, General",Office & Admin Support,0.9888986,0.989538050750581,21140.0,26000.0,29120.0,26220.0,31180.0,35350.0,43590.0,47880.0,52560.0,55300.0,59700.0,63840.0,2956060.0,2517350.0,2510550.0,39588.52,41121.24,43630.0,-15.071074335432971,-14.841038409233912,-0.270125330208354,10.208717072525054,3.8716274313866585,6.100886062774377,0.35665921377796767,-0.9547371963864796,171,269,98,98,2,High Exposure Analytical & Office
43-9071,3.0,2.75,2.75,2.88,2.75,2.38,1.0,2.0,1.38,2.38,2.75,2.88,2.5,2.12,1.12,2.0,2.0,2.5,2.75,3.25,2.75,2.75,2.0,2.38,3.62,1.0,2.75,3.12,3.12,2.12,2.75,1.12,3.0,2.62,2.25,1.75,3.0,1.12,1.0,2.88,2.88,2.0,1.62,2.12,2.12,2.62,2.5,2.62,2.75,2.12,3.62,2.88,2.58,2.35,2.58,2.92,3.46,3.41,3.25,2.54,2.61,2.78,1.77,3.24,2.78,2.49,3.72,2.49,3.16,2.94,2.77,2.39,3.17,3.06,3.1,2.82,1.86,3.55,3.0,2.88,2.78,3.29,2.21,2.79,2.35,2.72,2.75,2.15,1.92,3.26,2.67,3.25,3.99,"Office Machine Operators, Except Computer",Office & Admin Support,-0.5171404,-0.5174747876688643,23120.0,27040.0,29850.0,27300.0,30920.0,34420.0,40600.0,42250.0,46680.0,50490.0,51210.0,56340.0,45960.0,30410.0,24740.0,38902.35,39683.51,39020.0,-46.17058311575283,-33.833768494342905,-18.645182505754686,0.3024238895593748,2.0080020872775126,-1.6720043161504663,-0.5385171842997346,0.24405613444458804,395,403,8,8,4,Low Exposure Routine Service
43-9081,1.88,1.62,2.5,1.38,3.12,1.0,1.0,1.38,1.0,1.0,1.75,2.0,2.5,2.0,1.0,1.0,1.0,1.5,2.75,3.0,1.88,2.0,2.0,1.0,3.88,1.0,1.38,3.75,3.5,1.88,3.12,1.0,3.25,1.0,1.12,1.0,2.88,1.0,1.0,3.0,3.0,2.12,1.0,1.0,1.0,1.88,1.62,1.75,2.12,1.38,4.38,3.62,3.11,1.49,1.28,1.93,3.22,1.16,1.59,1.51,1.89,3.26,1.26,3.81,1.74,3.26,4.36,1.25,1.65,3.76,1.33,2.67,1.77,2.89,2.37,1.27,1.0,3.45,1.82,1.19,1.4,4.09,1.38,2.0,1.0,1.19,2.57,1.28,1.25,2.31,1.32,3.54,4.1,Proofreaders and Copy Markers,Office & Admin Support,1.288375,1.2892080988725998,24630.0,29350.0,33530.0,31660.0,34870.0,38590.0,54120.0,57940.0,62380.0,63920.0,72660.0,78040.0,7730.0,5120.0,5160.0,47252.69,49088.21,49210.0,-33.247089262613194,-33.76455368693402,0.78125,4.142219204874892,3.884477264680586,0.2481043818872207,0.171197560440762,-1.265550080022564,91,304,213,213,2,High Exposure Analytical & Office
43-9111,1.5,2.12,3.38,1.38,3.62,1.25,1.0,1.5,1.0,1.0,2.75,2.12,3.25,3.12,1.0,1.0,1.0,1.75,3.75,3.75,1.5,4.62,2.88,1.0,3.75,1.0,4.0,3.88,3.75,3.0,3.0,1.0,3.12,1.0,1.0,1.0,3.25,1.0,1.0,3.5,3.5,3.0,1.0,1.0,1.0,2.38,1.5,2.0,2.75,1.5,4.0,3.88,4.43,2.34,3.1,3.48,4.38,1.56,3.07,2.62,3.1,3.8,1.37,4.1,3.03,3.54,4.49,2.41,1.46,3.37,1.38,4.08,2.06,3.85,2.35,1.9,1.15,4.22,3.01,1.65,2.7,4.37,3.0,1.22,1.16,2.63,2.87,1.97,1.88,2.81,2.93,3.87,4.78,Statistical Assistants,Office & Admin Support,1.389965,1.3908637892332287,31980.0,35820.0,38050.0,39090.0,41330.0,45970.0,61990.0,64560.0,63620.0,75650.0,79250.0,79410.0,9810.0,6710.0,5900.0,57998.810000000005,52839.28,51440.0,-39.85728848114169,-31.60040774719674,-12.071535022354697,-11.30852512318788,-8.895923899128285,-2.6481814286644307,1.3267087093472487,-1.5346032886533474,31,65,34,34,2,High Exposure Analytical & Office
45-1011,3.12,2.5,3.38,3.0,3.38,2.88,1.62,2.5,2.38,2.75,3.38,2.75,3.0,3.0,2.12,2.62,2.12,2.5,3.38,3.38,3.0,2.62,2.5,2.88,3.5,1.88,2.62,3.88,3.75,2.62,3.0,2.12,3.88,2.62,2.62,2.62,2.75,2.0,2.5,3.5,3.5,2.75,1.38,2.62,2.75,2.88,2.88,2.75,3.0,2.5,3.12,3.12,3.09,2.47,3.2,3.03,4.02,3.64,3.84,3.24,3.23,3.47,2.38,3.46,3.41,3.55,4.02,3.59,3.58,3.76,3.93,2.88,3.64,3.97,3.81,3.37,3.8,3.77,2.94,3.59,2.32,3.52,2.6,2.52,3.42,3.25,3.6,2.34,2.53,2.99,3.2,3.4,2.91,"First-Line Supervisors of Farming, Fishing, and Forestry Workers",Farming & Fishing,-0.4791843,-0.4794941444077454,30130.0,36020.0,39610.0,36940.0,42850.0,47660.0,64000.0,70640.0,76640.0,80950.0,85400.0,90840.0,22560.0,27670.0,29530.0,56149.64,58903.69,59330.0,30.895390070921984,22.65070921985816,6.722081676906397,5.66407905731898,4.904839995412251,0.7237407367857684,-0.6247714183108415,0.8800612005285052,386,423,37,37,0,Low Exposure Manual & Technical
45-2011,2.62,3.0,3.12,2.38,3.88,2.25,1.0,2.0,1.0,2.12,3.5,2.62,3.5,2.75,1.75,2.0,1.88,2.38,3.88,3.12,2.5,2.5,2.12,2.5,3.88,1.62,2.38,3.88,3.75,2.62,3.25,1.88,4.0,2.12,2.12,1.88,3.0,1.75,2.0,3.5,3.25,3.12,2.0,2.0,2.0,2.75,2.25,2.88,2.75,1.88,3.62,3.12,3.16,2.53,2.66,3.82,4.45,2.34,2.86,2.12,2.79,4.46,1.42,4.02,3.04,4.43,4.31,2.46,2.99,4.25,3.9,3.58,3.81,3.97,3.77,2.08,3.36,3.9,3.07,3.44,3.28,3.66,2.84,2.11,1.9,3.55,3.01,2.23,1.97,2.68,3.59,3.79,3.93,Agricultural Inspectors,Farming & Fishing,0.1704867,0.1705969473560133,28100.0,32610.0,37440.0,33960.0,36610.0,42740.0,56340.0,57740.0,64960.0,70320.0,72220.0,80240.0,13760.0,14000.0,12090.0,52904.87,48342.32,50990.0,-12.136627906976743,1.744186046511628,-13.642857142857142,-3.619458851330704,-8.624064287465412,5.476940287516198,0.051141128106693835,0.06539226433719057,277,325,48,48,1,Moderate Exposure Service & Healthcare
45-2021,3.0,2.0,3.12,2.62,3.12,2.12,1.12,2.62,1.75,2.5,3.0,3.0,2.75,2.0,1.5,2.25,2.25,2.0,3.0,3.0,2.88,2.38,1.75,3.0,3.5,1.38,2.12,3.0,2.88,1.88,2.62,1.38,3.12,1.88,1.88,2.0,2.5,1.62,1.75,3.0,2.88,2.25,2.0,2.62,3.0,1.88,3.0,2.38,2.5,1.75,2.88,2.62,2.29,2.54,2.25,2.63,2.76,2.54,1.71,2.71,2.2,3.84,1.45,3.43,2.72,3.04,3.59,1.89,3.82,4.14,2.98,2.26,3.12,3.52,3.45,2.8,2.45,3.04,2.49,4.07,2.34,3.13,2.7,1.59,1.82,2.21,2.79,2.7,1.64,2.29,2.5,3.01,2.97,Animal Breeders,Farming & Fishing,-1.044292,-1.044967255654987,26030.0,29640.0,37130.0,31730.0,36700.0,43310.0,56750.0,60240.0,59630.0,69550.0,73580.0,89970.0,1610.0,1270.0,1730.0,49915.96,48990.92,52000.0,7.453416149068323,-21.11801242236025,36.22047244094488,4.175097503884532,-1.85319484990372,6.142117763863185,-0.9481966167160247,0.4920148174230361,536,501,-35,35,4,Low Exposure Routine Service
45-2041,2.75,2.0,3.12,2.12,2.38,1.62,1.38,2.25,1.38,2.25,2.25,3.0,2.38,1.25,1.0,2.0,1.88,1.5,2.38,2.25,3.25,1.62,1.62,2.5,3.25,1.0,1.75,3.0,2.88,1.38,2.12,1.0,2.62,2.0,2.0,1.25,2.25,1.0,1.0,2.75,2.88,1.62,1.38,2.25,2.62,1.62,2.88,2.5,1.62,1.75,2.12,1.88,2.47,2.44,2.88,2.44,4.28,2.82,2.77,1.98,2.31,2.94,1.32,3.06,2.97,3.22,4.22,2.74,4.6,4.32,3.03,2.7,3.39,3.17,3.74,2.28,2.46,3.2,1.89,3.73,1.34,3.38,2.51,1.51,1.64,2.65,2.18,1.97,1.74,2.34,2.74,2.84,1.86,"Graders and Sorters, Agricultural Products",Farming & Fishing,-1.370968,-1.3718544916452309,19530.0,25350.0,30490.0,23390.0,30190.0,33550.0,29370.0,35280.0,38010.0,33250.0,40330.0,43280.0,34340.0,23280.0,26870.0,29854.21,35186.55,35430.0,-21.753057658707046,-32.207338380896914,15.420962199312717,18.67672934571037,17.86126646794538,0.6918836885116739,-0.8737050039277154,0.26660677996268534,599,478,-121,121,4,Low Exposure Routine Service
45-2091,3.25,2.88,2.5,3.88,3.0,3.38,1.38,2.12,1.75,3.0,3.38,3.0,2.62,2.25,2.0,2.12,2.0,3.12,2.88,3.0,3.12,1.62,2.12,3.88,3.62,1.75,1.75,3.25,3.12,2.12,2.88,2.38,3.38,3.25,3.25,3.25,2.88,2.12,2.25,3.12,3.0,2.25,2.12,2.38,3.12,2.5,3.12,2.62,2.88,2.12,2.25,2.0,2.12,3.4,2.92,2.06,3.92,4.16,3.59,2.29,3.53,3.06,2.01,4.18,2.58,3.34,3.4,3.55,4.15,3.7,4.27,2.55,2.56,2.39,3.48,3.19,4.44,2.33,2.06,3.96,2.04,4.1,2.51,2.69,3.77,3.58,2.29,2.12,2.05,3.18,3.14,3.49,2.38,Agricultural Equipment Operators,Farming & Fishing,-1.145156,-1.145896476567818,21720.0,28370.0,31240.0,26410.0,33540.0,36640.0,38730.0,44930.0,48690.0,47150.0,51700.0,57790.0,26990.0,28830.0,30940.0,37157.85,40840.18,42580.0,14.63505001852538,6.817339755464986,7.318765175164758,14.592205953789042,9.909965189051578,4.260069372857807,-1.385018150452182,1.3639449607827292,559,614,55,55,0,Low Exposure Manual & Technical
45-2092,3.88,2.25,2.88,3.88,3.0,2.5,2.62,3.5,3.38,3.75,3.12,3.62,2.62,2.62,2.0,3.12,3.0,2.25,2.88,2.75,3.75,2.25,2.12,3.75,3.5,1.75,2.12,3.12,3.25,2.62,2.38,2.12,3.0,3.5,3.25,2.75,2.75,1.88,2.62,3.0,3.0,2.38,2.38,3.5,3.62,2.5,4.0,2.38,2.75,2.5,2.62,2.88,3.27,2.77,2.95,3.19,3.67,3.58,3.01,3.11,2.91,3.02,2.2,3.31,3.23,3.32,3.79,2.72,3.86,3.75,3.48,2.86,3.19,3.47,3.19,3.05,3.56,3.31,2.57,4.04,2.88,3.12,2.84,2.42,3.4,2.76,2.97,2.66,2.16,3.08,3.31,3.57,2.64,"Farmworkers and Laborers, Crop, Nursery, and Greenhouse",Farming & Fishing,-1.601349,-1.602384461139985,23010.0,29120.0,32260.0,23920.0,31040.0,34280.0,29780.0,35210.0,38950.0,36910.0,41540.0,46370.0,295520.0,284000.0,261690.0,29586.72,35673.0,35690.0,-11.447617758527342,-3.898213318895506,-7.855633802816901,20.6284441127641,20.57098590178296,0.0476550892832113,-1.5832102937774928,1.620303963489266,623,638,15,15,0,Low Exposure Manual & Technical
45-2093,3.38,2.5,3.0,3.62,3.38,2.88,1.5,2.38,1.88,2.75,3.12,3.12,3.0,2.5,2.0,2.88,2.12,2.5,3.12,3.12,3.12,2.12,2.12,3.12,3.25,1.88,2.12,3.38,3.0,2.62,2.88,2.12,3.75,2.62,2.75,2.75,3.0,1.88,2.5,3.12,3.0,2.38,2.0,2.62,3.12,2.62,3.25,2.62,2.75,2.25,3.0,2.62,3.05,2.76,2.5,2.83,3.64,3.46,3.09,2.9,3.2,3.53,1.96,3.38,3.36,3.27,3.53,3.0,3.73,3.6,3.38,2.57,3.54,3.97,3.98,3.02,3.77,3.21,2.82,3.99,3.08,3.32,2.22,2.21,2.8,2.65,3.03,2.37,1.95,2.71,3.22,3.31,2.5,"Farmworkers, Farm, Ranch, and Aquacultural Animals",Farming & Fishing,-1.108432,-1.109148730010049,18930.0,23200.0,27110.0,22580.0,28770.0,31220.0,35420.0,41600.0,44280.0,43700.0,51550.0,51840.0,36630.0,33020.0,35420.0,32366.29,36916.15,36150.0,-3.303303303303303,-9.855309855309857,7.268322228952149,11.69028022674208,14.057403551658224,-2.075378933068593,-1.0939843275802885,1.0811737155924912,552,543,-9,9,0,Low Exposure Manual & Technical
45-4011,3.0,2.38,3.0,3.0,3.12,3.0,1.62,3.12,2.0,2.88,3.12,3.0,3.12,2.75,2.0,2.5,2.12,2.5,3.0,3.0,3.0,2.0,2.12,3.12,3.12,1.62,2.0,3.5,3.25,2.62,3.0,2.12,3.5,2.0,2.5,2.75,3.0,2.0,2.75,3.0,3.0,2.12,2.12,3.12,3.25,2.88,3.12,2.75,3.0,2.0,3.0,2.75,3.01,1.9,2.59,3.03,3.95,3.13,3.06,3.2,2.81,3.37,1.73,3.42,3.16,3.19,3.97,2.54,3.63,3.69,3.67,2.68,3.1,3.79,3.76,2.24,4.46,3.4,2.6,4.18,3.53,3.43,2.13,1.95,3.28,2.41,2.85,1.34,1.96,3.31,2.74,3.4,3.17,Forest and Conservation Workers,Farming & Fishing,-1.064205,-1.0648931318450767,22770.0,26690.0,33050.0,25430.0,31200.0,36400.0,36420.0,39690.0,45200.0,46870.0,48270.0,54190.0,6760.0,6080.0,5630.0,36948.51,34883.869999999995,43680.0,-16.715976331360945,-10.059171597633137,-7.401315789473683,18.21856957154699,-5.587884328759148,25.21546491257996,-1.061168407230414,1.025975269654544,539,534,-5,5,0,Low Exposure Manual & Technical
45-4021,3.5,3.38,3.0,3.63,2.88,3.38,1.75,3.0,2.13,3.25,3.25,2.75,3.25,2.13,2.0,3.38,3.0,3.25,2.75,3.13,3.5,2.25,1.88,3.75,3.38,2.0,2.5,3.0,3.0,2.13,3.0,2.63,3.13,3.13,4.13,3.13,2.88,2.38,2.88,2.88,2.75,2.38,3.5,3.38,3.5,2.5,3.38,3.25,3.13,2.75,2.13,2.0,1.8,2.39,1.66,1.51,2.95,4.33,2.14,2.28,1.74,1.73,1.84,3.14,2.78,2.44,3.44,1.62,4.2,3.94,3.54,1.96,3.33,2.92,3.59,1.75,3.77,2.47,1.51,4.34,1.47,1.93,1.59,1.41,3.46,1.66,1.78,1.64,1.26,1.52,1.79,2.24,1.11,Fallers,Farming & Fishing,-1.795407,-1.7965679433725172,30820.0,31660.0,35620.0,35350.0,40980.0,43670.0,61820.0,64340.0,65040.0,78950.0,91380.0,84510.0,4890.0,4530.0,4110.0,51927.95,53141.96,53900.0,-15.950920245398772,-7.361963190184049,-9.271523178807946,3.79766580425377,2.3378739195365785,1.4264434356580016,-2.3771836107809596,1.949945073606613,644,655,11,11,0,Low Exposure Manual & Technical
45-4022,3.75,2.88,3.0,4.0,2.88,3.62,1.12,2.25,1.5,2.88,3.5,3.0,2.88,2.0,2.25,2.12,2.0,2.88,2.88,3.0,3.12,2.38,2.0,3.75,3.25,2.5,2.38,3.0,3.0,2.12,3.12,2.75,3.5,3.5,3.88,3.5,3.0,2.12,3.0,2.88,2.88,2.12,2.25,2.0,2.88,2.12,3.0,3.12,3.12,2.12,2.62,2.25,2.44,3.5,3.06,3.14,3.9,4.62,3.19,3.37,3.52,2.61,2.0,3.78,3.81,3.99,4.23,3.05,3.76,3.63,4.02,2.69,3.35,3.89,3.76,3.19,4.67,3.32,1.98,3.26,2.09,2.48,3.24,2.68,4.35,2.71,2.78,2.03,1.68,3.16,2.74,3.26,2.44,Logging Equipment Operators,Farming & Fishing,-1.003702,-1.0043510092553618,25430.0,29010.0,35050.0,32070.0,36060.0,43750.0,51170.0,55720.0,60640.0,60930.0,63650.0,72280.0,26030.0,24780.0,22520.0,48194.72,50158.4,49210.0,-13.484441029581252,-4.802151363810987,-9.120258272800646,2.106620808254512,4.0744712283835245,-1.8908099141918429,-1.3846861358626708,1.5023385527239976,524,613,89,89,0,Low Exposure Manual & Technical
45-4023,3.0,2.5,3.25,3.0,3.25,2.88,1.12,2.12,2.0,2.38,3.12,3.0,3.12,2.5,1.88,2.12,2.12,2.25,3.25,3.0,3.0,3.0,2.0,2.88,3.88,1.75,3.0,3.38,3.38,2.5,3.12,1.88,3.62,2.12,2.25,2.25,3.0,1.88,2.12,3.0,3.0,2.38,2.12,2.12,2.5,2.75,2.25,3.0,2.88,2.12,3.0,3.12,3.14,2.38,2.69,3.17,3.85,2.98,2.94,2.98,2.76,4.0,2.15,3.33,3.97,3.87,3.81,2.86,3.45,3.77,3.89,2.8,4.03,3.69,3.73,3.37,3.59,3.4,3.18,3.54,3.01,3.73,2.88,2.48,2.79,3.08,3.1,2.16,1.86,2.93,3.15,3.16,3.52,Log Graders and Scalers,Farming & Fishing,-0.4768305,-0.4771388223881485,25100.0,30890.0,35050.0,29600.0,35370.0,38390.0,46960.0,51560.0,56200.0,55400.0,61100.0,63370.0,3300.0,3950.0,3310.0,43356.64,45801.97,46710.0,0.303030303030303,19.69696969696969,-16.20253164556962,7.7343631794345695,5.640035759228579,1.9825129792452127,-0.5987194958797346,0.662480767846732,385,416,31,31,0,Low Exposure Manual & Technical
47-1011,3.0,2.5,3.0,3.0,3.5,2.5,1.25,2.0,1.75,2.31,3.185,2.875,2.94,2.94,2.06,2.13,2.31,2.5,3.315,3.5,3.06,2.875,2.25,2.815,3.56,1.75,2.815,3.94,3.875,2.88,2.94,2.12,3.685,2.0,2.25,2.125,3.06,1.88,2.125,3.25,3.12,2.435,1.75,2.12,2.315,2.94,2.5,2.875,3.125,1.88,3.565,3.25,2.9450000000000003,2.87,3.18,3.85,4.075,3.54,4.055,3.2750000000000004,3.43,3.04,3.405,3.825,3.42,3.975,4.26,3.645,3.88,3.92,4.12,3.12,3.63,4.18,3.955,2.965,3.83,4.015000000000001,2.86,3.785,2.7750000000000004,3.65,2.955,2.94,3.21,3.21,3.9,2.615,2.7750000000000004,3.335,3.4800000000000004,3.835,2.975,First-Line Supervisors of Construction Trades and Extraction Workers,Construction,-0.3054048,-0.3056022747057575,42730.0,47600.0,51290.0,53400.0,59100.0,62400.0,85540.0,93800.0,100200.0,106900.0,116940.0,126690.0,626180.0,720900.0,806080.0,77002.23,80080.48,78690.0,28.72975821648728,15.126640901977067,11.81578582327646,2.191845612782908,3.997611497744936,-1.7363532286519712,-0.2592007340655112,0.6389356647098586,357,365,8,8,1,Moderate Exposure Service & Healthcare
47-2011,3.75,3.0,3.0,4.0,3.88,2.88,1.12,2.75,1.88,3.0,3.0,3.75,3.0,3.0,2.0,2.62,2.88,2.88,3.5,3.0,3.75,2.12,2.0,3.62,4.0,1.88,2.12,3.12,3.0,2.12,3.0,2.0,3.88,2.88,3.0,2.75,3.0,2.0,2.25,3.0,2.88,2.38,1.62,2.88,3.0,2.75,3.0,2.75,3.0,2.0,3.0,3.0,3.0,2.23,2.05,2.82,3.49,3.13,2.75,2.53,2.37,2.95,3.04,2.88,3.02,3.34,3.94,3.09,3.4,3.68,3.96,2.25,3.35,3.76,3.11,2.75,3.71,3.33,2.59,3.71,2.21,3.18,2.06,2.85,4.13,2.22,3.34,1.85,1.81,2.72,2.56,3.55,3.15,Boilermakers,Construction,-1.097532,-1.0982416818268532,39840.0,46560.0,48390.0,52570.0,58100.0,62230.0,77870.0,81080.0,93520.0,94440.0,95700.0,107600.0,15820.0,13570.0,10170.0,73385.3,72340.52,73340.0,-35.714285714285715,-14.222503160556258,-25.05526897568165,-0.0617289838700705,-1.4236911207012832,1.3816323133977968,-1.2669965008207618,1.241587444477793,549,584,35,35,0,Low Exposure Manual & Technical
47-2021,3.75,2.62,3.0,3.0,3.0,2.75,1.88,3.62,2.12,3.88,3.0,3.25,2.88,2.25,2.12,3.0,3.12,2.62,3.0,3.25,3.75,2.75,2.0,3.62,3.75,2.0,2.88,3.0,3.0,2.62,2.88,2.0,3.12,2.25,2.88,2.12,3.0,2.0,2.12,2.88,2.88,2.12,2.12,3.0,3.75,2.88,4.0,2.88,3.62,2.0,3.0,2.25,2.88,2.43,3.05,2.64,3.91,3.25,3.86,3.3,3.42,2.72,2.92,3.31,3.47,3.58,4.09,3.24,4.15,3.9,4.13,3.22,3.4,3.84,4.04,3.09,3.74,3.8,2.06,3.88,2.29,3.34,2.64,1.54,3.2,2.94,3.89,1.85,1.76,3.07,3.24,3.42,1.77,Brickmasons and Blockmasons,Construction,-1.75434,-1.7554743885340494,32980.0,37490.0,41330.0,41520.0,47300.0,49430.0,66360.0,74000.0,77290.0,87360.0,93290.0,95560.0,60650.0,55530.0,53520.0,61755.3,63779.0,60800.0,-11.755976916735367,-8.441879637262986,-3.619665045921124,-1.5469117630389666,3.27696570172924,-4.670816412925885,-1.2554966413187074,1.493713855865529,638,581,-57,57,0,Low Exposure Manual & Technical
47-2022,3.88,2.62,3.12,3.0,3.12,2.88,1.88,3.25,2.25,3.38,3.38,3.25,2.75,2.75,2.12,2.88,3.12,2.25,2.88,3.38,3.75,2.62,2.12,3.38,3.88,1.75,2.75,3.25,3.0,2.75,2.88,2.25,3.62,2.25,2.75,2.5,3.25,2.0,2.25,3.0,3.0,2.5,2.25,3.62,4.0,2.5,3.88,2.88,3.62,2.38,2.62,2.38,2.28,2.79,2.97,3.05,4.19,3.99,3.41,3.1,3.09,2.93,3.03,3.14,3.75,3.88,4.51,3.53,4.28,3.8,4.22,3.36,3.43,3.99,4.17,2.92,4.1,3.69,2.22,4.47,2.61,3.67,2.69,2.36,3.2,3.24,3.36,2.76,2.27,3.67,3.36,3.4,2.07,Stonemasons,Construction,-1.714759,-1.7158677945763363,27510.0,34740.0,37420.0,33910.0,42410.0,44820.0,57720.0,64150.0,64120.0,75140.0,82430.0,83200.0,12390.0,10220.0,8750.0,50334.64,54277.01,51990.0,-29.37853107344633,-17.51412429378531,-14.383561643835616,3.2887093262214657,7.832319849709853,-4.213588773589398,-1.2027522904135113,1.563589743547533,631,567,-64,64,0,Low Exposure Manual & Technical
47-2031,3.5,2.88,3.12,3.12,3.5,2.75,1.62,2.88,3.0,2.75,3.38,3.62,3.0,2.62,1.88,2.38,2.75,2.62,3.25,3.5,3.62,2.88,2.5,3.38,3.62,1.75,2.75,3.38,3.38,2.88,3.0,2.12,3.88,2.62,3.12,2.75,3.12,1.88,2.62,3.0,3.0,2.5,1.75,2.62,3.38,2.75,3.5,2.62,3.88,2.75,3.0,2.75,3.44,2.86,3.01,3.08,3.91,3.48,3.64,2.86,3.33,3.17,3.6,3.41,3.32,3.44,4.12,3.35,4.05,4.19,4.08,3.08,3.45,3.83,4.08,2.94,3.65,3.7,2.75,4.01,2.86,3.63,2.6,2.34,3.0,3.19,3.47,2.24,2.11,3.51,3.08,3.55,2.63,Carpenters,Construction,-1.323631,-1.3244868824848697,30170.0,36160.0,38760.0,37140.0,43870.0,47550.0,63050.0,66240.0,75620.0,84690.0,89950.0,98370.0,734170.0,689770.0,697740.0,56207.79,55552.59,59310.0,-4.962066006510754,-6.047645640655435,1.1554576163068848,5.519181593868037,-1.1656747223116304,6.7636990462550965,-0.9849400720604331,1.3104212937630622,596,512,-84,84,0,Low Exposure Manual & Technical
47-2041,3.25,2.25,2.75,2.88,3.0,3.0,1.5,3.0,1.75,3.62,3.0,3.12,2.88,2.5,2.0,2.88,2.75,2.38,2.88,3.0,3.25,2.88,2.12,3.12,3.5,1.62,2.88,3.0,3.12,2.25,2.75,2.0,3.62,1.88,2.12,2.0,3.0,1.75,2.25,2.75,3.25,2.0,2.62,3.12,3.5,2.75,3.62,2.88,3.25,2.25,2.62,2.38,2.46,1.92,2.65,3.26,3.67,3.39,2.92,2.6,2.51,1.96,2.95,2.88,3.61,3.04,4.14,2.71,4.47,3.42,3.9,2.34,3.33,3.72,3.58,2.31,3.43,3.2,1.73,4.59,2.94,2.96,2.33,1.78,2.54,2.39,2.96,1.9,1.81,3.02,3.1,3.48,1.35,Carpet Installers,Construction,-1.564577,-1.565588683544345,24570.0,29120.0,32830.0,30990.0,35700.0,39140.0,56180.0,60350.0,65530.0,74240.0,78600.0,83200.0,26010.0,17400.0,14980.0,46624.67,48904.44,49850.0,-42.40676662821991,-33.102652825836216,-13.908045977011492,6.917646816588732,4.889621738877716,1.9334849760062789,-1.2769850691355205,1.2612911731123213,620,587,-33,33,0,Low Exposure Manual & Technical
47-2042,3.38,2.13,2.63,2.75,3.0,2.13,1.38,2.75,1.0,3.5,2.38,3.13,2.25,2.5,1.63,2.13,1.88,1.88,2.88,3.0,3.13,1.75,1.5,2.63,3.5,1.75,2.0,3.38,3.13,2.63,2.13,1.5,3.13,1.88,2.0,1.75,2.88,1.5,1.63,3.0,2.88,1.75,1.5,2.5,3.13,2.13,2.88,2.13,2.88,1.75,2.75,2.5,3.1,2.45,2.45,3.52,3.96,2.82,3.08,3.2,3.11,2.36,2.67,3.2,3.17,2.92,3.79,2.81,3.65,3.56,3.38,2.72,2.97,3.78,3.52,2.21,2.53,3.61,2.2,3.67,3.07,3.68,2.23,1.43,2.26,2.64,3.72,2.46,1.82,3.3,2.67,3.42,1.81,"Floor Layers, Except Carpet, Wood, and Hard Tiles",Construction,-1.301024,-1.3018652642942723,26740.0,32800.0,37190.0,33170.0,38300.0,44760.0,60600.0,64920.0,72390.0,78370.0,83320.0,97180.0,16290.0,20710.0,24850.0,51451.12,52828.47,54340.0,52.5475751995089,27.13321055862492,19.99034282955094,5.614804886657467,2.6770068367802264,2.8612034382218505,-0.7330542141222222,0.5319175278356254,592,444,-148,148,4,Low Exposure Routine Service
47-2043,3.75,2.12,2.75,3.62,2.75,2.62,1.5,3.0,1.62,3.12,2.75,3.25,2.38,2.12,1.62,2.88,2.25,1.75,2.75,2.88,3.62,2.0,2.12,3.62,3.25,1.62,2.12,3.12,3.0,2.0,2.62,1.88,2.75,2.75,3.0,2.38,3.0,1.62,2.0,2.75,2.88,2.0,2.5,3.25,3.12,2.12,3.62,2.5,2.88,2.75,2.38,2.12,2.8,2.83,3.12,3.29,4.05,4.09,3.61,3.2,2.93,2.95,2.59,3.38,3.6,3.45,4.19,3.29,4.01,4.07,4.31,3.39,3.24,3.9,4.33,3.3,3.49,3.61,1.94,4.08,3.74,3.69,2.96,2.66,3.68,3.09,3.37,2.67,2.16,3.45,3.72,3.66,2.01,Floor Sanders and Finishers,Construction,-1.748722,-1.7498527558099033,26940.0,29640.0,35790.0,32500.0,35600.0,41320.0,48500.0,60500.0,58230.0,60590.0,75360.0,66510.0,4940.0,4270.0,4140.0,46066.43,49790.86,49150.0,-16.194331983805668,-13.562753036437249,-3.0444964871194378,6.693746400578468,8.08491129006524,-1.287103697345257,-1.167242973985132,1.329086304210263,636,562,-74,74,0,Low Exposure Manual & Technical
47-2044,3.12,2.12,3.12,3.0,3.0,2.62,1.25,2.5,1.38,3.5,3.12,3.12,2.5,2.62,1.88,2.75,2.88,2.0,3.0,3.25,3.12,2.75,2.12,3.12,3.62,1.5,2.62,3.12,3.0,2.75,2.75,1.75,3.38,1.88,2.5,2.5,2.88,1.62,2.25,3.0,3.0,2.25,2.0,3.12,3.12,2.12,3.38,3.0,3.75,2.12,2.88,2.5,2.61,2.49,2.55,2.73,3.7,2.9,2.89,2.7,2.48,2.33,3.27,2.92,3.48,3.36,4.27,2.65,3.87,3.6,3.81,2.6,3.45,3.65,3.65,2.31,2.98,3.57,1.92,3.93,2.25,2.87,2.15,2.08,2.71,2.39,3.14,2.11,1.44,3.59,3.02,3.19,1.32,Tile and Stone Setters,Construction,-1.22543,-1.226222383527254,26030.0,33330.0,36140.0,33270.0,38800.0,44540.0,56600.0,62000.0,64980.0,74350.0,79130.0,82960.0,40470.0,40760.0,38740.0,50067.15,52255.54,52240.0,-4.274771435631332,0.7165801828514949,-4.955839057899902,4.339871552504983,4.370909868047211,-0.0297384736623157,-1.0417362536011456,1.0134044859126452,581,527,-54,54,0,Low Exposure Manual & Technical
47-2051,3.5,2.62,3.12,3.5,3.25,3.0,1.88,3.25,2.12,3.38,3.12,3.12,2.75,2.12,2.38,3.0,2.5,2.25,3.0,3.25,3.88,2.38,2.0,3.62,3.62,1.75,2.25,3.12,3.12,2.12,2.88,1.88,3.25,3.0,3.0,2.5,3.12,1.75,2.38,3.0,3.12,2.12,2.88,3.25,3.12,2.25,3.75,2.75,3.25,2.25,2.12,2.12,2.77,2.67,3.09,2.6,3.67,4.17,3.77,2.98,3.49,3.04,2.36,2.98,3.36,3.26,4.22,3.31,4.32,4.14,4.3,2.55,3.64,4.08,3.9,2.91,3.61,3.72,2.33,4.21,2.23,3.37,2.56,1.93,3.32,2.95,4.18,2.66,2.72,3.05,2.96,3.38,2.01,Cement Masons and Concrete Finishers,Construction,-1.777407,-1.7785563041709096,29750.0,35940.0,38290.0,35710.0,39780.0,46020.0,57600.0,60950.0,65840.0,74950.0,80680.0,87620.0,196120.0,196730.0,205230.0,52114.03,52212.3,54660.0,4.645115235570059,0.3110340607791148,4.320642504956031,4.885383072466285,0.1885672629808072,4.687975821789127,-1.3794307737955085,1.5544680819881203,642,610,-32,32,0,Low Exposure Manual & Technical
47-2053,3.38,2.5,2.75,3.12,2.88,2.88,2.12,3.0,2.25,3.25,3.25,3.25,2.62,2.5,2.0,2.75,2.38,2.0,2.62,3.0,3.75,2.0,2.0,3.5,3.5,1.75,2.25,2.88,2.75,2.0,2.88,1.88,3.12,2.62,2.88,2.25,3.0,1.88,1.88,2.75,2.88,2.0,2.12,3.12,3.12,2.38,3.5,3.0,3.12,2.12,2.12,1.88,2.54,2.46,2.92,2.63,3.79,4.04,3.53,2.93,2.88,2.16,3.05,3.22,3.24,2.85,4.18,2.93,4.17,3.4,3.9,2.66,2.91,3.64,3.85,2.29,3.48,3.73,1.92,4.41,2.58,2.76,2.54,2.69,3.13,2.85,3.6,1.98,1.75,3.03,3.34,2.85,1.59,Terrazzo Workers and Finishers,Construction,-1.776065,-1.7772134364037675,31590.0,35480.0,39360.0,36960.0,44310.0,46940.0,76430.0,65850.0,73490.0,92200.0,103080.0,104510.0,2970.0,1460.0,1450.0,60685.34,56568.73,57260.0,-51.178451178451176,-50.84175084175085,-0.684931506849315,-5.64442746798486,-6.783532892787628,1.222000211070682,-1.5225381151350794,1.5027198256034962,641,633,-8,8,0,Low Exposure Manual & Technical
47-2061,3.5,2.5,3.0,3.25,3.0,3.0,2.0,3.12,2.25,3.12,3.12,3.12,2.25,2.25,2.0,2.62,2.75,2.0,2.88,3.12,3.88,2.0,2.0,3.62,3.25,1.75,1.88,3.25,3.25,2.0,2.5,2.12,3.25,3.0,2.88,2.88,3.0,1.88,2.25,3.0,3.0,2.12,2.0,3.12,3.75,2.5,3.25,2.75,2.88,2.25,2.88,2.12,3.88,2.66,2.91,3.51,3.82,4.36,3.65,3.82,3.73,3.4,2.86,3.44,3.63,3.46,4.38,2.82,4.06,4.19,4.76,3.39,3.93,4.15,4.38,3.06,4.06,4.14,2.46,3.71,3.36,3.27,3.54,2.91,3.98,3.01,3.38,2.83,2.61,3.54,3.73,3.94,2.25,Construction Laborers,Construction,-1.622988,-1.6240374534001845,24880.0,29700.0,34200.0,29700.0,35330.0,38100.0,49160.0,51200.0,58910.0,67910.0,72430.0,77530.0,1020350.0,1012780.0,1057660.0,42868.18,44050.75,46730.0,3.656588425540256,-0.7419022884304406,4.4313671281028455,9.00859332026692,2.7586195635084105,6.082189293031333,-1.163255522033608,1.4641816253963016,626,561,-65,65,0,Low Exposure Manual & Technical
47-2071,3.0,2.62,2.75,3.75,3.0,3.0,1.75,2.38,1.88,3.0,3.12,2.88,2.5,1.75,2.12,2.62,2.12,2.75,2.75,3.0,3.0,2.0,2.0,3.38,2.88,1.75,2.0,3.0,3.0,1.88,2.75,2.25,3.62,3.25,3.25,3.0,3.0,1.88,2.88,3.0,3.0,2.0,2.12,2.75,3.12,2.88,3.12,2.38,3.0,2.25,2.38,1.88,2.69,3.08,3.22,3.49,3.55,4.4,2.71,2.59,3.17,2.52,2.0,2.98,3.28,3.62,3.43,3.31,3.38,3.48,4.36,2.26,3.92,3.63,3.65,2.32,3.96,3.09,2.19,3.92,2.43,2.72,2.57,2.52,3.59,2.18,3.12,1.85,2.2,3.19,3.49,3.64,2.16,"Paving, Surfacing, and Tamping Equipment Operators",Construction,-1.184739,-1.1855050718187754,27870.0,33980.0,38030.0,33240.0,38760.0,44740.0,51460.0,60790.0,66060.0,69680.0,82040.0,90110.0,45770.0,41470.0,45680.0,46671.19,51098.87,51650.0,-0.1966353506663753,-9.394800087393488,10.151917048468771,10.66784455249587,9.486966156208986,1.0785561402825634,-1.5581346195259818,1.4373863510953775,571,636,65,65,0,Low Exposure Manual & Technical
47-2072,3.25,3.0,2.62,4.12,3.12,4.0,1.25,2.75,1.5,2.75,3.12,3.0,2.38,2.0,2.88,2.75,2.38,2.75,3.0,3.0,3.62,2.12,1.88,4.0,3.0,1.75,2.12,3.0,3.0,1.88,2.88,2.62,3.5,3.5,3.88,3.38,3.25,2.0,3.0,2.88,3.12,2.0,2.25,2.25,2.75,2.75,2.62,2.12,3.12,2.62,2.25,2.0,2.84,2.5,2.38,2.34,3.69,4.68,2.7,3.08,2.27,3.52,2.55,3.02,3.17,3.48,4.2,2.49,4.39,4.2,4.55,2.66,3.05,3.85,4.1,2.04,4.61,3.52,1.79,3.89,2.2,3.83,2.44,2.25,4.27,2.45,2.98,1.81,1.57,3.4,3.15,3.27,2.11,Pile Driver Operators,Construction,-1.220009,-1.2207978781877031,36160.0,38260.0,46690.0,46110.0,48050.0,54750.0,94360.0,94340.0,103960.0,113820.0,107580.0,121990.0,3540.0,3290.0,3040.0,72803.8,69519.11,70510.0,-14.124293785310735,-7.062146892655368,-7.598784194528875,-3.1506597183114105,-4.511701312294142,1.4253490874667405,-1.640108997336512,1.5836589982830123,578,642,64,64,0,Low Exposure Manual & Technical
47-2073,3.25,3.0,2.88,4.12,3.0,4.0,1.0,2.12,1.75,2.88,3.62,3.0,2.75,2.25,2.25,2.0,2.0,3.0,3.0,3.0,3.12,2.12,2.12,3.88,3.88,2.12,2.0,3.12,3.0,2.12,3.12,2.38,3.25,3.5,3.38,3.25,3.0,2.12,2.88,3.0,3.0,2.12,1.88,2.12,3.0,3.0,2.75,3.0,3.12,2.0,2.88,2.25,3.57,3.1,3.35,3.61,3.98,4.63,3.61,3.49,2.86,3.04,3.0,3.68,3.81,4.08,4.47,2.94,3.95,4.26,4.4,3.47,3.62,4.49,4.58,2.79,4.61,3.87,2.93,3.86,3.71,3.59,2.65,2.52,4.15,3.26,3.8,2.69,2.04,3.09,3.19,3.56,2.45,Operating Engineers and Other Construction Equipment Operators,Construction,-0.8815078,-0.8820777957593011,32300.0,36750.0,40080.0,38350.0,43820.0,47780.0,64370.0,68330.0,75750.0,85640.0,93060.0,100690.0,405750.0,423040.0,469270.0,56963.740000000005,55595.83,58710.0,15.654959950708564,4.261244608749229,10.92804462934947,3.065564164150729,-2.401369713435267,5.601445288252744,-1.0404643221454082,1.4199039217173024,486,526,40,40,0,Low Exposure Manual & Technical
47-2081,3.62,2.12,2.75,3.12,3.0,2.75,1.5,2.88,2.25,3.62,3.0,3.25,2.62,2.5,2.0,2.88,3.5,2.0,2.88,3.12,3.62,2.38,2.0,3.12,3.62,1.75,2.12,3.12,3.25,2.25,3.0,1.88,3.0,2.25,2.75,2.0,3.12,1.75,2.25,2.62,3.0,2.12,2.12,3.12,3.25,2.5,3.62,2.5,3.25,2.0,2.88,2.38,2.23,2.52,2.46,2.17,3.23,2.55,3.09,2.34,2.51,1.89,3.08,2.67,2.65,2.59,3.67,2.49,3.71,2.84,3.32,2.2,2.7,3.0,2.89,2.16,2.55,3.13,1.83,3.61,1.82,2.53,2.01,1.7,1.98,1.95,2.5,1.68,1.52,2.67,2.91,2.32,1.37,Drywall and Ceiling Tile Installers,Construction,-1.647971,-1.6490366079653935,28490.0,35250.0,37810.0,35600.0,41840.0,46880.0,60190.0,65420.0,72660.0,85090.0,96160.0,101380.0,102850.0,91590.0,82900.0,53149.1,54525.64,58140.0,-19.397180359747203,-10.947982498784638,-9.487935364122722,9.390375377946196,2.589959190277918,6.628734665012645,-1.5351001074563881,1.189832064271539,628,634,6,6,4,Low Exposure Routine Service
47-2082,3.12,2.12,2.75,2.88,2.75,2.12,1.38,2.0,1.88,3.12,2.5,2.88,2.12,2.12,2.0,2.5,2.62,2.12,2.75,2.75,3.12,1.5,2.0,3.12,3.38,1.75,1.62,3.0,2.88,2.0,2.12,2.12,2.75,2.0,2.12,2.0,2.62,2.0,2.0,2.88,2.88,1.88,1.75,2.75,2.38,2.25,3.12,2.38,2.38,1.0,2.5,2.0,1.61,2.34,2.14,2.38,3.26,2.75,2.74,2.44,1.92,1.45,1.33,2.52,2.49,2.44,3.29,2.27,2.87,2.84,3.68,2.05,2.51,2.89,3.04,1.7,3.15,2.66,1.48,3.58,2.0,2.17,2.18,1.08,2.37,2.04,2.69,2.05,1.42,2.48,2.75,3.07,1.07,Tapers,Construction,-1.540774,-1.5417702919934635,34190.0,38780.0,43450.0,45260.0,46830.0,50780.0,77250.0,81950.0,82990.0,95950.0,100820.0,106160.0,17970.0,14290.0,12500.0,68698.41,67411.16,64700.0,-30.43962159154146,-20.4785754034502,-12.526242127361792,-5.820236596451073,-1.8737697131563888,-4.021826653034903,-1.4485107770310837,0.7935266698937454,617,624,7,7,4,Low Exposure Routine Service
47-2111,3.62,2.88,3.25,3.12,3.88,3.0,1.25,2.5,2.25,3.5,3.25,3.75,3.25,3.0,2.25,2.88,3.0,2.62,3.88,3.75,3.25,3.0,2.88,3.0,4.0,2.0,3.0,3.75,3.38,2.88,3.0,2.0,4.0,2.0,2.88,2.62,3.12,2.0,2.12,3.0,3.0,2.75,2.25,2.75,2.75,2.88,3.38,3.62,3.38,2.75,3.38,3.0,3.67,2.71,3.3,3.72,4.63,3.21,4.22,3.27,3.6,3.38,3.48,4.32,3.64,3.86,4.46,3.75,4.28,4.16,4.21,3.49,3.95,4.15,4.43,3.52,3.97,4.5,2.55,4.71,2.95,3.54,3.2,3.49,3.63,3.37,3.65,2.59,2.31,3.74,3.91,4.36,2.36,Electricians,Construction,-0.7796905,-0.7801946584214207,33410.0,37440.0,39430.0,42180.0,47200.0,48820.0,73940.0,78210.0,81730.0,96580.0,102300.0,106030.0,688620.0,690050.0,742580.0,65337.34,65119.44,62350.0,7.835961778629723,0.2076617002120182,7.612491848416782,-4.57217878781108,-0.3334999557680321,-4.2528621253499646,-0.46347930939830534,1.2289689296664275,460,393,-67,67,0,Low Exposure Manual & Technical
47-2121,3.88,2.12,3.0,3.12,3.0,2.88,1.25,2.5,1.75,3.0,3.0,3.0,2.25,2.38,2.0,2.75,3.0,2.12,3.0,3.12,3.25,2.25,2.0,3.38,3.75,2.0,2.25,3.0,2.88,2.25,2.25,2.0,3.25,2.12,2.25,2.0,3.0,1.88,2.0,3.0,3.0,2.0,1.75,2.62,3.12,2.25,3.38,2.75,3.0,2.0,3.0,2.25,2.84,3.13,3.08,3.31,3.95,3.53,3.18,2.95,2.9,2.89,3.26,3.34,3.03,3.41,4.28,2.97,4.17,4.06,4.35,2.78,3.26,3.69,3.64,2.16,3.58,3.69,2.32,4.02,3.16,3.31,2.71,2.14,2.82,3.06,3.23,2.2,1.99,3.47,3.43,3.4,2.01,Glaziers,Construction,-1.388901,-1.3897990875231434,27860.0,34580.0,37710.0,34680.0,39220.0,45530.0,60190.0,62360.0,68300.0,83780.0,87400.0,98780.0,52400.0,51630.0,57000.0,51904.69,52666.32,55440.0,8.778625954198473,-1.4694656488549618,10.400929692039512,6.811157142061725,1.4673625832270598,5.266515678331047,-0.9727878529275431,1.0609973042811194,602,504,-98,98,0,Low Exposure Manual & Technical
47-2131,3.25,2.62,2.88,3.25,2.62,3.0,1.5,2.88,1.75,3.88,2.88,3.0,2.75,2.5,2.0,2.88,3.38,2.5,2.62,2.88,3.5,2.12,2.25,3.5,3.0,2.0,2.25,2.88,3.0,2.38,2.88,2.0,2.88,2.25,2.75,2.62,3.0,2.0,2.5,3.0,2.88,2.25,2.38,3.0,3.0,2.12,3.38,2.12,3.12,1.38,2.75,2.25,2.51,2.55,2.85,2.77,3.8,3.31,2.53,2.12,2.89,2.33,2.05,2.66,2.84,3.12,3.61,2.7,4.25,3.7,3.72,2.83,2.53,3.48,3.33,2.19,3.66,2.9,2.24,3.96,2.79,2.46,2.15,1.92,3.27,2.91,2.39,2.66,2.23,2.89,3.07,2.98,1.58,"Insulation Workers, Floor, Ceiling, and Wall",Construction,-1.618772,-1.619818727240519,25860.0,29830.0,35950.0,32400.0,36350.0,40270.0,52800.0,57530.0,60420.0,68860.0,76960.0,77160.0,33550.0,33130.0,38610.0,46961.94,49055.78,48680.0,15.081967213114757,-1.2518628912071534,16.540899486869908,3.6584093416924377,4.458589232046198,-0.7660259402663638,-1.4616050293418068,1.2909609443069132,625,627,2,2,4,Low Exposure Routine Service
47-2132,3.12,2.5,3.0,2.88,3.0,2.62,1.62,2.5,1.62,3.25,2.75,3.0,2.62,2.25,1.88,3.0,3.12,2.5,2.88,3.12,3.12,2.12,1.75,3.12,3.12,1.62,2.12,3.12,3.12,2.25,2.62,1.75,3.25,2.12,2.12,2.0,3.12,1.88,2.12,2.88,2.88,2.12,1.75,2.75,3.12,2.5,3.38,2.62,2.88,1.75,2.75,2.38,2.52,2.71,3.08,2.89,4.08,2.93,3.53,2.88,2.71,2.41,1.99,3.44,3.11,3.23,3.64,3.22,4.48,3.56,3.87,2.74,3.15,3.98,4.09,2.87,3.34,3.85,2.23,4.43,1.95,3.02,2.34,1.66,2.35,2.79,3.46,2.01,1.85,3.32,3.54,3.39,1.85,"Insulation Workers, Mechanical",Construction,-1.268615,-1.269435307911778,31880.0,37460.0,39450.0,38130.0,44540.0,47480.0,63240.0,67480.0,75300.0,89350.0,93710.0,94110.0,26670.0,25660.0,25640.0,56626.47,54687.79,57250.0,-3.86201724784402,-3.787026621672291,-0.0779423226812159,1.1011281473134362,-3.4236285609892336,4.6851591552703065,-1.074443896118719,1.039678694380363,588,536,-52,52,0,Low Exposure Manual & Technical
47-2141,3.75,2.0,2.12,2.75,3.0,2.12,1.25,2.88,1.25,3.0,2.88,2.88,2.0,2.0,1.75,3.0,3.0,1.75,2.75,2.88,3.12,2.0,1.88,3.0,3.38,1.62,2.0,3.0,3.0,2.0,2.0,1.75,2.75,1.88,2.0,2.0,2.88,1.75,2.0,3.0,2.88,2.0,1.62,2.88,2.88,2.12,3.12,3.0,2.88,1.88,3.0,2.0,2.96,3.31,2.73,3.88,3.95,2.96,3.91,4.07,2.96,3.32,2.19,3.31,3.38,3.16,3.94,3.66,3.92,4.09,4.16,2.97,3.34,4.32,3.93,2.37,3.54,4.35,1.63,4.52,3.37,3.16,2.56,1.64,2.95,3.29,3.75,1.78,1.6,3.54,4.05,3.17,1.62,"Painters, Construction and Maintenance",Construction,-1.58799,-1.5890168229125252,27130.0,32510.0,36680.0,33120.0,37620.0,42510.0,53290.0,57300.0,60270.0,67560.0,72160.0,76550.0,232760.0,215680.0,224180.0,46845.64,49823.29,48660.0,-3.686200378071833,-7.338030589448359,3.941023738872403,3.87306054522897,6.356301248099079,-2.334831762414728,-0.8335566131031684,0.9292767912675778,622,468,-154,154,0,Low Exposure Manual & Technical
47-2142,3.5,1.88,2.62,3.12,2.88,2.5,1.25,2.38,1.12,3.38,2.88,3.25,2.12,1.88,1.75,2.88,3.25,1.75,2.88,3.12,3.62,1.88,1.62,3.38,3.62,1.62,1.88,3.0,2.88,2.0,2.62,1.62,2.88,2.0,1.62,2.0,2.75,1.5,1.88,2.88,2.75,1.88,2.25,2.75,2.62,2.38,3.25,2.75,2.88,1.12,2.5,2.25,1.9,2.19,2.49,2.9,3.31,2.42,2.78,2.35,2.54,2.27,1.56,3.48,2.94,2.43,2.82,2.65,4.07,2.91,3.71,2.3,2.97,3.19,2.96,2.29,3.7,2.93,2.02,4.43,2.78,2.34,1.89,1.68,2.07,2.52,2.96,2.15,1.64,2.65,2.67,3.04,1.91,Paperhangers,Construction,-1.72753,-1.7286470525898772,26450.0,30250.0,35020.0,33180.0,33050.0,40930.0,49630.0,57800.0,58470.0,71100.0,71220.0,69470.0,3380.0,2220.0,1520.0,47124.76,48569.33,48260.0,-55.02958579881657,-34.319526627218934,-31.53153153153153,2.40900961617629,3.065416142172394,-0.6368833994621744,-1.3065481457559214,0.9295143902185838,633,593,-40,40,4,Low Exposure Routine Service
47-2151,3.5,2.0,2.88,3.5,2.88,3.0,1.25,2.25,2.12,3.0,2.88,3.0,2.25,2.0,2.0,2.38,2.25,2.0,2.75,3.0,3.0,2.0,2.0,3.0,3.0,2.0,2.0,3.25,3.0,2.0,2.75,2.0,3.0,3.0,3.0,2.0,3.0,2.0,2.25,3.0,3.0,2.0,1.75,3.0,3.25,2.0,3.0,2.0,3.0,1.62,2.88,2.62,2.56,2.84,3.11,3.01,3.7,3.7,2.83,2.65,2.79,2.19,2.7,3.49,2.65,2.66,4.04,2.57,3.83,3.5,3.57,2.71,2.7,3.0,3.35,2.2,3.6,3.1,2.16,3.57,2.59,2.39,2.28,1.92,2.57,2.44,2.65,2.02,1.93,2.67,2.86,2.71,2.1,Pipelayers,Construction,-1.225611,-1.2264035005658926,27470.0,34180.0,36840.0,32430.0,38300.0,42320.0,51960.0,59700.0,60980.0,68030.0,77760.0,80710.0,36270.0,36070.0,33580.0,45147.66,49715.19,48710.0,-7.416597739178385,-0.5514199062586159,-6.903243692819518,7.890420012908744,10.116869844417169,-2.0218971304343705,-1.2537594665656007,0.965238830515599,582,580,-2,2,4,Low Exposure Routine Service
47-2152,3.25,2.69,3.125,3.0,3.25,2.685,1.63,2.875,2.44,3.25,3.25,3.37,3.125,2.75,2.0,2.685,2.88,2.56,3.19,3.185,3.25,2.56,2.375,2.935,3.56,1.88,2.625,3.435,3.25,2.69,2.94,2.0,3.565,2.185,2.625,2.315,3.185,1.94,2.5,3.0,3.19,2.69,1.69,2.625,2.94,2.75,3.19,3.065,3.185,2.5,3.19,2.81,2.925,2.44,2.995,2.995,3.95,3.375,2.97,2.76,3.06,3.06,3.1500000000000004,3.345,3.075,3.275,4.175,2.7350000000000003,3.71,3.85,3.765,3.21,3.31,3.69,3.71,2.27,3.385,3.62,2.1,3.9,2.875,3.56,2.695,2.64,3.055,3.055,3.28,2.63,1.94,3.655,3.435,3.495,2.53,"Plumbers, Pipefitters, and Steamfitters",Construction,-1.121219,-1.1219439983695465,32690.0,37250.0,40670.0,41230.0,46630.0,48860.0,73380.0,78960.0,81900.0,97170.0,101190.0,105150.0,442870.0,427920.0,455940.0,64151.08,64957.29,62970.0,2.9512046424458647,-3.3757084471741146,6.547952888390353,-1.8410913736760188,1.2567364415376936,-3.0593794784234394,-0.9004432056843995,1.10320652646482,554,486,-68,68,0,Low Exposure Manual & Technical
47-2161,3.62,2.5,2.88,3.0,2.88,2.5,1.5,3.12,1.88,3.5,2.88,3.0,2.62,2.62,2.0,3.0,3.25,2.38,2.75,3.0,3.62,2.12,2.0,3.25,3.75,1.88,2.0,3.0,3.12,2.75,2.62,2.0,3.12,2.62,2.75,2.0,2.88,2.0,2.0,3.0,2.88,2.12,2.5,3.12,3.25,2.12,3.5,3.0,3.12,2.38,2.75,2.5,3.0,3.06,3.08,2.89,3.51,3.32,3.64,2.93,2.83,2.7,2.34,3.37,2.93,3.53,4.24,3.28,3.88,3.57,3.72,2.72,3.42,3.72,3.18,3.0,3.43,3.03,2.24,4.01,3.33,2.87,2.35,1.99,2.97,2.79,2.64,2.28,2.08,3.31,3.14,3.2,2.23,Plasterers and Stucco Masons,Construction,-1.755588,-1.7567231955186942,29360.0,34880.0,38610.0,35920.0,40920.0,46990.0,60140.0,62410.0,72210.0,78980.0,82510.0,92930.0,27360.0,25950.0,20880.0,52846.72,53758.13,56020.0,-23.684210526315788,-5.1535087719298245,-19.537572254335263,6.004686762016638,1.7246292674360797,4.207493824654992,-1.2260077616693055,1.2809741931114067,639,575,-64,64,0,Low Exposure Manual & Technical
47-2171,3.5,2.88,3.0,3.25,3.0,2.88,1.88,3.12,2.25,3.5,2.88,3.25,2.88,2.38,2.0,3.0,3.0,2.38,2.88,3.0,3.62,2.12,2.0,3.75,3.38,1.75,2.12,2.88,2.88,2.12,2.62,1.88,3.12,2.62,3.25,2.75,2.75,1.88,2.38,2.38,2.75,2.0,2.62,3.38,3.88,2.5,3.88,2.38,3.0,2.38,2.5,1.88,2.46,2.45,3.11,2.73,3.52,2.99,3.44,2.75,3.13,2.29,2.44,2.76,3.16,3.03,4.24,2.91,4.47,3.91,3.77,2.79,2.8,3.43,3.04,2.4,2.98,3.65,2.08,4.15,1.72,2.71,2.29,1.98,2.42,2.64,3.16,2.18,1.86,2.81,3.45,2.57,1.79,Reinforcing Iron and Rebar Workers,Construction,-1.970997,-1.9722714837842,32930.0,38310.0,39470.0,39130.0,45760.0,47300.0,64550.0,63690.0,74190.0,89790.0,89880.0,95530.0,18870.0,17270.0,14140.0,57103.3,55206.67,59280.0,-25.06624271330153,-8.479067302596714,-18.12391430225825,3.811863762689717,-3.321401740354769,7.378329466348907,-1.6118022008805721,1.5388681159799442,653,640,-13,13,0,Low Exposure Manual & Technical
47-2181,3.5,2.75,2.75,3.12,3.0,2.88,1.88,2.5,2.25,3.75,3.12,3.12,2.62,2.25,2.38,3.38,4.0,2.25,3.0,3.0,3.5,2.0,2.0,3.5,3.62,1.75,2.12,3.38,3.0,2.25,2.88,1.88,3.75,2.75,2.88,2.88,3.0,2.0,2.0,2.88,3.0,2.12,2.75,3.25,3.12,2.88,3.75,2.5,3.0,2.12,2.62,2.12,2.46,2.71,3.62,3.25,3.85,3.39,3.48,2.91,3.32,2.77,2.71,3.12,3.66,3.4,4.0,3.42,4.22,3.99,4.08,3.23,3.16,3.61,4.06,2.99,3.61,3.46,2.55,4.3,2.93,3.03,2.37,2.32,3.39,3.45,3.12,3.02,2.25,3.31,3.49,3.54,2.16,Roofers,Construction,-1.752941,-1.7540744839094355,26540.0,31470.0,37060.0,33160.0,38230.0,45300.0,55440.0,60430.0,64010.0,70920.0,75930.0,80780.0,129690.0,131980.0,136740.0,48962.3,51801.52,50970.0,5.436039787184825,1.7657490939933689,3.6066070616760113,4.100501814661478,5.798788047130126,-1.6052038627437897,-1.3383425129058035,1.5671501169384026,637,599,-38,38,0,Low Exposure Manual & Technical
47-2211,3.38,3.0,3.12,3.12,3.12,3.0,1.5,2.5,2.0,3.0,3.0,3.25,3.12,2.5,1.88,2.62,2.5,2.25,3.0,3.25,3.38,3.0,2.12,3.38,3.62,1.62,3.0,3.12,3.12,2.5,3.0,1.88,3.12,2.88,3.0,2.75,3.25,1.75,2.38,3.0,3.0,2.12,2.25,2.88,3.12,2.75,3.12,2.5,3.62,2.5,3.12,2.5,3.05,3.0,4.18,4.27,3.96,3.17,3.76,3.23,3.89,3.88,3.48,4.31,3.71,4.1,4.7,3.95,3.78,4.25,4.44,2.54,3.52,3.59,4.42,3.41,4.19,3.77,3.17,3.76,3.81,3.52,3.67,3.34,3.52,3.92,3.26,3.59,2.93,3.3,4.24,3.55,2.5,Sheet Metal Workers,Construction,-1.174972,-1.1757317562586584,29260.0,35570.0,38030.0,37020.0,41590.0,47290.0,66770.0,76410.0,79620.0,88070.0,99560.0,102680.0,131300.0,120810.0,117470.0,58615.2,59833.35,60850.0,-10.533130236100533,-7.98933739527799,-2.764671798692161,3.8126629270223344,2.07821520697702,1.6991360169537582,-0.6999328708450434,1.2436828059427096,568,435,-133,133,0,Low Exposure Manual & Technical
47-2221,4.0,3.38,3.0,3.88,3.12,3.75,1.25,3.62,2.12,3.75,3.62,3.62,2.88,2.88,3.0,3.12,3.75,3.25,2.88,3.38,4.0,2.25,2.0,4.12,4.0,2.0,2.75,3.25,3.12,2.75,3.0,2.5,3.75,3.5,3.5,3.12,3.75,2.12,2.62,3.12,3.12,2.0,2.62,3.5,4.12,3.0,3.88,2.88,4.0,2.62,3.0,2.25,2.28,2.52,2.5,2.39,3.99,3.84,3.01,2.91,3.14,1.93,2.73,3.13,2.96,3.5,4.06,2.78,4.39,3.71,4.24,2.63,3.04,3.74,3.2,1.62,3.92,3.68,1.96,4.16,1.72,2.67,2.02,1.52,2.47,2.35,3.06,1.7,1.53,2.96,2.78,3.07,1.39,Structural Iron and Steel Workers,Construction,-1.780065,-1.7812160228930136,32790.0,37890.0,42000.0,40660.0,46910.0,49090.0,75520.0,79120.0,82780.0,95650.0,100930.0,107520.0,76570.0,66810.0,64720.0,64011.52,65400.5,62700.0,-15.476035000652995,-12.74650646467285,-3.1282742104475374,-2.0488812013837574,2.169890669679451,-4.129173324362964,-1.7508367753948353,1.9378764468863612,643,650,7,7,0,Low Exposure Manual & Technical
47-2231,3.25,2.62,3.0,3.0,3.25,2.62,1.12,2.5,1.62,3.12,2.88,3.25,2.75,2.38,2.12,2.5,3.0,2.12,3.0,3.38,3.25,2.38,2.0,3.12,3.75,2.0,2.25,3.25,3.12,2.38,3.12,2.0,3.75,2.0,2.12,2.12,3.0,2.12,2.25,2.88,2.88,2.38,1.75,2.62,3.12,2.62,3.12,2.88,3.62,1.88,2.88,2.75,3.12,2.42,2.99,3.31,3.69,3.15,3.29,2.54,2.74,3.09,3.08,2.88,2.92,3.83,4.06,3.15,4.26,3.87,4.32,3.22,3.01,3.86,3.96,2.62,4.08,3.5,2.41,4.51,2.33,3.34,2.29,3.77,3.05,2.48,3.25,2.31,1.69,2.97,3.49,3.06,2.7,Solar Photovoltaic Installers,Construction,-0.9441692,-0.9447797140186134,31600.0,35520.0,39070.0,36310.0,37440.0,46040.0,55680.0,53700.0,63020.0,63880.0,63330.0,80150.0,11080.0,27760.0,28280.0,52207.07,48893.63,51860.0,155.2346570397112,150.54151624548737,1.873198847262248,-0.6647950172265935,-6.34672660235482,6.066986640181968,-0.9843252442204473,1.107592155988819,502,510,8,8,0,Low Exposure Manual & Technical
47-3011,3.38,2.88,2.88,3.0,3.0,3.0,2.0,3.0,2.0,3.25,3.25,3.0,2.75,2.0,2.25,2.88,3.0,2.38,2.62,3.12,3.25,2.38,1.88,3.5,3.38,1.62,2.12,3.0,2.88,2.0,2.88,1.88,2.88,2.88,2.88,2.38,2.88,1.75,2.5,2.62,2.88,2.12,3.0,3.0,3.5,2.62,3.62,2.75,3.12,2.75,2.25,2.0,2.94,2.7,2.5,2.52,3.74,3.8,3.26,2.92,3.2,2.13,3.04,2.78,3.33,3.34,4.26,2.75,4.42,3.98,4.23,2.67,3.55,4.09,3.97,1.89,3.93,3.65,1.45,4.05,2.05,3.17,2.11,2.02,2.67,2.2,3.35,1.81,1.6,3.16,3.23,3.35,1.43,"Helpers--Brickmasons, Blockmasons, Stonemasons, and Tile and Marble Setters",Construction,-1.94229,-1.9435459211975028,24980.0,31010.0,35570.0,29290.0,35620.0,38600.0,43750.0,47690.0,58080.0,59690.0,62590.0,68330.0,23480.0,17730.0,15660.0,41181.83,42623.83,46480.0,-33.30494037478705,-24.48892674616695,-11.6751269035533,12.865309773752156,3.501544249004961,9.046981465532305,-1.623700350270462,1.6072453989607103,651,641,-10,10,0,Low Exposure Manual & Technical
47-3012,3.25,2.88,3.0,3.0,3.0,3.0,1.38,2.88,2.0,3.12,2.88,3.0,2.38,2.25,2.0,2.62,2.62,2.75,3.0,3.0,3.25,2.12,2.12,3.12,3.38,2.0,2.38,3.0,3.0,2.5,2.38,2.0,3.12,2.62,3.0,2.25,3.0,2.0,2.12,3.0,3.0,2.0,2.38,2.75,3.12,2.38,3.0,2.5,3.0,2.0,2.25,2.25,2.75,2.57,2.53,2.55,3.79,3.69,3.04,2.8,2.89,2.16,2.92,2.72,3.0,3.43,4.1,1.96,4.37,3.58,4.19,2.99,3.13,3.98,3.2,1.84,3.93,3.51,1.98,4.45,2.04,2.89,1.77,3.12,3.37,2.56,2.7,1.37,1.84,3.55,2.52,3.47,1.86,Helpers--Carpenters,Construction,-1.425282,-1.4262036122894597,22640.0,28370.0,31540.0,26940.0,32080.0,35870.0,38900.0,44870.0,46780.0,47580.0,51320.0,52380.0,32920.0,24580.0,24610.0,38448.78,40526.69,41600.0,-25.24301336573512,-25.33414337788578,0.1220504475183075,8.195890740876568,5.404358733879193,2.648402817994771,-1.4187580710638275,1.2860660121730816,610,618,8,8,0,Low Exposure Manual & Technical
47-3013,3.38,2.5,2.88,3.25,3.12,2.5,1.38,2.62,2.0,3.38,2.88,3.38,2.5,2.25,2.0,2.88,3.0,2.0,2.88,3.12,4.0,2.25,2.12,3.25,4.0,1.88,2.25,3.12,3.12,2.25,2.38,2.0,3.25,2.0,2.5,2.25,3.12,1.5,2.0,3.0,3.12,2.0,1.88,2.5,2.88,2.5,3.25,3.25,3.0,2.25,2.38,2.38,4.05,3.69,3.36,3.35,4.14,4.13,3.95,3.5,3.36,3.61,3.77,3.68,3.61,4.02,4.2,3.44,4.2,4.09,4.35,3.25,3.89,4.51,4.13,3.22,3.91,4.12,2.77,4.29,3.62,4.24,3.5,4.17,3.66,3.7,3.65,3.42,2.56,3.81,3.8,4.01,2.74,Helpers--Electricians,Construction,-1.506896,-1.5078703857227933,23200.0,28940.0,31200.0,27230.0,31560.0,36400.0,39320.0,44720.0,47520.0,48810.0,49910.0,56770.0,79260.0,71000.0,64440.0,38181.29,40072.67,39890.0,-18.69795609386828,-10.42139793086046,-9.23943661971831,4.475254764833768,4.95368281165984,-0.4558468402529661,-0.7672658676944486,1.2655207727176339,614,455,-159,159,0,Low Exposure Manual & Technical
47-3014,3.38,2.63,2.75,2.63,2.75,2.63,1.38,3.0,1.25,3.38,3.0,3.0,2.25,2.13,2.13,3.13,3.38,2.5,2.63,2.88,3.38,1.13,1.88,3.13,3.0,1.88,1.25,3.0,3.0,2.13,2.5,2.25,2.75,2.0,2.25,2.13,2.63,1.88,2.0,2.88,3.0,2.0,2.63,3.0,3.38,2.13,3.38,2.63,2.75,1.63,2.13,2.13,2.34,2.42,2.25,2.24,4.0,2.26,2.54,2.29,2.32,1.94,1.78,2.91,2.31,2.94,3.41,2.24,3.57,2.82,3.53,1.96,2.48,3.06,2.68,1.84,2.91,2.88,1.57,3.75,1.73,2.3,2.2,1.36,2.93,2.5,2.31,1.75,1.74,2.25,2.86,2.59,1.04,"Helpers--Painters, Paperhangers, Plasterers, and Stucco Masons",Construction,-2.04484,-2.046162232315551,22190.0,27210.0,31360.0,26170.0,30670.0,35230.0,38170.0,42790.0,45290.0,47240.0,50770.0,51720.0,10850.0,8630.0,7220.0,36448.42,39002.48,38140.0,-33.45622119815668,-20.460829493087555,-16.33835457705678,4.641024219979911,7.007327066577915,-2.211346560526397,-1.6514327174402432,1.1415268472371805,654,645,-9,9,4,Low Exposure Routine Service
47-3015,3.38,2.0,2.88,3.0,2.88,2.75,1.62,2.62,1.62,3.25,2.5,3.0,2.12,2.12,1.88,2.62,2.62,2.12,2.75,3.0,3.75,2.25,2.0,3.38,3.25,1.75,2.12,3.25,3.0,2.12,2.0,1.88,3.25,2.0,2.25,2.12,2.75,1.75,2.0,2.88,3.0,2.0,2.12,2.75,3.0,2.12,3.25,2.0,3.12,2.0,2.12,2.0,2.38,3.14,2.4,2.63,3.45,3.75,3.18,3.21,2.52,2.26,2.66,3.39,3.33,4.12,4.1,3.16,4.05,3.91,4.29,2.81,3.51,3.79,3.3,2.83,3.26,3.42,2.4,3.98,3.08,3.08,3.03,2.28,3.45,2.63,3.05,2.27,1.9,3.99,2.69,3.63,2.11,"Helpers--Pipelayers, Plumbers, Pipefitters, and Steamfitters",Construction,-1.678876,-1.6799615918279316,23290.0,28530.0,31050.0,27320.0,31110.0,35750.0,38600.0,41600.0,46550.0,47800.0,49250.0,54860.0,58400.0,46760.0,43640.0,37332.3,39283.54,39270.0,-25.273972602739725,-19.931506849315067,-6.672369546621043,5.190411520318857,5.2266803813319775,-0.0344673621572823,-1.203939030969562,1.095570013916476,629,568,-61,61,0,Low Exposure Manual & Technical
47-3016,3.25,2.88,2.88,2.75,2.88,3.12,1.75,2.62,2.0,3.12,3.0,3.12,3.0,2.5,2.5,3.0,3.5,2.62,2.75,3.0,3.5,2.25,1.88,3.38,2.88,1.88,2.25,3.0,3.0,2.25,2.88,2.12,3.25,2.25,2.88,2.5,2.88,2.25,2.62,3.25,3.12,2.0,2.88,3.0,3.12,2.38,3.75,2.75,3.25,2.38,2.38,2.0,3.23,3.42,3.47,3.6,3.72,2.96,3.67,3.4,3.53,2.9,3.33,3.33,3.12,3.11,4.02,3.25,3.21,3.74,3.78,3.26,3.17,3.8,3.81,3.08,3.66,3.37,3.08,3.48,3.04,2.98,3.42,3.34,3.29,3.46,3.34,2.61,2.66,3.71,3.69,3.67,2.71,Helpers--Roofers,Construction,-1.89822,-1.8994474245522333,22980.0,29550.0,27780.0,27100.0,33440.0,34800.0,38420.0,44100.0,47570.0,47000.0,51170.0,55310.0,8960.0,5790.0,5170.0,37343.93,40018.62,40590.0,-42.299107142857146,-35.379464285714285,-10.70811744386874,8.692363123002854,7.162315267836019,1.4277853659121795,-1.1704109507192104,1.4385934152445041,648,563,-85,85,0,Low Exposure Manual & Technical
47-4011,2.375,2.185,3.185,2.5,3.815,2.25,1.0,1.94,1.375,2.25,3.06,2.315,3.185,3.19,1.94,2.0,2.125,2.125,3.875,3.25,2.315,3.25,2.685,2.31,3.75,1.875,3.19,3.94,4.0,2.875,3.0,1.94,3.87,1.875,1.875,1.88,3.0,2.0,2.12,3.25,3.25,2.94,1.315,1.94,2.06,2.88,2.25,2.81,3.0,1.75,4.0,3.94,3.915,2.38,3.125,4.175000000000001,3.805,2.575,3.095,2.96,3.06,4.045,2.73,3.575,3.29,4.16,4.41,2.835,2.6,3.565,4.285,3.905,3.285,3.92,3.47,2.54,3.495,3.735,3.41,3.225,3.49,3.895000000000001,3.285,2.05,2.125,3.27,3.57,2.705,2.2,3.015,3.34,4.1850000000000005,4.125,Construction and Building Inspectors,Construction,0.2860245,0.2862094566753193,36440.0,40370.0,46560.0,47110.0,50520.0,57300.0,78570.0,82240.0,92330.0,98820.0,104110.0,112320.0,110420.0,128950.0,137210.0,70605.73,69702.88,72120.0,24.26190907444304,16.78138018474914,6.405583559519193,2.144684291204133,-1.278720579760299,3.4677476741276614,0.3059308032441658,-0.07662849155258035,266,274,8,8,1,Moderate Exposure Service & Healthcare
47-4021,3.5,2.38,3.12,3.25,3.75,2.75,1.25,2.25,1.62,3.38,2.88,3.5,3.12,2.88,1.88,2.5,3.12,2.62,3.5,3.38,3.62,2.38,2.38,3.12,3.5,1.62,2.12,3.62,3.25,2.75,2.88,1.75,3.75,2.62,3.12,2.75,3.0,2.0,2.12,2.75,3.0,2.25,2.0,2.38,2.62,2.62,3.12,2.88,3.25,2.25,3.12,3.12,3.31,2.58,2.74,2.75,3.47,4.35,2.74,3.1,2.87,3.5,3.57,3.27,2.76,4.1,4.27,2.45,3.46,3.88,4.22,2.67,2.85,4.0,3.79,2.86,3.66,3.53,2.41,3.89,2.65,3.68,2.53,4.03,4.38,2.48,3.21,2.1,1.24,2.51,3.26,3.57,3.34,Elevator and Escalator Installers and Repairers,Construction,-0.8604742,-0.8610305949642492,44620.0,47850.0,54720.0,60480.0,64810.0,76700.0,104730.0,119350.0,131740.0,124150.0,135130.0,149250.0,28350.0,24380.0,23340.0,98843.37,107019.0,106580.0,-17.67195767195767,-14.00352733686067,-4.265791632485644,7.8271612956943795,8.271298317732377,-0.4102075332417608,-0.9824474343116224,1.0810444024899988,478,509,31,31,0,Low Exposure Manual & Technical
47-4031,3.25,2.25,2.62,3.12,3.0,3.0,1.5,3.12,2.25,3.0,2.75,3.25,2.38,2.0,2.12,2.88,2.38,2.12,2.75,3.12,3.75,2.0,2.0,3.62,3.12,1.75,2.12,3.0,3.0,1.88,2.5,2.0,3.0,2.62,3.0,2.75,2.75,1.88,2.25,2.62,3.0,2.0,2.75,3.12,3.38,2.12,3.75,2.0,2.88,2.38,2.25,2.12,2.18,3.11,3.0,2.93,3.68,3.91,3.33,2.46,2.93,2.48,3.32,3.53,2.78,2.86,3.78,3.27,3.72,3.06,3.41,2.78,2.82,3.32,2.71,2.38,3.65,3.58,2.43,3.89,2.66,3.25,2.63,2.39,2.83,3.14,3.15,2.15,2.29,2.48,3.3,2.57,2.04,Fence Erectors,Construction,-1.902113,-1.903342941852892,25160.0,30190.0,35090.0,29160.0,35180.0,39040.0,44840.0,48610.0,57070.0,55860.0,61710.0,74660.0,25900.0,27060.0,22640.0,41635.4,43067.04,46940.0,-12.586872586872586,4.478764478764479,-16.334072431633405,12.7406005466502,3.438516262603456,8.99286321976156,-1.4977311151636663,1.3377537317026638,649,632,-17,17,4,Low Exposure Routine Service
47-4041,3.5,2.88,3.5,3.75,3.5,2.88,1.12,2.38,1.75,3.12,3.0,3.0,3.0,2.88,2.12,2.38,2.38,2.88,3.38,3.38,3.25,2.38,2.62,3.38,3.62,2.0,2.5,3.88,3.62,2.75,3.0,2.0,4.0,2.75,2.88,2.75,3.12,2.0,2.12,3.25,3.5,2.75,1.75,2.25,3.0,2.88,2.88,2.88,3.25,2.0,3.25,3.5,3.24,2.91,2.84,3.22,4.07,3.16,3.21,3.05,3.49,3.51,2.92,3.67,3.29,3.8,3.95,2.95,3.83,3.7,3.91,2.77,3.45,3.28,3.77,2.9,3.11,3.32,2.97,3.91,2.68,3.49,3.01,2.72,3.08,2.89,3.24,2.69,2.49,3.03,2.99,3.57,2.6,Hazardous Materials Removal Workers,Construction,-0.6887439,-0.6891892503207022,29100.0,32910.0,37330.0,35070.0,37640.0,42710.0,57860.0,60940.0,62150.0,74650.0,81130.0,82480.0,44240.0,46780.0,50570.0,51055.7,50471.89,48490.0,14.308318264014469,5.741410488245932,8.101752885848654,-5.025295902318456,-1.1434766343425022,-3.926720398225625,-0.6299804261094084,0.8824747269444306,433,424,-9,9,0,Low Exposure Manual & Technical
47-4051,3.38,3.25,3.0,3.88,3.0,3.0,1.0,2.88,1.62,3.12,3.12,3.12,3.12,2.12,2.25,2.75,2.12,2.88,3.0,3.12,3.25,2.12,2.0,3.88,3.25,1.88,2.12,3.38,3.12,2.12,3.0,2.0,3.38,3.0,3.12,3.12,3.12,2.12,2.75,3.0,3.0,2.25,2.75,3.12,3.38,3.0,3.12,2.62,3.12,2.12,2.62,2.5,3.11,3.94,2.85,3.74,4.39,3.68,3.84,2.97,3.91,3.1,2.74,4.38,2.93,3.33,4.15,3.23,2.88,3.8,4.24,3.07,3.34,3.68,4.01,2.78,4.03,4.26,3.29,3.6,4.04,3.06,2.97,2.19,2.5,3.72,2.91,3.81,2.71,3.41,3.45,3.32,3.01,Highway Maintenance Workers,Construction,-1.27909,-1.2799170812804914,26840.0,29940.0,35030.0,33180.0,36640.0,41540.0,50390.0,52400.0,59600.0,60520.0,63440.0,69210.0,150860.0,143330.0,151750.0,47368.99,48569.33,49070.0,0.589950947898714,-4.991382738963277,5.87455522221447,3.590977979475606,2.534020674707237,1.0308357146371965,-0.9029259550157207,1.2735357423647033,590,487,-103,103,0,Low Exposure Manual & Technical
47-4061,3.62,3.12,2.88,3.88,3.12,3.38,1.25,3.12,2.0,3.12,3.62,3.12,3.38,2.5,2.88,3.0,2.75,3.0,3.0,3.12,3.75,2.12,2.0,3.75,3.38,1.88,2.12,3.12,3.0,2.25,3.25,2.0,3.62,3.25,3.62,3.12,3.12,1.88,2.75,2.88,2.88,2.75,2.75,3.0,3.25,2.88,3.12,2.88,3.38,2.38,2.88,2.5,3.24,2.97,3.2,2.76,4.24,3.92,3.77,3.09,3.21,3.31,2.91,3.36,3.78,4.05,4.64,3.28,4.45,4.33,4.38,3.48,3.43,4.46,3.98,2.79,4.46,3.97,2.63,4.28,2.81,3.55,2.78,2.19,3.83,2.94,3.41,2.68,2.3,3.58,3.13,4.02,2.08,Rail-Track Laying and Maintenance Equipment Operators,Construction,-1.39906,-1.3999646565592063,34770.0,39000.0,45720.0,43530.0,47680.0,51630.0,70910.0,78930.0,79330.0,81380.0,84460.0,84840.0,16180.0,18600.0,16480.0,65244.3,68351.63,67370.0,1.8541409147095176,14.956736711990112,-11.397849462365592,3.2580623901244965,4.762607614764818,-1.436147170155276,-1.2246522932863295,1.6620077573966678,605,574,-31,31,0,Low Exposure Manual & Technical
47-4071,3.5,3.0,2.75,3.62,3.12,3.38,1.62,2.88,1.88,3.12,3.12,2.88,3.5,2.5,2.62,2.75,2.5,3.25,3.0,2.88,3.75,2.12,2.38,3.5,3.25,2.0,2.38,3.5,3.12,2.25,3.0,2.25,3.5,2.88,3.25,2.88,3.0,2.12,2.62,2.62,2.75,2.5,2.25,2.62,3.12,2.88,3.0,2.88,3.0,2.62,2.75,2.5,2.59,2.33,2.6,3.19,3.61,3.38,2.72,2.64,1.98,3.58,1.75,3.39,2.73,2.98,4.34,1.88,3.56,3.57,3.5,3.21,2.86,3.69,3.32,2.16,4.38,3.09,1.81,4.16,3.38,2.69,2.14,2.09,3.14,2.34,2.81,2.17,1.6,2.92,2.93,3.31,1.59,Septic Tank Servicers and Sewer Pipe Cleaners,Construction,-1.210591,-1.2113737882987732,26550.0,31120.0,36500.0,32320.0,37180.0,42700.0,51080.0,54600.0,60320.0,62640.0,66250.0,73670.0,29750.0,27660.0,29050.0,46368.810000000005,49304.41,49140.0,-2.3529411764705883,-7.025210084033613,5.02530730296457,5.976409573590512,6.330979811644919,-0.3334590151266311,-1.4327254700743095,1.3830427003954688,577,620,43,43,0,Low Exposure Manual & Technical
47-5011,3.75,3.5,3.0,3.88,3.38,3.5,1.25,2.75,1.25,3.63,3.38,3.25,3.38,2.38,2.88,3.25,3.38,3.5,3.25,3.13,3.75,2.38,2.38,4.0,3.25,2.0,2.63,3.25,3.38,2.25,3.25,2.38,3.63,3.13,3.75,3.25,3.38,2.38,2.63,3.38,3.25,3.0,3.13,3.5,3.63,2.88,3.5,3.13,3.25,2.75,2.75,2.75,2.29,2.45,3.15,3.09,3.67,4.45,3.25,2.3,2.96,3.33,2.11,3.06,2.78,2.61,3.44,2.64,3.98,3.6,4.2,2.66,2.76,3.56,3.64,2.62,3.51,2.86,2.53,3.87,2.02,2.68,2.4,2.54,4.19,2.52,2.28,2.02,2.32,2.44,3.03,2.95,2.42,"Derrick Operators, Oil and Gas",Construction,-1.415002,-1.415916965012097,33800.0,37610.0,42930.0,39290.0,43590.0,49440.0,56120.0,61570.0,72820.0,63390.0,70820.0,84620.0,12110.0,10950.0,11040.0,54649.37,55368.82,62740.0,-8.835672997522709,-9.57886044591247,0.821917808219178,14.804617143802384,1.3164836117964345,13.312871757064718,-1.577916225798299,1.7419966417697206,609,637,28,28,0,Low Exposure Manual & Technical
47-5012,3.75,3.13,3.13,4.0,3.38,2.88,1.0,2.5,1.13,2.63,2.75,3.5,3.0,2.5,2.13,2.63,2.75,2.75,3.38,3.63,3.75,2.5,2.25,3.75,3.88,2.13,2.63,3.63,3.63,2.5,3.13,1.88,4.0,3.38,3.13,2.63,3.38,1.75,2.25,3.13,3.13,2.5,2.0,2.38,2.88,2.88,2.75,2.88,3.0,1.88,3.13,3.25,2.92,3.07,3.4,2.72,4.16,4.45,3.61,2.98,3.44,3.62,2.6,3.23,3.52,3.77,4.15,3.61,4.34,4.18,4.56,3.31,3.67,4.08,3.88,2.86,4.02,3.17,3.07,4.24,1.98,3.62,3.03,2.81,4.12,2.82,3.09,2.6,3.01,3.23,3.89,3.33,1.64,"Rotary Drill Operators, Oil and Gas",Construction,-0.7737326,-0.7742329059103508,32670.0,37320.0,42750.0,42470.0,46250.0,52600.0,69480.0,72790.0,81550.0,83570.0,84530.0,98510.0,21010.0,12190.0,13090.0,63941.740000000005,59736.06,65010.0,-37.696335078534034,-41.980009519276535,7.383100902378999,1.6706770882368775,-6.577362455260065,8.828737616776202,-0.7897550299605307,1.1716979089432404,459,458,-1,1,0,Low Exposure Manual & Technical
47-5013,4.0,3.25,3.0,4.0,3.12,3.12,1.0,2.75,1.25,3.0,3.25,3.0,3.12,2.62,2.38,2.75,3.0,3.5,3.25,3.0,3.38,2.88,2.38,3.75,3.62,2.12,2.75,3.38,3.25,2.62,3.38,2.12,4.0,3.0,3.5,2.88,3.38,2.75,2.75,3.25,3.25,2.88,2.88,2.75,3.12,3.0,3.0,3.12,3.12,2.88,3.0,3.0,2.83,3.91,4.08,3.92,4.39,4.71,4.36,3.02,3.79,3.04,3.24,4.17,3.65,3.56,4.03,3.69,3.94,4.15,4.54,3.53,4.13,3.95,4.32,2.56,3.73,3.89,3.45,4.13,1.97,3.59,3.51,2.82,3.96,3.56,3.47,3.09,2.82,3.22,4.19,3.42,2.22,"Service Unit Operators, Oil and Gas",Construction,-0.971916,-0.9725444557185672,31930.0,35530.0,40010.0,37190.0,41010.0,47330.0,60490.0,64680.0,70510.0,77850.0,83530.0,93820.0,51760.0,36320.0,44120.0,54358.62,54201.34,57980.0,-14.760432766615148,-29.82998454404946,21.475770925110133,6.662016070312301,-0.2893377352110964,6.971525058236574,-0.8348854144778203,1.5206852393392498,515,469,-46,46,0,Low Exposure Manual & Technical
47-5041,3.88,3.0,3.0,4.0,3.12,3.5,1.5,2.75,1.88,3.12,3.38,3.0,3.12,2.38,2.62,2.62,2.0,3.5,3.12,3.0,3.38,1.88,2.12,3.75,3.62,2.62,1.88,2.88,3.12,2.12,3.12,2.25,3.75,3.62,3.75,3.12,3.5,2.62,2.75,2.88,2.88,2.62,2.25,2.75,3.0,3.0,3.12,3.0,3.0,2.25,2.38,2.25,3.09,2.99,2.69,1.89,3.89,4.35,3.19,2.8,3.11,2.34,2.4,2.95,2.83,3.62,3.67,2.66,3.57,3.58,4.02,2.54,2.91,4.1,3.59,2.27,4.15,3.27,1.37,3.2,1.49,2.84,2.65,3.31,3.93,2.25,2.76,1.72,1.58,2.92,3.63,3.42,1.85,Continuous Mining Machine Operators,Construction,-1.165492,-1.1662456262791452,38240.0,38020.0,41450.0,45290.0,47650.0,50850.0,67730.0,64990.0,76850.0,77540.0,76870.0,84420.0,14630.0,13500.0,14340.0,64290.64,62006.16,63380.0,-1.982228298017772,-7.723855092276145,6.222222222222222,-1.41644258013297,-3.5533632889639977,2.2156508321108803,-1.6747296502239193,1.704381975406876,565,647,82,82,0,Low Exposure Manual & Technical
47-5051,3.88,2.38,2.88,3.5,2.88,2.88,1.12,3.0,1.25,3.12,2.5,3.0,2.75,1.88,1.88,2.62,2.62,2.38,2.75,2.88,3.25,1.88,2.0,3.62,3.25,1.88,2.0,3.0,2.88,2.0,2.75,1.88,3.0,2.88,2.88,2.75,2.88,1.62,2.25,2.88,2.88,2.0,2.5,3.12,3.5,2.5,3.38,2.88,3.0,2.25,2.38,2.12,2.39,2.67,2.12,1.72,3.1,3.61,2.66,2.35,2.36,2.3,2.02,2.88,2.63,2.89,3.0,2.06,3.84,2.93,3.5,2.12,3.03,2.82,3.33,1.5,3.4,2.68,1.63,3.75,1.39,2.55,2.1,1.55,3.04,2.0,2.22,1.59,1.61,2.5,2.73,2.7,1.64,"Rock Splitters, Quarry",Construction,-1.763494,-1.764634307714689,26340.0,30520.0,37240.0,30540.0,36770.0,39990.0,43240.0,56030.0,58290.0,51990.0,63380.0,68380.0,5080.0,3910.0,3080.0,41949.41,49736.81,47460.0,-39.37007874015748,-23.03149606299213,-21.22762148337596,13.136275337364689,18.563789097391343,-4.577716182441129,-1.7610436163717194,1.280501349234578,640,652,12,12,4,Low Exposure Routine Service
47-5071,3.25,3.0,2.88,3.25,3.0,3.0,1.5,2.5,2.0,3.25,3.25,3.0,3.0,2.0,2.12,2.62,3.0,3.0,2.75,3.12,3.75,2.0,2.0,3.75,3.5,2.0,2.0,3.12,3.0,2.0,2.88,2.12,3.5,3.0,3.0,2.75,3.0,2.12,2.0,2.88,3.0,2.25,2.38,3.12,3.25,2.88,3.25,2.62,3.0,2.12,2.25,2.0,2.73,3.19,3.16,3.14,3.6,4.28,3.66,2.94,3.26,3.45,2.6,3.62,3.0,3.25,4.03,3.15,3.7,3.88,4.48,2.68,3.39,3.75,3.91,2.95,4.53,3.92,2.21,4.23,2.56,3.41,2.92,2.49,3.54,2.99,3.8,2.53,1.69,3.47,3.22,3.36,1.97,"Roustabouts, Oil and Gas",Construction,-1.518977,-1.519959197566939,28270.0,31640.0,35650.0,32930.0,36780.0,38330.0,48040.0,50780.0,57170.0,58950.0,61180.0,64010.0,58930.0,39100.0,45330.0,45252.33,47120.79,47510.0,-23.078228406584085,-33.650093331070764,15.933503836317136,4.989069071139538,4.12898076187458,0.8259836051135796,-1.3413937351471816,1.5345504618371022,616,600,-16,16,0,Low Exposure Manual & Technical
47-5081,3.88,3.12,2.88,3.75,3.12,3.38,1.5,3.0,1.88,3.12,3.62,3.38,3.0,2.5,2.75,3.0,3.0,3.12,3.0,3.25,4.0,2.25,2.5,3.75,3.62,1.88,2.12,3.25,3.0,2.38,3.12,2.38,3.62,3.38,3.75,3.12,3.25,2.25,3.0,2.88,3.0,2.5,2.62,3.12,3.62,2.75,3.5,2.75,3.12,2.38,2.75,2.25,3.71,3.85,3.88,3.25,4.46,4.74,3.58,3.97,3.63,3.75,3.17,3.43,3.88,4.37,4.11,3.46,4.75,3.86,4.4,3.97,3.52,4.23,4.2,3.98,4.7,3.66,2.55,4.36,2.26,3.85,3.2,3.4,4.55,3.44,3.4,2.58,2.35,3.43,3.44,3.56,2.21,Helpers--Extraction Workers,Construction,-1.543154,-1.544151830954565,26300.0,31050.0,35770.0,31130.0,36340.0,39980.0,45260.0,52150.0,57560.0,54230.0,60100.0,68240.0,16700.0,6910.0,6720.0,43170.56,46601.91,48400.0,-59.76047904191617,-58.62275449101796,-2.7496382054992763,12.113440270406509,7.948356472559075,3.8584040868711273,-1.300728728134895,1.8655881534963656,618,591,-27,27,0,Low Exposure Manual & Technical
49-1011,3.0,3.0,3.12,3.0,3.88,2.88,1.0,2.0,1.38,2.12,3.25,3.0,3.25,3.0,2.0,2.0,2.0,3.0,3.88,3.75,3.0,2.88,2.88,2.88,3.88,2.0,3.0,4.0,4.0,2.75,3.12,2.0,3.75,2.25,2.75,2.12,3.25,2.5,1.88,3.75,3.75,2.88,1.75,2.0,2.25,2.75,2.88,2.75,3.12,2.12,4.0,3.12,3.56,2.98,3.46,3.47,4.15,3.62,3.98,3.73,3.99,3.91,3.43,3.24,3.86,4.22,4.22,3.96,3.55,3.91,3.99,3.51,3.68,4.31,4.3,3.26,4.0,4.23,3.19,3.25,2.27,3.67,3.3,3.42,3.68,3.08,3.87,2.77,3.33,3.71,3.79,3.9,3.82,"First-Line Supervisors of Mechanics, Installers, and Repairers",Installation & Repair,-0.0205169,-0.0205301598333306,40880.0,44900.0,48460.0,52300.0,56760.0,61240.0,85960.0,92560.0,99630.0,105810.0,112020.0,124280.0,485700.0,559050.0,600680.0,78455.98,79064.34,78300.0,23.673049207329623,15.101914762198888,7.446561130489222,-0.1988121236902476,0.7754157171958093,-0.966731651715548,0.01918043612246675,0.570278434126354,309,329,20,20,1,Moderate Exposure Service & Healthcare
49-2011,3.12,2.12,3.0,3.12,3.12,2.12,1.0,2.0,1.38,2.5,2.75,3.5,2.75,2.88,2.0,2.0,2.0,2.12,3.12,3.38,3.12,1.88,2.38,2.75,3.88,1.75,2.0,3.75,3.62,2.75,2.88,1.88,3.62,2.0,2.0,2.0,3.0,2.0,2.12,3.5,3.5,2.38,1.75,2.0,2.12,2.88,2.38,3.0,3.38,2.0,3.5,3.0,3.0,1.9,2.15,4.29,3.14,2.78,1.86,2.24,1.78,2.76,2.27,2.65,2.31,2.4,3.91,2.13,3.07,3.42,4.0,2.34,2.13,4.37,3.22,2.64,3.43,3.03,2.62,2.26,2.93,2.47,2.44,4.63,3.86,2.64,2.71,1.99,1.27,3.19,2.61,3.83,4.11,"Computer, Automated Teller, and Office Machine Repairers",Installation & Repair,-0.3458247,-0.3460483111149277,25610.0,31560.0,35120.0,31380.0,36600.0,38290.0,50430.0,55680.0,59420.0,62350.0,64090.0,69560.0,98260.0,81440.0,73010.0,45973.39,48547.71,46860.0,-25.697130063097905,-17.11785060044779,-10.351178781925343,1.928528655380864,5.59958706547418,-3.4763946641355465,-0.6138653443598397,0.458808645086306,361,420,59,59,4,Low Exposure Routine Service
49-2021,3.38,2.62,3.12,3.12,3.38,2.62,1.75,2.12,2.12,3.12,3.0,3.25,2.75,2.88,2.0,2.38,2.75,2.5,3.12,3.38,3.25,2.75,2.88,2.88,3.88,2.0,2.38,3.25,3.12,2.38,3.12,2.0,3.88,2.12,2.38,2.38,3.0,2.0,2.25,3.12,3.25,2.38,1.75,2.12,2.88,2.5,2.88,2.88,3.0,2.5,3.12,3.0,3.37,2.84,3.22,3.86,4.36,3.41,3.61,3.19,3.09,3.95,3.6,3.54,3.4,4.12,4.25,3.22,4.13,4.48,4.47,3.87,3.68,4.58,4.07,2.48,4.21,4.12,3.17,4.05,3.16,4.17,3.22,4.21,3.38,3.16,3.73,2.83,2.12,3.81,3.52,4.43,4.01,"Radio, Cellular, and Tower Equipment Installers and Repairers",Installation & Repair,-0.6335382,-0.6339478530833582,32150.0,37290.0,42360.0,41100.0,46400.0,50610.0,73240.0,77260.0,84770.0,91530.0,93840.0,102550.0,14370.0,13020.0,11400.0,64406.94,64557.32,64190.0,-20.668058455114824,-9.394572025052192,-12.442396313364055,-0.3368270562147531,0.2334841555894401,-0.5689827272879353,-0.5067244649529249,0.987512230410122,424,401,-23,23,0,Low Exposure Manual & Technical
49-2022,3.75,3.0,3.12,3.25,3.5,3.0,1.12,2.38,1.5,3.12,3.25,3.62,3.38,3.0,2.38,3.0,3.0,2.88,3.5,3.5,3.62,2.88,3.0,3.38,3.88,2.12,2.38,3.88,3.38,2.75,3.25,1.88,3.88,2.25,2.75,2.75,3.12,2.0,2.5,3.38,3.38,3.0,2.0,2.75,3.0,2.88,3.0,3.88,3.25,2.12,3.12,2.88,3.44,2.97,2.46,3.61,4.07,2.84,2.77,2.58,2.49,3.36,2.41,3.5,2.66,3.04,4.41,1.98,3.64,3.96,3.69,3.37,3.45,4.4,3.53,1.79,4.13,3.76,2.33,3.47,3.84,3.71,2.85,3.62,2.73,2.92,2.48,2.53,1.35,3.39,3.31,4.01,4.44,"Telecommunications Equipment Installers and Repairers, Except Line Installers",Installation & Repair,-0.853048,-0.8535995930176393,33090.0,36240.0,42440.0,43570.0,46690.0,50580.0,73480.0,76550.0,80040.0,85620.0,88770.0,94970.0,208480.0,168180.0,153890.0,67349.33,64816.76,62630.0,-26.184765924788948,-19.330391404451262,-8.496848614579617,-7.007241200469257,-3.760349212085713,-3.373757034446021,-0.5722181977662514,0.9524174441152584,475,412,-63,63,0,Low Exposure Manual & Technical
49-2091,3.38,2.38,3.0,3.38,3.62,2.0,1.0,2.0,1.5,2.25,2.88,3.62,2.88,2.88,1.5,2.0,2.0,2.88,3.62,3.75,3.25,2.5,2.38,2.75,3.75,1.5,2.25,3.75,3.5,2.88,3.0,1.5,3.75,2.0,2.12,2.12,3.0,1.5,1.62,3.12,3.12,2.25,1.0,2.0,2.12,2.62,2.38,3.0,3.25,2.0,3.88,3.62,3.57,2.62,2.99,3.14,4.03,3.69,3.19,2.71,3.06,4.4,3.35,3.6,2.85,4.12,4.35,2.69,3.55,3.66,3.98,3.28,3.4,4.16,3.7,2.53,2.95,3.63,2.69,3.38,2.14,3.74,3.19,4.33,3.57,2.5,2.97,2.31,1.83,3.21,3.78,4.39,4.15,Avionics Technicians,Installation & Repair,-0.1728535,-0.1729652640777543,40350.0,40980.0,49770.0,53650.0,58760.0,65170.0,80840.0,89970.0,98990.0,97150.0,109160.0,113580.0,21750.0,20200.0,20900.0,76409.1,81561.45,81390.0,-3.9080459770114944,-7.126436781609195,3.4653465346534658,6.518726172667908,6.743110441033844,-0.21020960269833,-0.1721335727343622,0.36274035053032505,330,356,26,26,1,Moderate Exposure Service & Healthcare
49-2092,3.62,3.0,3.0,3.12,3.25,3.0,1.12,2.38,1.88,3.0,2.88,4.0,3.12,2.88,2.12,2.12,2.0,3.25,3.25,3.5,3.75,2.75,2.75,3.12,3.88,1.75,2.5,3.12,3.0,2.75,3.12,1.88,3.88,3.0,3.12,2.75,3.0,2.12,2.0,2.88,2.88,3.12,2.38,2.38,2.88,2.75,2.88,3.25,3.25,2.75,3.12,2.88,3.25,2.57,3.45,3.33,4.13,4.09,3.44,2.96,3.27,3.85,3.31,3.34,3.77,3.91,4.31,3.01,3.86,4.33,4.12,3.37,3.27,3.88,4.15,2.75,3.63,4.02,2.88,3.84,1.85,4.06,2.84,4.24,4.24,2.62,3.46,2.44,2.03,3.45,3.46,3.45,2.92,"Electric Motor, Power Tool, and Related Repairers",Installation & Repair,-0.8106341,-0.81115826724358,27650.0,32790.0,36310.0,34760.0,38810.0,44480.0,56530.0,60350.0,66180.0,70090.0,73850.0,79230.0,15890.0,15390.0,16570.0,51253.41,52169.06,53990.0,4.279421019509125,-3.146633102580239,7.667316439246264,5.339332543922437,1.786515277715169,3.490459670923728,-0.7985282515452636,1.226158339826962,464,460,-4,4,0,Low Exposure Manual & Technical
49-2093,4.0,2.38,3.0,3.25,3.12,2.62,1.0,2.12,1.75,3.25,3.0,3.38,2.88,2.38,1.62,2.12,2.38,2.38,3.12,3.25,3.62,2.25,2.0,3.25,4.0,1.62,2.25,3.25,3.0,2.38,2.5,1.62,3.75,1.88,2.25,2.0,3.0,1.62,1.62,3.0,2.88,2.12,1.38,2.0,2.12,2.5,2.88,3.38,3.0,2.0,3.0,2.88,3.55,2.34,2.99,2.54,4.26,4.12,3.41,2.98,2.79,3.2,3.08,2.99,3.4,3.5,3.75,2.86,3.91,3.55,4.2,2.65,3.34,4.01,3.72,2.36,3.56,3.52,2.38,3.73,2.37,3.68,3.1,3.31,3.44,2.28,2.69,2.06,1.83,3.51,3.31,3.69,3.74,"Electrical and Electronics Installers and Repairers, Transportation Equipment",Installation & Repair,-0.8303875,-0.8309244402327487,38530.0,45970.0,49490.0,50700.0,58120.0,65750.0,76630.0,84520.0,95730.0,91600.0,94250.0,106110.0,9790.0,8530.0,7310.0,72722.39,79594.03,82730.0,-25.33197139938713,-12.870275791624106,-14.302461899179368,13.761387655163698,9.449139391595905,3.939956300742658,-0.7309133651728109,0.824045534668907,470,443,-27,27,0,Low Exposure Manual & Technical
49-2094,3.75,2.62,3.12,3.0,3.75,2.62,1.0,2.12,1.62,2.88,3.0,3.62,3.25,3.0,1.5,2.0,2.12,2.88,3.12,3.88,3.62,2.88,2.75,2.62,3.88,1.5,2.75,3.75,3.12,3.0,3.25,1.5,3.88,2.5,2.62,2.25,3.0,1.62,1.5,3.0,3.0,2.62,1.62,2.0,2.75,2.25,2.25,3.25,3.25,2.5,3.12,3.0,3.67,2.44,3.06,2.56,3.83,3.72,2.55,3.02,2.27,4.12,3.33,3.65,3.41,3.58,4.05,2.78,3.46,4.09,4.05,3.03,3.45,4.23,3.9,2.1,2.32,3.57,2.25,3.19,1.5,3.46,2.54,4.44,3.69,2.37,2.73,1.85,1.69,3.47,3.71,3.59,4.16,"Electrical and Electronics Repairers, Commercial and Industrial Equipment",Installation & Repair,-0.4632031,-0.4635026106072602,36960.0,39550.0,44980.0,47640.0,51230.0,56750.0,71430.0,78440.0,85160.0,83480.0,95940.0,103060.0,58930.0,51650.0,59990.0,68965.90000000001,69216.43,71300.0,1.7987442728661125,-12.353639911759714,16.147144240077445,3.384426216434486,0.3632664838709917,3.010224595518733,-0.47201367857823845,0.6460154135078859,382,394,12,12,0,Low Exposure Manual & Technical
49-2095,3.75,2.75,3.0,3.25,3.12,2.62,1.0,2.0,1.62,2.75,3.0,3.25,3.12,2.62,2.0,2.25,2.5,2.38,3.12,3.5,3.12,2.88,2.75,2.62,3.88,2.0,2.75,3.75,3.62,2.75,3.12,2.0,3.75,2.0,2.25,2.12,3.0,2.0,2.0,2.88,2.88,2.5,1.75,2.0,2.12,2.5,2.88,3.25,3.0,2.25,3.62,3.12,3.83,2.68,3.1,2.45,3.83,3.91,2.72,2.51,2.04,4.04,3.41,3.4,3.02,3.98,4.25,2.47,3.4,4.36,4.32,3.09,3.44,4.28,4.18,2.69,3.37,3.45,2.8,3.61,1.65,3.85,2.8,4.41,3.94,2.47,2.95,1.6,1.46,3.21,3.25,4.09,3.93,"Electrical and Electronics Repairers, Powerhouse, Substation, and Relay",Installation & Repair,-0.5522636,-0.5526206991136369,54230.0,55170.0,60820.0,68040.0,71030.0,79930.0,96160.0,104720.0,114740.0,106610.0,117220.0,127970.0,22650.0,25440.0,23040.0,96273.14,101311.32,100940.0,1.7218543046357615,12.317880794701988,-9.433962264150944,4.847520294861059,5.233214580930873,-0.3665138308335065,-0.5761277154918345,0.7499991617526519,404,414,10,10,0,Low Exposure Manual & Technical
49-2096,3.88,3.0,3.12,3.38,3.62,2.38,1.12,2.0,1.62,3.62,2.88,3.88,3.0,3.0,2.0,2.0,2.0,3.0,3.5,3.25,3.5,2.25,2.0,3.25,3.88,2.0,2.25,3.5,3.38,2.88,2.88,2.0,3.62,2.0,2.62,2.12,3.5,2.5,2.0,3.0,3.0,2.62,1.75,2.0,2.62,3.0,3.12,3.75,3.62,2.0,3.12,2.88,3.57,2.78,3.41,3.33,3.48,2.89,3.34,3.17,2.97,3.34,3.25,3.45,3.21,3.28,4.75,3.48,4.38,4.56,3.57,3.49,3.64,4.57,3.72,1.87,3.82,3.76,2.58,3.67,3.4,3.79,3.69,3.47,2.73,2.8,3.07,3.07,1.74,3.79,3.58,4.51,3.96,"Electronic Equipment Installers and Repairers, Motor Vehicles",Installation & Repair,-0.7915968,-0.7921086573006485,24280.0,30560.0,31680.0,30970.0,36360.0,39970.0,46260.0,51230.0,58900.0,55530.0,65380.0,70480.0,10310.0,9450.0,10140.0,43472.94,44969.6,47940.0,-1.6488845780795345,-8.341416100872939,7.301587301587302,10.275495515141136,3.442739322438272,6.605351170568566,-0.45200387291057204,0.9372039998723412,462,392,-70,70,0,Low Exposure Manual & Technical
49-2097,3.12,2.75,3.12,3.0,3.25,2.62,1.0,2.25,1.38,2.75,3.25,3.62,3.0,2.75,2.0,2.25,2.12,3.12,3.12,3.25,3.25,2.5,2.5,2.62,3.62,1.62,2.38,3.25,3.12,2.75,2.88,2.0,3.5,1.88,1.88,2.0,3.0,2.38,2.12,3.12,3.12,2.5,1.75,2.12,2.5,2.38,2.62,3.25,3.5,1.88,3.0,2.88,3.47,2.12,2.53,3.66,3.48,2.93,3.07,2.87,2.92,3.26,2.65,3.46,3.44,3.29,4.25,3.07,3.73,3.94,3.89,3.07,3.25,4.09,3.59,2.51,2.64,3.84,2.8,2.78,3.41,3.81,3.02,3.66,2.32,3.31,3.03,3.2,1.92,3.66,3.06,4.36,4.19,Audiovisual Equipment Installers and Repairers,Installation & Repair,-0.571284,-0.5716533981286513,24200.0,30620.0,36310.0,31710.0,36930.0,43330.0,51750.0,57000.0,63250.0,62730.0,69060.0,82150.0,25590.0,22200.0,22170.0,45950.130000000005,48601.76,50620.0,-13.36459554513482,-13.247362250879249,-0.1351351351351351,10.16290922354299,5.770669201588744,4.15260681917693,-0.3888940481846485,0.6473547737785164,411,380,-31,31,0,Low Exposure Manual & Technical
49-2098,3.38,2.62,3.12,3.0,3.38,2.38,1.25,2.12,1.62,3.12,3.0,3.12,2.88,2.62,2.0,2.12,2.5,2.62,3.25,3.38,3.38,2.12,2.12,3.12,3.5,1.75,2.12,3.75,3.5,2.62,3.0,1.88,3.75,1.88,2.12,2.12,2.88,2.0,2.12,3.12,3.12,2.12,1.5,2.25,2.38,2.62,2.88,2.88,3.12,2.0,3.0,3.0,3.45,1.98,2.6,4.26,4.06,2.8,2.78,3.19,2.16,3.59,2.82,3.41,3.11,3.64,3.91,2.78,4.0,4.2,4.1,3.19,3.38,4.1,3.29,1.79,3.61,3.63,2.39,4.1,3.14,3.74,2.37,4.36,3.02,2.55,3.15,1.98,1.69,3.26,3.02,4.25,4.01,Security and Fire Alarm Systems Installers,Installation & Repair,-0.6926484,-0.6930962750575177,31180.0,34840.0,38410.0,37630.0,40360.0,47330.0,60890.0,63250.0,71340.0,73920.0,77980.0,81980.0,71600.0,80720.0,81510.0,56952.11,54190.53,59300.0,13.84078212290503,12.737430167597768,0.9786917740336968,4.122568944328839,-4.848951162652273,9.428713836162888,-0.5948643849806612,0.7171200238943274,435,415,-20,20,0,Low Exposure Manual & Technical
49-3011,3.75,3.12,3.25,4.0,3.88,3.0,1.5,2.5,1.62,3.12,3.38,4.0,3.75,2.88,2.0,2.38,2.5,3.62,3.88,4.0,4.0,2.75,2.88,3.88,4.12,2.0,2.5,3.62,3.75,2.88,3.38,2.0,4.5,2.88,3.0,3.0,3.25,2.12,2.25,3.12,3.0,3.0,2.12,2.5,3.0,2.75,3.25,3.38,3.5,2.5,4.12,3.25,3.73,2.88,3.3,2.99,4.27,3.52,3.26,3.36,3.01,4.63,3.02,3.34,3.54,4.6,4.55,3.0,4.18,4.23,4.6,3.49,4.0,4.55,4.01,2.86,4.22,3.83,2.9,4.03,2.26,3.98,2.75,3.85,4.31,3.04,3.47,2.68,1.91,3.45,3.45,4.44,3.44,Aircraft Mechanics and Service Technicians,Installation & Repair,-0.6551197,-0.6555433081627746,37890.0,41020.0,47790.0,50190.0,55710.0,61920.0,84330.0,84340.0,95050.0,101070.0,108200.0,120080.0,133310.0,134070.0,136390.0,74536.67,75680.81,78680.0,2.3104043207561324,0.5700997674593054,1.7304393227418513,5.558780664604418,1.5350028382003107,3.962946485377208,-0.6520747225700204,1.2594086248211378,428,427,-1,1,0,Low Exposure Manual & Technical
49-3021,3.5,3.0,3.12,3.12,2.88,2.75,1.88,2.62,2.25,3.0,2.88,3.25,3.0,2.88,2.0,2.5,2.5,2.88,2.88,3.25,3.38,2.12,2.0,3.12,3.25,2.0,2.12,3.25,3.12,2.88,2.88,2.0,3.25,2.12,2.75,2.12,3.12,2.0,2.0,3.0,3.12,2.12,2.38,2.62,3.0,2.25,3.0,3.25,3.38,2.5,3.0,2.25,3.05,2.52,3.03,2.6,3.79,3.05,2.8,3.37,2.64,2.73,2.75,2.99,3.16,3.8,4.06,2.73,3.65,3.89,3.86,2.6,3.26,4.05,3.75,2.79,3.93,3.88,2.31,3.49,2.72,3.79,2.52,2.7,3.48,2.7,3.45,2.17,1.96,3.72,3.25,4.1,2.83,Automotive Body and Related Repairers,Installation & Repair,-1.180589,-1.1813523883361827,26710.0,32370.0,36390.0,33870.0,38680.0,45000.0,57370.0,61250.0,64780.0,73470.0,78460.0,87040.0,144180.0,138760.0,155220.0,50683.54,51531.27,51680.0,7.657095297544735,-3.759189901512,11.862208129143848,1.966042624489132,1.6725942978726347,0.2886208703957872,-1.120061904856732,1.2096021378271764,569,548,-21,21,0,Low Exposure Manual & Technical
49-3022,3.0,2.38,2.62,3.0,3.0,2.88,1.38,2.12,1.12,3.0,2.88,3.0,2.12,2.12,2.62,2.25,1.88,2.12,2.88,3.0,3.12,1.88,1.88,3.12,3.5,1.75,2.0,3.0,3.0,2.0,2.5,1.88,3.0,1.88,2.0,1.88,2.75,1.75,1.88,2.75,3.0,2.0,2.25,2.5,3.12,2.5,2.88,2.75,3.0,2.0,2.62,2.5,1.86,1.48,1.75,2.65,3.12,2.66,2.16,1.71,2.08,2.29,1.46,2.9,2.44,2.91,3.43,1.8,4.09,3.09,2.72,2.31,2.71,3.0,2.73,1.56,3.29,3.04,2.2,4.22,3.4,2.55,2.14,1.79,2.33,2.59,2.49,2.16,1.31,3.03,2.33,3.41,2.05,Automotive Glass Installers and Repairers,Installation & Repair,-1.202285,-1.2030624174538538,24660.0,29650.0,35080.0,28730.0,36030.0,39990.0,44760.0,49580.0,58160.0,52710.0,59900.0,67480.0,19410.0,17370.0,18940.0,41623.77,47239.7,47260.0,-2.421432251416796,-10.510046367851624,9.038572251007484,13.540892619769895,13.492122409863386,0.0429723304762793,-1.3050316930317023,0.7944361290741294,575,592,17,17,4,Low Exposure Routine Service
49-3023,3.62,3.0,3.0,3.62,3.88,2.75,1.88,2.75,2.5,3.38,2.75,3.75,3.25,2.88,2.0,2.12,2.12,2.88,3.75,3.38,3.88,2.12,2.88,3.25,3.75,1.88,2.25,3.38,3.12,2.62,3.25,2.12,3.75,2.5,2.75,3.0,3.25,2.38,2.38,2.88,2.88,2.88,1.5,2.5,2.88,3.12,3.0,3.0,3.38,2.75,3.25,2.62,3.28,2.41,2.93,3.04,3.4,3.54,2.56,2.86,2.54,2.94,2.52,3.23,2.98,3.56,4.6,2.53,4.0,3.95,3.95,3.46,3.52,4.13,3.56,2.25,4.47,3.39,2.25,3.59,2.83,2.98,2.84,3.63,4.15,2.81,2.57,2.66,1.86,3.07,2.87,4.23,3.65,Automotive Service Technicians and Mechanics,Installation & Repair,-0.9547055,-0.9553228270252744,24400.0,29270.0,33660.0,31250.0,35910.0,38140.0,56140.0,60740.0,65660.0,68880.0,75360.0,80850.0,655330.0,664070.0,688840.0,48950.67,50774.57,49670.0,5.113454290204935,1.3336792150519583,3.730028460855032,1.4694998045992054,3.72599598738894,-2.175439398108147,-1.0871382655011184,1.2768000040971814,505,538,33,33,0,Low Exposure Manual & Technical
49-3031,3.88,3.12,2.88,3.75,3.62,3.12,1.25,2.25,1.88,3.5,3.0,3.88,3.12,2.75,2.0,2.25,2.75,3.75,3.12,3.38,3.88,2.0,2.12,3.62,4.0,2.0,2.0,3.12,3.12,2.62,3.0,2.0,3.62,2.62,3.0,2.75,3.0,2.62,2.0,2.88,3.0,2.12,2.25,2.75,3.0,2.88,3.38,3.0,3.25,2.25,2.88,2.62,3.78,2.77,2.89,2.35,3.7,4.04,2.54,3.06,2.3,3.69,3.14,3.11,3.17,3.57,4.26,2.3,3.95,4.26,4.39,2.85,2.9,4.1,3.91,2.26,4.22,3.32,2.94,4.02,1.93,3.54,3.27,4.11,4.62,2.07,2.66,2.04,1.58,3.15,2.84,4.01,3.6,Bus and Truck Mechanics and Diesel Engine Specialists,Installation & Repair,-1.010472,-1.0111253868884107,31990.0,37030.0,41670.0,38810.0,45670.0,49240.0,60160.0,64180.0,73690.0,74090.0,78340.0,85980.0,266330.0,271720.0,287230.0,56405.5,58763.16,60640.0,7.847407351781624,2.023805053880524,5.708081848962167,7.507246633750254,4.179840618379407,3.1939058416872133,-1.2494535535993425,1.4510326561457354,526,578,52,52,0,Low Exposure Manual & Technical
49-3041,3.75,3.25,3.0,4.0,3.75,3.0,1.12,2.88,2.25,3.62,3.0,4.0,3.38,2.88,2.12,2.38,2.38,3.38,3.5,3.5,4.0,2.62,2.88,4.0,3.88,1.88,2.5,3.38,3.25,2.12,3.12,2.0,3.88,2.88,3.0,3.0,3.25,2.62,2.25,3.12,3.25,3.0,2.0,2.75,3.25,2.62,3.25,3.25,3.88,3.0,3.38,3.0,3.08,2.73,2.65,3.71,3.82,3.95,2.54,2.47,2.44,4.0,3.15,3.65,2.64,2.91,4.14,2.25,4.08,3.94,4.19,3.51,3.45,3.79,3.53,2.56,4.07,3.76,2.67,3.81,3.64,2.95,2.85,4.13,4.61,2.99,2.54,2.85,2.44,3.28,2.72,3.83,3.81,Farm Equipment Mechanics and Service Technicians,Installation & Repair,-1.20703,-1.207810485676722,27630.0,31680.0,36920.0,33780.0,38320.0,45660.0,52150.0,60060.0,63070.0,61960.0,66620.0,76860.0,36290.0,35280.0,36880.0,49078.6,51898.81,52080.0,1.62579222926426,-2.7831358500964454,4.535147392290249,6.115496367052038,5.746313057014665,0.349121685063689,-1.0547275363434996,1.4351834286412615,576,533,-43,43,0,Low Exposure Manual & Technical
49-3042,3.75,3.0,3.12,4.0,3.38,2.88,1.38,2.88,2.25,3.88,3.12,3.88,3.25,2.75,2.62,2.88,2.75,3.0,3.25,3.38,4.0,2.88,2.62,3.62,3.88,1.88,2.75,3.0,3.0,2.75,3.25,2.0,3.75,3.12,3.38,3.0,3.12,2.38,2.5,3.0,3.0,2.88,2.38,2.38,3.25,2.88,3.12,3.12,3.5,2.88,3.12,2.75,3.56,2.88,2.79,2.98,3.85,4.21,2.97,3.18,2.71,3.98,3.39,3.61,3.3,3.34,4.16,2.82,4.22,3.94,4.41,3.37,3.71,4.24,3.89,2.59,4.46,3.73,2.53,4.01,2.47,3.76,3.08,3.78,4.64,2.84,3.11,2.46,2.23,3.72,3.18,3.68,3.44,"Mobile Heavy Equipment Mechanics, Except Engines",Installation & Repair,-1.169815,-1.170571421627398,34900.0,38950.0,45450.0,42940.0,47840.0,53500.0,64080.0,68720.0,78090.0,77990.0,80080.0,92360.0,147800.0,158350.0,180270.0,62069.310000000005,64254.64,63980.0,21.968876860622466,7.138024357239512,13.84275339437954,3.0783168042306173,3.520789904060468,-0.427424385227276,-1.1528962994971899,1.6022148966315584,567,556,-11,11,0,Low Exposure Manual & Technical
49-3043,3.88,2.88,3.0,3.88,3.12,2.75,1.25,2.88,1.75,3.25,3.12,3.62,3.25,2.88,2.38,3.0,3.0,3.0,3.0,3.12,3.88,2.12,2.25,3.75,3.62,2.0,2.25,2.88,2.88,2.75,3.38,2.12,3.5,2.62,3.5,2.62,3.0,2.75,2.0,2.88,3.0,2.62,2.25,3.0,3.5,2.5,3.5,3.0,3.12,2.25,2.75,2.75,3.06,2.88,2.93,2.48,3.6,3.64,2.62,2.97,2.78,3.29,2.73,3.04,2.9,3.51,4.02,2.65,3.9,3.78,4.24,2.39,3.12,3.78,3.81,2.39,3.94,3.69,2.16,3.58,1.86,3.05,2.64,2.5,3.58,2.36,2.95,1.76,1.76,3.2,3.59,3.27,2.15,Rail Car Repairers,Installation & Repair,-1.448102,-1.4490383682106087,35150.0,38320.0,45670.0,43890.0,47050.0,51640.0,70070.0,74630.0,80150.0,79510.0,84330.0,92000.0,25930.0,19830.0,18300.0,65581.57,67573.31,65680.0,-29.42537601234092,-23.524874662553028,-7.715582450832073,0.1500878981701612,3.0370422666001904,-2.8018606754649102,-1.3911733410730311,1.5047439422903486,612,616,4,4,0,Low Exposure Manual & Technical
49-3051,3.75,2.88,3.0,3.62,3.75,3.0,1.0,2.25,2.12,3.12,3.0,3.62,3.0,2.38,2.0,2.0,2.0,3.25,3.75,3.25,3.75,2.12,2.12,3.25,3.5,1.88,2.12,3.25,3.25,2.38,2.88,1.88,3.88,2.25,2.75,2.38,3.0,2.25,2.0,2.88,3.12,2.25,1.75,2.5,3.0,2.38,3.12,2.75,3.12,2.12,2.75,2.75,3.46,2.1,2.32,2.94,3.45,3.67,2.34,2.43,2.28,3.07,2.49,3.39,3.11,2.87,4.03,2.23,4.1,3.82,3.7,2.74,2.8,3.9,3.32,2.72,4.11,3.2,2.63,3.89,3.1,3.21,2.49,3.39,4.01,2.02,2.8,2.49,1.69,2.82,2.46,3.98,2.97,Motorboat Mechanics and Service Technicians,Installation & Repair,-0.8863602,-0.8869333334294057,25740.0,31930.0,35950.0,32470.0,38260.0,45070.0,53380.0,59630.0,65120.0,63350.0,71760.0,78820.0,22940.0,24920.0,24250.0,48066.79,52190.68,54950.0,5.710549258936356,8.63121185701831,-2.688603531300161,14.320095017786707,8.579499483947231,5.286997601870678,-1.1009727520619434,1.0763458279591651,489,544,55,55,0,Low Exposure Manual & Technical
49-3052,3.75,3.12,3.12,3.62,3.88,2.75,1.25,2.25,1.88,3.12,2.62,3.88,2.88,3.12,1.62,2.25,1.88,3.75,3.88,3.12,3.88,2.12,2.38,3.12,3.75,1.62,2.25,3.75,3.25,3.0,2.38,1.38,3.62,2.0,2.38,2.88,3.12,2.25,2.0,3.0,3.0,2.12,1.88,2.12,3.12,2.88,3.12,2.25,3.12,2.0,3.0,2.75,3.74,2.83,2.48,3.49,4.08,4.19,2.79,3.61,2.98,3.41,3.3,3.32,3.19,3.78,4.3,2.68,4.22,4.17,4.34,3.2,3.74,4.47,4.34,3.0,4.51,3.96,2.0,4.03,3.39,3.72,2.98,3.74,4.34,2.81,3.62,2.45,1.71,3.68,3.05,4.19,3.77,Motorcycle Mechanics,Installation & Repair,-0.763721,-0.7642148321864166,24490.0,28710.0,31770.0,29950.0,35000.0,38270.0,48530.0,51570.0,58880.0,60060.0,63200.0,70210.0,15590.0,14700.0,14010.0,43728.8,46882.97,47200.0,-10.13470173187941,-5.708787684413085,-4.6938775510204085,7.938017965276881,7.213026655202059,0.6762156919666115,-0.7377332680075804,1.0643408464570303,456,448,-8,8,0,Low Exposure Manual & Technical
49-3053,3.75,3.0,3.0,3.5,3.25,2.75,1.12,2.12,1.62,3.12,2.62,3.88,3.0,2.75,1.75,2.0,1.88,3.0,3.0,3.25,3.62,2.12,2.25,3.12,3.62,1.75,2.0,3.12,3.0,2.62,2.75,1.88,3.25,2.38,2.88,2.62,3.0,2.12,1.88,2.88,2.75,2.25,1.88,2.12,3.0,2.62,2.75,2.5,3.38,2.62,2.62,2.75,3.26,2.81,2.94,2.87,3.45,3.68,2.81,2.88,2.33,3.45,2.54,3.17,3.48,3.38,3.89,2.37,3.92,3.99,4.01,2.88,3.69,4.06,3.6,2.43,3.63,3.27,2.67,3.77,2.94,3.33,2.59,2.73,4.65,2.83,2.66,2.98,2.32,2.93,3.24,4.41,3.71,Outdoor Power Equipment and Other Small Engine Mechanics,Installation & Repair,-0.8941408,-0.8947189645389628,23160.0,29170.0,33600.0,28690.0,34680.0,38260.0,45530.0,48530.0,56080.0,55870.0,59090.0,64540.0,32160.0,35570.0,34240.0,41984.3,43272.43,46560.0,6.467661691542288,10.60323383084577,-3.739105988192297,10.898597809181044,3.0681230841052423,7.597377822322435,-0.9951574995356784,1.080158877128665,493,515,22,22,0,Low Exposure Manual & Technical
49-3091,3.75,2.12,3.0,3.12,3.0,2.62,1.25,2.38,1.88,3.0,2.75,3.88,2.88,2.75,1.5,2.0,2.0,2.12,3.0,3.62,3.75,2.12,2.38,2.88,3.88,1.38,2.25,3.38,3.5,2.75,2.75,1.5,3.62,2.12,2.25,1.62,3.0,1.38,1.5,3.5,3.38,2.5,2.0,2.0,2.88,2.75,2.88,2.62,3.88,2.62,3.0,2.88,2.52,4.17,2.56,3.08,4.1,3.41,2.99,2.73,2.9,3.86,1.84,3.54,2.6,2.28,4.27,3.77,4.24,4.05,3.74,2.7,3.51,3.94,2.82,2.77,2.38,3.67,2.61,3.58,4.68,2.74,3.46,1.92,4.06,3.22,3.35,4.73,2.27,2.83,3.1,4.53,2.89,Bicycle Repairers,Installation & Repair,-0.9226068,-0.923203371289683,22430.0,27040.0,30640.0,25290.0,30680.0,35880.0,36550.0,41860.0,47560.0,42630.0,47690.0,52130.0,13190.0,13760.0,12590.0,35273.79,39186.25,40360.0,-4.548900682335103,4.321455648218348,-8.502906976744185,14.41923309063188,11.09169159310638,2.9953108552106924,-0.41310664624654675,0.6854534946461636,498,383,-115,115,1,Moderate Exposure Service & Healthcare
49-3092,3.12,2.88,3.0,3.5,3.12,2.62,1.0,2.12,1.88,3.0,2.88,3.62,3.0,2.62,1.88,2.12,2.62,2.75,3.0,3.12,3.88,2.0,2.0,3.0,4.0,1.62,2.0,3.5,3.62,2.62,3.0,1.88,3.75,2.0,2.5,2.38,2.88,2.0,2.12,3.12,3.0,2.5,1.5,2.0,2.88,2.0,3.0,2.88,3.0,2.12,3.0,2.75,2.94,2.79,2.16,2.53,3.41,3.54,1.95,2.31,2.06,3.1,2.53,3.35,3.21,2.83,4.3,1.94,3.75,3.98,3.21,3.1,2.96,3.79,3.43,2.65,3.6,2.78,2.53,3.63,2.78,3.26,2.69,3.52,3.55,2.07,2.41,2.05,1.82,3.06,2.43,3.63,2.67,Recreational Vehicle Service Technicians,Installation & Repair,-0.9244052,-0.925002934175248,26100.0,30900.0,35480.0,31710.0,36750.0,43370.0,49480.0,54880.0,63300.0,60250.0,65390.0,76650.0,15580.0,17190.0,18710.0,44856.91,48677.43,50540.0,20.089858793324776,10.333761232349168,8.842350203606749,12.669374684970489,8.51712701565934,3.826352377272177,-0.9775065082661102,0.8776394267809675,499,506,7,7,0,Low Exposure Manual & Technical
49-3093,3.0,2.25,2.75,3.0,3.0,2.75,1.12,2.5,1.88,3.38,2.88,3.0,2.38,2.25,2.0,2.38,2.12,2.38,3.0,3.0,3.62,2.0,2.0,3.62,3.38,2.0,2.0,3.0,3.0,2.12,2.38,2.0,3.12,2.75,2.88,2.75,2.88,2.0,2.12,3.0,2.88,2.0,2.5,2.75,3.5,2.38,3.75,2.75,2.5,2.25,2.88,2.38,3.49,2.68,3.03,2.81,3.96,3.4,3.04,2.78,2.38,2.53,2.22,2.99,3.55,3.41,4.09,2.39,3.96,3.59,3.91,2.72,3.44,3.63,3.76,2.51,4.08,3.19,2.33,3.72,3.45,3.26,2.67,2.12,3.15,2.52,2.54,3.01,2.0,3.07,3.21,3.18,2.57,Tire Repairers and Changers,Installation & Repair,-1.550724,-1.5517267258854637,21210.0,27320.0,29880.0,24270.0,29360.0,33990.0,34800.0,37630.0,43810.0,41010.0,45710.0,48900.0,110880.0,99980.0,106620.0,33308.32,37013.44,37120.0,-3.8419913419913416,-9.830447330447331,6.64132826565313,11.443627297924364,11.123707229905309,0.2878954239325093,-1.21773154362556,1.1634130492536956,619,572,-47,47,0,Low Exposure Manual & Technical
49-9011,3.88,2.5,2.88,3.12,3.0,3.0,1.25,2.62,1.88,3.38,2.88,3.38,2.88,2.88,2.0,3.0,3.0,2.75,3.0,3.12,3.88,2.25,2.25,3.12,3.75,2.0,2.0,3.25,3.12,2.62,2.75,2.0,3.62,2.0,2.75,2.12,2.88,2.0,2.25,3.12,3.12,2.75,2.25,2.88,3.38,2.5,3.62,3.0,3.0,2.12,3.12,3.0,2.73,2.73,2.44,3.44,3.53,3.12,3.11,2.31,2.51,2.83,2.8,3.14,3.05,3.4,3.92,2.55,3.84,3.7,3.76,2.63,2.71,3.69,3.41,2.09,4.2,3.18,2.52,4.16,3.5,3.02,2.74,3.07,3.56,2.9,3.12,2.94,1.93,3.31,3.25,3.34,2.12,Mechanical Door Repairers,Installation & Repair,-1.383152,-1.3840463700914745,27480.0,32520.0,37160.0,33670.0,38010.0,44720.0,51460.0,56300.0,61350.0,62820.0,65500.0,73160.0,23050.0,27330.0,27970.0,48345.91,50817.81,51050.0,21.344902386117138,18.56832971800434,2.341748993779729,5.593213572771711,5.112945438404188,0.4569067419473651,-1.1250502143431351,1.2426422377098703,600,551,-49,49,0,Low Exposure Manual & Technical
49-9012,3.38,2.75,3.12,3.0,3.38,2.88,1.5,2.12,1.5,3.12,2.88,3.12,3.0,2.88,2.62,2.25,2.75,2.62,3.12,3.38,3.25,2.25,2.0,3.12,3.62,1.75,2.12,3.62,3.5,2.88,3.0,1.75,3.62,1.88,2.5,2.38,3.0,2.0,1.88,3.0,3.12,2.12,1.88,2.12,2.38,2.62,2.38,2.75,3.0,2.12,3.12,3.12,3.43,3.0,2.92,3.12,4.23,3.33,2.97,2.92,2.76,3.89,3.07,3.48,3.22,3.96,4.09,3.04,3.87,3.69,4.32,2.99,3.27,4.08,4.11,2.44,3.82,3.74,2.28,3.67,2.37,3.55,2.59,3.3,4.4,2.57,3.23,2.3,1.5,3.13,3.36,3.9,3.52,"Control and Valve Installers and Repairers, Except Mechanical Door",Installation & Repair,-0.7606913,-0.7611831731147993,31530.0,37980.0,43840.0,41140.0,48580.0,53060.0,77700.0,89670.0,97400.0,94630.0,102570.0,109050.0,52270.0,46410.0,46920.0,67570.3,70059.61,74690.0,-10.235316625215228,-11.211019705375932,1.098901098901099,10.536729894643056,3.6840298178341633,6.609214638791165,-0.7202886849195264,0.8753315961555107,454,441,-13,13,0,Low Exposure Manual & Technical
49-9021,3.62,2.75,3.25,3.12,3.75,2.62,1.62,2.5,2.25,3.25,3.0,3.62,3.12,2.75,1.88,2.38,2.5,3.0,3.5,3.25,3.5,2.38,2.75,3.25,3.88,2.12,2.25,3.62,3.25,2.75,3.0,2.12,3.88,2.0,2.62,2.38,2.88,2.12,2.12,3.25,3.0,2.62,1.75,2.62,3.12,2.75,3.0,3.62,3.38,2.5,3.12,2.88,3.25,2.85,3.33,3.46,3.64,3.57,3.17,2.9,2.8,3.26,2.91,3.61,3.26,3.73,4.1,3.2,4.01,3.86,4.04,3.15,3.42,4.03,3.7,2.92,3.73,3.34,2.24,4.08,2.86,3.49,2.7,3.32,3.65,3.24,3.17,2.97,2.2,3.43,3.38,3.76,2.72,"Heating, Air Conditioning, and Refrigeration Mechanics and Installers",Installation & Repair,-0.8491117,-0.8496607477182344,30610.0,36170.0,39130.0,37660.0,44100.0,47850.0,62070.0,65630.0,74820.0,77920.0,82630.0,91020.0,342040.0,374770.0,396870.0,56672.990000000005,55552.59,59810.0,16.030288855104665,9.56905625073091,5.896950129412707,5.5352823276131975,-1.9769558655719568,7.663747090819714,-0.839244390991693,1.1775451142353492,474,472,-2,2,0,Low Exposure Manual & Technical
49-9031,3.88,2.88,2.75,3.0,3.12,2.5,1.12,2.0,1.62,3.25,2.75,3.75,3.0,3.0,1.88,2.25,2.0,2.75,3.0,3.25,3.75,2.38,2.0,3.0,3.75,2.0,2.62,3.62,3.75,2.88,2.88,2.0,3.75,2.0,2.12,2.12,3.0,2.0,2.0,2.88,3.0,2.38,1.62,2.75,3.0,2.88,3.0,3.0,3.25,2.12,3.12,3.0,3.29,2.09,2.64,3.57,3.36,2.34,2.75,2.58,2.69,3.32,2.25,3.22,2.94,2.91,4.07,2.53,4.03,3.77,3.47,2.76,3.04,3.98,3.28,2.74,4.11,3.38,2.56,3.78,4.07,3.35,2.4,3.21,3.58,2.6,3.18,2.77,2.24,2.77,3.22,4.06,2.93,Home Appliance Repairers,Installation & Repair,-0.9703799,-0.9710073624420344,24500.0,29190.0,33280.0,31450.0,36350.0,40280.0,51450.0,56320.0,61750.0,62770.0,67300.0,77800.0,31100.0,29370.0,31940.0,46822.380000000005,49726.0,49410.0,2.70096463022508,-5.562700964630225,8.750425604358188,5.52645978269365,6.201350721599361,-0.63548244379198,-0.7353411069736334,0.8704814040617892,511,446,-65,65,0,Low Exposure Manual & Technical
49-9041,3.75,3.12,3.0,3.88,3.12,2.88,1.5,2.38,1.5,3.12,2.88,3.88,2.88,2.88,2.0,2.75,2.75,3.5,3.0,3.5,3.88,2.38,2.5,3.62,3.88,1.75,2.12,3.0,3.0,2.62,3.0,2.0,3.88,2.88,3.75,3.0,3.25,2.75,2.0,2.88,3.0,2.88,2.5,2.62,3.12,2.75,3.12,2.75,3.25,2.88,3.12,2.75,3.31,2.92,2.96,2.61,3.77,3.84,3.15,2.95,2.55,3.51,3.17,3.02,3.24,3.29,3.97,2.77,3.65,4.11,3.99,3.27,2.97,4.21,4.1,2.44,3.84,3.36,2.37,3.56,1.22,3.34,2.65,3.12,4.07,2.35,2.77,1.63,1.25,3.51,3.41,3.86,3.42,Industrial Machinery Mechanics,Installation & Repair,-1.133177,-1.133909730679148,34410.0,38900.0,45090.0,42660.0,48180.0,52710.0,65190.0,71760.0,78070.0,79660.0,82810.0,92730.0,387630.0,386120.0,421940.0,62325.17,64676.23,63760.0,8.851224105461393,-0.3895467327090266,9.27690873303636,2.3021678079658696,3.77224803398049,-1.4166410132439629,-1.2118526587416445,1.4219207516512045,557,569,12,12,0,Low Exposure Manual & Technical
49-9043,4.0,2.62,2.88,3.25,3.0,2.75,1.0,2.12,2.0,3.12,2.88,3.0,3.0,2.75,2.0,2.12,2.12,2.75,3.0,3.0,3.38,2.0,2.0,3.12,3.38,2.0,2.0,2.88,3.0,2.25,3.0,2.0,3.62,2.5,2.88,2.12,3.0,2.0,2.0,2.88,2.88,2.0,1.75,2.25,3.0,2.75,3.0,3.0,3.12,2.25,2.75,2.88,2.95,2.66,2.79,1.95,3.75,4.17,2.68,2.87,2.67,3.55,2.89,3.18,2.6,3.26,4.07,2.79,3.71,3.92,4.18,3.16,2.54,3.92,3.52,2.08,3.51,3.64,2.48,3.62,1.48,2.72,2.61,3.7,4.34,2.36,2.99,1.93,1.76,3.31,3.2,3.41,3.03,"Maintenance Workers, Machinery",Installation & Repair,-0.9735492,-0.9741787117821264,30070.0,36100.0,40080.0,37290.0,43580.0,48600.0,59410.0,64700.0,72260.0,72460.0,78690.0,83560.0,72890.0,62770.0,56540.0,55265.76,57628.11,60500.0,-22.43106050212649,-13.883934696117436,-9.925123466624184,9.471035954268968,4.274527302257308,4.983488092876896,-1.1266606775091084,1.1004375756814573,517,554,37,37,0,Low Exposure Manual & Technical
49-9044,3.88,3.0,3.0,3.88,3.12,2.88,1.25,3.0,2.12,3.75,3.12,3.88,3.12,2.62,2.62,2.88,3.0,3.25,3.12,3.75,4.12,2.75,2.5,3.88,4.0,2.0,2.75,3.38,3.12,2.62,3.12,2.0,3.62,3.0,3.12,3.0,3.0,2.12,2.5,3.0,3.0,2.62,1.88,2.62,3.75,2.88,3.75,2.88,3.88,2.62,2.88,2.75,3.43,3.18,3.82,3.05,4.27,4.23,3.64,2.86,3.45,4.09,4.0,3.59,3.0,4.14,4.32,3.73,4.45,4.23,4.55,3.32,3.1,4.24,4.05,3.09,3.82,4.05,2.64,4.27,2.23,3.73,3.24,2.41,4.77,3.27,3.86,2.73,2.48,3.41,4.05,3.82,2.76,Millwrights,Installation & Repair,-1.266085,-1.2669036719573297,35030.0,38940.0,45100.0,43450.0,49010.0,55420.0,69190.0,74040.0,80580.0,81080.0,81300.0,93740.0,47320.0,40930.0,40660.0,64616.28,65865.33,65170.0,-14.074387151310228,-13.503803888419272,-0.6596628389934034,0.8569357443665918,1.9330267852002667,-1.0556843790200423,-1.0000365971783345,1.6237309170033245,587,517,-70,70,0,Low Exposure Manual & Technical
49-9045,3.63,2.88,2.88,3.38,3.0,2.63,1.13,2.25,1.13,3.5,2.88,3.0,2.63,2.25,2.25,2.75,3.25,2.63,3.0,2.88,3.38,2.13,1.75,3.38,3.5,1.88,2.13,3.38,3.13,2.25,2.88,1.88,3.13,2.63,2.88,2.38,3.13,1.75,2.13,2.88,3.0,2.25,2.13,2.63,2.75,2.5,3.25,2.63,2.88,1.88,2.75,2.63,2.76,2.63,2.83,1.99,3.55,3.12,2.92,2.37,2.57,2.63,2.66,2.76,2.8,3.21,3.66,2.21,4.26,3.8,3.58,2.72,2.68,3.73,3.05,2.29,3.68,3.42,1.93,4.03,1.34,3.07,2.47,1.64,2.92,2.4,2.94,1.78,1.94,2.75,3.32,3.09,1.71,"Refractory Materials Repairers, Except Brickmasons",Installation & Repair,-1.237463,-1.238263164333529,35110.0,30780.0,37050.0,43300.0,37770.0,48380.0,63510.0,63940.0,73940.0,78480.0,65840.0,81440.0,820.0,580.0,1100.0,62790.37,54644.55,58540.0,34.14634146341464,-29.268292682926827,89.65517241379311,-6.769143102676417,-12.973040292643612,7.128707254428858,-1.2722196738602622,1.0909052026230843,585,586,1,1,0,Low Exposure Manual & Technical
49-9051,4.0,2.75,3.0,3.75,3.75,3.0,1.75,2.38,1.62,3.12,3.38,3.62,3.12,2.75,2.62,2.88,3.12,2.75,3.5,3.62,3.62,2.0,2.12,4.0,4.0,1.75,2.0,3.62,3.0,2.5,3.0,2.12,4.0,3.0,3.12,3.12,3.0,2.0,2.88,3.0,3.0,2.5,1.88,3.12,3.12,2.75,3.12,3.0,3.12,2.0,2.88,2.62,2.16,2.81,3.25,2.93,3.73,4.37,3.08,3.13,2.76,2.22,2.25,3.13,3.07,3.31,4.3,3.05,4.41,4.09,4.38,2.98,2.96,4.29,3.83,1.74,4.67,3.2,1.8,4.6,3.0,3.13,2.59,2.98,3.18,2.6,2.78,1.8,2.18,2.82,3.44,3.02,2.05,Electrical Power-Line Installers and Repairers,Installation & Repair,-1.081398,-1.082097249222479,38810.0,47070.0,50020.0,53550.0,62190.0,65740.0,90870.0,102070.0,107940.0,103500.0,114590.0,126610.0,111660.0,119510.0,123680.0,84340.76000000001,89009.54,92560.0,10.7648217804048,7.030270463908293,3.489247761693582,9.74527618674528,5.535615282575096,3.9888533296543343,-1.3102161220490383,1.508779890276126,544,595,51,51,0,Low Exposure Manual & Technical
49-9052,3.38,2.62,2.88,3.0,3.12,2.75,1.75,2.38,1.75,3.38,3.0,3.0,3.0,2.5,2.0,2.62,2.88,2.38,3.0,3.12,3.25,2.0,2.0,3.25,3.62,1.88,2.25,3.62,3.62,2.5,3.0,2.0,3.38,2.0,2.62,2.62,3.0,2.0,2.25,3.0,2.88,2.25,1.88,2.38,3.0,2.88,3.12,2.75,3.0,2.0,3.0,2.88,3.49,3.39,2.73,3.82,3.84,3.33,2.91,3.13,3.0,3.45,2.53,3.34,3.11,3.41,3.79,2.81,4.01,3.99,3.68,3.05,2.97,4.03,3.9,2.23,4.2,3.57,2.46,4.43,3.72,3.54,2.78,3.28,3.01,2.99,3.12,3.29,1.87,3.41,3.51,3.88,3.88,Telecommunications Line Installers and Repairers,Installation & Repair,-1.083883,-1.084583856078923,32590.0,38020.0,42940.0,39270.0,46200.0,50620.0,79340.0,82950.0,95520.0,94880.0,97220.0,104840.0,120900.0,107670.0,98360.0,66000.25,65486.98,70500.0,-18.643507030603804,-10.942928039702233,-8.646791121017925,6.8177772053893735,-0.7776788724285196,7.654987296711506,-0.8374421052096355,1.0426835698765529,545,470,-75,75,0,Low Exposure Manual & Technical
49-9061,3.38,2.0,2.88,3.0,3.12,2.5,1.0,1.25,1.38,1.5,3.0,3.62,2.75,2.38,1.0,1.0,1.0,2.25,3.12,3.12,3.25,2.38,2.5,2.38,3.88,1.0,2.62,3.0,3.0,2.75,2.88,1.0,3.38,1.38,1.5,1.88,3.12,1.0,1.0,3.0,3.0,2.5,1.0,1.0,2.0,2.38,2.12,3.0,3.75,1.38,3.25,2.38,2.71,1.79,1.95,2.74,2.86,2.45,2.25,2.34,1.48,2.42,2.47,2.86,3.02,2.31,3.7,2.09,2.78,3.55,3.57,2.02,3.05,3.68,3.03,2.2,1.12,3.3,2.32,2.22,2.76,2.59,2.45,4.11,3.47,2.24,2.52,2.46,1.32,3.43,2.27,3.59,3.57,Camera and Photographic Equipment Repairers,Installation & Repair,0.0546422,0.0546775397176444,23590.0,30010.0,36020.0,29830.0,35700.0,42590.0,49560.0,50720.0,62400.0,60460.0,71750.0,76550.0,3620.0,2120.0,2010.0,45217.44,47628.86,49300.0,-44.47513812154696,-41.43646408839779,-5.188679245283019,9.028728738292124,5.3329423337544055,3.508671003253069,-0.4320889210861793,0.04065186166310843,299,387,88,88,4,Low Exposure Routine Service
49-9062,3.25,2.38,3.0,3.12,3.38,2.5,1.0,2.0,1.75,3.0,2.75,3.62,3.0,2.75,2.0,2.0,2.0,2.88,3.25,3.25,3.25,2.75,2.88,2.88,3.75,2.0,2.88,3.12,3.0,2.5,3.0,2.0,3.75,2.0,2.25,2.25,3.0,1.88,2.0,3.0,3.0,2.88,1.62,2.0,2.38,2.25,2.88,3.12,3.25,2.25,3.25,3.0,3.39,2.58,2.44,3.35,3.77,2.92,2.5,2.41,2.2,4.0,2.66,3.72,3.17,4.09,4.26,2.02,3.59,3.66,4.2,3.01,3.31,4.41,3.96,2.05,3.09,4.06,2.75,3.2,2.23,3.47,2.43,4.61,4.38,2.12,2.97,2.14,1.18,2.78,2.64,4.05,3.78,Medical Equipment Repairers,Installation & Repair,-0.2768838,-0.2770628323908102,29630.0,35530.0,39060.0,36630.0,43480.0,48100.0,65430.0,76340.0,79440.0,82500.0,94310.0,99290.0,46370.0,58830.0,60830.0,57312.64,62546.66,62630.0,31.18395514341169,26.870821651930125,3.399626041135475,9.277813759757011,9.132400810711207,0.1332445249674463,-0.6582970598241628,0.7177912322639789,353,429,76,76,0,Low Exposure Manual & Technical
49-9063,4.0,3.75,3.12,3.75,3.5,2.25,1.25,2.25,2.12,2.12,3.0,4.0,3.38,2.75,1.5,2.0,2.0,4.38,3.38,3.12,4.0,2.0,2.62,3.0,4.0,1.38,2.0,3.0,3.0,2.62,2.88,1.38,3.62,2.12,2.25,2.12,3.25,2.0,1.5,2.75,2.88,3.0,1.62,1.88,2.5,2.62,2.38,2.88,3.62,2.38,3.0,2.62,2.32,2.05,2.45,3.0,2.5,2.73,1.95,2.36,1.73,2.86,2.32,3.64,3.18,3.05,3.95,1.9,3.73,3.55,3.5,2.36,3.71,4.23,3.18,2.95,2.64,3.55,2.75,3.23,3.5,2.91,2.5,2.0,3.32,2.29,3.45,2.77,1.45,3.73,2.77,3.32,2.73,Musical Instrument Repairers and Tuners,Installation & Repair,-0.5306271,-0.5309702084699934,23590.0,27250.0,30130.0,28750.0,30680.0,35820.0,48670.0,49230.0,56960.0,60140.0,63110.0,73430.0,8020.0,6330.0,5730.0,42623.95,41240.15,45320.0,-28.553615960099748,-21.07231920199501,-9.47867298578199,6.325199799643147,-3.246531586115324,9.892907761004745,-0.9987045344735807,0.9237696509065697,400,516,116,116,0,Low Exposure Manual & Technical
49-9064,4.0,2.0,3.12,4.0,2.88,2.5,1.0,1.25,1.12,1.38,2.88,4.12,2.75,2.75,1.0,1.0,1.0,2.38,2.88,3.38,3.5,2.0,2.12,2.5,4.0,1.0,2.0,3.0,3.0,2.62,2.75,1.0,3.25,2.0,2.0,1.75,3.0,1.0,1.0,2.88,2.75,2.0,1.0,1.0,1.75,2.25,1.88,2.62,3.25,2.0,3.0,2.5,3.71,2.19,1.73,2.79,2.2,3.59,1.74,2.79,1.38,2.86,3.42,2.83,3.94,2.99,3.67,1.54,3.15,4.06,3.93,2.46,3.93,3.95,4.11,3.36,2.03,3.32,2.53,2.16,3.75,2.85,2.09,2.99,4.33,2.57,2.99,2.96,1.03,3.18,1.75,3.44,2.1,Watch and Clock Repairers,Installation & Repair,-0.2123996,-0.2125369354683486,22360.0,28080.0,39920.0,30380.0,32420.0,46530.0,56210.0,59620.0,77340.0,68670.0,75870.0,92570.0,2780.0,1880.0,1300.0,49450.76,52287.97,60690.0,-53.23741007194245,-32.37410071942446,-30.85106382978724,22.72814411750193,5.73744468234664,16.06876304434844,-0.7365239681548682,0.3556724991953219,341,447,106,106,4,Low Exposure Routine Service
49-9071,3.88,2.88,3.12,3.38,3.25,2.88,1.75,2.0,2.12,3.12,3.0,3.25,3.12,2.38,2.0,3.0,3.0,3.0,3.12,3.88,3.88,2.38,2.12,3.25,3.88,2.0,2.38,3.25,3.38,2.38,3.0,2.0,3.75,2.12,2.62,2.25,3.12,2.0,2.0,3.12,3.12,2.88,1.88,2.88,3.0,2.5,3.0,3.0,3.38,2.0,3.0,3.12,3.5,2.93,2.8,3.39,4.36,4.06,3.13,2.77,2.97,3.67,3.25,3.37,3.5,3.99,4.25,2.68,4.16,4.16,4.48,3.19,3.28,4.55,4.0,2.75,4.17,4.09,2.68,3.77,2.95,3.61,2.46,3.87,4.32,3.17,3.45,2.33,2.03,3.93,3.28,4.02,3.43,"Maintenance and Repair Workers, General",Installation & Repair,-1.014408,-1.0150639319938288,24600.0,29220.0,33860.0,30590.0,35800.0,39050.0,51030.0,57390.0,61710.0,63140.0,68930.0,76110.0,1418990.0,1485990.0,1531700.0,45450.04,48623.38,48620.0,7.942973523421588,4.721668228810633,3.076063768935188,6.974603322681343,6.98204005981072,-0.0069513884061481,-0.8758822008869269,1.2397991949651996,527,479,-48,48,0,Low Exposure Manual & Technical
49-9081,3.62,3.0,3.12,3.25,3.62,2.88,1.75,3.12,1.62,3.12,3.12,3.75,3.12,2.75,2.12,2.88,3.12,2.88,3.25,3.25,3.62,2.12,2.75,3.25,3.75,1.62,2.12,3.75,3.25,2.75,3.12,2.0,4.0,2.25,3.0,2.88,3.12,2.0,2.0,3.0,3.0,2.75,1.88,3.0,3.0,2.88,3.12,2.88,3.25,2.25,3.25,3.0,3.82,3.24,3.16,2.38,4.15,4.63,3.39,3.27,3.47,3.99,2.77,3.21,3.42,4.11,4.2,3.23,4.47,4.0,4.66,3.17,3.26,4.33,3.89,2.69,4.28,4.11,3.14,4.46,1.39,4.01,2.83,4.8,4.87,2.83,3.08,1.76,1.97,3.07,4.01,3.92,3.89,Wind Turbine Service Technicians,Installation & Repair,-0.9709935,-0.9716213592094848,39820.0,45150.0,49110.0,44810.0,48630.0,58910.0,65200.0,63900.0,75640.0,80150.0,80170.0,88090.0,5960.0,9830.0,11220.0,61534.33,61962.92,62580.0,88.25503355704699,64.93288590604027,14.140386571719226,1.6993278386227626,0.6965055116387819,0.995885926615469,-0.9394553120101409,1.3503891378047637,514,497,-17,17,0,Low Exposure Manual & Technical
49-9091,3.38,2.12,2.75,3.38,3.12,2.5,1.25,2.12,1.5,2.75,2.88,3.62,2.88,2.12,1.88,2.0,1.88,2.12,3.12,3.25,3.62,2.0,2.0,3.25,3.38,1.75,2.5,3.12,3.12,2.0,2.62,1.75,3.12,1.88,1.88,2.38,3.0,1.88,1.88,2.88,2.88,2.12,1.88,2.0,2.75,2.62,2.38,2.75,3.12,2.0,3.0,2.75,2.64,1.92,1.86,2.2,3.09,2.45,1.65,1.93,1.87,3.22,2.31,2.65,2.69,3.06,3.24,1.41,3.19,2.74,2.94,2.1,2.92,3.25,3.25,2.83,3.11,2.68,1.49,3.34,3.07,3.08,1.65,2.98,3.42,2.2,2.37,2.54,1.16,2.32,2.03,2.95,2.86,"Coin, Vending, and Amusement Machine Servicers and Repairers",Installation & Repair,-0.7233995,-0.723867259404882,21670.0,26630.0,31420.0,27270.0,31790.0,38580.0,45500.0,49870.0,56290.0,57310.0,59930.0,64720.0,31370.0,35790.0,28260.0,41193.46,42904.89,47350.0,-9.91393050685368,14.089894803952822,-21.039396479463537,14.945430658167586,4.154615805518644,10.360380833047236,-1.2949042859409237,0.7498425839945858,439,589,150,150,4,Low Exposure Routine Service
49-9092,4.0,2.88,3.12,3.88,3.62,3.25,1.5,3.0,2.12,3.5,3.25,3.75,3.25,3.0,2.38,3.0,3.0,2.88,3.5,3.62,3.75,2.12,2.12,3.88,3.62,2.62,2.25,4.12,4.0,3.0,3.38,2.38,4.0,2.88,3.12,3.0,3.12,2.12,3.0,3.12,3.62,2.75,2.0,3.12,3.25,3.12,3.12,3.12,3.12,2.0,3.25,3.0,2.76,3.32,3.21,3.3,4.15,3.73,3.5,3.13,3.15,3.64,2.48,3.22,3.05,3.78,4.12,3.33,4.18,4.04,4.19,2.96,3.09,4.17,3.87,2.96,3.9,3.48,2.67,4.4,2.83,3.05,2.73,2.63,3.61,2.71,3.27,2.18,2.43,3.24,3.73,3.58,2.33,Commercial Divers,Installation & Repair,-1.102728,-1.1034410416763838,32470.0,38390.0,39130.0,40490.0,49370.0,49370.0,69020.0,107150.0,93840.0,119830.0,171470.0,152580.0,3420.0,3860.0,3430.0,58126.740000000005,73832.3,61130.0,0.2923976608187134,12.865497076023392,-11.139896373056994,5.166744255741841,27.01950943748092,-17.204258840642918,-1.0236214854273527,1.4573685773687024,550,521,-29,29,0,Low Exposure Manual & Technical
49-9094,4.0,2.38,2.88,3.62,3.38,2.88,1.0,2.25,2.0,3.0,2.88,3.88,3.0,2.62,2.0,2.12,2.0,2.62,3.12,3.38,3.5,2.5,2.25,3.0,4.0,1.88,2.25,3.25,3.5,2.25,3.0,1.88,3.38,2.0,2.38,2.12,3.0,2.0,2.0,3.0,3.0,2.5,1.62,2.12,2.62,2.12,3.0,2.75,3.62,2.62,3.0,3.12,3.38,2.88,3.23,3.77,3.85,3.96,3.58,3.19,2.96,3.88,3.08,3.65,3.27,4.08,4.38,3.2,4.15,3.88,3.88,3.32,3.46,4.27,3.27,3.46,4.12,3.85,3.54,3.81,4.31,3.42,3.31,3.42,4.15,3.35,3.81,3.35,2.92,3.92,3.46,4.12,3.58,Locksmiths and Safe Repairers,Installation & Repair,-0.8657498,-0.866309606284916,25240.0,30710.0,34750.0,32160.0,36820.0,40650.0,55630.0,60110.0,64330.0,67540.0,72830.0,79340.0,17010.0,15240.0,15550.0,48776.22,51239.4,50490.0,-8.583186360964138,-10.405643738977073,2.0341207349081363,3.513556401049525,5.049960821072236,-1.4625463998407504,-0.5397628478337098,0.9649066124929727,480,405,-75,75,0,Low Exposure Manual & Technical
49-9095,4.0,3.0,3.38,4.25,3.38,3.63,1.63,3.0,2.0,3.63,3.5,3.88,3.25,3.25,2.63,3.38,3.38,3.0,3.13,3.38,4.0,2.63,2.88,4.38,3.75,2.38,2.63,3.5,3.38,3.13,3.13,2.5,3.88,3.25,3.88,3.5,3.25,2.38,3.13,3.25,3.38,2.75,3.13,3.5,3.63,3.13,3.75,3.38,3.75,3.38,3.0,3.0,2.53,3.05,4.0,4.22,4.48,4.65,4.47,3.01,4.28,3.48,3.29,4.23,2.99,4.58,4.3,4.53,4.57,3.93,4.73,4.19,3.94,4.61,3.77,3.62,4.61,4.35,3.68,4.6,4.07,3.15,3.47,2.62,4.21,3.6,4.43,3.25,3.16,3.57,3.74,4.27,2.16,Manufactured Building and Mobile Home Installers,Installation & Repair,-1.414062,-1.414976357187124,22610.0,27350.0,30280.0,27020.0,30920.0,35290.0,40010.0,42820.0,48410.0,48120.0,52800.0,57190.0,2810.0,3630.0,2610.0,39414.07,39802.42,41080.0,-7.11743772241993,29.181494661921707,-28.09917355371901,4.226739334455945,0.9853080384745816,3.209804830962544,-1.0203398864176398,1.9996114210606404,608,520,-88,88,0,Low Exposure Manual & Technical
49-9096,3.0,3.0,3.0,3.38,3.0,3.38,1.12,2.25,1.75,3.12,3.25,3.0,2.75,2.38,2.25,3.0,3.0,2.88,3.0,3.25,3.12,1.5,2.0,3.38,3.38,2.0,1.62,3.25,3.0,2.38,3.0,2.0,3.75,2.5,3.12,2.75,3.0,2.0,2.25,3.0,3.12,2.0,1.88,2.88,3.12,2.75,3.25,2.75,3.12,2.25,3.0,2.38,3.04,2.75,2.55,2.39,4.14,3.74,2.52,2.79,3.33,3.68,3.12,3.37,3.28,3.52,4.04,2.23,4.1,3.77,4.24,2.91,3.13,3.67,3.56,2.18,2.98,3.35,1.68,4.05,1.77,3.53,2.37,2.92,3.23,2.43,2.6,2.06,1.38,2.84,3.14,3.41,2.35,Riggers,Installation & Repair,-1.221519,-1.2223088545873937,32110.0,35140.0,38930.0,38210.0,41500.0,47940.0,62030.0,70910.0,79340.0,77240.0,85250.0,100480.0,23000.0,19260.0,24190.0,59150.18,59109.08,62060.0,5.173913043478261,-16.26086956521739,25.59709241952233,4.919376407645759,-0.0694841503441,4.992329435680619,-1.2707600117234328,1.265522416171419,580,585,5,5,0,Low Exposure Manual & Technical
49-9097,3.75,3.0,2.88,3.75,3.25,3.0,1.0,2.62,1.38,2.88,3.5,3.62,3.62,2.0,2.5,2.62,2.62,3.0,3.25,3.12,3.62,2.5,2.75,3.5,3.25,2.0,2.5,3.0,3.0,2.0,3.12,2.12,3.75,2.12,3.25,2.75,3.0,2.12,2.62,3.0,3.0,2.75,2.38,2.75,2.88,2.88,3.0,3.62,3.62,2.5,2.88,2.88,2.49,2.55,2.5,2.35,3.38,3.07,2.83,2.67,2.38,3.09,2.63,3.02,1.9,3.6,3.56,2.04,3.25,3.19,3.79,2.63,2.45,3.22,3.07,1.6,3.57,3.48,2.38,3.32,1.57,2.83,2.35,3.03,3.77,2.14,2.88,2.01,1.73,2.24,2.8,3.15,2.69,Signal and Track Switch Repairers,Installation & Repair,-0.858221,-0.8587759379948569,51580.0,50020.0,57410.0,65500.0,68370.0,75680.0,81640.0,86770.0,95620.0,94440.0,92900.0,104860.0,6860.0,6880.0,8210.0,85934.07,87885.3,83600.0,19.67930029154519,0.2915451895043732,19.33139534883721,-2.716117134915182,2.270612808167931,-4.876014532578261,-1.3580246267159521,1.2565777820358714,476,608,132,132,0,Low Exposure Manual & Technical
49-9098,3.5,2.88,2.88,3.5,3.12,2.62,1.75,2.88,2.0,3.12,2.88,3.25,3.0,2.0,2.0,2.75,2.88,2.5,2.88,3.12,3.62,2.0,2.12,3.38,3.5,1.62,2.0,3.12,3.0,2.0,2.88,1.88,3.0,1.88,2.88,2.12,3.0,2.0,2.12,2.88,3.0,2.0,2.38,3.0,3.12,2.62,3.12,2.88,3.0,2.12,2.5,2.12,3.06,2.53,2.98,2.95,3.89,3.56,2.92,3.29,3.0,2.99,2.83,3.66,3.14,3.62,3.87,2.59,3.76,3.45,4.46,2.0,3.19,4.16,3.65,1.9,3.49,3.57,1.96,4.06,1.9,3.18,2.47,3.57,4.21,2.51,2.98,2.11,2.01,2.97,2.72,3.57,2.1,"Helpers--Installation, Maintenance, and Repair Workers",Installation & Repair,-1.346555,-1.3474257056547392,20790.0,25880.0,28770.0,25020.0,29850.0,33760.0,38020.0,41180.0,46600.0,48200.0,49970.0,54650.0,99460.0,93650.0,97540.0,35506.39,37943.1,38860.0,-1.9304242911723304,-5.841544339432938,4.15376401494928,9.445088616443408,6.862736538408999,2.416513147317961,-1.3870220779085256,1.369559443880399,598,615,17,17,0,Low Exposure Manual & Technical
49-9099,3.38,2.88,3.0,3.25,3.75,2.88,1.38,2.12,1.75,3.12,3.0,3.0,3.25,2.75,2.0,2.38,2.62,2.75,3.12,3.25,3.0,2.88,2.62,3.12,3.88,2.0,2.88,3.12,3.12,2.75,3.62,2.0,3.75,2.88,3.0,2.62,3.25,2.12,2.12,3.0,3.12,2.75,2.0,2.38,2.62,3.0,3.0,3.12,3.25,2.12,3.0,3.12,3.48,2.94,3.38,2.54,4.33,4.26,3.59,3.0,3.33,3.8,3.23,3.3,3.6,3.76,4.43,2.66,4.17,4.05,3.92,3.34,3.2,4.42,3.88,2.8,4.23,4.02,2.41,3.94,1.53,3.32,2.95,3.41,3.94,2.61,3.41,1.95,2.06,3.23,3.3,3.96,3.54,Geothermal Technicians,Installation & Repair,-0.5900791,-0.5904606514596589,25440.0,30270.0,35270.0,31380.0,36070.0,40700.0,53670.0,56570.0,61090.0,65800.0,70350.0,77150.0,161290.0,172980.0,183690.0,46322.29,48104.5,48640.0,13.888027776055551,7.247814495628992,6.191467221644121,5.003444346123646,3.8474134158738673,1.1132014676381627,-0.7212092481378,1.0906692235381772,413,442,29,29,0,Low Exposure Manual & Technical
51-1011,3.0,2.5,3.25,2.88,3.75,2.12,1.0,2.0,1.38,2.0,3.0,2.88,3.0,3.12,1.88,2.0,2.0,2.12,3.62,3.25,3.0,3.0,2.12,2.62,3.25,1.62,2.88,4.0,4.0,3.12,3.12,2.0,4.0,2.25,2.5,2.25,3.0,2.0,2.0,3.75,3.75,2.75,1.62,2.0,2.12,2.88,2.25,2.25,3.12,2.0,3.75,3.62,3.64,2.54,3.97,2.89,4.34,3.85,3.66,3.21,3.66,3.55,2.93,3.64,3.07,3.94,4.43,4.14,3.25,3.96,4.19,3.08,3.74,4.47,4.2,3.69,3.0,3.87,3.36,3.07,1.97,3.94,3.27,3.08,3.22,3.52,3.76,2.6,3.13,3.63,3.86,3.66,3.73,First-Line Supervisors of Production and Operating Workers,Production,-0.0845282,-0.0845828509681011,36740.0,40180.0,45790.0,47230.0,49510.0,56330.0,78830.0,80580.0,86770.0,100200.0,102070.0,106960.0,631100.0,659930.0,685140.0,71303.53,68654.31,71190.0,8.562826810331167,4.568214229123752,3.820102132044308,-0.1592207286231114,-3.7154121261598143,3.693417062963712,0.1104360166901448,0.26709308034648604,319,314,-5,5,1,Moderate Exposure Service & Healthcare
51-2011,3.12,3.0,3.0,3.12,3.12,2.75,1.25,2.75,1.75,3.12,2.75,3.5,2.88,2.88,2.0,2.25,2.5,2.88,3.0,3.38,3.38,2.25,2.0,3.0,3.62,2.0,2.25,3.12,3.0,2.38,3.0,2.0,3.75,2.5,2.5,2.0,3.0,2.0,2.0,3.0,3.12,2.25,2.0,2.5,2.88,2.62,2.88,2.88,3.38,2.12,3.12,2.88,3.35,2.51,2.72,3.0,3.72,4.18,3.04,2.97,2.8,3.83,3.16,3.65,3.43,3.62,3.93,2.94,3.79,3.36,3.88,2.75,3.39,3.66,3.98,2.78,2.8,3.75,2.65,3.21,1.83,3.45,2.52,2.92,2.74,2.46,3.15,2.33,2.36,3.72,3.33,3.76,3.06,"Aircraft Structure, Surfaces, Rigging, and Systems Assemblers",Production,-0.8684706,-0.8690321656149012,32370.0,37650.0,46040.0,40150.0,46870.0,53180.0,72240.0,75380.0,75240.0,84870.0,85370.0,94950.0,42940.0,32140.0,32890.0,63046.23,63162.83,61680.0,-23.404750815090825,-25.15137401024685,2.333540759178593,-2.1670288612023323,0.1849436516663903,-2.347630718889566,-0.8891940900410727,1.0029672126303943,482,482,0,0,0,Low Exposure Manual & Technical
51-2021,3.75,2.0,2.75,3.25,3.0,2.5,1.12,2.12,1.62,2.25,2.88,3.12,2.62,2.0,1.5,1.88,1.88,2.5,2.88,2.88,3.38,1.75,2.0,2.88,3.25,1.25,1.88,3.0,3.0,1.75,2.75,1.5,3.12,2.12,2.75,2.12,3.12,1.25,1.5,3.0,3.0,2.0,1.62,1.88,2.38,2.0,2.38,2.12,2.38,1.75,2.88,2.38,2.69,2.65,3.17,1.93,3.04,3.35,2.59,2.78,2.89,2.41,2.08,3.16,3.13,3.33,4.0,2.19,3.79,3.75,4.13,2.79,3.39,3.61,3.65,2.16,1.95,3.24,2.04,3.7,2.02,3.21,2.48,2.14,2.36,2.25,2.91,1.92,1.85,2.57,3.11,3.11,2.42,"Coil Winders, Tapers, and Finishers",Production,-0.8289722,-0.8295082250681912,24810.0,31620.0,35180.0,29200.0,36700.0,39380.0,46020.0,50750.0,57800.0,57240.0,59660.0,62790.0,12690.0,10860.0,12170.0,42472.76,46655.96,47260.0,-4.097714736012608,-14.420803782505912,12.062615101289136,11.271318369703303,9.849136246384736,1.294668462507257,-0.9809987083118775,0.5744827684108517,468,508,40,40,4,Low Exposure Routine Service
51-2031,3.88,2.62,3.0,3.12,3.0,2.88,1.12,2.25,1.12,3.12,2.88,3.5,3.0,2.25,2.0,2.0,2.0,2.75,3.0,3.12,3.62,2.0,2.12,3.12,3.38,1.88,2.0,3.0,2.88,2.25,3.0,2.0,3.12,2.25,2.75,2.12,3.0,2.0,2.0,3.0,3.0,2.0,2.12,2.75,3.12,2.88,3.0,2.75,3.25,2.0,3.0,2.25,2.71,2.57,2.64,1.76,3.58,4.3,2.71,2.42,2.79,2.82,2.4,3.37,2.86,3.54,3.77,2.25,4.32,3.57,4.0,2.38,2.98,3.4,3.3,1.98,3.13,2.63,1.6,3.88,1.71,3.12,2.59,2.75,3.15,2.17,2.42,2.27,1.85,3.01,2.85,3.28,2.86,Engine and Other Machine Assemblers,Production,-0.9561453,-0.9567635580320786,30550.0,34700.0,37950.0,35690.0,39960.0,42790.0,57570.0,64230.0,70050.0,64450.0,68360.0,74300.0,45980.0,50120.0,38420.0,53102.58,54968.85,52540.0,-16.44193127446716,9.00391474554154,-23.34397446129289,-1.0594212183287548,3.5144620091905074,-4.41859343973905,-1.2612810628615172,1.0877270008318638,506,582,76,76,0,Low Exposure Manual & Technical
51-2041,3.25,2.38,3.0,3.12,3.0,2.62,1.88,2.0,2.12,2.38,2.88,3.0,2.12,2.12,2.0,2.12,2.12,2.0,2.88,3.0,3.12,2.25,2.0,3.12,3.25,1.75,2.12,2.88,3.0,2.0,2.38,1.75,3.0,2.5,2.75,2.25,3.0,1.62,2.0,2.88,2.62,2.0,1.75,2.0,3.12,2.75,3.0,2.12,3.12,1.88,2.88,2.38,2.73,2.66,3.14,1.72,4.17,4.11,3.34,2.76,2.89,2.98,3.42,2.99,2.69,3.58,3.91,2.55,4.02,3.72,4.05,3.07,3.19,3.87,3.57,2.37,2.97,3.54,2.33,3.92,1.66,3.68,2.67,2.36,3.29,2.49,2.57,1.66,1.84,3.24,3.71,3.88,2.47,Structural Metal Fabricators and Fitters,Production,-1.076307,-1.0770029572682909,27530.0,33870.0,37370.0,33290.0,39000.0,44290.0,50130.0,56270.0,59810.0,61500.0,64970.0,70510.0,76890.0,58870.0,53380.0,46973.57,51023.2,49900.0,-30.57614774352972,-23.436077513330734,-9.3256327501274,6.229950161335407,8.621082025487944,-2.201351542043614,-1.1255814359890954,0.9447033318932866,542,553,11,11,0,Low Exposure Manual & Technical
51-3011,3.0,2.38,3.0,3.0,3.0,2.0,1.5,2.0,1.12,2.12,2.75,3.0,2.88,2.75,1.0,2.0,1.88,2.62,2.88,3.0,3.0,2.25,2.0,2.75,3.75,1.0,2.25,3.25,3.12,2.75,3.0,1.0,3.12,2.0,2.12,1.75,3.0,1.0,1.0,3.0,3.12,2.12,1.88,2.12,2.12,2.5,2.75,3.12,2.88,2.0,3.0,2.5,2.46,2.79,2.96,1.96,3.33,2.57,2.61,2.44,2.13,2.3,1.45,2.85,2.69,2.82,3.87,2.72,2.79,3.59,3.82,2.33,3.21,3.21,4.05,1.99,1.76,3.38,1.77,2.84,2.48,2.59,1.78,1.51,1.41,2.7,2.57,2.0,1.54,2.84,3.24,2.59,2.36,Bakers,Production,-0.3852989,-0.3855480360133778,20310.0,24060.0,27560.0,23480.0,28510.0,31470.0,34120.0,37460.0,42570.0,41640.0,45650.0,48260.0,184990.0,205300.0,231890.0,32215.1,35435.18,36650.0,25.352721768744257,10.978971836315475,12.951777886020457,13.766525635493906,9.99556108781285,3.428287933065388,-0.6992842119348551,0.30607613215868706,372,434,62,62,4,Low Exposure Routine Service
51-3021,3.25,2.88,3.12,3.12,2.75,2.62,1.38,2.5,1.5,2.75,2.88,3.0,2.75,2.25,1.5,2.0,2.0,2.62,2.75,3.12,3.5,2.5,2.0,2.88,3.5,1.38,2.62,3.12,3.12,2.12,2.75,1.5,3.12,2.62,2.88,2.5,3.0,1.38,1.5,3.0,3.0,2.25,2.38,2.62,2.88,2.88,3.0,3.0,2.88,2.75,2.88,2.12,2.85,2.94,3.38,2.84,3.55,3.57,3.29,2.71,3.35,3.07,2.15,3.5,3.33,3.25,3.8,3.02,3.51,3.57,3.74,2.41,3.27,3.55,3.36,2.77,2.52,3.53,2.51,3.69,3.96,3.2,3.06,2.43,2.67,3.36,3.1,3.67,2.64,2.89,3.45,3.18,2.5,Butchers and Meat Cutters,Production,-0.9709924,-0.9716202584982,21780.0,26030.0,28850.0,25680.0,30210.0,34460.0,40660.0,45150.0,47200.0,49630.0,51180.0,57130.0,136770.0,129400.0,140040.0,37797.5,39921.33,38960.0,2.390875191928054,-5.388608612999927,8.222565687789798,3.075600238110986,5.618969508565385,-2.408061054078112,-0.8615883923667459,0.9199762368590206,513,475,-38,38,0,Low Exposure Manual & Technical
51-3022,3.38,2.38,2.75,3.25,2.75,2.5,1.12,2.5,1.75,2.5,2.88,3.0,2.38,2.0,1.5,2.12,2.12,2.5,2.75,3.0,3.12,2.12,2.12,3.0,3.25,1.62,2.12,3.0,3.12,2.0,2.5,1.62,3.0,2.75,2.88,2.0,3.12,1.62,1.62,3.0,3.0,2.12,1.75,2.38,2.38,2.0,3.12,2.75,3.0,2.5,2.38,2.62,3.37,3.16,3.52,2.41,3.89,3.71,3.3,2.44,3.27,3.32,2.03,3.46,3.49,3.45,4.25,2.95,4.19,4.23,4.09,3.09,3.64,3.84,3.69,2.73,2.72,3.79,2.26,3.69,2.2,3.89,2.54,2.6,2.7,3.05,2.99,2.48,2.55,2.83,3.64,3.6,2.08,"Meat, Poultry, and Fish Cutters and Trimmers",Production,-1.10563,-1.106344918174332,20910.0,26950.0,29200.0,24020.0,29990.0,34050.0,32910.0,39100.0,43450.0,38420.0,44560.0,48680.0,153990.0,133460.0,141090.0,32680.3,37910.67,37700.0,-8.377167348529126,-13.3320345476979,5.717068784654578,15.360018114888788,16.004657239988614,-0.5557010730752009,-0.8553889169802386,0.8537222584880293,551,474,-77,77,0,Low Exposure Manual & Technical
51-3023,3.75,2.25,2.75,3.12,2.62,2.12,1.5,2.62,2.0,2.88,2.25,3.38,2.0,1.88,1.38,2.12,2.12,2.12,2.62,2.75,3.25,1.88,1.88,2.88,3.25,1.0,2.0,3.0,2.88,1.88,2.25,1.0,2.88,2.25,2.75,2.12,2.62,1.0,1.0,2.62,2.75,1.88,2.0,2.5,3.12,2.0,3.12,2.0,2.12,2.38,1.88,1.88,2.21,2.1,2.46,1.74,3.2,3.0,2.34,2.42,2.43,2.36,1.21,2.58,2.34,2.7,3.41,2.14,3.72,3.29,3.57,2.4,2.62,2.95,3.53,2.4,1.68,2.64,2.0,3.56,1.99,2.53,2.04,1.85,2.59,1.98,2.18,1.65,1.59,2.25,2.81,2.39,1.5,Slaughterers and Meat Packers,Production,-1.834668,-1.8358543304110904,21470.0,27460.0,31470.0,25100.0,30690.0,35940.0,34090.0,38440.0,45930.0,38690.0,43700.0,49460.0,73390.0,78660.0,67500.0,33994.49,38094.44,39790.0,-8.025616569014852,7.180814824908026,-14.187643020594964,17.048380487543724,12.060631002259475,4.450938247156292,-1.4951626012644887,0.7655081999190316,647,631,-16,16,4,Low Exposure Routine Service
51-3091,3.12,3.0,3.12,3.12,2.88,2.0,1.0,2.0,1.5,2.88,2.88,3.0,3.0,2.12,1.5,2.0,2.0,3.0,2.75,3.12,3.0,1.5,2.0,3.0,3.75,1.5,1.88,3.12,3.0,2.12,3.12,1.5,3.25,3.0,2.75,2.12,3.12,1.75,1.38,3.0,3.12,2.12,1.88,2.62,2.38,2.12,3.0,3.0,2.88,2.12,2.75,3.0,3.6,2.63,3.12,2.4,3.94,3.95,3.31,3.01,2.99,3.43,2.27,3.37,3.2,3.59,4.02,3.15,3.51,3.75,3.83,3.07,2.85,4.0,4.14,2.77,3.09,3.32,2.8,3.55,2.6,3.54,3.1,2.94,2.97,2.84,2.9,2.29,2.36,2.77,3.57,3.04,3.38,"Food and Tobacco Roasting, Baking, and Drying Machine Operators and Tenders",Production,-0.758859,-0.7593496883087378,21310.0,27040.0,32390.0,25490.0,31400.0,36610.0,39990.0,46560.0,48680.0,50760.0,55110.0,60070.0,20830.0,20010.0,19500.0,36739.17,40850.99,42730.0,-6.385021603456553,-3.9366298607777246,-2.548725637181409,16.306383622711135,11.19192404183328,4.599668208775362,-0.7481029580662596,0.7593333417717405,452,453,1,1,0,Low Exposure Manual & Technical
51-3092,2.88,3.0,3.0,3.12,2.88,2.0,1.0,1.88,1.5,2.88,2.25,2.88,2.75,2.25,1.5,2.0,1.88,2.88,2.88,3.62,3.0,2.25,2.12,2.25,3.62,1.62,2.38,3.25,3.0,2.0,3.0,1.38,3.12,2.12,2.5,2.12,3.0,2.0,2.0,2.88,3.0,2.12,1.75,2.12,2.38,2.12,2.88,2.38,2.38,2.0,3.12,2.75,3.33,2.74,2.65,1.79,4.28,4.42,2.87,2.62,2.54,4.33,1.76,3.29,3.73,3.76,3.83,2.19,3.89,4.06,4.16,3.23,3.73,4.02,4.44,1.97,3.27,3.18,1.95,3.73,1.94,3.56,2.4,2.15,2.49,2.3,2.58,1.78,1.6,2.86,3.19,3.26,3.48,Food Batchmakers,Production,-0.3791114,-0.3793565350378252,21720.0,27290.0,30850.0,25340.0,30860.0,35340.0,39380.0,46340.0,49010.0,48790.0,52580.0,57800.0,159390.0,166520.0,171660.0,35808.770000000004,39542.98,40790.0,7.6980990024468285,4.473304473304474,3.086716310353111,13.910642560467714,10.428199572339375,3.1535812424860343,-0.7434387936769878,0.5649576295861471,369,452,83,83,0,Low Exposure Manual & Technical
51-3093,3.0,2.62,2.75,3.12,2.88,2.12,1.12,2.0,1.62,2.5,2.38,3.0,2.38,2.0,1.38,2.0,2.0,2.75,2.88,3.12,3.0,2.0,2.0,2.75,3.25,1.38,2.25,3.38,2.88,2.0,2.75,1.38,3.62,2.75,3.0,1.62,3.12,1.5,1.38,2.88,2.88,2.0,1.88,2.25,2.75,2.25,2.62,2.62,2.25,2.0,3.38,2.75,3.14,1.83,2.71,1.58,4.0,4.14,2.09,2.3,2.07,4.2,1.73,2.44,3.84,3.65,4.15,1.73,3.96,4.05,4.1,3.45,3.61,3.61,4.16,2.51,2.43,3.43,1.85,3.59,1.27,3.44,2.56,1.84,2.28,2.02,2.35,1.41,1.7,2.34,3.35,3.35,2.59,Food Cooking Machine Operators and Tenders,Production,-0.5559894,-0.5563489082990453,22200.0,27040.0,30540.0,25910.0,30080.0,35310.0,37750.0,43830.0,47420.0,45050.0,50240.0,54170.0,30030.0,26740.0,27660.0,36180.93,39672.7,40550.0,-7.892107892107893,-10.955710955710956,3.4405385190725504,12.075615524531845,9.650857509743384,2.2113443249388194,-0.9424809061811863,0.5528913327143495,407,499,92,92,4,Low Exposure Routine Service
51-4021,3.12,3.0,2.88,3.75,3.0,2.88,1.5,2.62,2.0,2.88,3.0,3.0,3.12,2.0,1.75,2.62,2.38,2.38,2.88,3.12,3.62,2.12,2.0,3.62,3.38,1.75,2.5,3.0,2.88,2.25,3.0,2.0,3.38,3.38,3.62,2.88,3.0,1.88,1.88,3.0,3.0,2.38,2.38,3.0,3.12,2.5,3.25,3.0,3.0,2.62,2.88,2.12,3.06,2.26,3.17,1.96,4.0,4.66,3.15,2.6,3.21,3.39,2.14,3.32,3.23,3.61,4.0,2.87,3.82,3.71,3.95,2.26,3.01,4.25,3.9,1.82,2.66,3.88,2.89,3.93,1.49,3.41,3.13,1.91,2.58,2.27,2.62,1.56,1.61,2.9,3.35,3.25,3.05,"Extruding and Drawing Machine Setters, Operators, and Tenders, Metal and Plastic",Production,-1.234352,-1.2351501526915176,25010.0,30200.0,35390.0,29460.0,35170.0,39370.0,45350.0,48170.0,54360.0,53770.0,57690.0,62470.0,76940.0,63490.0,65700.0,42240.16,43207.57,46980.0,-14.608786067065246,-17.48115414608786,3.480863128051661,11.221169616781744,2.290261211131767,8.730946915089186,-1.265992469941254,1.2310117252790282,584,583,-1,1,0,Low Exposure Manual & Technical
51-4022,3.25,3.0,2.75,3.25,3.0,2.25,1.12,2.12,1.75,2.38,2.5,3.0,2.75,2.25,1.88,2.0,2.0,2.75,3.0,3.25,3.0,2.12,2.0,3.0,3.5,2.0,2.12,3.38,3.25,2.25,3.0,2.0,3.25,3.0,3.12,2.25,3.0,1.88,2.0,2.88,2.88,2.12,2.0,2.12,2.62,2.25,2.75,2.25,3.0,2.38,3.25,2.88,2.77,2.64,2.99,1.53,4.07,4.22,2.67,2.63,2.84,3.25,2.54,3.17,2.74,3.35,4.2,2.65,4.08,4.04,3.81,2.86,3.39,3.73,3.83,1.84,3.76,3.26,2.11,3.88,1.18,3.16,2.48,2.48,3.35,2.38,2.65,1.58,1.35,3.41,3.33,3.34,3.16,"Forging Machine Setters, Operators, and Tenders, Metal and Plastic",Production,-0.8046677,-0.8051880092362205,26830.0,32410.0,35150.0,32460.0,37830.0,41350.0,49320.0,54940.0,59270.0,58840.0,62900.0,69540.0,16320.0,10650.0,8760.0,46136.21,50309.74,49240.0,-46.32352941176471,-34.74264705882353,-17.74647887323944,6.727449003721809,9.046105000822562,-2.126307947526658,-1.0260726491050345,0.8698960801562682,463,524,61,61,0,Low Exposure Manual & Technical
51-4023,3.5,3.12,2.88,3.88,3.25,3.0,1.12,2.5,1.62,2.62,3.12,3.25,3.0,2.25,1.75,2.5,2.0,2.88,3.12,3.25,3.62,2.5,2.62,3.62,3.88,1.88,2.38,3.12,3.25,2.25,3.25,2.12,4.0,3.75,3.88,3.25,3.12,1.88,2.12,3.12,3.12,2.62,2.88,3.0,3.25,2.62,3.12,2.62,3.0,2.88,3.12,2.88,3.35,2.76,3.0,1.93,3.95,4.5,2.98,2.78,3.04,3.52,3.09,3.15,3.23,3.59,4.49,2.71,4.24,3.97,4.42,2.53,3.02,4.37,3.89,2.71,4.05,3.44,2.33,3.38,2.2,3.61,2.8,3.14,3.68,2.38,2.73,2.37,2.09,3.0,3.85,3.63,3.21,"Rolling Machine Setters, Operators, and Tenders, Metal and Plastic",Production,-1.08921,-1.0899143006359766,26660.0,32910.0,37090.0,31990.0,38160.0,41600.0,50460.0,55780.0,57730.0,60650.0,66220.0,67500.0,32470.0,27900.0,22350.0,47089.87,50061.11,48630.0,-31.167231290421928,-14.074530335694488,-19.892473118279568,3.270618500327134,6.309722239623931,-2.858726065003354,-1.1197501779962393,1.3289252496896609,546,547,1,1,0,Low Exposure Manual & Technical
51-4031,3.75,2.62,2.75,3.75,3.0,3.0,1.0,2.25,1.88,2.75,3.0,3.0,3.0,2.0,1.88,2.0,1.88,2.12,3.0,3.25,3.25,2.0,2.0,3.0,3.75,1.62,2.0,3.0,3.0,2.0,3.0,2.0,3.0,3.0,3.25,2.75,3.12,2.0,2.0,3.0,3.0,2.0,1.88,2.62,3.0,2.25,3.0,2.5,3.0,2.0,3.0,2.38,2.86,2.37,2.3,1.67,3.32,3.78,1.88,2.01,2.14,3.37,1.77,2.84,2.09,2.98,3.5,1.91,3.85,3.82,3.64,2.14,3.26,3.85,3.55,1.81,2.74,2.75,1.94,3.47,1.74,2.98,1.98,1.9,3.33,1.9,2.01,1.61,1.42,2.7,2.53,2.63,2.4,"Cutting, Punching, and Press Machine Setters, Operators, and Tenders, Metal and Plastic",Production,-1.036569,-1.037239261790875,24920.0,30280.0,35000.0,29030.0,35200.0,38400.0,44150.0,47520.0,52150.0,53520.0,59090.0,62650.0,195040.0,182460.0,174430.0,41414.43,42526.54,45590.0,-10.567063166529945,-6.449958982772765,-4.400964594979722,10.082403645299475,2.685320068391622,7.20364271346787,-1.4360787989610126,0.9742410408723772,532,622,90,90,4,Low Exposure Routine Service
51-4032,3.38,2.75,3.0,3.5,3.0,2.62,1.0,2.0,2.0,2.25,3.0,3.25,2.88,2.62,2.0,2.0,2.0,2.75,3.0,3.25,3.25,2.62,2.0,2.88,3.38,2.0,2.62,3.12,3.0,2.12,3.0,2.0,3.25,3.12,3.25,2.25,3.25,2.0,2.0,2.88,2.88,2.0,1.62,2.12,2.88,2.38,2.88,2.62,3.12,2.25,3.12,3.0,3.54,1.78,2.67,1.42,3.98,4.75,1.82,2.68,1.68,3.88,3.33,2.94,2.63,3.58,4.38,2.5,3.88,3.59,3.89,3.47,3.01,3.88,3.8,1.4,2.83,2.89,1.87,3.28,1.08,3.61,2.01,3.2,2.95,1.89,2.2,1.37,1.06,3.31,3.19,3.55,3.84,"Drilling and Boring Machine Tool Setters, Operators, and Tenders, Metal and Plastic",Production,-0.7598132,-0.7603045053157476,26240.0,30720.0,35360.0,31290.0,36820.0,41100.0,50420.0,51170.0,56820.0,63660.0,62400.0,65200.0,10870.0,6470.0,5310.0,45252.33,45888.45,46630.0,-51.14995400183992,-40.47838086476541,-17.928902627511594,3.044417823347435,1.4057176724380718,1.6159839785392685,-1.073658727331784,0.8462101395288151,453,535,82,82,0,Low Exposure Manual & Technical
51-4033,3.5,3.0,2.88,4.0,3.12,3.12,1.12,2.38,1.75,2.62,3.12,3.12,3.12,2.25,1.38,2.12,2.12,2.75,3.0,3.12,3.75,2.75,2.12,3.5,3.75,1.25,2.5,3.0,3.0,2.0,3.25,1.5,3.62,3.25,3.62,2.62,3.12,1.62,1.75,2.62,2.75,2.88,2.38,2.25,3.12,2.25,3.12,2.5,3.12,3.0,3.12,2.25,2.54,2.59,2.77,2.07,3.66,4.46,2.57,2.6,2.91,4.17,2.37,3.4,2.98,3.17,3.77,2.5,4.35,3.8,3.78,2.82,3.38,3.42,4.02,2.84,2.46,3.31,2.4,3.23,1.61,3.24,2.69,2.78,3.3,2.61,2.4,2.04,1.55,2.34,3.25,3.52,2.98,"Grinding, Lapping, Polishing, and Buffing Machine Tool Setters, Operators, and Tenders, Metal and Plastic",Production,-0.9901662,-0.9908064567050772,25180.0,30390.0,34980.0,29360.0,35000.0,38420.0,44810.0,47490.0,51380.0,53660.0,58430.0,61550.0,76810.0,73800.0,70110.0,41984.3,42061.71,45190.0,-8.722822549147246,-3.918760578049733,-5.0,7.635473260242512,0.1843784462287002,7.437381884854421,-1.1885578664207856,1.1076320742225276,520,566,46,46,0,Low Exposure Manual & Technical
51-4034,3.75,2.62,2.88,3.75,3.0,2.75,1.25,2.12,2.12,2.75,2.88,3.25,2.75,2.12,1.75,2.12,2.12,2.38,2.88,3.0,3.12,2.38,2.0,3.12,3.5,1.88,2.25,3.12,3.0,2.0,3.0,2.0,3.12,3.12,3.12,2.12,3.0,1.88,1.88,2.75,2.75,2.0,1.75,2.12,2.88,2.0,3.0,2.0,3.12,2.12,3.0,2.38,3.51,2.53,3.19,2.69,3.52,4.07,3.11,3.35,2.86,3.13,3.79,3.11,3.01,4.09,3.57,3.77,3.48,3.77,4.13,3.39,3.57,4.04,4.25,2.96,3.44,3.53,2.28,3.41,2.23,3.28,2.37,3.17,3.92,3.13,3.45,2.32,2.79,3.58,3.85,3.42,4.0,"Lathe and Turning Machine Tool Setters, Operators, and Tenders, Metal and Plastic",Production,-1.06734,-1.0680301590060233,26980.0,32580.0,36200.0,32480.0,37780.0,41180.0,49630.0,55130.0,58100.0,60420.0,64450.0,65450.0,28070.0,19410.0,18970.0,46636.3,50828.62,48620.0,-32.418952618453865,-30.85144282151764,-2.266872746007213,4.253553562353782,8.989392383186471,-4.345229124851305,-1.0465219091133033,1.0831926755855958,541,531,-10,10,0,Low Exposure Manual & Technical
51-4035,3.38,2.75,2.75,3.38,3.12,2.38,1.0,2.25,2.0,2.62,2.75,3.12,2.88,2.62,1.38,2.12,2.0,2.25,3.0,3.12,3.62,2.75,2.12,3.25,3.62,1.62,2.62,3.12,3.0,2.25,2.88,1.75,3.25,2.62,3.25,2.5,3.12,1.75,1.88,2.75,3.0,2.12,1.75,2.38,2.88,2.38,3.12,2.25,3.12,2.38,3.0,2.62,3.12,2.57,2.8,1.94,3.78,4.74,2.81,2.38,2.2,3.32,2.93,2.77,2.94,3.72,3.66,2.5,3.98,3.32,4.1,3.1,3.08,4.19,4.19,2.09,3.08,3.11,1.54,3.6,1.24,3.86,2.14,2.82,3.55,2.15,2.45,1.52,1.61,3.06,3.24,3.47,3.47,"Milling and Planing Machine Setters, Operators, and Tenders, Metal and Plastic",Production,-0.8703219,-0.8708846627067865,27320.0,33240.0,36810.0,33870.0,37650.0,41650.0,54090.0,59000.0,61290.0,63960.0,67620.0,75000.0,18730.0,15480.0,13810.0,50253.23,50666.47,48310.0,-26.26801922050187,-17.351841964762414,-10.78811369509044,-3.8668758207183953,0.8223153019218823,-4.650945684591804,-1.112954533621832,0.9294987340824317,483,545,62,62,0,Low Exposure Manual & Technical
51-4041,3.62,2.75,3.0,3.5,3.25,2.62,1.62,2.25,1.88,2.75,2.88,3.62,3.0,2.62,1.62,2.12,2.0,2.62,3.0,3.12,3.62,2.88,2.25,3.12,3.25,1.5,2.75,3.12,3.0,2.62,3.0,1.75,3.25,3.12,3.0,2.62,3.25,1.88,2.0,3.0,3.0,2.38,2.0,2.25,2.5,2.62,2.75,2.38,3.12,2.75,3.0,2.75,2.91,2.04,2.77,1.95,3.68,4.69,2.95,2.51,2.67,3.12,3.35,2.98,2.87,3.27,4.31,2.43,3.64,3.88,4.25,2.68,3.26,3.68,3.88,2.62,2.8,3.41,1.91,3.23,1.4,3.52,2.58,2.29,3.75,2.66,2.86,2.03,1.78,2.91,3.53,3.39,3.36,Machinists,Production,-0.8675535,-0.8681144725975792,27940.0,33720.0,38100.0,34820.0,39090.0,46250.0,55910.0,60870.0,64910.0,66610.0,71820.0,78760.0,383470.0,316860.0,298790.0,51660.46,52439.31,56150.0,-22.08256186924661,-17.370328839283385,-5.702834059205959,8.69047623656468,1.5076327233632814,7.076160994490587,-1.0915094713004705,1.0141984540393914,481,540,59,59,0,Low Exposure Manual & Technical
51-4051,3.62,3.0,2.88,3.88,3.12,3.12,1.38,2.75,1.88,3.12,2.88,3.0,3.0,2.0,3.0,2.62,2.0,3.12,3.0,3.25,3.75,2.5,2.5,3.25,3.75,2.0,2.5,2.88,3.0,2.12,3.12,2.0,3.75,3.12,3.62,3.0,3.38,2.12,2.38,2.88,2.88,2.12,2.38,2.75,3.12,2.88,3.0,3.0,2.88,2.5,2.88,2.75,3.05,2.56,3.01,1.8,3.54,3.43,3.28,2.65,2.49,3.36,2.06,3.21,3.45,3.36,4.05,3.18,4.07,4.02,3.95,2.77,3.39,3.57,4.1,2.36,3.27,3.36,2.23,3.79,1.49,3.2,2.64,2.78,3.22,2.55,2.97,1.77,1.9,2.96,3.23,3.28,2.57,Metal-Refining Furnace Operators and Tenders,Production,-1.167465,-1.168219902064966,27900.0,36460.0,38760.0,33870.0,41700.0,46550.0,51770.0,63280.0,65070.0,61400.0,78090.0,80280.0,17150.0,19320.0,20330.0,49136.75,54352.68,55770.0,18.54227405247813,12.653061224489797,5.227743271221532,13.49957007738607,10.615130223305368,2.6076359068218893,-1.3565921825057834,1.412733260342453,566,606,40,40,0,Low Exposure Manual & Technical
51-4052,3.75,2.5,3.0,3.5,2.88,2.75,1.0,2.0,2.12,2.75,2.88,3.0,2.88,2.0,2.0,2.0,2.0,2.5,2.75,2.88,3.5,2.0,2.0,3.12,3.12,2.0,2.0,3.0,2.75,2.0,3.12,2.0,3.0,2.75,3.12,2.38,3.0,2.0,2.0,2.75,2.88,2.0,1.75,2.5,2.88,2.5,3.0,2.88,2.75,2.0,2.75,2.0,2.61,2.09,3.22,1.68,3.67,4.05,3.06,2.42,2.8,3.11,1.69,3.45,2.68,2.98,3.24,2.53,3.76,3.69,3.37,2.86,3.27,3.2,3.63,2.51,3.55,2.74,2.11,4.06,1.41,3.16,2.06,2.43,3.38,2.38,2.63,1.83,2.17,2.45,3.26,3.06,2.66,"Pourers and Casters, Metal",Production,-1.00914,-1.0097925255874918,27270.0,33230.0,37250.0,32260.0,37340.0,41410.0,48480.0,53080.0,59850.0,59020.0,66120.0,68030.0,8010.0,6070.0,5830.0,44915.06,48720.67,48940.0,-27.21598002496879,-24.21972534332085,-3.9538714991762767,8.961225922886449,8.472904188483774,0.4501785381851312,-1.3521555897497657,1.0895909631362257,525,604,79,79,0,Low Exposure Manual & Technical
51-4061,3.62,3.0,3.0,3.62,3.38,2.62,1.25,2.12,2.12,2.38,3.0,3.62,2.88,2.75,1.75,2.0,2.0,2.38,3.0,3.5,3.62,2.75,2.0,3.25,4.0,1.62,2.5,3.38,3.0,2.62,3.0,1.75,3.38,3.0,3.38,2.88,3.25,1.75,1.88,2.88,2.88,2.25,1.75,2.25,3.0,2.62,3.0,2.75,3.75,2.88,3.5,3.0,2.99,2.12,1.79,1.98,3.49,4.11,1.82,2.68,1.8,2.72,3.12,2.33,3.3,3.2,3.83,1.74,3.56,3.8,4.43,2.6,3.87,3.56,3.86,1.85,2.88,2.9,1.58,2.81,1.33,2.98,1.94,2.77,3.21,1.82,2.66,1.45,1.13,3.8,2.23,3.52,3.0,"Model Makers, Metal and Plastic",Production,-0.7421977,-0.7426776147404187,32060.0,37950.0,38430.0,41890.0,45400.0,48860.0,71890.0,76120.0,79470.0,84400.0,85280.0,95780.0,4300.0,3350.0,3230.0,66314.26,62287.22,62700.0,-24.88372093023256,-22.09302325581396,-3.582089552238806,-5.450200303826048,-6.072660691682293,0.6627041630690835,-1.3095901552286022,1.071030647144896,448,594,146,146,0,Low Exposure Manual & Technical
51-4062,3.5,2.75,3.0,3.25,3.12,2.38,1.25,2.12,1.88,2.38,2.88,3.12,2.62,2.88,1.75,2.12,2.0,2.62,3.0,3.12,3.25,2.38,2.0,2.88,3.88,1.75,2.38,3.0,3.0,2.62,2.88,1.75,3.25,2.12,2.75,2.12,3.12,1.75,1.75,3.0,3.0,2.12,1.62,2.12,2.12,2.62,2.38,2.88,3.25,2.12,3.0,2.75,2.56,1.68,2.57,1.94,3.67,4.4,2.13,3.1,1.81,2.5,3.58,2.65,2.5,3.12,3.83,2.66,2.97,3.54,3.68,2.39,2.93,3.65,3.38,2.3,2.63,3.73,2.03,3.12,1.14,3.3,2.68,2.7,3.12,2.06,2.75,1.27,1.45,3.39,3.33,3.45,3.15,"Patternmakers, Metal and Plastic",Production,-0.6131331,-0.613529558690429,28930.0,35840.0,39150.0,35710.0,44710.0,47520.0,59150.0,66260.0,66590.0,70440.0,74280.0,79690.0,3010.0,2230.0,1570.0,54556.33,59422.57,54540.0,-47.8405315614618,-25.91362126245847,-29.596412556053814,-0.0299323653185647,8.919661568144335,-8.21669274822681,-0.9776783197292871,0.7409180672183217,419,507,88,88,0,Low Exposure Manual & Technical
51-4071,3.5,3.0,2.88,3.0,2.88,2.62,1.75,2.88,2.12,2.88,2.88,3.38,2.5,2.0,2.0,2.5,2.0,2.12,2.62,3.0,3.62,2.0,2.0,3.25,3.25,1.5,2.0,3.0,2.88,2.0,2.75,2.0,3.12,2.88,3.12,2.12,3.0,1.75,2.0,2.62,2.75,2.0,1.75,2.88,3.5,2.12,3.75,2.5,3.0,2.0,2.12,2.0,2.25,2.18,2.25,1.65,3.63,3.52,2.41,2.35,2.51,3.13,1.69,2.57,3.04,3.28,3.73,2.25,4.39,3.73,3.75,2.09,3.55,3.17,3.79,2.41,3.22,3.03,2.13,4.28,1.46,2.97,2.23,1.69,2.62,2.55,2.33,1.54,1.8,2.29,2.86,2.51,1.7,Foundry Mold and Coremakers,Production,-1.740349,-1.7414743416412886,24400.0,29620.0,36220.0,28980.0,34970.0,39370.0,44250.0,48360.0,51360.0,52570.0,57870.0,61390.0,17590.0,11330.0,12720.0,41391.17,43369.72,45700.0,-27.686185332575324,-35.588402501421264,12.268314210061783,10.410022234210828,4.780125809441973,5.373057515704502,-1.7253247765578201,1.2946760189870863,635,648,13,13,4,Low Exposure Routine Service
51-4072,3.75,3.0,3.12,3.38,3.25,2.62,1.25,2.88,2.25,2.62,2.88,3.12,3.0,2.12,2.0,2.62,2.25,2.88,3.0,3.25,3.62,2.25,2.0,3.38,3.25,1.5,2.25,3.12,3.12,2.12,3.25,1.5,3.12,3.12,3.12,2.62,3.0,1.75,1.75,3.12,3.0,2.62,2.0,2.88,3.12,2.38,3.12,2.62,3.0,2.5,3.12,2.75,2.74,2.47,2.74,1.44,3.73,4.57,2.88,2.34,2.51,2.88,1.92,3.04,2.82,3.24,3.83,2.53,4.12,3.73,3.84,2.79,3.27,3.52,3.69,1.63,2.96,3.26,1.97,3.53,1.14,2.95,1.98,2.47,3.12,1.91,2.67,1.46,1.47,2.38,2.87,2.92,2.59,"Molding, Coremaking, and Casting Machine Setters, Operators, and Tenders, Metal and Plastic",Production,-1.146139,-1.14688011219755,22450.0,28830.0,31990.0,26400.0,31650.0,36290.0,40490.0,45620.0,49100.0,50840.0,54900.0,60110.0,172520.0,165820.0,154820.0,37367.19,40051.05,41230.0,-10.259680037097148,-3.8836076976582414,-6.633699191894826,10.33743773615302,7.182397177845037,2.943618207262992,-1.3795571619478446,1.1339325122102484,560,611,51,51,0,Low Exposure Manual & Technical
51-4081,3.88,3.0,3.0,3.88,3.0,2.25,1.0,2.0,1.5,3.0,3.12,3.12,3.0,2.88,2.0,2.0,2.0,3.0,3.0,3.25,3.75,2.5,2.12,3.12,3.88,1.88,2.38,3.12,2.88,2.62,3.0,2.0,3.62,3.0,3.12,2.38,3.12,2.0,2.0,3.0,3.12,2.25,1.62,2.12,2.88,2.88,2.88,2.88,3.38,2.12,3.12,2.88,4.07,2.89,3.59,2.26,3.84,4.37,3.22,3.5,3.17,3.89,2.33,3.57,4.13,4.33,4.42,2.51,4.18,4.4,4.36,3.12,4.06,4.32,4.26,2.16,2.85,3.7,3.17,3.87,1.85,4.21,2.81,3.89,3.77,2.62,3.5,1.85,2.13,3.73,3.57,3.98,3.55,"Multiple Machine Tool Setters, Operators, and Tenders, Metal and Plastic",Production,-0.74266,-0.7431402136739134,24520.0,29410.0,34130.0,29200.0,34350.0,38320.0,46150.0,47970.0,56220.0,57080.0,58560.0,72850.0,146950.0,137060.0,129850.0,42251.79,42386.01,46060.0,-11.636611092208234,-6.73018033344675,-5.26046986721144,9.013132934723,0.3176670148175998,8.667930763004108,-0.7043670302157038,1.0181702634232987,449,437,-12,12,0,Low Exposure Manual & Technical
51-4111,3.25,2.25,3.25,3.38,3.12,2.75,1.5,2.12,1.5,2.12,2.88,3.38,2.5,2.88,1.75,2.0,1.75,2.12,3.0,3.25,3.38,3.0,2.0,3.12,3.75,1.62,2.25,3.12,3.12,2.75,2.88,1.62,3.62,2.62,2.88,2.38,3.25,1.62,1.88,3.0,3.0,2.12,1.88,2.12,2.25,2.25,2.62,2.38,3.75,2.12,3.0,2.88,2.74,1.9,2.58,1.74,3.78,3.75,2.65,2.75,2.47,2.85,3.68,2.5,2.92,3.45,4.47,2.36,3.52,3.49,3.54,3.13,3.28,4.1,3.75,2.28,2.65,3.57,1.92,2.92,1.0,3.05,2.67,2.18,3.71,1.99,2.62,1.79,1.37,3.77,3.24,3.62,3.48,Tool and Die Makers,Production,-0.5317897,-0.5321335602330928,33820.0,38470.0,44200.0,42460.0,47670.0,51200.0,65110.0,71050.0,77430.0,77940.0,79540.0,87660.0,70770.0,61730.0,55130.0,62708.96,64643.8,63180.0,-22.099759785219725,-12.77377419810654,-10.691722015227604,0.7511526263551507,3.08542830243078,-2.264408961106859,-0.8644833871446698,0.7003072152095854,402,476,74,74,0,Low Exposure Manual & Technical
51-4121,3.62,2.62,2.88,3.12,3.0,2.75,1.62,2.12,2.12,2.5,2.88,3.25,2.88,2.38,2.25,2.0,2.12,2.25,2.88,2.88,3.12,2.12,1.88,2.62,3.38,1.75,2.0,3.0,2.75,2.12,2.75,1.88,3.25,2.62,2.62,2.5,3.0,1.88,2.0,2.5,2.62,2.25,1.25,2.25,2.62,2.38,2.88,2.62,2.88,2.0,2.38,1.75,2.49,2.36,2.4,1.51,3.03,2.9,2.2,2.43,2.02,2.07,2.22,2.6,2.7,2.82,3.76,1.78,3.49,3.57,3.65,2.29,2.5,2.96,3.4,1.92,2.62,2.67,1.78,3.31,1.35,2.49,1.92,1.76,2.36,1.8,2.36,1.55,1.74,2.65,2.56,2.63,2.14,"Welders, Cutters, Solderers, and Brazers",Production,-1.197596,-1.198370385441835,29470.0,35380.0,38130.0,34930.0,39480.0,45580.0,52350.0,58100.0,61610.0,64240.0,68750.0,75850.0,410750.0,408990.0,424040.0,49415.87,51390.74,51000.0,3.2355447352404134,-0.4284844796104687,3.679796572043327,3.205711039793486,3.996428677669735,-0.7603315305442148,-1.5427833762077867,0.9589557106335526,573,635,62,62,4,Low Exposure Routine Service
51-4122,3.25,2.88,3.0,3.62,3.0,2.75,1.38,2.5,2.12,3.0,3.0,3.0,2.88,2.12,2.12,2.0,2.12,2.62,3.0,3.12,3.25,2.0,2.0,3.12,3.75,1.88,2.0,2.88,3.0,2.12,3.0,2.0,3.12,3.0,3.0,2.25,3.12,1.75,1.88,3.0,3.0,2.12,1.62,2.12,2.88,2.12,3.0,2.25,3.25,2.0,2.88,2.5,3.03,2.83,2.87,2.16,3.64,4.14,2.39,3.06,2.88,2.97,3.0,2.48,3.0,3.47,4.09,2.74,3.77,4.0,4.02,2.86,3.39,3.61,3.93,2.58,3.66,2.85,2.26,3.23,1.83,3.22,2.95,3.0,3.59,2.53,2.55,2.04,2.13,3.59,3.1,3.48,2.62,"Welding, Soldering, and Brazing Machine Setters, Operators, and Tenders",Production,-1.002411,-1.0030591744659574,26890.0,31930.0,35780.0,31540.0,37270.0,39480.0,47510.0,51730.0,55870.0,57410.0,63010.0,66190.0,35110.0,30940.0,36290.0,44554.53,48558.52,47060.0,3.3608658501851325,-11.876958131586443,17.29153199741435,5.623378812435012,8.986718073336197,-3.0860083874055406,-1.2202487898376166,1.108591628708847,523,573,50,50,0,Low Exposure Manual & Technical
51-4191,3.75,3.0,3.0,3.38,3.12,3.0,1.25,2.88,1.75,3.0,3.0,3.25,3.12,2.0,2.12,2.88,2.12,2.88,2.88,3.25,3.5,2.75,2.12,3.62,3.5,1.75,2.62,3.0,3.12,2.0,3.25,2.12,3.5,3.12,3.62,3.0,3.25,2.0,2.12,3.12,3.12,2.38,2.12,3.25,3.38,2.5,3.38,2.88,3.12,2.5,3.0,2.88,2.55,2.05,3.14,1.41,3.74,4.2,2.41,2.34,2.4,3.44,2.1,3.31,3.34,3.31,3.67,2.41,4.25,4.06,3.6,2.69,3.39,3.46,3.36,1.62,3.85,2.81,2.25,4.16,1.78,2.93,2.46,2.45,2.84,2.41,2.74,1.73,1.25,2.44,3.2,2.87,3.3,"Heat Treating Equipment Setters, Operators, and Tenders, Metal and Plastic",Production,-1.092486,-1.0931924189706692,26390.0,31250.0,35260.0,31210.0,36020.0,39900.0,47200.0,49160.0,56330.0,56630.0,58970.0,64290.0,19560.0,15600.0,14590.0,44484.75,44212.9,47450.0,-25.408997955010225,-20.245398773006134,-6.474358974358975,6.665767482114656,-0.6111083011593829,7.321618803561853,-1.4268914375792474,1.322096701077102,548,619,71,71,0,Low Exposure Manual & Technical
51-4192,3.75,3.0,3.0,3.0,3.25,2.62,1.38,2.25,1.62,2.75,3.0,3.25,3.12,2.75,1.88,2.0,2.0,2.0,3.0,3.38,3.5,3.12,2.0,3.0,3.88,1.62,3.0,3.0,3.0,2.5,3.12,1.75,3.5,2.0,2.5,2.0,3.12,1.75,2.0,2.88,2.75,2.25,1.75,2.12,2.62,2.5,3.0,2.75,3.75,2.12,3.12,2.88,3.17,3.01,3.23,2.5,4.03,4.02,3.35,2.99,3.22,2.66,3.58,3.51,3.29,3.52,4.31,3.09,4.18,3.85,4.16,3.37,3.47,3.66,3.4,2.49,3.39,3.56,2.41,3.72,2.3,3.58,2.87,2.85,3.0,2.91,3.41,2.76,2.18,3.46,3.06,3.55,2.18,"Layout Workers, Metal and Plastic",Production,-0.7221353,-0.7226022419449557,30090.0,39320.0,40430.0,38240.0,48990.0,51810.0,59050.0,63020.0,76980.0,65200.0,69180.0,93230.0,8150.0,6890.0,5610.0,58080.22,62979.06,61870.0,-31.16564417177914,-15.460122699386504,-18.57764876632801,6.525078589578342,8.434609923998215,-1.760998020611927,-0.7152258433068688,0.9037902562737327,438,440,2,2,0,Low Exposure Manual & Technical
51-4193,3.25,2.75,3.0,3.38,3.0,2.62,1.12,2.0,1.62,2.88,2.75,3.0,3.0,2.38,1.5,2.12,2.0,2.62,3.0,3.0,3.25,2.0,2.0,3.12,3.38,1.5,2.0,3.25,3.12,2.25,3.0,1.5,3.25,2.25,2.25,2.0,3.0,1.62,1.62,3.12,3.0,2.12,1.88,2.5,3.0,2.38,3.0,2.62,2.5,2.0,2.88,2.75,2.95,2.5,3.04,2.18,4.2,4.02,2.68,2.37,2.67,3.11,1.44,2.95,2.77,3.26,3.75,2.99,4.3,4.02,3.94,2.85,3.83,4.06,4.11,1.84,3.66,3.13,1.82,2.98,1.62,3.09,2.56,1.72,2.58,2.58,3.0,1.9,1.48,3.25,3.62,3.24,2.11,"Plating Machine Setters, Operators, and Tenders, Metal and Plastic",Production,-0.8999876,-0.900569545210294,23600.0,29140.0,31940.0,27450.0,32500.0,36620.0,41400.0,45820.0,48990.0,51290.0,53560.0,58320.0,41810.0,32050.0,31510.0,38960.5,40969.9,41600.0,-24.6352547237503,-23.343697679980867,-1.6848673946957875,6.77481038487699,5.157531345850288,1.5379583547921731,-0.9055791440191661,0.7440433059840531,494,488,-6,6,0,Low Exposure Manual & Technical
51-4194,4.0,3.0,3.0,3.88,3.0,2.75,1.0,2.5,1.88,2.38,2.88,3.88,3.25,2.38,1.38,2.0,1.88,3.0,2.88,3.0,3.88,2.88,2.5,3.0,3.75,1.38,2.88,2.88,2.88,2.38,3.25,1.5,3.38,3.12,3.12,2.25,3.38,1.5,1.5,2.62,2.75,2.5,1.75,2.0,3.0,2.62,2.88,2.88,3.38,2.62,3.12,2.5,2.74,2.38,2.42,2.17,3.42,4.56,2.45,2.61,1.92,3.29,2.3,2.95,3.46,3.25,4.21,2.31,3.93,3.63,4.02,2.34,3.47,3.61,3.66,2.14,2.36,3.73,2.01,3.68,1.53,3.1,2.18,2.38,3.48,2.67,2.32,2.04,1.54,3.07,3.01,3.02,3.18,"Tool Grinders, Filers, and Sharpeners",Production,-0.8809238,-0.8814934181318713,25000.0,29020.0,33770.0,31400.0,35060.0,39520.0,51130.0,54080.0,60210.0,61870.0,65650.0,74120.0,6440.0,5320.0,5730.0,45740.79,45337.14,48970.0,-11.024844720496894,-17.391304347826086,7.706766917293232,7.059803733166828,-0.8824727338552777,8.012988909313645,-1.151715726891973,1.0288263737157592,485,555,70,70,0,Low Exposure Manual & Technical
51-5111,2.88,2.12,3.12,3.0,3.0,2.0,1.0,1.25,1.0,1.38,2.5,2.88,3.0,2.62,1.0,1.0,1.0,1.88,3.25,3.12,2.75,2.25,2.0,1.62,3.75,1.0,2.0,3.12,3.12,2.62,3.0,1.0,3.25,2.0,1.88,1.62,3.0,1.0,1.0,3.0,3.0,2.12,1.0,1.0,1.38,2.0,1.5,3.25,3.25,2.0,3.12,2.88,2.92,2.1,2.94,3.02,4.15,3.41,3.25,2.7,2.89,3.08,2.65,3.26,3.47,2.94,4.33,2.97,2.49,3.51,3.42,3.23,3.22,4.16,3.65,2.45,1.74,3.75,2.5,2.28,2.04,3.39,2.83,2.53,2.41,2.6,3.49,1.65,1.69,3.98,3.29,4.16,4.6,Prepress Technicians and Workers,Production,0.4107973,0.4110629375516722,25500.0,29580.0,34270.0,31850.0,35410.0,39000.0,51100.0,50630.0,57530.0,62590.0,62270.0,65530.0,30270.0,25250.0,23070.0,47113.130000000005,47088.36,47300.0,-23.785926660059463,-16.584076643541458,-8.633663366336632,0.3966410213033932,-0.0525755771268095,0.4494529008867572,0.13291706020708452,-0.2853884091009835,252,310,58,58,2,High Exposure Analytical & Office
51-5112,3.25,2.62,3.0,3.5,3.12,2.5,1.12,1.88,1.38,2.88,3.0,3.12,3.0,2.62,1.25,2.0,1.88,2.5,3.0,3.12,3.25,2.0,2.12,3.12,4.0,1.0,2.0,3.12,3.12,2.38,3.0,1.25,3.38,2.88,2.88,2.5,3.12,1.25,1.38,3.12,3.12,2.12,1.88,2.25,3.0,2.5,2.88,3.0,3.12,2.25,3.12,2.75,3.32,3.2,3.29,3.08,3.69,4.64,3.36,2.78,2.88,3.1,2.83,3.51,3.14,3.4,4.24,3.54,3.95,3.51,3.76,2.81,3.35,4.34,3.94,3.52,3.9,4.17,2.51,3.5,2.99,3.68,2.76,3.52,3.91,3.31,4.0,2.79,2.43,3.53,3.78,3.48,3.35,Printing Press Operators,Production,-0.7093881,-0.709846799321026,23830.0,28760.0,31450.0,28840.0,33770.0,36970.0,47400.0,48830.0,54340.0,58740.0,59980.0,63060.0,173430.0,150010.0,145110.0,42926.33,42537.35,45160.0,-16.32935478290953,-13.504007380499337,-3.2664489034064395,5.20349631566453,-0.9061571301343562,6.1655227699892015,-0.6170015118805214,0.8414296107530898,436,421,-15,15,0,Low Exposure Manual & Technical
51-5113,3.38,2.62,2.88,3.12,3.25,2.5,1.5,2.62,2.38,2.75,2.75,3.5,2.88,2.5,1.75,2.25,2.25,2.5,3.12,3.0,3.38,2.0,2.38,3.0,3.5,1.75,2.0,3.38,3.38,2.38,2.88,2.0,3.5,2.75,2.88,2.12,3.12,1.88,2.0,3.25,3.12,2.38,1.38,2.5,2.75,2.5,3.12,2.75,3.25,2.12,3.12,2.88,2.97,2.5,3.02,2.39,3.62,4.29,3.05,2.57,2.87,2.83,2.07,3.07,3.3,3.31,4.21,2.61,4.04,3.76,3.7,3.31,3.61,3.93,4.19,2.11,2.76,3.58,2.42,3.61,2.03,3.3,2.44,2.69,3.52,2.44,2.62,1.88,1.45,3.05,3.22,3.03,2.83,Print Binding and Finishing Workers,Production,-0.9062089,-0.9067948680416806,22460.0,27220.0,31110.0,26640.0,30800.0,36070.0,41970.0,45770.0,48240.0,51130.0,51660.0,57980.0,45600.0,39030.0,36470.0,38425.52,39964.57,39820.0,-20.021929824561404,-14.407894736842106,-6.559057135536767,3.62904652949393,4.005280865424841,-0.3617454160022232,-1.0242117297320352,0.9716896970915598,496,522,26,26,0,Low Exposure Manual & Technical
51-6011,3.25,2.25,2.75,3.0,2.75,2.0,1.25,2.25,1.75,2.38,2.25,2.88,2.38,2.12,1.0,2.25,2.12,2.0,2.75,2.88,3.0,1.62,1.75,2.88,3.0,1.0,1.62,3.0,3.0,2.0,2.38,1.0,2.88,2.25,2.25,1.75,2.75,1.0,1.0,2.88,3.0,2.0,1.62,2.25,2.25,2.25,2.88,2.75,2.38,1.5,2.75,2.0,1.97,3.1,2.71,2.18,3.49,3.62,2.89,2.09,2.98,1.71,2.0,3.33,2.64,2.74,3.02,2.77,3.74,3.24,3.31,1.99,2.74,2.89,3.17,2.72,2.04,3.64,1.98,3.65,2.53,2.55,2.54,2.5,2.57,2.68,2.87,2.05,2.28,2.07,3.06,2.1,1.99,Laundry and Dry-Cleaning Workers,Production,-1.054399,-1.0550807910666895,18500.0,22060.0,26270.0,20920.0,24910.0,29530.0,28540.0,33240.0,36760.0,33970.0,37010.0,42370.0,209330.0,175730.0,195360.0,28167.86,31413.86,33800.0,-6.673673147661587,-16.05121100654469,11.17054572355318,19.99491619171637,11.523772128944122,7.595819170264334,-1.093795615021761,0.5548730616558214,537,542,5,5,4,Low Exposure Routine Service
51-6021,3.38,2.12,2.25,3.25,2.5,2.38,1.62,2.75,1.62,2.88,2.5,3.12,2.12,2.0,1.0,2.12,1.88,2.12,2.38,2.5,3.62,1.62,1.88,3.12,3.25,1.0,1.62,2.5,2.25,1.88,2.25,1.0,2.62,2.88,3.0,2.25,2.5,1.0,1.0,2.0,2.25,1.88,2.38,2.62,2.5,1.62,3.0,2.25,2.12,2.25,1.88,1.88,2.14,2.98,2.43,1.47,3.33,3.9,2.15,2.58,2.15,2.18,1.97,1.83,2.55,2.72,3.55,1.93,3.79,2.73,3.36,2.32,2.68,2.83,2.83,2.26,2.28,3.25,1.23,3.79,2.19,2.5,2.06,2.23,2.77,2.42,3.03,1.74,1.31,2.74,2.38,2.56,2.06,"Pressers, Textile, Garment, and Related Materials",Production,-1.950063,-1.9513239473927304,18410.0,22520.0,24960.0,21050.0,27040.0,29060.0,27980.0,34280.0,36830.0,31440.0,37760.0,41410.0,38070.0,28570.0,26830.0,28132.97,32094.89,33880.0,-29.52456002101392,-24.95403204623063,-6.090304515225761,20.428095576115847,14.082835903923396,5.561975753772643,-1.7492052449515851,0.9813212642184829,652,649,-3,3,4,Low Exposure Routine Service
51-6031,3.75,2.12,2.88,3.5,3.0,2.75,1.12,2.12,1.38,2.25,2.75,3.25,2.75,1.88,1.0,2.0,1.88,2.25,2.88,3.12,3.62,2.0,1.88,3.12,3.38,1.0,2.0,2.88,2.88,1.75,2.88,1.0,3.0,3.12,3.0,2.25,2.88,1.0,1.12,2.5,2.62,2.0,1.75,2.12,2.12,2.0,2.12,3.0,3.0,2.5,2.62,2.0,2.09,2.26,2.34,1.61,3.19,3.38,2.35,2.27,2.15,2.18,2.45,2.67,2.65,2.67,3.24,2.13,3.57,3.25,3.42,2.45,2.54,2.74,2.87,2.15,2.33,2.95,2.04,2.9,1.67,2.63,2.15,1.96,2.6,2.24,1.94,1.65,1.6,2.39,2.87,2.56,1.86,Sewing Machine Operators,Production,-0.9639661,-0.9645894151358528,19530.0,22880.0,26860.0,23060.0,28320.0,31200.0,31750.0,37020.0,40810.0,38500.0,43500.0,47060.0,133410.0,116750.0,109590.0,30726.46,34310.94,36000.0,-17.854733528221274,-12.487819503785325,-6.132762312633833,17.162862236652064,11.665776011945416,4.922803047657679,-1.3207187882591005,0.6842887751784137,510,597,87,87,4,Low Exposure Routine Service
51-6041,3.25,2.25,3.0,3.0,3.0,2.12,1.12,2.25,2.0,2.12,2.75,3.25,2.25,2.25,1.38,1.88,1.88,2.38,3.0,3.0,3.0,2.0,1.75,2.88,3.5,1.38,2.0,3.0,2.88,2.25,2.25,1.38,3.12,2.25,2.75,2.0,3.0,1.5,1.38,3.0,3.0,2.0,1.25,2.0,2.25,2.0,2.62,2.75,3.0,2.12,2.75,2.25,2.78,2.78,2.64,2.25,3.37,3.76,2.41,2.53,2.93,2.22,2.41,3.28,3.41,3.71,3.59,2.4,3.73,3.49,3.95,2.84,3.61,3.65,3.8,2.81,2.52,2.79,2.42,3.47,2.41,3.04,2.35,1.22,2.55,2.88,2.18,2.42,2.25,3.3,3.03,2.72,2.36,Shoe and Leather Workers and Repairers,Production,-0.990912,-0.991552738955997,20110.0,22830.0,25170.0,24050.0,27690.0,29400.0,36120.0,38740.0,41400.0,40420.0,47230.0,48090.0,8760.0,8860.0,7640.0,34378.28,35089.26,35950.0,-12.78538812785388,1.141552511415525,-13.769751693002258,4.571840126963888,2.0681081194289046,2.453001288713407,-0.9848468788208936,0.6264223836235286,521,511,-10,10,4,Low Exposure Routine Service
51-6042,3.62,2.12,2.88,3.62,2.75,2.62,1.12,2.0,1.38,3.0,2.88,3.12,2.62,2.25,1.62,2.0,2.0,2.62,2.75,2.75,3.12,2.0,2.12,3.0,3.88,1.25,2.0,2.88,3.0,2.12,3.0,1.25,3.0,2.88,3.0,2.25,3.0,1.38,1.5,2.75,2.88,2.0,1.12,2.12,2.5,2.0,2.88,2.75,2.88,2.25,2.75,2.0,2.49,2.84,3.29,2.44,4.04,3.82,3.46,3.26,3.31,3.12,3.18,3.72,3.41,3.1,3.08,3.15,4.11,3.06,3.77,2.96,3.54,3.28,3.4,2.96,2.78,3.72,2.6,3.04,2.37,3.23,3.23,2.51,2.88,3.04,2.88,2.48,2.73,3.15,3.61,3.64,2.97,Shoe Machine Operators and Tenders,Production,-1.029855,-1.0305209203686752,18920.0,24450.0,24160.0,24250.0,28290.0,30450.0,36820.0,37710.0,43390.0,41880.0,44400.0,47860.0,5020.0,2960.0,3270.0,35552.91,35737.86,38160.0,-34.8605577689243,-41.03585657370518,10.472972972972974,7.332986245007782,0.5202105819186027,6.7775182957233575,-0.8310299735154457,0.8044167286368917,530,467,-63,63,0,Low Exposure Manual & Technical
51-6051,4.0,2.0,3.12,3.25,2.75,2.62,1.25,1.5,1.12,1.5,2.75,4.12,2.5,2.5,1.0,1.0,1.25,1.88,2.38,3.12,4.12,2.0,2.0,3.0,3.75,1.0,2.0,2.62,2.5,2.38,2.62,1.0,2.88,2.25,2.0,1.88,2.75,1.0,1.25,2.38,2.5,2.0,1.0,1.12,2.0,2.0,1.88,3.0,3.12,2.5,2.0,2.0,2.45,3.59,2.0,1.53,3.15,4.1,1.59,2.65,1.37,1.45,1.79,2.25,2.72,2.61,3.27,1.2,3.3,3.24,3.88,2.34,3.02,3.63,3.06,1.48,1.3,3.64,1.44,2.21,1.95,2.98,1.68,2.24,2.2,1.75,3.11,1.35,1.06,3.05,2.64,3.21,2.53,"Sewers, Hand",Production,-0.5987218,-0.5991089400223107,21140.0,24250.0,25530.0,24390.0,28780.0,29210.0,36890.0,36780.0,38180.0,42600.0,43260.0,46320.0,4770.0,3440.0,2240.0,34831.85,34083.93,33760.0,-53.03983228511531,-27.882599580712785,-34.88372093023256,-3.077212378900341,-2.147230193056063,-0.9503892303499047,-1.1233233418227366,0.4182721601673675,418,549,131,131,4,Low Exposure Routine Service
51-6052,3.88,2.0,3.0,3.5,2.62,2.0,1.0,2.0,1.38,2.0,2.5,3.88,2.62,2.88,1.0,1.75,1.38,2.0,2.62,3.0,3.12,1.88,2.0,2.88,3.75,1.0,2.0,3.62,3.0,3.0,2.62,1.0,2.88,2.62,2.38,1.75,2.88,1.0,1.12,3.0,3.0,2.12,1.0,2.0,2.0,2.12,2.25,2.88,3.88,2.25,2.88,2.75,2.15,2.11,1.63,2.51,2.66,3.82,1.85,2.89,2.0,2.16,1.88,2.31,2.46,2.75,3.05,1.99,2.68,3.15,3.03,2.3,3.19,3.33,2.31,2.28,2.21,3.57,1.56,2.88,3.03,2.46,1.92,1.25,2.58,2.83,2.94,2.46,1.07,3.55,1.98,3.24,1.4,"Tailors, Dressmakers, and Custom Sewers",Production,-0.4305268,-0.4308051813826217,20870.0,23910.0,27110.0,24900.0,29590.0,33480.0,41490.0,42340.0,49780.0,54740.0,54080.0,62490.0,24110.0,16870.0,16290.0,36657.76,37056.68,40860.0,-32.434674408958934,-30.02903359601825,-3.438055720213397,11.463439119029635,1.0882279768321856,10.263520639193796,-0.8972981092432132,0.3413311761904584,375,485,110,110,4,Low Exposure Routine Service
51-6061,3.62,2.62,3.0,3.62,3.12,2.25,1.25,2.25,1.62,2.5,3.0,3.12,3.0,2.5,1.5,2.12,2.0,2.38,3.0,3.12,3.25,2.38,2.0,2.88,3.38,1.62,2.5,3.12,3.0,2.38,3.12,1.62,3.0,3.12,3.0,2.25,3.12,1.62,1.88,2.75,3.0,2.5,2.12,2.5,3.0,2.5,3.0,3.25,3.0,2.62,2.75,2.5,3.22,2.22,2.41,1.58,3.42,3.89,2.29,2.5,2.35,2.6,1.98,2.34,2.88,3.29,4.08,2.11,4.0,3.59,4.11,2.98,2.96,3.65,3.91,1.82,3.06,3.23,2.08,3.42,1.63,3.25,1.93,1.77,2.7,2.31,2.85,1.47,1.39,2.69,2.86,3.56,2.99,Textile Bleaching and Dyeing Machine Operators and Tenders,Production,-0.8609312,-0.8614878904706457,22200.0,25890.0,28990.0,24980.0,28390.0,32350.0,35860.0,37410.0,43230.0,41060.0,43880.0,47660.0,8690.0,6640.0,5820.0,34261.98,35327.08,37320.0,-33.026467203682394,-23.590333716916,-12.349397590361445,8.925403610649461,3.108693659852696,5.641338033033011,-1.1809958402399936,0.8967835088176952,479,565,86,86,0,Low Exposure Manual & Technical
51-6062,3.62,3.12,3.0,3.12,3.0,3.0,1.5,2.25,1.62,2.88,2.88,3.12,2.88,2.0,1.75,2.12,1.88,2.88,2.88,3.25,3.25,2.0,2.12,3.12,3.12,1.5,2.0,3.0,3.0,2.0,3.0,1.88,3.12,3.0,3.12,3.0,3.12,2.0,1.75,3.0,2.88,2.12,2.0,2.75,3.12,2.0,3.12,2.88,3.0,2.25,2.75,2.12,2.67,2.4,2.77,1.9,3.78,3.94,2.88,2.32,2.79,3.06,2.53,3.13,3.57,3.35,3.95,2.89,3.69,3.92,3.84,2.73,3.15,3.51,4.11,2.58,2.67,3.14,2.63,3.6,1.37,3.18,2.2,2.68,3.11,2.38,2.67,1.76,1.61,2.73,3.16,2.7,3.05,"Textile Cutting Machine Setters, Operators, and Tenders",Production,-1.022949,-1.023610454794992,20560.0,25250.0,27230.0,23910.0,29620.0,32380.0,35040.0,38930.0,43710.0,39990.0,45260.0,49080.0,13210.0,10700.0,8960.0,33412.99,37208.02,37940.0,-32.17259651778955,-19.00075700227101,-16.261682242990656,13.548652784441028,11.357947911874987,1.967264046837223,-1.3271004044978674,1.1359958974547675,529,598,69,69,0,Low Exposure Manual & Technical
51-6063,3.88,3.0,2.75,3.62,2.88,2.0,1.25,1.88,1.38,2.88,2.38,3.62,2.75,2.0,1.25,2.0,1.88,2.5,2.75,2.88,3.25,2.0,2.0,3.5,3.12,1.0,2.0,3.12,3.0,2.12,2.88,1.0,3.12,2.62,3.0,2.38,3.12,1.25,1.12,2.88,2.88,2.0,1.75,2.75,2.62,2.12,3.25,2.88,3.0,2.25,2.75,2.5,3.08,2.6,2.46,1.93,4.1,4.15,2.97,2.4,2.7,3.21,1.99,3.09,3.09,3.43,3.98,2.59,3.72,3.69,3.69,2.56,3.48,3.46,3.87,1.89,2.0,3.22,2.08,3.83,2.07,3.3,2.84,3.06,3.06,2.39,2.71,2.46,1.94,2.9,3.14,3.32,2.61,"Textile Knitting and Weaving Machine Setters, Operators, and Tenders",Production,-1.241662,-1.242464879500615,21590.0,26380.0,29640.0,24860.0,29920.0,34530.0,36610.0,39370.0,44180.0,43860.0,46160.0,48070.0,21130.0,16900.0,14530.0,34866.74,38645.75,38260.0,-31.23521060104117,-20.018930430667297,-14.023668639053255,9.732082781470256,10.83843800710936,-0.9981692682895272,-1.0417851192944765,0.8192109610530222,586,528,-58,58,4,Low Exposure Routine Service
51-6064,3.62,3.0,3.0,3.5,2.88,2.88,1.62,2.62,1.62,3.12,3.0,3.38,3.0,2.0,1.38,2.88,2.0,2.88,2.75,2.88,3.38,2.0,2.12,3.25,3.25,1.0,2.0,2.75,3.0,2.0,3.0,1.38,3.12,3.0,3.38,2.62,3.12,1.12,1.38,3.0,2.88,2.38,2.38,2.88,3.12,2.12,3.25,3.0,3.0,3.0,2.38,2.12,2.54,2.2,2.18,1.79,3.67,3.43,2.06,2.41,2.25,2.7,2.22,2.35,3.46,3.13,3.8,2.32,3.72,3.46,3.64,2.47,3.06,3.4,3.28,1.97,2.43,2.72,1.7,3.04,1.54,2.69,2.0,2.08,3.29,2.0,2.16,1.46,1.39,2.42,3.04,2.62,2.43,"Textile Winding, Twisting, and Drawing Out Machine Setters, Operators, and Tenders",Production,-1.392929,-1.3938296921178144,22460.0,28200.0,30380.0,26170.0,30510.0,35270.0,34680.0,37310.0,40970.0,39520.0,44010.0,46940.0,31190.0,23830.0,20600.0,34645.770000000004,36451.32,37660.0,-33.95319012504008,-23.597306829111893,-13.55434326479228,8.70013857391536,5.211458714873404,3.3158744319821625,-1.6027856670641443,1.1807688310738955,603,639,36,36,4,Low Exposure Routine Service
51-6091,3.38,3.0,3.0,3.75,3.12,2.62,1.12,2.5,1.62,2.88,2.75,3.38,3.0,2.38,2.0,2.0,2.0,2.62,3.12,3.12,3.25,2.25,2.0,3.25,3.5,1.88,2.0,3.38,3.12,2.25,3.0,2.0,3.75,3.12,3.25,2.88,3.0,2.0,2.0,3.0,2.88,2.12,2.12,2.12,2.75,3.0,3.0,2.62,3.0,2.5,3.0,2.62,3.42,2.4,2.97,1.61,3.78,4.38,2.63,2.54,2.84,3.65,1.87,2.71,3.31,3.65,4.42,2.92,3.89,4.16,4.16,2.83,3.84,3.88,4.41,2.09,4.06,2.85,1.97,3.48,1.45,3.75,2.37,2.11,3.11,2.45,2.66,1.45,2.08,2.85,3.33,3.29,2.67,"Extruding and Forming Machine Setters, Operators, and Tenders, Synthetic and Glass Fibers",Production,-0.8596925,-0.8602483894995883,26010.0,30780.0,35590.0,29980.0,35510.0,38990.0,44790.0,48750.0,54690.0,54270.0,59090.0,63650.0,18230.0,14460.0,14900.0,41995.93,43088.66,44980.0,-18.266593527153045,-20.68019747668678,3.0428769017980635,7.105617139565666,2.601990240482818,4.389414755529654,-1.158033576239536,1.0848982929212379,477,559,82,82,0,Low Exposure Manual & Technical
51-6092,3.12,2.12,3.38,3.0,3.62,2.5,1.0,2.0,1.12,2.0,3.12,3.5,3.12,3.25,1.0,2.0,2.0,2.12,3.25,3.75,3.12,3.62,2.25,2.88,4.0,1.0,3.5,3.38,3.62,3.75,3.25,1.0,3.25,2.0,2.0,1.75,3.25,1.0,1.0,3.12,3.12,2.62,1.12,2.0,2.12,3.0,2.38,3.0,4.0,2.25,3.62,3.12,3.4,2.42,2.54,2.82,4.19,2.59,2.94,3.18,2.82,3.54,2.96,3.41,3.53,3.32,4.42,2.53,3.06,4.01,3.58,3.41,3.17,3.85,4.16,2.06,1.72,3.47,2.49,3.15,1.24,3.73,2.61,1.83,1.71,2.17,2.95,1.88,1.64,3.92,3.04,3.68,3.73,Fabric and Apparel Patternmakers,Production,-0.0831096,-0.0831633336696899,23480.0,31190.0,34590.0,30650.0,38150.0,44110.0,69860.0,85630.0,91080.0,94980.0,109550.0,112540.0,5870.0,3070.0,2860.0,52416.41,65205.92,67670.0,-51.27768313458262,-47.70017035775128,-6.840390879478828,29.1007911453684,24.399820590536425,3.778920686956034,0.11131148478709309,-0.0005261518788724286,318,313,-5,5,1,Moderate Exposure Service & Healthcare
51-6093,4.0,2.62,3.0,3.75,3.0,3.0,1.25,2.88,2.25,3.12,2.88,4.0,3.0,2.88,2.0,2.75,2.25,2.5,2.88,3.12,4.0,2.5,2.0,3.75,3.88,1.88,2.62,3.0,3.0,3.0,2.88,1.88,3.25,2.5,2.62,2.5,3.0,2.0,2.0,3.0,2.88,2.5,1.75,2.5,3.0,2.25,3.12,3.75,3.62,2.12,3.25,2.62,2.67,2.39,2.83,2.93,3.13,3.18,3.31,2.89,2.47,2.15,2.52,2.98,3.65,3.24,3.83,2.57,3.99,3.47,3.86,2.27,3.57,3.62,3.27,2.88,2.61,3.49,2.82,3.7,2.95,3.07,2.56,1.72,2.69,2.92,3.17,3.21,2.12,3.5,2.76,3.24,2.29,Upholsterers,Production,-1.313735,-1.3145844835104743,22610.0,28300.0,32190.0,28020.0,33480.0,37200.0,43110.0,47150.0,51740.0,53450.0,59660.0,63600.0,29420.0,26990.0,20990.0,40856.19,42807.6,46190.0,-28.65397688647179,-8.259687287559483,-22.23045572434235,13.05508418675358,4.776289712770565,7.901400685859524,-1.1541796997417415,1.2490668048385924,594,557,-37,37,0,Low Exposure Manual & Technical
51-7011,3.88,3.0,3.0,3.75,3.12,3.0,1.25,2.88,2.0,3.0,3.0,3.88,2.88,2.88,1.75,2.88,2.12,3.0,3.0,3.12,3.88,2.88,2.12,3.62,3.88,1.75,2.75,3.0,3.0,2.88,3.0,1.75,3.25,2.75,3.25,3.0,3.0,1.88,2.12,2.88,3.0,2.62,2.62,2.75,3.25,2.38,3.62,2.88,3.5,2.62,3.12,2.75,3.23,2.09,2.12,2.48,3.42,4.13,2.47,2.55,2.45,2.26,2.78,2.78,3.84,3.37,4.18,2.09,4.13,3.6,3.74,3.06,3.36,3.87,3.37,2.45,2.82,3.21,2.47,3.9,3.24,3.31,1.7,2.53,3.11,2.68,2.86,2.88,1.32,3.36,2.55,3.01,1.88,Cabinetmakers and Bench Carpenters,Production,-1.327489,-1.3283473771537473,23860.0,29120.0,34700.0,28580.0,34550.0,38240.0,44950.0,47660.0,54010.0,55570.0,58570.0,63220.0,99400.0,95980.0,79540.0,41623.77,41953.61,46020.0,-19.97987927565392,-3.440643863179074,-17.128568451760785,10.56182561070272,0.79243182441186,9.692586645106344,-1.3494438312318264,1.3767099316854667,597,603,6,6,0,Low Exposure Manual & Technical
51-7021,3.75,2.75,3.12,3.5,3.0,2.5,1.25,3.12,1.75,2.88,3.0,3.12,3.12,2.5,1.62,2.62,2.12,2.75,3.12,3.0,3.62,2.0,2.0,3.12,4.0,1.38,2.0,3.12,3.12,2.88,3.0,1.38,3.12,2.5,2.38,2.25,3.25,1.5,1.38,2.88,3.0,2.5,2.38,2.88,3.25,2.12,3.25,3.88,3.38,2.75,3.0,2.25,2.71,2.92,2.82,2.46,3.64,2.88,3.02,2.93,2.78,2.58,1.97,3.53,3.23,3.6,4.09,2.85,3.81,3.72,3.89,2.78,3.64,3.98,3.69,2.74,2.23,3.48,2.26,3.71,2.37,3.16,2.83,1.63,2.68,2.95,2.78,2.07,2.36,3.64,3.17,3.64,2.55,Furniture Finishers,Production,-1.197727,-1.1985014701493577,23310.0,28370.0,31200.0,27130.0,32020.0,36770.0,39250.0,45750.0,49020.0,49080.0,52920.0,59820.0,16220.0,14990.0,14230.0,37774.24,41034.76,42530.0,-12.268803945745994,-7.583230579531443,-5.070046697798532,12.589955482889934,8.631596558924825,3.6438375660050113,-0.9584904694862404,1.0309922914900844,574,502,-72,72,0,Low Exposure Manual & Technical
51-7031,3.75,2.62,3.12,3.5,3.0,2.5,1.0,2.12,1.5,2.62,2.88,3.75,3.0,2.88,1.62,2.0,2.0,2.62,3.0,3.38,3.5,2.62,2.0,3.12,3.88,1.5,2.62,3.38,3.12,3.12,3.0,1.75,3.38,2.25,3.0,2.25,3.0,1.62,1.75,3.0,3.0,2.25,1.62,2.12,2.62,2.62,2.62,2.62,3.38,2.5,3.25,2.62,3.1,2.61,3.33,2.0,3.78,4.21,2.75,2.87,2.49,2.96,3.37,3.68,3.31,3.14,3.9,1.93,4.22,3.46,4.08,3.54,3.36,3.72,3.6,1.3,3.01,3.66,1.85,4.1,1.23,3.75,2.84,1.97,3.7,2.4,2.9,2.57,1.09,3.84,3.19,3.37,2.1,"Model Makers, Wood",Production,-0.7278869,-0.7283575610578428,33390.0,35350.0,24710.0,41700.0,38010.0,40420.0,70910.0,60290.0,80380.0,78530.0,83230.0,95850.0,810.0,720.0,360.0,68919.38,50742.14,51850.0,-55.55555555555556,-11.11111111111111,-50.0,-24.76716998905098,-26.37464237200045,2.183313514171852,-0.7902120690425366,0.8116466499035921,442,459,17,17,0,Low Exposure Manual & Technical
51-7032,3.88,2.75,3.12,3.88,3.12,3.0,1.25,2.38,1.38,2.25,2.88,3.38,2.88,2.88,1.62,2.0,1.88,2.38,2.88,3.25,4.0,3.0,2.0,3.12,3.75,1.5,2.75,3.12,3.0,2.88,3.0,1.88,3.12,2.88,3.5,2.88,3.12,1.75,1.62,3.0,3.0,2.12,2.5,2.12,3.12,2.38,3.0,2.75,3.25,2.62,3.0,2.75,3.43,1.86,2.57,3.05,3.42,4.23,2.6,3.33,2.02,2.38,4.46,2.86,3.15,3.15,4.13,2.06,3.87,3.4,3.83,2.88,3.79,4.17,3.73,2.6,3.12,3.7,1.93,4.05,1.39,3.58,1.97,2.15,3.4,1.97,2.58,1.73,1.35,4.34,2.65,3.47,3.07,"Patternmakers, Wood",Production,-1.057897,-1.0585810529515356,38540.0,31730.0,40730.0,50660.0,38180.0,45450.0,76940.0,50150.0,77410.0,87990.0,60220.0,83330.0,370.0,330.0,180.0,75455.44,47877.49,52520.0,-51.35135135135135,-10.81081081081081,-45.45454545454545,-30.396005907592617,-36.54865706170424,9.696644498280929,-1.0926457046587414,1.0529453464634149,538,541,3,3,0,Low Exposure Manual & Technical
51-7041,3.38,2.88,2.88,3.62,3.0,3.0,1.38,2.12,1.38,2.5,3.0,3.25,2.75,1.88,1.62,2.12,1.88,2.25,3.0,2.75,3.38,2.0,1.88,3.12,3.38,1.62,2.12,2.88,2.88,1.88,2.88,2.0,3.25,3.25,3.25,2.5,3.12,1.75,1.88,2.88,2.62,1.88,2.0,3.12,3.0,1.88,3.12,2.75,2.88,2.12,2.5,2.12,1.93,2.17,2.45,1.68,3.41,4.11,2.23,2.16,2.64,2.19,1.98,2.77,3.08,2.69,3.38,2.47,4.11,3.45,3.65,2.33,2.89,2.76,3.12,2.1,3.27,2.55,1.75,3.7,1.39,2.37,2.23,1.93,3.27,2.34,2.54,1.48,1.56,2.47,3.17,2.51,1.98,"Sawing Machine Setters, Operators, and Tenders, Wood",Production,-1.165031,-1.1657843281862597,21150.0,26930.0,29670.0,25310.0,30330.0,35550.0,37780.0,43050.0,47770.0,46670.0,49500.0,56560.0,50730.0,46400.0,43140.0,35366.83,39207.87,39950.0,-14.961561206386753,-8.53538340232604,-7.025862068965518,12.958950519455652,10.860571897453047,1.892808765179044,-1.6421751252826973,1.1676344407750199,564,643,79,79,4,Low Exposure Routine Service
51-7042,3.12,3.12,3.0,3.5,3.0,2.88,1.62,3.0,1.88,3.0,3.12,3.12,3.0,2.0,1.5,2.38,2.12,2.5,2.88,3.0,3.5,2.0,2.0,3.25,3.62,1.38,2.38,3.38,3.0,2.0,3.12,1.62,3.25,3.0,3.62,2.62,3.12,1.75,1.75,2.88,3.0,2.75,2.62,2.5,3.25,2.25,3.25,2.62,3.12,2.62,2.88,2.0,2.34,2.02,2.19,1.42,3.41,4.0,2.45,2.05,2.35,2.47,1.93,2.34,2.89,2.77,3.61,1.88,3.9,3.03,3.79,2.02,3.02,3.23,3.17,1.8,2.29,2.63,1.32,3.51,1.3,3.02,1.99,2.13,2.59,1.84,1.94,1.47,1.26,2.67,2.45,2.56,2.01,"Woodworking Machine Setters, Operators, and Tenders, Except Sawing",Production,-1.130357,-1.1310879072042297,21430.0,27910.0,30920.0,25440.0,31120.0,36260.0,37780.0,44290.0,47650.0,45880.0,49510.0,54340.0,78850.0,63680.0,63350.0,36041.37,39813.23,40440.0,-19.657577679137603,-19.23906150919468,-0.5182160804020101,12.204391786438745,10.46536244321454,1.574275686750369,-1.6739761085507694,1.19482606113708,556,646,90,90,4,Low Exposure Routine Service
51-8011,2.88,3.0,3.12,2.88,3.88,2.25,1.0,1.0,1.0,1.0,3.12,2.88,3.38,3.0,1.75,1.12,1.12,3.0,3.88,4.0,2.38,3.0,2.75,2.62,3.88,1.0,2.88,4.0,4.0,3.0,3.88,1.12,4.12,2.0,2.88,2.62,3.38,1.0,1.12,3.5,3.25,2.88,1.0,1.0,1.0,3.0,1.88,3.0,2.88,2.0,4.0,3.62,3.94,1.94,3.09,2.5,4.33,4.14,3.52,2.36,3.03,4.39,2.03,3.29,3.36,4.73,4.52,3.05,1.94,4.51,4.04,3.27,3.13,4.18,4.52,1.93,2.21,3.58,3.48,2.29,1.54,4.29,2.68,2.26,2.17,2.3,2.95,1.41,1.5,2.58,3.51,4.26,3.64,Nuclear Power Reactor Operators,Production,0.7705302,0.7710284488710063,74520.0,85580.0,99300.0,87250.0,100190.0,107170.0,116880.0,131030.0,131520.0,128810.0,146100.0,152690.0,5050.0,5450.0,5720.0,116916.39,125255.47,122610.0,13.267326732673268,7.920792079207921,4.954128440366973,4.869813376892667,7.1325158089468905,-2.11205945736342,0.4089840534156462,-0.35355699141980607,207,263,56,56,1,Moderate Exposure Service & Healthcare
51-8012,2.0,2.38,3.0,2.38,3.75,2.0,1.0,1.38,1.0,1.38,3.0,2.0,3.0,2.88,1.38,1.0,1.5,2.0,3.88,3.5,2.0,2.75,2.0,1.62,3.62,1.12,2.75,3.88,3.88,2.62,3.12,1.12,4.0,1.62,2.0,1.88,3.0,1.12,1.62,3.12,3.0,2.75,1.38,1.38,1.25,2.62,1.88,2.62,3.0,1.62,3.75,3.62,4.31,2.1,2.38,4.11,4.34,2.73,3.45,2.58,2.19,4.26,1.89,3.18,3.49,4.48,4.72,2.36,1.41,4.59,3.1,3.26,2.83,4.73,4.5,3.35,1.4,3.74,3.14,1.49,2.34,4.27,2.59,2.05,1.38,2.54,3.28,1.39,1.51,2.9,3.28,3.88,4.47,Power Distributors and Dispatchers,Production,0.5012214,0.501545507792233,56360.0,66090.0,70760.0,72540.0,83070.0,91670.0,104140.0,118350.0,128690.0,122380.0,135620.0,144900.0,10770.0,9380.0,9180.0,105484.1,109883.65,107240.0,-14.763231197771589,-12.906220984215414,-2.1321961620469083,1.66461106460594,4.170818161220495,-2.405862928652256,0.5576652218093273,-0.679689601901998,243,240,-3,3,2,High Exposure Analytical & Office
51-8013,3.08,2.9166666666666665,2.9599999999999995,3.5,3.583333333333333,2.623333333333333,1.0833333333333333,2.1666666666666665,1.79,2.6666666666666665,3.1633333333333336,3.0,3.0400000000000005,2.706666666666667,2.04,2.2066666666666666,2.373333333333333,2.8766666666666665,3.2900000000000005,3.4599999999999995,3.08,2.3766666666666665,2.4133333333333336,3.0400000000000005,3.8366666666666656,2.0,2.4166666666666665,3.5400000000000005,3.333333333333333,2.583333333333333,3.293333333333333,2.04,3.8766666666666665,2.706666666666667,3.0,2.6666666666666665,3.2466666666666666,2.08,2.04,3.0400000000000005,3.0866666666666664,2.7099999999999995,1.7066666666666668,2.29,2.4566666666666666,2.9599999999999995,2.6266666666666665,3.0,3.1266666666666665,2.1666666666666665,3.206666666666667,3.0400000000000005,3.45,2.736666666666667,2.99,2.39,3.866666666666666,4.25,2.856666666666667,2.67,2.84,3.75,2.546666666666667,3.2266666666666666,3.053333333333333,3.71,3.983333333333333,2.853333333333333,3.3633333333333333,3.923333333333333,3.98,3.1566666666666667,3.063333333333333,3.9933333333333336,4.08,2.6933333333333334,3.686666666666667,3.1966666666666668,2.52,3.3966666666666665,1.893333333333333,3.56,2.6166666666666667,3.0666666666666664,3.786666666666666,2.5166666666666666,2.9233333333333333,2.0466666666666664,1.7566666666666666,3.1833333333333336,3.3833333333333333,3.3233333333333337,3.2900000000000005,Power Plant Operators,Production,-0.3482779,-0.3485030974087824,45970.0,52000.0,59930.0,63110.0,71160.0,77400.0,96940.0,104720.0,111980.0,108380.0,119880.0,128760.0,33620.0,31590.0,30720.0,95354.37,100597.86,99670.0,-8.625817965496728,-6.03807257584771,-2.7540360873694207,4.525885913776149,5.498950913314188,-0.922345664211943,-0.781514439164275,0.8993725575732453,362,457,95,95,0,Low Exposure Manual & Technical
51-8021,3.12,3.12,3.12,3.12,3.25,2.38,1.0,2.12,1.62,2.5,3.0,3.12,2.88,2.62,2.0,2.12,2.0,2.88,3.25,3.25,3.12,2.12,2.25,3.12,3.88,1.5,2.12,3.62,3.5,2.38,3.25,2.12,3.75,2.38,3.12,2.5,3.12,2.0,2.12,3.0,3.0,2.38,1.62,2.12,2.75,2.75,2.5,2.75,2.88,2.12,3.12,3.0,3.57,3.14,3.52,2.75,4.02,4.18,3.63,3.44,3.53,3.85,2.83,3.26,3.54,3.76,4.05,2.86,3.62,4.04,4.45,3.12,3.71,4.28,4.07,2.82,3.67,3.88,2.54,3.65,2.3,4.0,2.75,3.2,4.41,3.08,3.51,2.21,2.36,3.63,3.63,3.88,3.67,Stationary Engineers and Boiler Operators,Production,-0.5032496,-0.5035750055676592,39050.0,40910.0,47310.0,50040.0,52640.0,60110.0,78960.0,87030.0,96420.0,100080.0,108790.0,121200.0,32520.0,31470.0,30780.0,72280.45,72556.72,75190.0,-5.350553505535055,-3.2287822878228782,-2.19256434699714,4.0253623213469245,0.3822195351578526,3.629271003430142,-0.5750790494040853,0.8645990978753461,390,413,23,23,0,Low Exposure Manual & Technical
51-8031,3.0,2.88,2.88,3.12,3.5,2.5,1.0,2.0,1.62,2.75,3.0,2.88,3.0,2.62,2.0,2.12,2.0,2.25,3.12,3.12,3.0,2.62,2.0,2.75,3.62,1.75,2.75,3.75,3.75,2.0,3.0,2.0,3.12,2.62,2.88,2.75,3.12,2.0,2.12,3.0,3.0,2.12,1.62,2.0,2.0,2.75,3.0,2.88,2.88,2.0,3.5,3.0,4.08,2.54,3.38,3.25,4.0,3.83,3.22,3.29,3.12,4.33,2.67,3.22,3.25,4.46,4.0,3.25,3.17,4.12,4.21,3.29,3.38,4.13,4.38,3.54,4.09,3.67,3.13,3.33,3.35,4.17,3.25,3.54,3.92,2.83,3.48,2.08,2.83,2.92,3.83,3.67,3.54,Water and Wastewater Treatment Plant and System Operators,Production,-0.44501,-0.4452977465428842,28850.0,34100.0,37870.0,36740.0,40780.0,47020.0,61220.0,64720.0,71280.0,77600.0,81210.0,86160.0,123730.0,119350.0,126750.0,55544.880000000005,55779.6,58260.0,2.4407985128909724,-3.5399660551200194,6.200251361541684,4.888155307923961,0.4225772024352089,4.4467869973969005,-0.4755290491301109,0.7086114306161404,377,395,18,18,0,Low Exposure Manual & Technical
51-8091,3.38,3.25,3.0,3.5,3.62,2.5,1.0,2.0,1.5,2.62,3.5,3.0,3.12,2.38,2.0,2.12,2.5,3.38,3.12,3.5,3.12,2.75,2.62,2.88,3.75,1.38,2.88,3.62,3.62,2.12,3.5,1.5,3.75,2.88,3.25,2.38,3.75,1.5,1.62,3.12,3.12,2.88,1.88,2.38,2.62,2.88,2.75,3.12,2.75,2.75,3.25,3.12,3.08,1.88,2.43,1.39,3.71,4.19,2.99,1.58,2.43,3.58,1.44,2.85,2.98,4.04,4.62,2.28,3.52,4.36,3.84,3.17,2.46,3.83,4.55,2.23,2.39,2.33,2.38,3.58,1.33,3.12,2.28,1.87,3.09,2.13,1.87,1.52,1.33,1.73,4.04,3.15,3.6,Chemical Plant and System Operators,Production,-0.3831282,-0.3833759323903261,35330.0,45930.0,48000.0,46600.0,61680.0,57080.0,78360.0,99430.0,98050.0,93250.0,107680.0,107790.0,28840.0,18710.0,17840.0,72745.65000000001,89366.26999999999,73540.0,-38.141470180305134,-35.124826629681,-4.649919828968466,1.0919553265384132,22.84757920233028,-17.70944451413267,-0.825986806567845,0.7202992883920178,370,466,96,96,0,Low Exposure Manual & Technical
51-8092,3.0,3.5,3.0,3.0,3.25,2.75,1.0,2.0,1.5,2.25,3.25,3.0,3.25,2.88,2.12,2.0,2.12,3.0,3.0,3.12,3.0,2.75,2.12,2.88,3.75,2.0,2.75,3.25,3.0,2.25,3.88,2.0,3.62,3.0,3.12,2.75,3.38,2.0,2.12,3.0,3.0,2.62,1.75,2.12,2.25,3.0,2.62,3.0,3.0,2.25,3.12,3.12,3.85,2.75,2.83,2.69,3.98,3.93,3.02,3.02,2.53,4.05,2.89,3.1,3.54,4.13,4.3,2.63,2.8,4.34,4.07,3.34,3.35,4.33,4.34,3.18,3.09,3.34,2.85,3.05,1.93,3.85,3.17,3.42,3.37,2.3,3.06,1.86,1.91,3.0,3.49,3.91,3.61,Gas Plant Operators,Production,-0.2982082,-0.2984010212236304,44080.0,46190.0,59040.0,56800.0,62220.0,73150.0,83130.0,94930.0,100000.0,101320.0,107700.0,109350.0,14410.0,14290.0,15910.0,82235.73,85896.26,83400.0,10.40943789035392,-0.8327550312283136,11.336599020293912,1.4157714657606908,4.451264675342456,-2.9061335150098446,-0.6620804823291234,0.8459147454497186,355,430,75,75,0,Low Exposure Manual & Technical
51-8093,3.0,3.38,3.12,3.12,3.25,2.75,1.0,2.0,1.62,2.88,3.0,3.0,3.75,2.38,2.12,2.38,2.75,3.38,3.12,3.75,3.0,2.88,2.62,3.0,3.75,2.0,2.75,3.12,3.12,2.38,3.75,2.0,3.62,2.88,3.0,2.5,3.5,2.0,2.38,3.0,3.25,2.75,1.88,2.38,2.62,2.88,2.75,3.0,3.0,2.62,3.12,3.0,2.99,2.27,3.11,2.38,4.01,4.1,2.99,2.12,2.92,3.6,1.92,3.4,3.37,3.4,3.88,2.43,3.53,4.09,4.24,2.75,3.14,3.63,4.15,1.86,3.39,3.4,2.07,3.93,1.32,3.28,2.5,2.36,3.19,2.08,2.51,1.85,1.4,2.29,3.07,3.12,2.81,"Petroleum Pump System Operators, Refinery Operators, and Gaugers",Production,-0.370036,-0.370275266681699,47380.0,52920.0,59790.0,58370.0,72320.0,77970.0,90060.0,99860.0,104660.0,100070.0,107810.0,112920.0,40370.0,31360.0,34860.0,86271.34,91982.29,97540.0,-13.648749071092396,-22.31855338122368,11.160714285714286,13.06188126902863,6.619753443032179,6.042152244741903,-0.938880181050359,0.9942316465499137,366,495,129,129,0,Low Exposure Manual & Technical
51-8099,3.38,3.12,3.12,3.5,3.38,2.62,1.5,2.62,2.75,3.0,3.0,3.25,3.12,2.75,2.25,2.62,2.75,3.0,3.38,3.38,3.38,2.75,2.5,3.25,3.38,1.88,2.75,3.5,3.5,2.5,3.38,2.12,3.38,3.12,3.38,2.75,3.38,2.5,2.38,3.38,3.5,2.62,1.0,2.38,2.62,3.12,3.0,3.38,3.0,2.38,3.5,3.25,3.76,2.86,3.05,2.34,4.48,4.18,2.64,2.77,3.17,4.37,2.05,3.63,3.36,3.61,4.29,3.0,3.73,4.19,4.12,3.55,3.41,4.25,4.52,2.58,3.95,3.42,2.81,3.74,1.91,3.98,2.6,3.03,3.4,2.85,2.61,2.0,1.95,2.69,3.54,3.55,3.72,Biofuels Processing Technicians,Production,-0.6702387,-0.6706720844455027,34350.0,37100.0,40250.0,44720.0,45860.0,47860.0,71600.0,70910.0,76910.0,84460.0,85760.0,92750.0,12950.0,15370.0,15950.0,67907.57,62125.07,61710.0,23.16602316602317,18.687258687258687,3.7735849056603774,-9.12647882997434,-8.515250950667218,-0.6681199715348405,-0.8122081477515023,1.0814130188368765,431,464,33,33,0,Low Exposure Manual & Technical
51-9011,3.12,3.0,3.0,3.75,3.25,2.75,1.25,2.12,1.88,2.62,3.38,3.0,3.12,2.5,2.0,2.12,2.5,2.62,3.12,3.38,3.25,2.75,2.62,3.38,3.75,1.75,2.38,3.75,3.75,2.25,3.5,2.0,3.75,3.12,3.25,2.75,3.12,1.75,2.12,3.12,3.12,2.62,1.88,2.25,2.88,2.88,2.88,3.0,3.0,2.0,3.62,3.25,3.67,3.07,3.38,2.35,4.13,4.2,3.45,2.39,3.4,3.89,2.12,3.87,3.43,3.82,4.33,2.98,3.61,4.04,4.21,3.72,3.05,4.25,4.45,2.74,3.7,3.38,2.84,3.65,1.83,3.7,3.05,2.6,2.92,2.74,2.59,2.01,2.1,2.59,3.87,3.36,3.46,Chemical Equipment Operators and Tenders,Production,-0.511521,-0.5118517540394469,29210.0,34360.0,37270.0,36960.0,39360.0,45660.0,64070.0,63830.0,71400.0,78650.0,80480.0,88460.0,87120.0,115370.0,127410.0,57138.19,53325.73,57090.0,46.2465564738292,32.42653810835629,10.43598855855075,-0.0843393884195532,-6.672349964183336,7.0590126004838645,-0.6118510592301095,0.8585105253103406,393,419,26,26,0,Low Exposure Manual & Technical
51-9012,3.38,2.88,3.0,3.12,3.0,2.75,1.12,2.5,1.75,3.0,3.0,3.0,3.12,2.25,2.38,2.5,3.0,3.0,3.0,3.38,3.0,2.62,2.38,3.12,3.88,2.0,2.62,3.12,3.0,2.12,3.75,2.0,3.5,3.0,3.25,2.5,3.12,2.12,2.0,2.88,3.0,2.5,2.12,2.62,3.12,2.5,3.0,3.0,3.0,2.5,2.88,2.62,3.04,2.21,2.62,1.58,3.92,3.65,2.68,2.26,2.14,3.17,1.54,2.54,2.62,3.45,3.93,2.18,3.61,3.95,3.86,2.44,2.9,3.61,3.96,2.52,2.97,2.86,2.24,3.5,1.54,3.29,2.17,2.4,2.96,2.35,2.27,1.69,1.95,2.81,3.11,2.87,3.18,"Separating, Filtering, Clarifying, Precipitating, and Still Machine Setters, Operators, and Tenders",Production,-0.9379141,-0.9385205693313924,26710.0,31430.0,35810.0,32870.0,37190.0,41830.0,55190.0,56820.0,61350.0,70800.0,69920.0,75860.0,51160.0,52470.0,54200.0,48066.79,49996.25,49500.0,5.942142298670837,2.560594214229867,3.297122165046693,2.9817052480517194,4.014122848644561,-0.9925744430832312,-1.2467279164355407,1.1066528178315107,501,577,76,76,0,Low Exposure Manual & Technical
51-9021,3.5,3.12,3.0,3.62,3.0,2.75,1.75,2.62,2.0,3.0,2.88,3.12,3.12,1.88,1.75,2.5,2.25,3.0,3.0,2.88,3.62,2.25,2.0,3.5,3.5,1.75,2.38,3.0,3.0,1.88,3.12,2.0,3.25,3.5,3.5,3.0,3.0,2.0,2.25,3.0,3.0,2.62,1.88,2.75,3.12,2.62,3.12,3.0,3.0,2.62,3.0,2.62,2.62,2.62,2.48,1.5,3.81,3.73,2.7,2.09,2.61,3.48,1.6,3.1,2.8,3.36,3.77,1.94,3.63,3.36,3.57,2.8,2.6,3.38,3.97,2.62,2.95,3.15,2.57,3.24,1.16,3.18,2.64,2.22,2.88,2.13,2.48,1.5,1.5,2.06,2.87,3.17,3.02,"Crushing, Grinding, and Polishing Machine Setters, Operators, and Tenders",Production,-1.043476,-1.0441507280111808,24990.0,30220.0,35380.0,30050.0,35910.0,38990.0,47260.0,51960.0,58440.0,57030.0,63490.0,65980.0,33360.0,27320.0,28550.0,43682.28,46796.49,46890.0,-14.418465227817745,-18.10551558752998,4.502196193265007,7.343298014664072,7.129229518239431,0.1998226790086223,-1.486730761143886,1.2113904628810468,535,629,94,94,0,Low Exposure Manual & Technical
51-9022,4.0,2.88,3.0,3.75,2.88,2.62,1.0,2.25,2.0,2.88,2.75,3.75,3.0,2.75,2.0,2.0,2.12,2.75,2.62,3.12,3.62,2.0,2.0,3.25,3.75,2.0,2.0,3.12,3.0,2.75,3.0,2.0,3.12,3.0,2.88,2.75,3.12,2.0,2.0,3.12,3.12,2.12,1.75,2.0,2.88,2.5,3.0,3.0,3.0,2.75,2.75,2.5,3.29,3.28,3.85,2.6,4.24,4.87,3.0,3.89,2.36,2.68,3.57,4.19,3.91,3.97,4.29,2.35,4.88,3.97,4.63,3.87,3.6,4.8,4.54,3.52,4.22,4.17,2.3,4.9,2.02,3.91,4.12,2.34,4.46,3.29,3.6,2.33,2.02,4.8,3.59,4.22,3.22,"Grinding and Polishing Workers, Hand",Production,-1.146524,-1.1472653611471402,22400.0,28760.0,32120.0,25660.0,31930.0,36660.0,38110.0,43350.0,48410.0,48290.0,50210.0,57250.0,29170.0,14190.0,11850.0,35587.8,39953.76,41690.0,-59.376071306136446,-51.35413095646212,-16.49048625792812,17.146887416474176,12.2681368334092,4.345623540813175,-0.8772299301065357,1.3053362303814344,561,480,-81,81,0,Low Exposure Manual & Technical
51-9023,3.25,2.75,3.12,3.12,3.0,2.62,1.38,2.38,1.62,2.62,3.12,3.0,2.88,2.38,1.75,2.0,2.12,2.5,3.0,3.12,3.25,2.0,2.0,3.12,3.38,1.5,2.12,3.12,3.0,2.0,3.12,1.88,3.12,3.0,3.12,3.0,3.12,2.0,2.0,3.0,2.88,2.25,1.88,2.38,3.0,2.88,3.0,3.0,2.62,2.62,3.12,2.88,2.51,2.89,3.17,2.05,4.06,4.31,3.09,2.35,3.02,3.89,2.28,3.24,2.68,3.41,4.41,2.98,4.14,3.46,3.62,3.03,2.56,3.4,4.14,2.02,3.96,3.5,2.08,4.22,1.87,2.81,2.47,2.59,3.65,2.25,2.81,1.89,2.05,2.66,3.75,2.86,2.54,"Mixing and Blending Machine Setters, Operators, and Tenders",Production,-0.819664,-0.8201940061783909,25440.0,30880.0,35000.0,30510.0,36400.0,39800.0,47740.0,50950.0,57940.0,58680.0,61480.0,67570.0,125340.0,108900.0,100840.0,43938.14,46926.21,47680.0,-19.546832615286423,-13.11632359980852,-7.401285583103764,8.516200276115466,6.800629248302272,1.6063304494439268,-1.1253397455207255,1.057958412547428,466,552,86,86,0,Low Exposure Manual & Technical
51-9031,3.12,2.0,3.0,3.0,2.75,2.0,1.12,2.12,1.88,2.38,2.75,2.88,2.5,2.0,1.38,2.0,2.0,2.12,2.62,3.12,3.5,2.0,2.0,2.88,3.38,1.0,2.0,3.0,2.88,2.0,2.62,1.0,2.75,2.38,2.62,1.75,2.88,1.0,1.25,2.88,3.0,2.0,1.75,2.0,3.0,2.0,2.75,2.62,2.62,2.0,2.75,2.25,2.66,2.77,2.8,1.93,3.43,3.17,2.84,2.76,2.63,2.54,2.09,3.24,3.6,3.0,3.33,2.29,3.67,3.17,3.15,2.17,3.22,2.91,3.14,2.05,2.37,3.15,3.07,3.53,1.88,3.13,2.82,2.36,2.38,2.46,2.17,2.2,2.58,2.41,2.94,2.65,2.01,"Cutters and Trimmers, Hand",Production,-0.9479839,-0.9485968806887451,20850.0,27040.0,29910.0,24870.0,30470.0,33860.0,37370.0,41960.0,48790.0,47720.0,51970.0,57820.0,9670.0,8250.0,7070.0,35122.6,39056.53,38800.0,-26.887280248190283,-14.68459152016546,-14.303030303030305,10.47018159247892,11.20056601732218,-0.656817182683661,-0.9874187792286634,0.5285070030545768,503,513,10,10,4,Low Exposure Routine Service
51-9032,3.75,2.88,3.12,3.88,3.25,3.12,1.62,2.5,1.88,3.12,2.88,3.88,2.88,2.62,1.62,2.38,2.0,2.25,3.0,3.25,3.62,2.5,2.12,3.38,3.88,1.75,2.38,3.38,3.0,2.0,3.12,1.88,3.62,3.25,3.38,3.0,3.25,1.75,1.88,2.88,2.88,2.75,1.88,2.88,3.12,2.12,3.12,2.5,3.38,2.88,3.12,2.88,3.12,2.94,3.24,1.84,3.7,4.18,3.21,2.82,2.94,3.32,2.13,3.11,3.21,3.41,3.69,3.03,4.16,3.58,3.9,2.88,3.23,3.63,3.93,2.68,3.4,2.84,2.67,3.91,1.94,3.43,3.22,2.56,3.04,3.07,2.64,2.09,2.44,2.74,3.6,2.85,2.83,"Cutting and Slicing Machine Setters, Operators, and Tenders",Production,-1.079282,-1.0799798809696677,24640.0,30220.0,34890.0,28880.0,35050.0,38540.0,43920.0,48190.0,52000.0,51470.0,55760.0,60430.0,57960.0,54110.0,47540.0,41402.8,43110.28,45700.0,-17.977915804002762,-6.642512077294686,-12.141933099242284,10.37900818302143,4.124068903552407,6.007198283100925,-1.2168984043746873,1.2343372238640982,543,571,28,28,0,Low Exposure Manual & Technical
51-9041,3.62,3.25,3.12,3.25,3.12,3.0,1.75,2.62,1.75,2.88,3.25,3.25,2.75,2.12,1.88,2.5,2.0,3.0,3.0,3.25,3.38,2.25,2.0,3.12,3.38,1.25,2.12,3.12,3.12,2.12,3.75,1.5,3.38,3.75,3.75,3.0,3.12,1.75,1.88,3.0,3.0,2.38,2.38,3.12,3.12,2.5,3.12,2.88,3.12,2.62,3.12,2.62,3.16,2.62,2.8,1.56,3.99,4.42,2.81,2.38,2.66,3.87,2.19,3.01,3.01,3.35,4.09,2.77,3.85,3.93,4.08,3.01,3.27,3.92,4.09,1.93,2.65,2.9,2.53,3.84,1.5,3.86,2.6,3.05,3.44,2.35,2.67,1.87,1.68,2.86,3.42,3.36,3.66,"Extruding, Forming, Pressing, and Compacting Machine Setters, Operators, and Tenders",Production,-1.042151,-1.042824871236618,24970.0,30290.0,34790.0,29020.0,34720.0,38410.0,44280.0,47870.0,51970.0,53510.0,57120.0,64660.0,71850.0,58740.0,57310.0,41263.24,42677.88,45130.0,-20.2366040361865,-18.24634655532359,-2.4344569288389515,9.370955843506234,3.4283299130170084,5.745646222352194,-1.2851198133938913,1.2361275830764216,534,588,54,54,0,Low Exposure Manual & Technical
51-9051,3.25,2.75,2.88,3.5,3.0,2.12,1.0,2.25,1.5,2.75,2.25,2.75,2.25,2.12,1.62,2.12,2.62,2.0,3.0,3.12,3.0,2.0,1.75,3.0,3.25,1.62,2.12,3.38,3.12,2.0,3.0,1.38,3.62,2.38,3.12,2.12,3.12,1.5,2.0,3.12,3.25,1.75,1.88,2.12,2.88,2.25,3.0,2.12,2.25,2.0,3.38,2.88,3.44,2.73,2.62,1.59,4.06,4.34,3.13,2.67,2.58,3.43,1.66,2.96,2.94,3.19,4.13,2.73,4.19,4.26,4.28,2.65,3.91,4.08,4.17,2.26,3.73,3.27,1.63,3.89,1.46,3.79,1.95,2.45,2.81,2.54,2.69,1.78,1.56,2.59,3.06,3.62,2.79,"Furnace, Kiln, Oven, Drier, and Kettle Operators and Tenders",Production,-0.9582346,-0.958854209020074,27050.0,31450.0,35010.0,32510.0,36470.0,39250.0,49180.0,54560.0,57840.0,58920.0,62410.0,66190.0,18970.0,15030.0,16160.0,46624.67,48136.93,47010.0,-14.81286241433843,-20.76963626779125,7.518296739853627,0.8264508896256033,3.243476039615942,-2.341092379592966,-0.9389620770232937,0.7106076646130246,507,496,-11,11,0,Low Exposure Manual & Technical
51-9061,3.0,2.75,3.12,2.62,3.0,2.0,1.0,2.12,2.0,2.5,2.88,3.0,3.25,2.38,1.5,2.0,2.12,2.12,2.88,3.12,3.0,2.5,2.12,2.5,3.5,1.5,2.25,3.5,3.62,2.25,3.38,1.5,3.25,2.12,2.5,2.12,3.0,1.5,1.62,3.0,3.0,2.25,1.62,2.0,2.38,2.38,2.38,2.88,3.0,2.0,3.12,2.88,3.38,2.81,2.88,2.36,4.25,3.31,2.32,2.47,2.89,4.25,2.51,2.96,3.3,3.9,4.09,2.54,3.7,4.28,4.33,2.56,3.77,3.99,4.37,2.08,2.77,3.38,3.18,3.55,1.95,3.61,2.43,2.63,2.33,2.79,2.57,2.42,1.82,2.87,3.0,3.7,3.29,"Inspectors, Testers, Sorters, Samplers, and Weighers",Production,-0.0293395,-0.0293584647233363,24660.0,29950.0,34590.0,30390.0,35630.0,38740.0,51990.0,55510.0,59970.0,66260.0,69100.0,75510.0,576950.0,579740.0,591180.0,45519.82,47455.9,47460.0,2.466418233815755,0.4835774330531242,1.9732983751336808,4.262275202318463,4.253268136824798,0.008639600134016,-0.5705801788096001,0.48270809977019136,310,410,100,100,0,Low Exposure Manual & Technical
51-9071,3.5,2.06,3.12,3.0,3.06,2.375,1.06,1.5,1.375,1.435,2.44,3.62,2.935,2.69,1.06,1.125,1.125,2.0,2.88,3.0,3.0,2.375,1.94,2.19,4.0,1.12,2.5,3.125,3.06,2.81,2.625,1.19,3.125,1.875,1.94,1.69,2.875,1.06,1.19,3.0,3.0,2.19,1.25,1.125,1.75,2.315,1.625,3.19,3.06,2.12,2.88,2.56,2.47,2.21,2.455,2.785,2.92,3.46,2.16,2.665,2.31,3.08,2.3,3.38,3.52,2.94,3.595,2.075,3.265,3.425,3.52,2.215,3.585,3.67,3.5,3.055,1.735,3.315,2.475,2.255,2.9000000000000004,2.865,2.305,1.95,2.73,2.355,2.71,3.1100000000000003,1.6150000000000002,3.99,2.625,3.1900000000000004,2.5,Jewelers and Precious Stone and Metal Workers,Production,-0.1560197,-0.1561205789670864,24520.0,30150.0,33890.0,30720.0,36210.0,38030.0,55630.0,60130.0,63210.0,73420.0,76130.0,81610.0,23590.0,26280.0,23420.0,47531.810000000005,50958.34,49140.0,-0.7206443408223824,11.403136922424755,-10.882800608828006,3.3833973501114203,7.208919668743924,-3.5682873500196366,-0.4465778317963512,0.10891979313442597,328,389,61,61,4,Low Exposure Routine Service
51-9081,3.88,2.62,3.12,3.88,3.38,2.12,1.0,1.5,1.38,1.62,2.75,4.0,3.0,2.88,1.38,1.0,1.0,2.75,3.0,3.38,3.25,2.0,2.12,2.75,4.0,1.38,2.0,3.12,3.0,2.62,3.0,1.38,3.38,2.12,2.38,1.88,3.25,1.38,1.88,3.12,3.12,2.25,1.0,1.0,2.0,2.38,2.12,3.0,3.62,2.12,3.25,2.75,3.65,2.81,3.23,3.19,3.79,3.79,3.26,3.51,3.21,3.57,2.8,3.69,3.29,3.76,4.24,2.95,3.47,3.86,3.69,3.42,3.96,4.1,3.94,3.07,2.65,3.99,2.64,2.41,1.95,4.04,3.04,3.04,2.75,3.05,3.5,2.63,2.18,4.34,3.71,4.02,2.94,Dental Laboratory Technicians,Production,0.0013206,0.0013214607813975,25660.0,30770.0,36100.0,31790.0,36920.0,39250.0,53950.0,58560.0,62320.0,65820.0,74800.0,78680.0,34460.0,33330.0,33920.0,48078.42,49780.05,48310.0,-1.5670342426001165,-3.2791642484039465,1.7701770177017702,0.4816714026792099,3.539280200971657,-2.9530906457506485,-0.17125325302053832,0.3365653217817018,307,355,48,48,1,Moderate Exposure Service & Healthcare
51-9082,3.75,2.88,3.0,3.38,3.75,3.0,1.0,2.38,1.62,2.25,2.88,3.62,2.88,2.88,1.0,2.0,2.0,3.0,3.5,3.62,3.5,2.88,2.38,3.38,3.88,1.0,2.75,3.88,3.75,3.0,2.88,1.0,3.88,2.12,2.75,2.38,3.0,1.0,1.0,3.5,3.5,2.62,1.0,2.0,2.62,2.88,3.0,3.0,3.75,2.5,3.25,3.0,3.04,3.31,2.56,2.76,3.7,3.44,3.13,2.79,2.8,3.22,2.43,3.12,3.59,3.3,4.05,2.56,3.29,3.63,3.87,3.15,3.29,3.87,3.61,2.73,1.83,3.67,1.99,3.22,3.13,3.4,2.59,2.29,2.54,2.58,2.99,1.85,1.72,3.58,3.08,3.3,2.59,Medical Appliance Technicians,Production,-0.4949538,-0.4952738413182872,25320.0,31990.0,36560.0,32160.0,35620.0,40300.0,53000.0,50840.0,58710.0,66860.0,64580.0,74570.0,14130.0,15680.0,11490.0,47322.47,45574.96,47060.0,-18.683651804670912,10.969568294409058,-26.721938775510207,-0.5546413786093608,-3.692770051943616,3.2584559591495,-0.37574185059269777,0.46790521816989805,388,378,-10,10,1,Moderate Exposure Service & Healthcare
51-9083,3.62,2.38,3.0,3.5,3.38,2.88,1.0,1.62,1.62,2.0,2.88,3.62,3.0,2.12,1.0,1.75,1.25,2.12,2.88,3.12,3.5,2.12,2.0,2.88,3.75,1.0,2.12,2.88,2.88,2.12,3.0,1.0,3.25,3.0,3.0,1.75,3.12,1.0,1.0,2.88,3.0,2.25,1.75,2.12,2.0,2.25,2.38,3.0,3.12,3.0,3.0,2.88,2.88,2.81,2.25,2.04,3.05,3.39,2.71,2.18,2.53,2.98,1.8,3.25,2.53,3.09,3.71,2.39,3.41,3.14,3.04,2.75,3.21,3.21,3.27,2.04,1.5,3.14,2.61,2.34,2.48,2.98,2.13,2.7,2.36,2.52,2.64,2.15,1.67,2.28,2.74,3.29,3.34,Ophthalmic Laboratory Technicians,Production,-0.5966759,-0.5970617170977237,23140.0,27930.0,31250.0,26810.0,31620.0,35580.0,40060.0,45180.0,45410.0,49850.0,58430.0,55480.0,29150.0,20200.0,18740.0,37937.06,39791.61,38420.0,-35.711835334476845,-30.7032590051458,-7.227722772277227,1.273003232195648,4.888491622703508,-3.446982919263635,-0.8380473294498653,0.4227254855346287,417,471,54,54,4,Low Exposure Routine Service
51-9111,3.25,2.88,2.88,3.12,2.88,2.25,1.12,2.12,1.62,2.62,2.88,3.0,3.0,2.25,1.88,2.0,2.12,2.88,2.88,3.0,3.12,2.12,2.0,3.0,3.12,2.0,2.12,3.12,3.12,2.12,3.12,2.0,3.12,3.0,3.0,2.5,3.0,2.0,2.0,3.0,3.0,2.12,2.25,2.5,2.75,2.88,3.0,2.5,3.0,2.5,2.88,2.62,3.4,3.02,2.98,2.18,3.63,3.44,3.05,2.82,2.63,3.11,2.28,2.99,3.08,3.65,3.7,2.87,3.79,3.79,3.82,2.77,3.42,3.64,3.96,1.96,3.33,3.33,2.51,3.47,1.91,3.61,2.7,2.26,2.92,2.72,2.95,2.36,2.1,3.22,3.51,3.39,2.85,Packaging and Filling Machine Operators and Tenders,Production,-0.978608,-0.979240782915076,22090.0,28300.0,31890.0,25580.0,31530.0,36250.0,39250.0,44780.0,48440.0,49570.0,52760.0,58910.0,390540.0,369330.0,383860.0,36041.37,39726.75,40900.0,-1.710452194397501,-5.43094177292979,3.934151030243956,13.480702870062922,10.225415959493208,2.953299728772175,-1.0520273923930725,0.9663247395853357,519,532,13,13,0,Low Exposure Manual & Technical
51-9123,3.5,2.0,2.5,2.62,2.75,2.25,1.12,2.0,1.5,2.38,2.25,3.0,2.25,2.12,1.38,2.0,2.0,2.0,2.75,2.88,3.25,2.0,2.0,2.62,3.62,1.0,2.0,3.0,3.0,2.25,2.0,1.0,3.0,1.38,1.5,1.75,2.5,1.0,1.25,2.88,2.75,2.12,1.38,2.0,2.12,2.0,2.5,3.38,2.25,1.75,2.88,2.12,2.3,2.62,2.71,2.17,4.16,2.24,1.9,2.94,2.42,2.09,1.43,2.89,3.06,3.36,3.54,1.98,3.81,4.13,3.62,2.52,2.74,3.25,3.56,3.28,1.41,2.92,1.72,2.94,2.21,3.53,2.08,1.5,2.06,2.27,2.99,1.4,1.38,2.82,3.41,3.02,1.47,"Painting, Coating, and Decorating Workers",Production,-0.9705587,-0.9711862780581036,23070.0,28850.0,28490.0,26820.0,32760.0,34540.0,41190.0,46070.0,50700.0,51540.0,55120.0,62770.0,12430.0,11990.0,8470.0,38320.85,41369.87,40860.0,-31.858407079646017,-3.5398230088495577,-29.357798165137616,6.626027345426841,7.956556287243098,-1.232467010411189,-0.753657799156612,0.2573156781601877,512,454,-58,58,4,Low Exposure Routine Service
51-9141,3.5,2.38,2.88,3.25,3.25,2.38,1.0,2.13,1.0,2.13,2.63,3.25,2.75,2.38,1.63,2.13,1.75,2.25,3.25,3.13,3.13,2.0,2.25,3.13,3.63,1.63,2.0,3.38,3.25,2.38,3.0,1.63,3.13,2.75,2.38,2.38,2.75,1.63,1.5,2.88,2.88,2.0,1.75,2.25,2.75,2.25,2.63,2.88,3.0,2.0,3.5,3.13,3.1,2.99,3.05,1.65,3.92,4.23,3.21,2.49,3.01,3.05,2.22,3.51,3.02,3.55,4.01,2.53,4.18,3.8,3.63,2.95,3.7,3.29,4.01,2.09,2.69,3.78,1.89,4.08,1.85,3.2,2.0,2.78,2.62,2.04,2.59,2.08,1.94,2.94,3.58,3.54,3.75,Semiconductor Processing Technicians,Production,-0.6372312,-0.6376432410595547,26910.0,33120.0,35980.0,31390.0,37100.0,45320.0,49710.0,55630.0,74640.0,64190.0,72030.0,87190.0,27680.0,23860.0,32150.0,44263.78,48309.89,51180.0,16.148843930635838,-13.80057803468208,34.74434199497066,15.625009883927673,9.140904821052338,5.941040230064694,-0.7126147660670001,0.615031149856477,426,439,13,13,0,Low Exposure Manual & Technical
51-9151,3.25,2.5,3.0,3.25,3.25,2.12,1.12,2.12,2.12,2.62,2.75,3.0,3.25,2.5,1.0,1.88,1.88,2.12,3.12,3.25,3.12,2.38,2.38,2.38,3.75,1.25,2.5,3.62,3.5,2.75,3.12,1.0,3.12,2.38,2.5,1.75,3.25,1.0,1.12,3.12,3.0,2.5,1.12,2.38,2.25,2.88,2.5,3.62,3.12,2.0,3.38,3.0,2.72,2.33,2.69,3.25,3.18,4.24,2.35,2.71,1.96,2.75,1.73,3.68,3.13,2.6,4.19,2.57,2.72,3.53,3.75,2.2,3.24,3.93,3.06,3.0,1.07,3.89,2.77,2.57,3.95,2.69,2.64,3.24,3.61,2.88,2.88,3.16,2.02,3.59,3.14,3.69,4.39,Photographic Process Workers and Processing Machine Operators,Production,-0.3615806,-0.361814399231406,22300.0,27650.0,30840.0,26190.0,30960.0,34460.0,44650.0,48190.0,51590.0,59100.0,66150.0,69290.0,11940.0,5380.0,5550.0,37541.64,39218.68,40100.0,-53.517587939698494,-54.941373534338354,3.1598513011152414,6.814726261292796,4.467146347362558,2.2471944491757494,-0.37204835625723787,0.3377813516300923,364,377,13,13,4,Low Exposure Routine Service
51-9191,3.62,3.0,3.12,3.5,3.12,3.0,1.5,3.0,1.88,3.25,2.88,3.38,3.0,1.88,1.75,2.88,2.12,2.75,3.0,3.12,3.62,2.5,2.12,3.25,3.5,1.75,2.38,3.25,3.12,2.0,3.25,2.0,3.38,3.38,3.25,2.88,3.12,1.88,1.88,3.0,3.0,2.25,2.25,3.12,3.62,2.75,3.5,2.75,3.12,2.75,3.12,2.75,2.58,2.36,2.53,1.31,3.89,4.6,3.02,2.48,3.12,3.38,1.49,3.05,3.46,3.47,4.2,2.22,4.44,4.11,4.36,2.72,4.0,3.48,4.04,1.57,3.99,3.68,2.07,4.17,1.13,3.25,2.08,2.62,3.42,1.97,2.56,1.73,1.56,2.2,3.35,2.92,2.84,Adhesive Bonding Machine Operators and Tenders,Production,-1.311418,-1.3122659852865786,24160.0,27700.0,31290.0,28150.0,31210.0,36420.0,42680.0,47370.0,52060.0,50280.0,51990.0,60420.0,13890.0,11320.0,12170.0,39937.42,41921.18,45210.0,-12.38300935925126,-18.502519798416124,7.508833922261485,13.202104692791876,4.967171139247357,7.845246722539775,-1.491871036003958,1.4238234606740996,593,630,37,37,0,Low Exposure Manual & Technical
51-9192,3.12,2.88,3.0,3.12,2.75,2.62,1.12,2.0,1.5,2.88,2.75,3.0,2.38,2.0,1.88,2.62,2.0,2.25,2.75,3.12,3.0,2.0,2.0,3.0,3.25,1.5,2.0,2.88,2.75,1.88,3.12,1.5,2.88,2.5,2.38,2.12,2.88,1.5,1.62,2.75,2.88,2.12,1.88,2.75,2.62,2.38,3.0,2.38,2.38,2.0,2.25,2.25,2.9,2.86,2.68,1.67,4.24,4.05,2.85,2.28,2.83,4.36,1.79,3.85,3.11,3.82,4.23,2.32,4.13,3.73,4.41,2.98,3.57,4.13,4.23,2.41,3.7,3.38,2.55,4.04,1.93,3.99,2.43,2.42,3.18,3.09,2.74,2.17,1.98,2.32,3.3,3.38,3.42,"Cleaning, Washing, and Metal Pickling Equipment Operators and Tenders",Production,-1.141885,-1.1426233614662369,22730.0,28460.0,32770.0,26490.0,31830.0,37140.0,39350.0,45020.0,48280.0,49470.0,52460.0,56590.0,16410.0,13200.0,13890.0,37041.55,40202.39,41460.0,-15.356489945155394,-19.56124314442413,5.227272727272727,11.928361529147663,8.533228226140634,3.128197104699498,-1.0038452592826737,0.8389786494835529,558,518,-40,40,0,Low Exposure Manual & Technical
51-9193,3.25,2.75,3.0,3.12,3.5,2.62,1.12,2.25,1.62,2.88,2.88,3.12,2.75,2.88,2.0,2.12,2.25,2.25,3.0,3.0,3.12,2.38,2.12,3.0,3.75,1.75,2.75,3.0,3.12,2.38,3.25,1.88,3.62,3.0,3.12,2.25,2.88,1.75,1.88,3.0,3.0,2.25,2.25,2.88,3.12,2.38,3.12,2.88,2.75,2.62,3.0,3.0,2.65,2.72,2.98,2.28,3.99,4.5,2.72,2.78,2.8,4.06,2.58,3.3,3.23,3.93,4.18,2.87,3.68,3.81,4.21,3.19,3.47,3.93,4.19,2.77,3.22,3.47,3.01,3.78,2.02,3.19,2.7,3.11,3.66,2.68,2.86,2.29,2.08,2.59,3.7,3.38,3.37,Cooling and Freezing Equipment Operators and Tenders,Production,-0.9604952,-0.9611162707744716,23430.0,29910.0,33710.0,27710.0,36340.0,36150.0,45320.0,50600.0,49150.0,54050.0,61560.0,62760.0,8740.0,6420.0,6590.0,41042.27,46364.09,40160.0,-24.59954233409611,-26.54462242562929,2.64797507788162,-2.149661799895581,12.966680449205152,-13.381239661988396,-0.9180874184835239,0.9841865372120291,509,491,-18,18,0,Low Exposure Manual & Technical
51-9194,3.75,2.0,3.0,3.75,3.0,2.5,1.0,2.0,1.5,2.25,2.75,3.25,2.75,3.0,1.5,2.0,2.12,2.25,3.0,3.0,3.25,2.0,2.12,2.88,3.88,1.5,2.0,3.38,3.25,2.62,2.88,1.5,3.12,2.62,2.5,2.12,3.25,1.5,1.62,3.12,3.12,2.0,1.0,2.12,2.25,2.12,2.62,2.75,3.12,2.0,3.0,2.62,3.43,2.95,2.7,2.9,3.56,3.94,2.41,2.6,2.47,3.16,3.04,3.16,3.22,3.39,4.14,2.47,3.65,3.69,3.25,2.95,3.61,3.46,3.57,2.27,2.73,3.71,2.15,3.25,2.33,3.44,2.38,2.38,3.62,2.47,3.17,2.36,1.64,3.52,3.25,3.25,3.44,Etchers and Engravers,Production,-0.6395226,-0.6399361227299194,20620.0,27460.0,29530.0,24250.0,31840.0,35650.0,40280.0,46030.0,48510.0,52660.0,59530.0,60430.0,10310.0,8400.0,8390.0,35611.06,41056.38,40450.0,-18.62269641125121,-18.525703200775943,-0.119047619047619,13.58830655419974,15.291092149461432,-1.4769446307735787,-0.6737293032785843,0.5621085369814433,427,432,5,5,0,Low Exposure Manual & Technical
51-9195,3.815,2.345,3.03,3.56,3.03,2.5325,1.28,2.5,1.91,2.8775,2.815,3.565,2.7175,2.75,1.8725,2.03,2.0325,2.2175,2.97,3.06,3.625,2.1875,2.1275,3.3125,3.5925,1.625,2.2175,3.03,2.9075,2.75,2.9075,1.685,3.0,2.9075,2.9375,2.53,3.215,1.5625,1.81,2.7825,2.9375,2.0,1.78,2.53,2.875,2.5325,3.0025,2.9375,3.3425,2.5,2.88,2.5275,2.9000000000000004,2.34,2.45,2.1125,3.5025000000000004,4.07,2.5675,2.8025,2.2775,2.785,2.335,2.9875,3.1275,3.2425,3.8275,2.2925,4.105,3.305,3.7375,2.63,3.0975,3.4825,3.5325,2.42,3.1425,3.2575000000000003,2.0575,3.895,2.19,3.0025,2.1675,2.3575,3.11,2.305,2.7375,2.15,1.63,3.405,2.78,3.035,2.725,"Molders, Shapers, and Casters, Except Metal and Plastic",Production,-1.183408,-1.1841732111644787,24280.0,30040.0,34950.0,28080.0,35050.0,38500.0,41500.0,47200.0,51340.0,51920.0,56470.0,61050.0,44890.0,39060.0,34750.0,39576.89,42796.79,45690.0,-22.588549788371576,-12.98730229449766,-11.03430619559652,15.446160625556988,8.135808548877897,6.760343474358706,-1.2507283540407061,1.064351186496378,570,579,9,9,0,Low Exposure Manual & Technical
51-9196,3.25,2.88,2.88,3.25,3.0,2.62,1.25,2.12,1.88,2.88,2.38,3.12,2.88,2.25,1.88,2.0,2.0,2.88,2.88,3.12,3.12,2.0,2.0,2.75,3.38,1.38,2.12,3.0,3.0,2.25,2.75,1.5,3.25,3.0,3.0,1.88,3.12,1.75,1.62,2.75,2.88,2.0,1.75,2.12,2.5,2.75,2.88,2.62,2.75,2.12,2.75,2.5,2.35,3.27,3.24,2.07,3.96,4.42,3.07,3.02,3.5,3.59,2.35,3.83,3.27,3.21,4.0,2.91,4.33,3.67,4.22,3.01,3.67,3.67,4.18,2.48,2.36,3.54,2.75,3.59,1.77,3.14,2.84,2.47,3.29,2.65,2.64,1.85,2.18,3.13,3.51,3.22,2.33,"Paper Goods Machine Setters, Operators, and Tenders",Production,-0.8740445,-0.8746096698230035,25000.0,31290.0,36610.0,30530.0,37310.0,43520.0,49460.0,51940.0,59220.0,61430.0,62730.0,68640.0,100290.0,92050.0,96950.0,45601.23,49412.51,49390.0,-3.330342008176289,-8.216173098015753,5.323193916349809,8.308482029980324,8.357844733574053,-0.0455552652556908,-0.9603780256235638,0.907857745156622,484,503,19,19,0,Low Exposure Manual & Technical
51-9197,3.62,3.0,2.5,3.62,2.88,2.38,1.12,2.75,1.62,3.25,2.62,3.5,2.62,2.12,1.75,2.75,2.12,2.25,2.88,2.75,3.75,2.0,2.0,3.62,3.5,1.62,2.0,3.0,2.88,2.0,2.75,1.75,3.0,3.5,3.12,2.75,3.12,1.75,1.88,2.75,3.0,2.0,2.38,3.0,3.12,2.0,3.5,2.5,2.88,2.38,2.5,2.0,2.92,2.58,2.58,2.05,3.8,4.19,3.04,2.84,3.29,3.34,1.96,3.21,3.35,3.54,4.17,2.89,4.34,4.0,4.37,3.07,3.64,3.8,4.04,2.71,3.42,3.81,2.3,4.1,2.46,3.4,2.8,2.02,3.33,2.84,2.99,2.2,1.66,3.04,3.05,3.68,2.98,Tire Builders,Production,-1.610915,-1.6119566467290172,28440.0,35800.0,39990.0,34760.0,41540.0,48740.0,56230.0,60140.0,65410.0,61470.0,63230.0,70250.0,20790.0,18360.0,20970.0,53509.630000000005,55833.65,55580.0,0.8658008658008658,-11.688311688311687,14.215686274509803,3.8691540195661887,4.343180844270455,-0.4542959308589022,-1.2957652548260952,1.2829715483900874,624,590,-34,34,0,Low Exposure Manual & Technical
51-9198,3.12,2.75,2.88,3.25,2.88,2.88,1.38,2.62,1.88,3.0,2.88,3.12,2.25,1.88,1.75,2.25,2.0,2.5,2.75,3.12,3.25,2.0,2.0,3.12,3.5,1.75,2.0,3.0,3.0,1.88,3.0,2.0,3.12,2.25,2.75,2.12,2.88,1.75,1.88,2.62,2.88,2.12,2.0,3.0,3.25,2.25,3.25,2.5,2.75,2.12,2.88,2.0,2.71,2.77,2.45,2.27,3.51,3.98,2.39,2.45,2.53,2.71,2.56,3.06,2.73,3.15,3.63,2.23,4.16,3.7,3.52,2.76,3.27,3.03,3.48,2.28,3.1,2.92,2.16,4.03,2.1,3.28,2.25,2.53,3.32,2.32,2.37,2.12,2.33,2.33,2.59,2.99,2.62,Helpers--Production Workers,Production,-1.411304,-1.4122165738027888,20590.0,25740.0,30060.0,24120.0,30250.0,34390.0,36030.0,39370.0,44980.0,42600.0,47680.0,52120.0,303030.0,190680.0,167490.0,33843.3,37478.27,38220.0,-44.728244728244725,-37.07553707553707,-12.161736941472624,12.93224951467498,10.74058971790574,1.9790934853716653,-1.4346551013405249,1.1089108017306726,607,621,14,14,4,Low Exposure Routine Service
53-2011,4.0,3.25,3.0,4.62,4.12,4.12,1.0,1.88,1.5,2.5,4.25,3.12,4.0,3.0,3.62,1.75,2.0,3.75,4.0,4.0,3.5,3.12,3.12,4.0,4.25,3.38,3.25,4.0,4.0,2.88,4.12,3.88,4.75,4.12,4.25,4.88,4.0,2.88,4.0,3.75,3.75,3.38,2.75,1.62,2.12,4.0,2.12,3.62,3.38,2.75,4.0,3.12,3.97,2.57,3.21,2.72,4.0,4.3,2.22,2.71,3.09,3.52,1.5,2.89,3.5,4.69,4.66,2.79,2.73,4.88,4.83,3.73,3.46,4.73,4.71,2.64,4.65,3.52,1.97,2.04,2.7,4.46,2.36,2.15,1.72,3.21,2.41,1.53,1.53,2.64,2.97,4.45,3.54,"Airline Pilots, Copilots, and Flight Engineers",Transportation,-0.2070626,-0.207196484445072,74100.0,98680.0,98560.0,99090.0,129520.0,154360.0,,,,,,,84520.0,89580.0,99300.0,171216.86000000002,228944.99,226600.0,17.486985328916234,5.986748698532892,10.850636302746148,32.3467794001128,33.71638166942203,-1.02425914626915,-0.739873490550017,1.290598191748014,340,449,109,109,0,Low Exposure Manual & Technical
53-2012,3.25,3.12,3.12,4.12,4.0,4.0,1.0,2.12,1.75,2.25,4.0,2.88,3.5,3.0,3.12,2.0,1.88,3.12,4.0,4.0,3.38,2.88,2.5,3.88,4.12,2.75,2.62,4.0,4.0,3.0,4.12,3.0,4.12,3.88,4.0,4.0,4.0,2.5,3.88,3.75,3.75,3.12,1.88,2.0,2.12,3.62,2.5,3.0,3.25,2.25,3.88,3.38,4.59,3.1,2.79,4.16,4.46,4.84,3.49,4.21,3.66,4.42,2.55,3.87,3.79,4.66,4.41,3.14,3.02,4.7,4.91,3.65,4.08,4.75,4.53,3.49,4.92,4.37,2.85,3.47,3.76,4.65,2.78,3.96,4.35,3.11,3.48,2.24,2.78,3.95,4.17,4.1,3.07,Commercial Pilots,Transportation,-0.1817332,-0.1818507058898941,45480.0,54100.0,59330.0,63040.0,76320.0,81660.0,123070.0,149170.0,175050.0,179440.0,217530.0,,37830.0,48750.0,51830.0,100111.04,112326.71,122670.0,37.00766587364526,28.865979381443296,6.317948717948719,22.53393831489513,12.202120765102412,9.208219487600063,-0.4037702411793032,1.2357225654893416,332,381,49,49,1,Moderate Exposure Service & Healthcare
53-2021,2.5,3.5,3.62,2.88,4.38,2.62,1.0,1.0,1.0,1.12,4.12,2.88,4.25,3.38,2.12,1.0,1.0,2.88,4.25,4.0,2.38,3.12,3.0,1.38,4.12,2.12,3.0,4.62,4.62,3.38,4.12,1.62,4.75,1.5,1.75,1.62,4.5,1.75,1.88,4.12,4.0,4.25,1.0,1.0,1.0,4.12,1.75,3.0,3.5,1.12,3.88,3.38,4.0,2.21,3.59,3.19,4.21,2.31,2.87,3.09,2.76,3.32,1.52,3.12,3.33,3.91,4.54,2.46,1.76,4.6,2.94,3.15,2.74,4.85,4.24,1.87,1.27,3.91,1.99,1.48,3.63,4.18,2.43,1.4,1.16,2.69,2.53,1.5,1.73,3.92,4.12,4.11,3.46,Air Traffic Controllers,Transportation,1.152798,1.1535434317594686,68330.0,73590.0,76090.0,85770.0,92580.0,101150.0,151350.0,168770.0,186510.0,176320.0,189800.0,210410.0,22090.0,21250.0,22400.0,143037.37,142962.25,144580.0,1.403349932095971,-3.802625622453599,5.411764705882352,1.078480399912278,-0.0525177441391682,1.131592430868988,0.8972846432508874,-0.5970216994721075,129,168,39,39,1,Moderate Exposure Service & Healthcare
53-2022,2.38,3.0,3.12,2.75,4.12,2.62,1.0,1.75,1.38,1.88,3.62,2.25,3.25,2.88,2.25,1.75,1.88,2.62,3.75,3.62,2.62,2.62,2.25,2.25,3.62,2.25,2.25,4.0,4.0,2.88,3.25,2.12,4.12,1.88,2.25,2.38,3.25,2.0,2.38,3.75,3.25,2.88,1.62,1.88,1.88,3.0,2.38,2.75,3.0,1.88,4.0,3.62,3.34,2.94,3.55,3.6,4.39,3.35,3.67,3.13,3.53,4.31,1.9,3.73,2.96,4.56,4.31,3.3,3.17,4.42,4.72,3.19,3.8,4.3,4.21,2.68,4.67,3.91,3.54,3.11,3.5,3.72,2.95,2.32,2.35,3.57,3.2,2.11,3.09,2.93,3.73,4.27,3.77,Airfield Operations Specialists,Transportation,0.4845738,0.4848871430826393,28500.0,30460.0,35200.0,37320.0,38060.0,41220.0,71810.0,76100.0,78320.0,92290.0,110830.0,111030.0,10680.0,14760.0,16640.0,61231.95,53617.6,56750.0,55.80524344569289,38.20224719101123,12.737127371273711,-7.31962643685201,-12.4352564306706,5.842111545462687,0.10217637224819646,0.25605098271501475,245,315,70,70,1,Moderate Exposure Service & Healthcare
53-2031,2.88,3.25,3.0,2.0,3.62,2.0,1.0,2.12,1.62,3.12,3.12,2.75,3.0,2.75,1.5,2.88,3.0,2.88,3.12,3.25,2.88,2.0,2.12,2.75,3.75,1.25,2.12,3.88,4.0,2.88,3.12,1.12,3.75,1.62,2.12,2.25,3.12,1.12,1.25,4.0,3.88,2.75,2.0,2.75,2.88,2.88,3.0,2.5,2.12,1.5,3.0,2.88,2.99,4.06,2.2,2.71,3.34,2.27,3.06,2.42,2.41,2.87,1.19,3.51,2.92,3.98,4.26,2.27,4.04,4.09,3.89,2.57,3.61,4.25,4.04,2.23,1.65,3.4,1.82,3.97,4.81,3.53,2.2,1.34,1.37,4.05,3.35,2.57,1.56,2.86,2.7,3.75,2.81,Flight Attendants,Transportation,-0.7621183,-0.7626110958448379,29270.0,37690.0,34030.0,41070.0,47760.0,52280.0,67040.0,82410.0,98160.0,80940.0,97170.0,138040.0,120840.0,108480.0,130110.0,65872.32,68924.56,67130.0,7.671300893743793,-10.228401191658392,19.9391592920354,1.909269325871615,4.633569912218047,-2.6036582605677827,-0.3515339586285105,0.332580893962109,455,374,-81,81,1,Moderate Exposure Service & Healthcare
53-3011,3.12,2.5,3.0,3.0,3.25,3.0,1.0,2.38,1.62,2.88,3.12,2.88,3.0,2.75,1.88,2.75,2.12,2.62,3.12,3.12,3.0,2.0,2.0,3.12,3.25,2.12,2.12,3.88,3.75,2.12,3.0,2.12,3.88,2.88,3.12,3.12,3.0,1.88,3.12,3.12,3.25,2.75,2.5,2.25,3.12,3.12,3.0,2.5,2.88,1.5,3.12,2.88,2.98,4.41,2.61,2.95,3.53,3.01,2.49,2.75,2.84,4.25,2.11,3.64,2.66,3.39,4.29,2.33,3.63,3.9,4.06,3.74,3.35,3.36,3.65,3.08,4.3,3.23,2.5,3.96,4.21,3.63,2.55,3.06,3.25,2.88,2.83,2.33,2.38,3.41,3.18,3.69,3.09,"Ambulance Drivers and Attendants, Except Emergency Medical Technicians",Transportation,-0.8298703,-0.8304069057996891,19460.0,22410.0,25460.0,22150.0,26000.0,29580.0,32190.0,36120.0,38000.0,43570.0,47120.0,46630.0,14740.0,9910.0,12080.0,30110.07,32840.78,34330.0,-18.046132971506108,-32.76797829036635,21.8970736629667,14.0150122533757,9.069092167504092,4.534666959798157,-0.8195687510750478,0.9274226695241273,469,465,-4,4,0,Low Exposure Manual & Technical
53-3031,3.0,2.38,3.0,3.0,3.0,2.62,1.0,2.12,1.5,2.5,3.0,3.0,2.75,2.12,2.0,2.25,2.12,2.25,3.0,3.0,2.88,2.5,2.12,2.88,3.25,2.0,2.62,3.75,3.75,2.38,2.88,2.38,3.12,2.5,2.5,2.0,2.88,2.0,2.62,3.12,3.12,2.0,1.75,2.25,3.0,2.75,3.0,2.62,2.25,2.0,3.0,2.88,2.73,1.95,1.92,3.02,3.73,2.56,2.1,2.22,2.35,3.24,1.29,2.8,2.32,3.1,3.94,2.25,4.57,3.55,3.0,2.57,2.87,2.83,3.63,1.86,4.58,3.68,1.79,4.36,3.92,3.01,2.19,1.41,1.7,2.11,2.83,2.86,1.34,2.87,1.82,2.67,2.41,Driver/Sales Workers,Transportation,-0.7293087,-0.7297802804254453,18060.0,19730.0,21760.0,20040.0,24630.0,29120.0,37500.0,44250.0,47590.0,48970.0,55200.0,59730.0,444660.0,489510.0,417420.0,30075.18,35337.89,37130.0,-6.126028875995142,10.086358116313589,-14.726971869829011,23.45728271617992,17.498515387106576,5.071355420484926,-0.9456136221605973,0.6409341078614283,443,500,57,57,4,Low Exposure Routine Service
53-3032,3.0,3.0,3.0,3.88,3.12,3.5,1.75,2.38,1.75,2.75,4.12,2.88,3.0,2.0,3.0,2.38,2.25,3.0,2.88,3.0,3.0,2.0,2.0,3.88,3.5,3.0,2.0,3.12,3.0,1.88,2.88,3.0,3.62,3.88,3.75,3.88,3.25,2.62,3.88,3.0,3.0,2.38,2.5,2.5,3.0,3.0,2.88,2.62,3.0,2.62,3.0,2.5,2.48,2.23,2.22,3.26,3.72,2.95,2.19,2.12,2.06,3.28,1.64,2.76,3.11,3.67,4.29,1.99,3.14,3.87,4.44,2.03,2.97,3.09,3.88,2.06,4.62,2.94,1.88,3.46,2.85,3.04,1.92,1.94,3.31,2.55,2.61,1.72,1.62,2.49,2.34,2.99,2.82,Heavy and Tractor-Trailer Truck Drivers,Transportation,-1.149057,-1.1497999990414551,29130.0,35300.0,38640.0,36250.0,42490.0,47230.0,55850.0,61200.0,65520.0,66840.0,75220.0,78800.0,1856130.0,1984180.0,2070480.0,52637.380000000005,53963.52,57440.0,11.548221299154694,6.898762478921196,4.349403783930893,9.123972355766938,2.519388313020124,6.442278042648077,-1.7972753711305365,1.6067942804630915,562,653,91,91,0,Low Exposure Manual & Technical
53-3033,2.88,2.5,2.88,3.12,3.12,3.0,1.38,2.25,1.5,3.0,3.62,2.88,2.38,2.38,2.5,2.62,2.0,2.5,3.0,3.0,3.12,2.12,2.0,3.62,3.25,2.38,2.12,3.12,3.12,2.12,3.0,2.62,3.25,2.88,3.12,3.0,2.88,2.0,3.5,3.0,3.0,2.12,1.88,3.12,3.12,2.75,3.12,2.75,2.88,1.88,3.0,2.75,2.88,3.25,2.83,3.35,4.21,3.3,2.23,3.08,2.4,3.71,2.74,2.68,2.9,3.41,3.75,2.71,4.54,4.11,4.36,3.08,3.21,3.7,3.74,2.27,4.41,3.48,2.09,4.39,3.36,3.62,2.6,2.08,3.58,3.28,3.15,2.74,1.59,2.72,3.07,3.65,2.17,Light Truck Drivers,Transportation,-1.120501,-1.1212255340947268,21060.0,26740.0,29580.0,25730.0,33590.0,36670.0,47700.0,50650.0,52460.0,65400.0,75780.0,79630.0,923050.0,1059840.0,994410.0,40390.99,43683.21,44140.0,7.730892151021071,14.819348897676182,-6.173573369565218,9.281797747467945,8.150877212962596,1.0456878054520282,-1.236281100500096,1.2777554837213823,553,576,23,23,0,Low Exposure Manual & Technical
53-4011,3.12,3.62,2.75,4.0,3.25,3.88,1.0,2.12,1.5,2.25,4.38,3.0,3.62,2.12,3.0,2.0,2.12,3.38,3.5,3.62,3.38,2.5,2.25,3.75,3.88,2.75,2.5,3.75,3.75,2.0,3.75,2.88,3.88,3.62,3.88,4.0,4.0,2.62,3.12,3.25,3.38,2.88,2.38,2.12,2.5,3.25,2.75,3.0,3.0,2.75,3.25,3.0,3.75,2.53,3.06,2.33,4.12,4.63,3.24,2.93,2.63,3.58,1.88,2.98,3.74,4.23,4.32,3.05,3.62,4.5,4.49,3.4,3.05,3.89,4.16,2.48,4.42,3.08,2.17,3.31,2.3,3.93,2.36,2.63,2.87,2.43,2.93,2.07,1.97,2.69,3.43,3.1,2.32,Locomotive Engineers,Transportation,-0.4977403,-0.4980621431313583,47190.0,53060.0,60980.0,56950.0,62890.0,73410.0,88530.0,86950.0,84230.0,101060.0,89060.0,100690.0,35520.0,36440.0,31990.0,78025.67,80610.17,77400.0,-9.938063063063062,2.59009009009009,-12.211855104281009,-0.80187712582282,3.312371428531149,-3.9823387049053465,-1.1142051943055187,1.412206936294645,389,546,157,157,0,Low Exposure Manual & Technical
53-4013,3.38,3.12,2.88,3.75,3.25,3.25,1.12,2.38,1.75,2.88,3.88,3.0,3.12,2.62,2.75,2.62,2.88,2.88,3.0,3.12,3.38,2.0,2.12,3.25,3.62,2.0,2.0,4.0,3.62,2.0,3.12,2.88,4.0,3.38,3.75,3.62,3.38,2.5,3.0,3.5,3.25,2.62,2.62,2.25,3.0,3.0,3.12,3.62,3.12,2.75,3.0,2.75,3.09,2.45,3.73,3.07,4.13,4.42,3.76,2.76,3.12,4.09,2.03,3.45,3.81,4.34,4.42,3.15,4.06,4.32,4.42,3.18,3.5,4.22,4.0,2.62,4.45,3.56,2.72,3.7,2.66,3.58,3.28,2.51,3.53,2.82,3.09,2.18,2.17,2.97,3.34,3.73,2.79,"Rail Yard Engineers, Dinkey Operators, and Hostlers",Transportation,-0.8320907,-0.8326287415598697,33110.0,35340.0,44510.0,39110.0,48230.0,51770.0,61670.0,66640.0,65530.0,79720.0,83390.0,79070.0,5400.0,2680.0,3300.0,57370.79,60903.54,58030.0,-38.88888888888889,-50.37037037037037,23.13432835820896,1.1490342036426535,6.157750311613279,-4.718182227174317,-1.04634365388862,1.462166151051173,471,530,59,59,0,Low Exposure Manual & Technical
53-4031,2.88,3.12,3.12,3.12,3.38,3.0,1.0,2.0,1.0,2.5,3.62,2.75,3.0,2.62,2.25,2.5,2.75,2.88,3.38,3.5,2.75,2.38,2.25,2.88,3.62,1.88,2.38,3.88,4.0,2.62,3.12,2.25,3.88,2.88,3.25,2.62,3.12,1.88,2.5,3.62,3.62,2.75,2.5,2.5,2.62,3.0,2.75,2.75,3.12,1.88,3.25,3.12,2.77,2.62,2.6,2.49,3.98,3.34,3.12,2.42,2.24,3.85,1.87,3.06,2.64,3.72,4.37,2.39,3.64,3.97,4.18,2.59,2.56,3.22,3.59,1.97,2.74,3.53,2.57,3.9,2.48,2.97,2.15,1.52,1.76,2.31,2.51,1.51,1.75,2.16,2.83,3.51,3.2,Railroad Conductors and Yardmasters,Transportation,-0.4662731,-0.4665745957377566,45850.0,49680.0,53490.0,55390.0,61570.0,63480.0,80040.0,74260.0,82060.0,98110.0,88230.0,103350.0,45710.0,40940.0,42710.0,76746.37,73702.58,74080.0,-6.5631152920586295,-10.435353314373222,4.323400097703957,-3.474262040015698,-3.966037742241091,0.5120851943039147,-0.692015468712104,0.6497250380903536,383,433,50,50,0,Low Exposure Manual & Technical
53-4041,3.62,3.75,3.0,4.12,3.62,3.5,1.0,2.12,2.0,2.25,3.75,3.0,3.5,2.0,2.75,2.38,2.0,3.0,3.0,3.25,3.5,2.38,2.12,3.88,3.75,2.75,2.62,3.38,3.62,2.0,3.62,2.75,3.75,3.75,3.88,3.62,3.62,2.75,2.88,3.38,3.0,2.62,2.38,2.0,2.38,3.25,2.38,3.0,2.88,2.62,3.0,2.75,2.7,3.09,2.82,3.26,4.02,3.69,2.07,2.21,1.73,3.03,1.74,3.0,2.54,3.76,4.43,2.17,2.58,4.52,4.15,2.24,3.05,3.93,3.83,1.62,4.63,2.69,1.79,3.42,4.38,3.31,1.93,3.17,3.1,2.89,2.38,1.48,1.87,2.07,3.02,3.72,2.16,Subway and Streetcar Operators,Transportation,-0.6155429,-0.6159409169208754,38530.0,49260.0,52260.0,51940.0,61740.0,59500.0,78530.0,89180.0,87940.0,84860.0,89180.0,87940.0,10730.0,9120.0,9200.0,78944.44,95409.06,84830.0,-14.259086672879777,-15.00465983224604,0.8771929824561403,7.455319209307201,20.85595895037066,-11.088108403960796,-1.3554267009244307,1.3749411084313998,420,605,185,185,0,Low Exposure Manual & Technical
53-5011,3.62,3.62,3.0,3.88,3.12,3.75,1.12,2.88,1.88,3.12,4.0,3.0,3.25,2.38,3.0,2.88,3.12,3.25,3.12,3.12,3.5,2.5,2.25,3.62,3.25,2.62,2.25,3.75,3.12,2.38,3.75,2.75,3.75,3.0,3.12,2.88,3.25,3.0,3.0,3.12,3.12,2.62,2.5,3.0,3.12,3.0,3.0,3.38,3.12,2.62,3.0,2.88,3.72,3.47,3.07,2.74,3.92,4.46,2.75,2.78,2.76,3.25,1.9,2.79,4.05,3.53,4.49,3.61,4.23,4.57,4.75,2.47,3.43,4.24,4.59,2.53,3.87,3.1,2.72,3.95,2.35,3.85,2.5,2.63,4.24,3.03,3.06,1.64,1.47,3.51,3.76,3.49,2.28,Sailors and Marine Oilers,Transportation,-1.150001,-1.1507446094529172,25190.0,30530.0,33350.0,31710.0,37190.0,38450.0,58650.0,60690.0,65370.0,75520.0,75210.0,81890.0,31290.0,28500.0,31360.0,50567.24,51336.69,49610.0,0.2237136465324384,-8.916586768935762,10.035087719298245,-1.8930042454363687,1.5216373288318623,-3.363461882719738,-1.3490738916944967,1.746908242110471,563,602,39,39,0,Low Exposure Manual & Technical
53-5021,3.62,3.12,3.25,3.62,3.75,3.38,1.75,2.62,2.62,3.0,3.75,3.12,3.38,2.75,3.25,2.38,3.12,2.88,3.5,3.5,3.38,2.5,2.62,3.25,3.62,2.5,2.5,3.88,3.88,2.75,3.5,2.62,3.75,3.25,3.25,3.12,3.25,2.62,3.75,3.62,3.5,3.0,1.62,2.38,2.88,3.25,3.12,3.0,3.25,2.38,3.62,3.38,3.21,3.03,3.41,3.36,3.83,4.11,3.4,3.0,3.18,3.5,2.19,3.55,3.35,3.71,4.11,3.48,3.65,4.24,4.4,3.01,3.56,4.2,4.0,2.66,4.55,3.46,2.84,3.7,2.81,3.52,2.88,2.99,3.63,3.05,3.26,2.47,1.92,3.25,3.65,3.85,2.85,"Captains, Mates, and Pilots of Water Vessels",Transportation,-0.4281868,-0.4284636682864127,37270.0,42090.0,46260.0,50020.0,61390.0,60800.0,105330.0,125700.0,124530.0,153700.0,160140.0,164230.0,33370.0,34940.0,35390.0,84131.42,102922.01,85540.0,6.053341324543003,4.704824692837879,1.287922152261019,1.6742615303533468,22.33480666319432,-16.88852559331089,-0.9367080403376952,1.4148073600861646,374,494,120,120,0,Low Exposure Manual & Technical
53-5022,3.62,3.5,2.88,4.0,3.38,3.25,1.0,2.38,1.62,2.5,3.75,3.12,3.12,2.62,3.12,2.12,2.62,3.0,3.0,3.0,3.62,2.0,2.62,3.5,3.25,2.75,2.0,3.12,3.5,2.62,3.62,3.0,3.62,3.12,3.25,3.25,3.38,2.62,3.88,3.5,3.12,2.5,2.25,2.12,3.0,3.25,3.0,3.0,3.0,2.25,2.75,2.62,2.61,2.37,2.46,3.54,3.92,4.0,3.1,2.59,2.79,3.67,2.32,3.21,3.08,3.1,3.49,2.83,2.77,4.32,4.11,2.82,3.57,3.82,4.0,2.02,4.58,2.51,2.19,3.16,3.4,3.03,2.04,3.09,3.7,3.16,2.27,1.61,1.76,2.68,3.23,2.36,2.38,Motorboat Operators,Transportation,-0.8871186,-0.8876922238277667,25250.0,29640.0,31970.0,32830.0,34870.0,39860.0,62370.0,58750.0,68490.0,74180.0,73650.0,82330.0,2120.0,3110.0,2380.0,56126.380000000005,44785.83,51880.0,12.264150943396226,46.69811320754717,-23.47266881028939,-7.565747158466311,-20.20538292332412,15.84021106675928,-1.3801160381166564,1.5049693325280897,490,612,122,122,0,Low Exposure Manual & Technical
53-5031,3.12,3.12,3.12,3.62,4.0,2.5,1.38,2.0,2.0,3.0,3.0,3.12,3.12,3.0,2.0,2.12,2.12,3.12,3.25,3.25,3.12,2.62,2.38,3.12,3.62,1.88,2.75,4.0,4.0,3.0,3.0,2.25,4.0,3.0,3.12,3.0,3.12,2.38,2.25,3.5,3.38,2.88,1.5,2.5,3.0,3.0,3.0,2.88,3.12,2.38,3.62,3.12,3.84,3.21,2.98,3.21,3.97,4.34,3.24,3.19,2.82,3.45,3.0,3.69,3.25,4.03,4.26,3.13,3.86,4.59,4.26,3.36,3.65,4.47,4.28,2.94,4.17,3.94,2.69,3.76,2.69,3.87,3.07,3.83,4.66,3.06,3.78,2.16,2.23,3.22,3.6,3.62,2.79,Ship Engineers,Transportation,-0.5264951,-0.5268355366266021,41730.0,52520.0,56620.0,53690.0,72410.0,71720.0,99050.0,107580.0,130380.0,130540.0,139990.0,162370.0,8410.0,8650.0,8580.0,86771.43000000001,94371.3,101320.0,2.0214030915576697,2.853745541022592,-0.8092485549132947,16.76654401108751,8.758493434993516,7.3631496016267635,-0.6112976605234516,1.0281941383178204,398,418,20,20,0,Low Exposure Manual & Technical
53-6011,3.0,3.12,2.88,3.12,2.88,2.62,1.0,2.12,1.88,2.12,3.12,2.62,2.75,2.0,2.88,2.0,2.12,3.0,2.88,3.25,2.62,2.0,2.25,2.88,3.25,2.25,2.12,3.0,3.0,2.25,3.0,2.25,3.0,2.75,3.0,2.62,3.12,2.75,2.0,3.0,3.0,2.12,2.0,2.0,2.12,2.62,2.38,2.38,2.5,2.12,2.88,2.75,2.32,2.53,3.16,2.84,4.0,4.11,2.79,2.0,2.42,3.89,1.68,3.05,1.95,3.26,3.74,2.37,2.53,2.89,3.53,2.05,2.06,3.21,3.42,2.11,2.95,2.58,3.16,2.84,3.37,3.0,2.53,2.32,2.37,2.63,2.47,1.53,1.89,1.84,3.63,3.0,2.63,Bridge and Lock Tenders,Transportation,-0.6322159,-0.6326246980546757,27270.0,26630.0,32690.0,37680.0,30370.0,43700.0,57920.0,61380.0,69530.0,63740.0,67330.0,74400.0,3150.0,3690.0,2720.0,58277.93,51109.68,58490.0,-13.65079365079365,17.142857142857142,-26.287262872628723,0.3638941877311011,-12.300110865296691,14.440160846242826,-1.0914270108063495,0.7512291798043776,423,539,116,116,4,Low Exposure Routine Service
53-6021,2.75,2.12,2.5,3.0,3.0,3.0,1.12,2.0,1.88,2.88,3.5,2.5,2.75,2.0,2.38,2.75,1.88,2.0,3.0,3.0,2.88,2.5,2.12,3.0,3.38,2.75,2.62,3.38,3.38,2.0,2.88,2.75,3.25,1.88,2.88,2.62,3.0,2.0,3.12,3.25,3.38,2.12,2.12,2.75,2.5,2.5,2.88,2.88,2.88,2.0,2.62,2.62,2.08,2.98,2.15,3.14,3.55,2.85,2.69,1.95,2.14,3.19,1.42,3.48,2.84,2.73,3.34,2.16,3.13,3.17,3.13,2.78,2.64,3.06,2.65,1.77,3.28,2.96,2.38,2.76,3.81,2.54,1.92,1.71,1.71,2.4,1.98,1.89,1.71,2.22,2.58,2.44,2.16,Parking Attendants,Transportation,-0.8353891,-0.8359292743789021,18850.0,22580.0,24960.0,21620.0,27040.0,29590.0,29900.0,34590.0,37230.0,36000.0,38760.0,43840.0,147390.0,105290.0,134650.0,29237.82,33046.17,34600.0,-8.64373431033313,-28.563674604790013,27.88488935321493,18.33987622880229,13.025423920114424,4.701997235988322,-1.15518327059946,0.7885123564560909,472,558,86,86,4,Low Exposure Routine Service
53-6031,3.12,2.75,2.75,3.25,3.12,2.88,1.0,2.38,1.75,3.12,3.0,3.25,2.75,2.25,1.88,2.5,2.25,2.75,2.75,3.12,3.25,2.38,2.12,3.12,3.25,1.75,2.25,3.38,3.38,2.12,2.75,2.0,3.0,1.88,2.88,2.62,2.88,2.12,2.25,3.0,3.12,2.38,1.88,3.12,3.12,2.75,3.25,2.88,3.0,2.5,2.88,2.62,3.25,2.69,2.74,3.84,3.44,4.06,2.61,3.05,2.17,3.13,2.32,3.1,3.2,3.27,4.22,2.53,3.74,3.64,3.56,2.65,3.03,3.87,3.32,2.33,3.86,3.08,2.39,3.59,3.82,3.5,2.55,2.83,3.24,2.53,3.07,2.84,2.38,3.03,2.88,3.6,2.41,Automotive and Watercraft Service Attendants,Transportation,-1.221489,-1.2222788351887244,19600.0,24660.0,27870.0,22160.0,27820.0,30600.0,30060.0,35550.0,38430.0,36960.0,40290.0,45240.0,117670.0,99600.0,98270.0,29307.6,33348.85,34850.0,-16.486785076910003,-15.35650548143112,-1.3353413654618471,18.911135678117613,13.78908542494096,4.501354619424663,-1.0249168747992052,1.049478533594546,579,523,-56,56,0,Low Exposure Manual & Technical
53-6041,2.5,2.25,3.12,2.25,3.38,2.38,1.0,1.62,1.62,1.62,3.12,2.75,3.12,3.0,2.0,1.5,1.5,2.25,3.75,3.12,2.12,3.0,2.25,2.25,3.25,2.0,3.0,3.88,3.88,3.0,3.12,2.0,3.88,2.0,2.25,2.0,3.12,2.0,2.12,3.38,3.38,2.38,1.5,1.62,1.62,2.38,1.62,2.75,3.12,1.62,3.62,3.12,3.66,1.89,2.08,3.51,3.82,3.11,3.09,2.93,2.53,3.75,2.76,3.29,2.86,3.53,4.31,2.57,3.22,3.74,3.35,3.11,2.7,3.9,3.68,2.13,3.47,3.54,2.78,3.33,3.27,3.88,2.86,2.88,2.37,2.89,3.1,1.8,1.77,3.06,2.56,3.6,3.98,Traffic Technicians,Transportation,0.3995872,0.3998455888508976,30820.0,34370.0,38060.0,37170.0,40390.0,46690.0,64510.0,64830.0,74480.0,82230.0,84520.0,85810.0,7470.0,7310.0,7580.0,55219.240000000005,54104.05,58480.0,1.4725568942436411,-2.14190093708166,3.693570451436389,5.905115680693894,-2.019567817304276,8.088026681921233,-0.04527147299622001,-0.017740682599730526,255,338,83,83,1,Moderate Exposure Service & Healthcare
53-6051,2.706666666666667,2.873333333333333,3.1266666666666665,2.75,3.583333333333333,2.75,1.0,1.92,1.5033333333333332,2.46,3.2133333333333334,2.38,3.206666666666667,2.6266666666666665,1.96,2.04,2.08,2.833333333333333,3.58,3.2099999999999995,2.5,2.46,2.25,2.6266666666666665,3.8333333333333335,1.8766666666666667,2.3766666666666665,3.8333333333333335,3.5866666666666664,2.5,3.1266666666666665,2.083333333333333,3.9166666666666665,2.1266666666666665,2.2066666666666666,2.0,3.123333333333333,1.92,2.1666666666666665,3.333333333333333,3.2533333333333334,2.67,1.413333333333333,2.2066666666666666,2.123333333333333,2.7900000000000005,2.54,2.786666666666666,3.1266666666666665,2.04,3.4166666666666665,3.33,3.123333333333333,2.066666666666667,2.486666666666667,3.1133333333333333,3.856666666666667,2.543333333333333,2.5066666666666664,2.4066666666666667,2.45,3.9566666666666666,2.1633333333333336,3.4466666666666668,3.1266666666666665,4.2700000000000005,4.376666666666667,2.1333333333333333,2.8866666666666667,4.086666666666667,4.363333333333333,3.4466666666666668,3.353333333333333,3.93,3.5066666666666664,2.2133333333333334,3.4066666666666663,3.456666666666667,2.64,3.37,2.39,3.333333333333333,2.873333333333333,2.35,2.7566666666666664,2.856666666666667,3.0700000000000003,2.103333333333333,1.6666666666666667,3.0,2.93,3.736666666666667,3.2633333333333336,Transportation Inspectors,Transportation,-0.18376,-0.1838788164639951,33330.0,36770.0,40090.0,52670.0,54270.0,58650.0,100940.0,97510.0,105020.0,125310.0,126150.0,137120.0,30020.0,24420.0,23320.0,88178.66,86015.17,85750.0,-22.318454363757496,-18.654230512991337,-4.504504504504505,-2.754249157335804,-2.453530139832024,-0.3082828296450478,-0.3822727069924382,0.37286749035822686,333,379,46,46,0,Low Exposure Manual & Technical
53-6061,2.38,2.62,2.88,2.38,3.38,2.38,1.0,2.0,2.12,2.12,2.75,2.12,2.75,2.0,1.5,2.38,2.25,2.5,3.0,2.75,2.38,2.25,2.12,2.5,2.88,1.5,2.25,3.75,3.75,2.25,2.5,1.5,3.5,1.38,1.75,2.0,3.0,1.38,1.5,3.62,3.62,2.12,1.62,2.38,2.38,2.75,2.62,2.62,2.25,1.38,3.0,2.62,2.07,3.78,2.32,2.19,3.36,1.69,2.08,1.87,2.81,1.79,1.37,3.81,1.81,1.91,3.82,2.48,2.34,3.23,2.6,1.63,1.99,3.1,2.67,1.87,2.25,2.78,1.87,2.6,2.75,2.31,1.84,1.81,1.83,3.73,1.83,1.76,1.47,2.15,2.34,2.45,1.39,Passenger Attendants,Transportation,-0.3752249,-0.3754675219402114,19480.0,22020.0,29120.0,22900.0,29490.0,32090.0,34490.0,40430.0,41180.0,40800.0,50000.0,49510.0,28200.0,13200.0,25340.0,30900.91,37435.03,37560.0,-10.141843971631204,-53.191489361702125,91.96969696969695,21.54981843576775,21.14539668896482,0.3338317078949881,-0.7011311578378208,0.08616405114230646,367,436,69,69,4,Low Exposure Routine Service
53-7011,3.12,2.88,2.88,3.75,3.5,3.0,1.25,2.0,1.88,2.38,3.12,3.0,3.12,2.5,2.5,2.12,2.12,3.0,3.38,3.0,3.12,2.0,2.12,3.38,3.25,2.0,2.0,3.75,3.5,2.12,3.25,2.0,3.62,3.0,2.5,2.88,3.25,2.0,2.0,3.12,2.88,2.25,1.75,2.12,3.12,2.88,3.0,2.75,3.0,2.0,2.88,3.0,2.92,3.11,2.78,2.75,3.91,4.15,3.21,2.76,2.88,2.99,2.28,3.41,3.41,3.49,4.21,2.62,3.89,4.21,4.18,2.73,3.39,3.57,4.17,2.32,3.76,3.61,2.55,3.84,2.17,3.17,2.78,2.42,3.03,2.69,2.88,2.16,2.1,3.03,3.07,2.97,2.64,Conveyor Operators and Tenders,Transportation,-0.7554432,-0.7559316795762462,24990.0,30770.0,34940.0,28840.0,33130.0,37500.0,41570.0,44630.0,48640.0,49890.0,53190.0,60390.0,24050.0,27780.0,26060.0,40309.58,39878.09,41230.0,8.357588357588359,15.50935550935551,-6.19150467962563,2.283377797535966,-1.0704403270885117,3.390107199216421,-1.0048481659075383,1.0434195076157007,451,519,68,68,0,Low Exposure Manual & Technical
53-7021,3.62,2.88,2.75,4.12,3.0,3.88,1.0,2.25,1.25,2.88,3.88,3.0,2.88,2.38,3.0,2.12,2.5,2.88,2.88,3.0,3.5,2.38,2.12,4.0,3.38,2.0,2.25,3.12,3.25,2.38,3.12,2.75,3.62,3.75,3.75,3.5,3.5,2.5,3.0,3.12,3.12,2.12,2.25,2.12,2.75,3.0,2.88,3.12,3.12,2.5,2.88,2.88,2.99,2.25,2.83,2.64,3.87,4.27,3.52,2.82,3.19,2.83,2.55,3.15,3.38,3.67,3.97,2.64,4.0,3.94,4.24,3.03,3.27,3.95,3.81,2.32,4.25,3.16,2.14,3.52,2.36,3.2,2.46,2.45,3.9,2.42,2.89,2.19,1.53,3.04,2.75,3.56,2.49,Crane and Tower Operators,Transportation,-1.030619,-1.0312854143881212,32250.0,37680.0,41670.0,41680.0,47840.0,50970.0,73060.0,76450.0,81630.0,91840.0,93410.0,102400.0,45480.0,45210.0,42000.0,65930.47,66308.54,66370.0,-7.651715039577836,-0.5936675461741424,-7.100199071001991,0.666656858353958,0.5734374409889577,0.0926879101847309,-1.348088632981465,1.505866449806858,531,601,70,70,0,Low Exposure Manual & Technical
53-7031,3.38,3.0,2.62,4.0,2.75,3.5,1.12,2.25,1.25,2.12,3.25,3.12,2.88,2.38,2.5,2.12,2.12,3.12,2.62,3.0,3.38,2.0,2.0,3.75,3.25,1.75,2.0,2.88,2.88,2.0,2.88,2.25,3.25,2.75,3.38,2.88,3.12,1.88,2.62,3.0,3.0,2.12,2.25,2.25,2.88,2.5,2.88,2.5,2.75,2.38,2.38,2.38,2.55,2.25,2.7,2.42,3.64,4.23,2.96,2.62,2.74,2.99,1.63,3.39,2.61,3.47,3.72,2.67,3.94,3.26,3.97,3.05,2.65,3.61,3.75,2.28,3.21,2.77,1.96,3.54,2.18,2.62,2.15,1.76,3.76,2.01,1.8,1.96,1.77,2.7,2.82,3.17,1.57,Dredge Operators,Transportation,-1.016648,-1.0173053804278067,32170.0,34110.0,42060.0,38090.0,40030.0,46120.0,65590.0,60320.0,60300.0,77940.0,77080.0,75050.0,1550.0,940.0,1030.0,54707.52,50904.29,48430.0,-33.5483870967742,-39.35483870967742,9.574468085106384,-11.47469305865081,-6.951932750744327,-4.860670878623394,-1.4569175876309264,1.2228660678263081,528,626,98,98,0,Low Exposure Manual & Technical
53-7041,3.63,3.0,3.0,3.63,3.38,3.63,1.13,2.0,1.13,3.13,3.25,3.13,2.75,2.63,2.5,2.38,3.13,3.25,3.25,3.13,3.38,2.13,2.5,3.5,3.5,2.0,2.38,3.38,3.38,2.5,3.25,2.5,3.88,3.25,3.63,3.0,3.38,2.75,2.75,3.25,3.38,2.5,2.63,2.38,2.63,2.63,2.63,2.88,3.25,2.38,2.88,2.5,2.75,2.91,2.76,1.53,4.07,4.1,2.75,3.19,2.99,3.22,2.49,2.8,3.0,2.77,4.13,3.65,4.14,3.82,3.94,3.52,3.59,3.65,4.09,2.88,4.12,3.92,1.48,2.96,1.66,3.5,2.1,2.63,4.24,2.47,2.32,1.81,1.38,2.49,3.62,2.91,2.32,Hoist and Winch Operators,Transportation,-0.9781997,-0.978832218899186,30680.0,33480.0,33910.0,39500.0,40360.0,39220.0,80240.0,95380.0,90200.0,101550.0,121450.0,116120.0,4800.0,2440.0,2480.0,69454.36,63724.95,52310.0,-48.333333333333336,-49.16666666666666,1.639344262295082,-24.684353869217137,-8.249172550146605,-17.912842615019702,-1.2151413507483855,1.3596980047651552,518,570,52,52,0,Low Exposure Manual & Technical
53-7051,3.12,3.12,2.38,4.0,3.12,3.25,1.62,2.25,1.88,2.88,3.75,3.0,2.62,2.12,1.88,2.5,2.25,2.75,2.75,3.12,3.5,2.12,1.88,3.88,3.12,1.75,2.12,3.0,3.0,1.88,3.12,3.0,3.25,3.38,3.25,3.62,3.12,2.12,3.12,2.75,2.75,2.0,1.88,2.5,3.12,2.88,3.12,2.75,3.12,2.12,2.38,2.5,3.12,2.89,3.46,2.67,3.75,3.53,3.24,2.57,2.88,3.64,2.39,3.27,3.09,3.71,3.83,2.94,4.4,4.19,4.44,3.04,3.4,4.05,3.77,2.94,4.53,3.99,2.78,4.14,2.48,3.25,2.92,2.74,3.28,2.9,3.7,3.09,2.78,3.13,3.37,3.28,3.28,Industrial Truck and Tractor Operators,Transportation,-1.39869,-1.3995944173089512,26090.0,32040.0,36500.0,30050.0,36640.0,39780.0,44350.0,47780.0,53680.0,53270.0,57410.0,61540.0,629270.0,780890.0,805770.0,42100.6,44569.63,46390.0,28.048373512164886,24.09458578988352,3.186108158639501,10.188453371210866,5.86459575397975,4.084328274656987,-1.3982633399310793,1.5461905981358797,604,617,13,13,0,Low Exposure Manual & Technical
53-7061,2.88,2.12,2.38,3.0,2.88,2.38,1.62,2.38,1.5,3.25,2.38,3.0,2.25,1.88,1.88,2.75,2.0,1.62,2.5,2.75,3.25,1.62,2.0,3.12,3.62,1.75,1.88,2.88,2.75,1.62,2.25,1.88,3.0,2.12,2.12,2.25,2.25,1.38,2.12,2.62,2.75,2.0,2.0,3.0,2.25,2.12,3.0,2.38,2.25,2.0,2.0,2.0,2.78,3.09,3.16,2.95,3.62,3.04,2.76,2.84,3.25,3.07,2.23,3.43,2.65,2.84,3.53,3.09,3.81,3.26,3.6,2.72,2.71,3.58,3.23,2.85,3.52,3.18,2.78,3.87,3.18,3.3,2.85,2.73,2.81,2.84,3.17,2.48,2.68,2.89,3.41,2.97,2.52,Cleaners of Vehicles and Equipment,Transportation,-1.629897,-1.6309509209137347,19150.0,22500.0,26740.0,22360.0,27470.0,29790.0,31210.0,36310.0,39630.0,39010.0,43520.0,47150.0,382670.0,359530.0,373960.0,30005.4,33511.0,35270.0,-2.276112577416573,-6.046985653435074,4.0135732762217335,17.545508475141137,11.683230351869993,5.2490227089612365,-1.1248302435781399,0.8858613454312286,627,550,-77,77,4,Low Exposure Routine Service
53-7062,3.25,2.25,3.065,3.31,2.81,2.875,1.69,2.625,1.685,2.87,3.0,3.065,2.62,2.06,1.94,2.56,2.06,2.19,2.685,3.0,3.435,1.94,2.0,3.44,3.31,2.0,1.94,3.12,3.06,2.0,2.685,2.06,2.94,3.0,3.0,2.63,3.06,1.875,2.06,2.75,2.88,2.25,2.44,2.87,3.38,2.37,3.375,2.69,2.565,2.12,2.815,2.685,2.56,2.76,3.415,2.27,4.115,3.27,3.12,2.625,3.29,2.665,1.56,2.205,2.95,3.085,4.01,2.865,4.015,3.68,4.105,2.545,2.985,3.035,3.24,2.405,3.355,3.555,2.145,3.75,2.43,2.955,1.975,1.62,2.26,2.625,2.83,2.485,1.92,2.575,3.6,2.825,2.075,"Laborers and Freight, Stock, and Material Movers, Hand",Transportation,-1.709183,-1.7102881890103272,21410.0,27610.0,30810.0,24570.0,31130.0,35410.0,37150.0,42470.0,46370.0,47140.0,48560.0,53180.0,2953170.0,2934050.0,2982530.0,34320.13,39034.91,38940.0,0.994185908701497,-0.6474398696993401,1.6523235800344231,13.461108684611634,13.737651926143634,-0.2431413316951319,-1.320551910303585,1.1404268322827888,630,596,-34,34,0,Low Exposure Manual & Technical
53-7063,3.75,2.75,2.88,3.5,2.62,2.5,1.25,2.38,1.62,2.5,2.75,2.88,2.88,2.0,1.38,2.12,2.0,2.5,2.62,3.0,3.0,2.25,2.12,2.88,3.12,1.38,2.25,3.0,3.12,2.0,2.88,1.38,3.0,3.25,3.25,2.12,2.88,1.38,1.38,2.88,2.88,2.0,2.25,2.25,3.0,2.62,2.88,2.5,2.5,2.75,2.62,2.75,2.11,2.44,2.31,1.47,3.26,3.87,2.31,1.82,2.43,2.99,1.6,2.9,2.9,2.96,3.48,1.84,4.03,3.3,3.34,2.1,2.71,2.91,3.22,1.76,2.36,2.46,1.92,3.43,1.34,2.73,2.11,1.76,2.57,1.99,2.05,1.39,1.43,2.03,2.61,2.39,2.3,Machine Feeders and Offbearers,Transportation,-1.037413,-1.0380838075401058,22610.0,28190.0,31480.0,26060.0,31800.0,36020.0,38600.0,45420.0,48220.0,47610.0,50910.0,57010.0,63280.0,51010.0,46690.0,36262.34,41121.24,39700.0,-26.216814159292035,-19.39001264222503,-8.468927661242894,9.479972886471186,13.399300762168115,-3.456218732703581,-1.4495963831820047,0.8366196687696044,533,625,92,92,4,Low Exposure Routine Service
53-7064,2.75,2.12,2.38,2.38,2.62,2.5,1.5,2.5,1.38,2.75,2.12,2.75,2.12,1.88,1.5,2.0,1.88,1.88,2.5,2.75,3.0,2.0,2.0,3.0,3.25,1.5,2.0,3.0,2.88,1.62,2.38,1.75,3.12,2.12,2.0,1.88,2.75,1.5,1.88,2.62,3.0,2.0,2.0,2.5,3.0,1.88,3.12,2.12,2.25,2.12,2.12,2.0,3.37,3.35,3.44,2.5,3.63,3.22,3.18,2.9,3.21,2.84,2.77,3.53,3.5,3.17,4.64,2.89,4.33,4.2,4.26,2.97,3.28,3.69,4.2,2.56,2.51,3.25,2.59,3.45,2.31,2.97,2.63,2.7,3.12,2.89,2.73,2.41,2.29,2.73,3.58,3.42,2.75,"Packers and Packagers, Hand",Transportation,-1.51362,-1.514598733611216,19510.0,23870.0,27050.0,22800.0,28620.0,31470.0,31120.0,37230.0,40960.0,38320.0,42070.0,46260.0,633640.0,653870.0,601440.0,30133.33,35586.52,35580.0,-5.081749889527176,3.1926646045072915,-8.018413446097847,18.07523430035777,18.096871470892843,-0.0183215442251639,-0.9247992235073209,0.7517209240917476,615,492,-123,123,4,Low Exposure Routine Service
53-7071,3.88,3.0,3.0,3.5,3.12,2.62,1.0,2.0,1.75,2.38,3.12,3.88,3.12,2.75,2.0,2.0,2.12,2.88,3.12,3.25,3.88,2.12,2.25,3.62,3.62,2.0,2.25,3.12,3.12,2.5,3.38,2.0,3.75,3.0,3.25,2.75,3.12,2.0,2.0,3.0,2.88,2.88,1.75,2.0,2.25,3.0,2.88,2.88,2.75,2.0,3.12,3.0,3.68,2.54,2.98,3.04,4.1,4.4,3.04,3.04,3.01,4.48,2.38,2.48,3.36,4.21,4.38,3.28,3.76,4.34,4.18,2.77,3.64,4.28,4.23,2.99,4.24,3.66,2.75,3.99,2.34,3.9,2.42,3.82,4.47,2.6,2.51,1.9,1.84,3.12,3.73,4.05,3.85,Gas Compressor and Gas Pumping Station Operators,Transportation,-0.6909992,-0.6914460086480015,37790.0,33680.0,43950.0,49940.0,44550.0,57520.0,76460.0,76140.0,88090.0,83130.0,90720.0,98350.0,3440.0,3740.0,5110.0,76944.08,64849.19,71510.0,48.54651162790697,8.720930232558139,36.63101604278075,-7.062375688941894,-15.719065066474258,10.271230835728256,-0.8492889927457999,1.0892625858431229,434,473,39,39,0,Low Exposure Manual & Technical
53-7072,3.12,3.0,3.0,3.38,3.12,3.0,1.0,2.88,1.38,3.0,3.12,3.0,3.12,2.38,2.0,2.62,2.75,3.0,3.0,3.25,3.12,2.88,2.12,3.12,3.88,1.88,2.88,3.75,3.62,2.12,3.75,2.0,3.75,3.0,3.0,2.62,3.12,2.0,2.12,3.0,3.0,2.62,2.38,2.62,3.0,2.38,3.0,3.0,3.0,2.62,3.12,3.25,3.96,3.09,2.86,2.74,4.4,3.86,2.65,3.58,2.82,3.94,3.15,3.0,3.91,3.78,4.23,2.68,3.61,4.61,4.9,3.62,3.62,4.1,4.47,3.02,4.3,4.05,2.52,3.84,1.8,3.91,2.78,3.17,4.22,3.19,3.44,2.15,2.18,3.41,3.15,3.99,2.69,"Pump Operators, Except Wellhead Pumpers",Transportation,-0.8422927,-0.8428373384006921,29000.0,36700.0,37850.0,35190.0,44740.0,47270.0,59720.0,74200.0,75160.0,77860.0,85430.0,89660.0,10000.0,10870.0,12600.0,52381.52,60384.66,60020.0,26.0,8.7,15.915363385464582,14.582394707140985,15.278556254190391,-0.603895095211261,-0.8013171936466749,1.1595749557782835,473,461,-12,12,0,Low Exposure Manual & Technical
53-7073,3.0,2.25,2.88,3.25,3.12,2.12,1.62,2.38,1.75,2.5,2.88,2.75,2.38,2.12,1.88,2.25,2.5,2.0,3.12,3.25,3.12,2.12,2.12,3.25,3.5,1.62,2.12,2.88,3.0,2.12,3.12,2.0,3.88,2.25,3.25,3.0,2.75,1.75,2.12,3.0,3.0,2.12,1.88,2.75,3.12,2.25,3.0,2.0,2.75,2.12,2.88,2.62,3.7,3.04,3.16,2.72,4.09,4.1,2.84,2.87,3.24,4.28,2.35,3.38,3.69,3.67,3.54,2.88,3.25,4.06,4.34,3.04,3.0,3.97,4.11,3.19,4.12,3.83,2.53,3.83,2.47,3.79,2.81,2.74,3.9,2.78,3.31,2.21,1.94,3.34,3.48,3.31,3.53,Wellhead Pumpers,Transportation,-1.091197,-1.0919025854745097,33300.0,36100.0,39110.0,40500.0,47430.0,54450.0,67930.0,79120.0,80720.0,80280.0,93730.0,97470.0,12970.0,14550.0,17350.0,64011.52,68405.68,70010.0,33.77023901310717,12.181958365458753,19.24398625429553,9.370938231118393,6.864639364914297,2.345302319924321,-0.9406225327067886,0.9405670703974798,547,498,-49,49,0,Low Exposure Manual & Technical
53-7081,3.25,2.75,2.75,2.88,2.62,2.75,1.0,2.62,1.88,3.0,3.0,2.75,2.38,1.75,2.75,2.62,2.38,2.75,2.5,2.88,3.12,1.0,2.0,3.38,3.0,2.38,1.0,3.0,2.88,1.5,2.38,2.5,2.88,2.62,3.12,2.62,2.75,2.0,2.38,2.88,2.88,2.0,2.12,2.75,3.25,2.62,3.12,2.88,2.5,1.62,2.5,2.5,1.61,1.69,2.1,2.39,3.26,3.15,2.15,1.58,2.38,2.22,1.45,2.56,1.92,3.01,3.17,1.92,3.66,2.52,3.38,1.36,2.28,2.45,3.13,1.39,4.33,2.25,1.72,3.7,2.33,1.8,1.72,1.21,2.95,1.49,1.71,1.02,1.0,1.57,1.69,2.17,1.55,Refuse and Recyclable Material Collectors,Transportation,-1.283373,-1.2842028507638517,22780.0,28190.0,31810.0,28880.0,34040.0,38330.0,50240.0,53800.0,61010.0,67370.0,64390.0,75200.0,121330.0,132240.0,139180.0,44007.92,47066.74,48350.0,14.711942635786698,8.99200527487019,5.248033877797943,9.866587650586537,6.950612526108936,2.7264688397794323,-2.048943803799903,1.2575585806824345,591,654,63,63,4,Low Exposure Routine Service
53-7121,3.38,3.0,2.88,3.88,2.88,3.62,1.38,2.75,1.75,3.12,3.75,3.12,3.0,2.62,2.75,2.75,3.0,3.0,2.88,3.0,3.75,2.5,2.0,3.88,3.5,2.0,2.62,3.25,3.12,2.38,3.62,2.25,3.62,3.75,3.62,2.75,3.12,2.0,2.75,3.12,3.12,2.5,2.38,3.12,3.62,3.0,3.12,2.75,3.0,2.12,3.0,3.0,3.85,2.87,3.07,2.61,4.26,3.85,3.29,3.2,2.93,4.24,2.1,3.07,3.79,4.16,4.4,2.91,4.13,3.99,4.56,3.29,3.98,4.24,4.62,2.56,4.15,3.83,2.54,4.12,1.92,4.28,2.72,2.49,3.54,2.91,3.55,1.99,1.93,3.44,3.45,3.84,2.82,"Tank Car, Truck, and Ship Loaders",Transportation,-1.38776,-1.3886573497270862,28090.0,36730.0,38260.0,33760.0,44500.0,47260.0,60800.0,75670.0,71230.0,76050.0,88650.0,88120.0,11620.0,12470.0,10920.0,49264.68,58298.33,58070.0,-6.024096385542169,7.314974182444062,-12.429831595829992,17.873494763388294,18.33697082778168,-0.3916578742478463,-1.1630103379888967,1.5144759108899204,601,560,-41,41,0,Low Exposure Manual & Technical
