occ_code,arm_hand_steadiness,auditory_attention,category_flexibility,control_precision,deductive_reasoning,depth_perception,dynamic_flexibility,dynamic_strength,explosive_strength,extent_flexibility,far_vision,finger_dexterity,flexibility_of_closure,fluency_of_ideas,glare_sensitivity,gross_body_coordination,gross_body_equilibrium,hearing_sensitivity,inductive_reasoning,information_ordering,manual_dexterity,mathematical_reasoning,memorization,multilimb_coordination,near_vision,night_vision,number_facility,oral_comprehension,oral_expression,originality,perceptual_speed,peripheral_vision,problem_sensitivity,rate_control,reaction_time,response_orientation,selective_attention,sound_localization,spatial_orientation,speech_clarity,speech_recognition,speed_of_closure,speed_of_limb_movement,stamina,static_strength,time_sharing,trunk_strength,visual_color_discrimination,visualization,wrist_finger_speed,written_comprehension,written_expression,analyzing_data_or_information,assisting_and_caring_for_others,coaching_and_developing_others,communicating_with_people_outside_the_organization,"communicating_with_supervisors,_peers,_or_subordinates",controlling_machines_and_processes,coordinating_the_work_and_activities_of_others,developing_objectives_and_strategies,developing_and_building_teams,documenting_recording_information,"drafting,_laying_out,_and_specifying_technical_devices,_parts,_and_equipment",establishing_and_maintaining_interpersonal_relationships,"estimating_the_quantifiable_characteristics_of_products,_events,_or_information",evaluating_information_to_determine_compliance_with_standards,getting_information,"guiding,_directing,_and_motivating_subordinates",handling_and_moving_objects,"identifying_objects,_actions,_and_events","inspecting_equipment,_structures,_or_materials",interpreting_the_meaning_of_information_for_others,"judging_the_qualities_of_objects,_services,_or_people",making_decisions_and_solving_problems,"monitoring_processes,_materials,_or_surroundings",monitoring_and_controlling_resources,"operating_vehicles,_mechanized_devices,_or_equipment","organizing,_planning,_and_prioritizing_work",performing_administrative_activities,performing_general_physical_activities,performing_for_or_working_directly_with_the_public,processing_information,providing_consultation_and_advice_to_others,repairing_and_maintaining_electronic_equipment,repairing_and_maintaining_mechanical_equipment,resolving_conflicts_and_negotiating_with_others,scheduling_work_and_activities,selling_or_influencing_others,staffing_organizational_units,thinking_creatively,training_and_teaching_others,updating_and_using_relevant_knowledge,working_with_computers,OCC_TITLE,occ_major_group
11-1011,1.19,2.06,3.31,1.625,4.0,1.875,1.0,1.125,1.0,1.0,2.94,1.625,3.065,3.88,1.125,1.0,1.0,2.06,3.94,3.81,1.0,3.0,2.63,1.625,3.37,1.125,3.0,4.3100000000000005,4.25,3.815,2.625,1.125,3.94,1.19,1.19,1.19,3.06,1.19,1.19,4.125,4.0,2.69,1.0,1.0,1.0,2.75,1.38,2.06,2.875,1.25,4.125,4.12,4.3,3.0250000000000004,4.32,4.515000000000001,4.779999999999999,1.8,4.085,4.535,4.41,3.52,1.81,4.734999999999999,3.4,4.08,4.67,4.26,1.65,4.04,2.3099999999999996,4.295,4.015,4.74,3.865,3.995,2.185,4.45,3.6599999999999997,1.885,3.73,4.21,3.9400000000000004,1.4649999999999999,1.31,3.955,3.73,3.96,3.5199999999999996,4.325,3.82,4.305,4.16,Chief Executives,Management
11-1021,1.62,2.12,3.38,1.12,3.88,1.88,1.0,1.12,1.38,1.25,2.62,1.5,2.62,3.25,1.0,1.5,1.38,1.75,3.5,3.5,1.5,2.88,2.25,1.5,3.5,1.12,2.88,4.0,4.0,3.12,2.38,1.25,3.88,1.0,1.62,1.0,2.88,1.25,1.5,3.88,3.62,2.38,1.0,1.62,1.5,2.75,2.12,1.88,2.75,1.75,4.0,4.0,4.04,3.02,3.91,3.57,4.34,2.07,3.99,3.84,3.81,3.94,2.12,4.28,3.23,3.59,4.42,4.2,2.0,4.22,2.62,3.72,4.1,4.33,3.91,3.86,1.9,4.2,3.4,2.11,2.54,4.08,3.66,1.89,1.83,3.88,3.81,3.58,3.7,3.7,3.41,3.8,4.46,General and Operations Managers,Management
11-2011,1.38,1.75,3.38,1.12,3.88,1.75,1.0,1.0,1.0,1.0,2.88,1.62,3.12,3.75,1.0,1.0,1.0,1.75,3.5,3.25,1.38,3.0,2.5,1.0,3.75,1.0,2.88,4.0,4.25,3.75,2.88,1.0,3.62,1.0,1.0,1.0,2.88,1.0,1.0,4.0,3.88,2.62,1.0,1.0,1.0,2.75,1.62,2.88,3.25,1.75,4.0,3.88,3.26,2.37,2.62,4.37,4.25,1.85,3.07,3.42,2.96,3.31,1.28,4.01,2.79,2.35,4.32,2.98,2.08,3.6,1.77,3.01,3.37,3.82,2.78,2.52,1.82,4.17,3.11,1.9,3.18,3.51,2.31,1.34,1.21,2.82,3.34,3.64,2.29,4.05,2.74,3.78,4.61,Advertising and Promotions Managers,Management
11-2021,1.12,1.88,3.25,1.0,3.88,1.75,1.0,1.25,1.0,1.0,2.88,1.75,3.0,3.75,1.0,1.0,1.0,1.88,3.75,3.25,1.0,3.12,2.62,1.0,3.5,1.0,3.12,4.0,4.0,3.62,2.75,1.0,3.62,1.0,1.0,1.0,2.88,1.0,1.0,3.75,3.62,2.75,1.0,1.0,1.0,2.75,1.75,2.88,3.0,1.62,4.0,3.88,3.75,2.44,3.36,4.2,4.75,1.2,3.97,4.07,4.08,3.0,1.29,4.68,3.59,2.61,4.33,3.84,1.37,4.24,1.45,3.39,3.37,4.34,3.27,3.18,1.78,4.35,2.59,1.71,2.81,3.36,3.18,1.15,1.14,3.68,3.4,4.27,2.25,4.28,3.14,3.83,4.4,Marketing Managers,Management
11-2022,1.12,1.88,3.25,1.38,3.88,1.5,1.0,1.0,1.0,1.0,2.75,1.5,2.88,3.75,1.0,1.0,1.0,1.62,3.88,3.12,1.38,2.88,2.88,1.25,3.12,1.0,2.88,4.0,4.0,3.75,2.62,1.0,3.88,1.0,1.0,1.0,2.75,1.0,1.5,3.75,3.75,2.88,1.0,1.0,1.0,2.62,1.88,2.0,2.25,1.62,4.0,4.0,3.95,2.95,4.5,4.55,4.7,1.48,4.2,4.25,4.6,3.62,1.33,4.71,3.14,3.43,4.29,4.57,1.2,3.81,1.62,3.6,4.15,4.63,3.1,3.1,1.76,4.1,3.15,1.35,3.48,3.85,4.29,1.14,1.05,4.14,3.48,4.86,3.86,3.86,4.33,3.95,4.29,Sales Managers,Management
11-2033,1.0,2.25,3.0,1.12,3.88,1.0,1.0,1.75,1.0,1.0,2.75,1.12,2.5,3.62,1.0,1.0,1.0,1.88,3.38,3.5,1.12,2.88,2.62,1.0,3.38,1.0,3.0,4.12,4.12,3.5,2.12,1.0,3.38,1.0,1.0,1.0,3.0,1.25,1.25,3.88,3.75,2.5,1.0,1.0,1.0,2.88,2.38,2.12,2.12,2.12,3.88,3.88,3.4,2.39,2.92,3.94,4.36,1.49,3.11,3.89,3.38,3.76,1.04,4.38,2.25,3.7,4.34,2.67,1.72,3.11,1.87,3.15,3.0,3.57,3.24,2.61,1.77,4.07,3.51,2.24,3.4,4.05,2.74,1.26,1.03,3.14,3.09,3.39,2.25,3.49,3.14,4.17,4.14,Fundraising Managers,Management
11-3012,2.12,2.25,3.12,2.0,3.62,2.0,1.0,1.5,1.5,1.5,2.75,2.5,2.88,3.12,1.5,1.5,1.5,2.12,3.5,3.12,2.0,2.62,2.62,1.62,3.62,1.5,2.75,4.0,4.0,3.0,2.75,1.5,3.5,1.62,1.5,1.5,3.12,1.5,1.5,3.62,3.62,2.12,1.0,1.38,1.62,3.12,1.75,2.0,2.88,1.25,4.0,3.88,3.5,3.23,3.64,3.84,4.44,2.92,3.94,2.96,3.71,3.95,2.04,4.16,3.08,3.71,4.62,3.9,3.11,3.89,3.15,3.27,3.44,4.22,3.81,3.77,2.56,4.39,4.03,3.17,3.06,3.77,3.22,2.38,2.49,3.6,4.19,2.49,3.26,3.46,3.34,3.87,4.15,Administrative Services Managers,Management
11-3013,2.37,2.565,3.37,2.13,3.87,2.25,1.125,1.94,1.88,2.185,3.31,2.13,3.25,3.38,1.815,1.94,1.94,2.435,3.87,3.75,2.31,2.685,2.625,2.12,3.625,2.0,2.75,3.935,4.0,3.125,3.0,2.12,4.125,1.815,2.06,2.06,3.315,2.0,2.44,3.69,3.75,2.94,1.56,2.185,2.125,2.81,2.5,2.565,2.75,2.12,3.935,3.81,3.9850000000000003,3.34,3.975,3.995,4.445,2.9050000000000002,4.035,3.87,4.15,3.995,3.2199999999999998,4.07,3.5,4.195,4.4350000000000005,3.975,2.915,4.285,3.825,3.7199999999999998,3.92,4.57,4.0200000000000005,3.79,2.855,4.165,3.495,3.3049999999999997,3.1550000000000002,3.755,3.55,2.775,2.79,4.11,3.91,3.1550000000000002,3.575,4.01,3.905,4.125,3.995,Facilities Managers,Management
11-3021,2.25,2.0,3.25,2.0,4.0,1.75,1.0,1.5,1.0,1.0,2.75,2.12,3.0,3.38,1.12,1.0,1.0,1.75,4.0,3.75,2.12,3.0,2.62,1.38,3.75,1.0,3.12,4.0,4.0,3.25,2.75,1.0,4.0,1.25,1.25,1.25,2.88,1.0,1.12,3.62,3.38,2.75,1.0,1.0,1.0,2.62,1.75,2.38,3.0,2.0,4.0,3.75,4.25,2.38,3.76,3.13,4.36,1.98,3.9,3.99,4.12,3.36,1.98,3.9,3.64,3.72,4.43,3.98,1.65,4.31,2.96,3.56,3.86,4.51,3.79,3.58,1.63,4.31,3.15,2.01,1.81,3.94,3.45,1.99,1.48,3.5,3.72,3.11,3.58,3.58,3.2,3.89,4.9,Computer and Information Systems Managers,Management
11-3031,1.25,1.9566666666666668,3.3333333333333335,1.0833333333333333,4.04,1.58,1.0,1.0833333333333333,1.0,1.0,2.5033333333333334,2.04,3.2099999999999995,3.3366666666666664,1.0,1.0,1.0,1.75,3.9599999999999995,3.8366666666666664,1.29,3.7533333333333334,2.7099999999999995,1.0,3.7900000000000005,1.04,3.6233333333333335,4.04,4.04,3.17,3.0,1.04,3.8766666666666665,1.0,1.0,1.0,2.83,1.04,1.0,3.7900000000000005,3.6233333333333335,2.92,1.0,1.04,1.0,2.46,1.46,1.7933333333333332,2.4166666666666665,1.4166666666666667,4.08,3.8766666666666665,4.44,2.2433333333333336,3.706666666666667,4.006666666666667,4.39,1.4633333333333336,3.36,3.8033333333333332,3.6,3.4933333333333336,1.1666666666666667,4.12,3.1966666666666668,3.8466666666666662,4.61,3.5666666666666664,1.3333333333333333,3.86,1.8233333333333333,3.6533333333333338,3.646666666666667,4.486666666666667,3.0400000000000005,2.8533333333333335,1.3499999999999999,4.066666666666666,2.8366666666666664,1.4866666666666666,2.4433333333333334,4.333333333333333,3.34,1.18,1.0433333333333332,3.0766666666666667,3.2866666666666666,2.99,2.7266666666666666,3.473333333333333,3.276666666666667,3.953333333333333,4.403333333333333,Financial Managers,Management
11-3051,2.5233333333333334,2.6466666666666665,3.206666666666667,2.375,3.938333333333333,2.165,1.04,1.4983333333333333,1.23,1.7516666666666667,3.081666666666667,2.48,3.2283333333333335,3.2283333333333335,1.54,1.5416666666666667,1.6483333333333334,2.415,3.815,3.5400000000000005,2.2716666666666665,3.143333333333333,2.7083333333333335,2.1233333333333335,3.5416666666666665,1.3133333333333332,3.1016666666666666,4.06,4.04,3.02,3.2266666666666666,1.3766666666666667,3.9583333333333335,2.06,2.165,1.7916666666666667,3.125,1.4366666666666668,1.7083333333333333,3.686666666666667,3.58,2.8966666666666665,1.2683333333333333,1.625,1.625,2.895,2.21,2.9166666666666665,2.936666666666667,1.8966666666666665,3.956666666666667,3.706666666666667,3.8816666666666664,2.6283333333333334,3.813333333333333,3.356666666666667,4.385,3.155,3.9616666666666664,3.5,3.9466666666666668,3.9483333333333337,2.7216666666666662,3.895,3.546666666666667,3.953333333333333,4.3133333333333335,3.9499999999999997,2.4783333333333335,4.153333333333333,3.888333333333333,3.486666666666667,3.731666666666667,4.318333333333333,4.2283333333333335,3.58,2.6033333333333335,4.133333333333334,3.2433333333333336,2.5100000000000002,2.0083333333333333,3.9766666666666666,3.345,2.7933333333333334,2.9499999999999997,3.5683333333333334,3.86,2.54,3.2283333333333335,3.57,3.6966666666666668,3.72,4.301666666666667,Industrial Production Managers,Management
11-3061,1.0,2.25,3.12,1.0,3.88,2.0,1.0,1.5,1.0,1.0,2.62,1.0,2.75,3.88,1.0,1.0,1.0,2.0,3.62,3.75,1.0,3.12,2.62,1.0,3.25,1.0,3.25,4.0,4.0,3.5,2.75,1.0,3.62,1.0,1.0,1.0,3.25,1.0,1.0,3.88,3.88,2.75,1.0,1.0,1.0,2.62,1.75,2.12,2.25,1.38,3.88,3.75,4.05,2.59,4.17,4.44,4.53,1.72,4.05,3.95,4.0,4.0,2.42,4.33,3.26,4.0,4.42,4.11,1.74,3.37,2.82,3.53,3.16,4.63,3.28,3.53,1.63,4.33,3.47,1.89,3.11,4.05,3.63,1.33,1.28,4.05,3.56,2.53,3.32,3.78,4.11,4.26,4.37,Purchasing Managers,Management
11-3071,1.31,2.185,3.75,1.435,3.88,2.06,1.0,1.25,1.0,1.0,3.065,1.815,3.125,3.25,1.31,1.0,1.0,2.0,3.88,3.815,1.375,2.935,2.62,1.25,3.685,1.44,2.94,4.0,3.875,3.25,2.88,1.375,3.88,1.31,1.375,1.31,2.935,1.31,1.5,3.625,3.56,2.62,1.0,1.0,1.0,2.62,1.87,2.44,2.62,1.5,4.0,4.0,3.975,2.4800000000000004,3.87,3.915,4.365,2.1100000000000003,3.88,3.77,4.165,3.46,2.175,4.17,3.425,3.735,4.185,4.055,2.255,3.725,2.9749999999999996,3.4699999999999998,3.6100000000000003,4.375,3.605,3.8200000000000003,2.385,4.055,3.095,2.085,2.51,3.69,3.4699999999999998,1.725,1.84,3.8899999999999997,3.675,3.225,3.505,3.785,3.705,3.785,4.05,"Transportation, Storage, and Distribution Managers",Management
11-3111,1.25,1.88,3.12,1.0,3.5,1.0,1.0,1.25,1.0,1.0,2.12,1.12,2.5,3.25,1.0,1.0,1.0,1.62,3.38,3.12,1.0,3.25,2.12,1.0,3.5,1.0,3.12,4.0,4.0,3.12,2.25,1.0,3.75,1.0,1.0,1.0,2.75,1.0,1.0,3.75,3.62,2.25,1.0,1.0,1.0,2.12,1.75,1.75,2.0,1.5,4.0,4.0,3.95,2.71,3.5,4.14,4.48,1.48,3.43,4.0,3.4,3.81,1.0,4.43,2.24,4.15,4.33,3.67,1.48,3.29,1.43,3.71,3.0,4.24,2.81,3.58,1.05,3.9,3.57,1.48,1.48,3.86,3.6,1.05,1.0,3.85,3.5,2.76,2.48,3.55,3.38,4.14,4.33,Compensation and Benefits Managers,Management
11-3121,1.12,2.12,3.38,1.12,4.0,1.5,1.0,1.38,1.0,1.0,2.88,1.38,2.88,3.75,1.0,1.0,1.0,1.75,4.0,3.62,1.12,3.0,3.0,1.0,4.0,1.0,3.0,4.38,4.5,3.75,2.62,1.0,3.88,1.0,1.0,1.0,3.5,1.0,1.12,4.12,4.0,3.12,1.0,1.0,1.0,2.75,2.0,1.75,2.12,2.0,4.38,4.12,3.95,3.41,4.32,3.86,4.73,1.55,3.91,3.95,4.45,3.95,1.14,4.73,2.82,4.59,4.18,4.14,1.68,3.59,2.0,3.91,4.0,4.64,3.48,3.59,1.73,4.45,3.5,2.09,3.05,4.0,4.27,1.5,1.18,4.73,3.55,3.45,4.23,3.73,4.09,4.0,4.23,Human Resources Managers,Management
11-3131,1.5,2.12,3.62,1.25,3.88,1.5,1.0,1.38,1.0,1.0,2.88,1.75,2.75,3.88,1.0,1.0,1.0,1.75,3.75,3.75,1.62,2.62,2.88,1.0,3.75,1.0,2.5,3.88,4.0,3.75,2.75,1.0,3.75,1.0,1.0,1.0,2.75,1.0,1.0,3.88,3.88,2.88,1.0,1.12,1.0,2.62,1.75,2.12,2.62,1.5,3.88,3.88,3.89,2.68,4.68,3.25,4.79,1.32,4.07,4.25,4.46,4.04,1.68,4.61,3.38,3.64,4.71,4.29,1.61,3.68,1.93,4.14,3.57,4.46,3.54,3.21,1.21,4.32,3.14,1.82,1.5,4.0,4.11,1.21,1.07,3.57,3.96,3.52,3.14,4.18,4.93,4.32,4.71,Training and Development Managers,Management
11-9013,3.0,2.5,3.75,2.75,3.88,2.5,1.12,2.25,2.0,2.5,3.38,2.62,3.25,3.38,2.0,2.12,2.12,2.5,3.88,3.62,2.75,3.0,2.62,2.88,3.38,2.0,2.88,3.88,3.88,3.25,3.38,2.38,3.88,2.25,2.5,2.5,3.0,2.12,2.5,3.75,3.62,2.75,1.38,2.25,2.5,2.62,2.62,2.75,3.25,2.12,3.75,3.62,3.7,2.7,3.42,3.71,4.09,3.45,3.85,3.71,3.24,3.68,2.19,3.78,3.53,3.54,3.89,3.58,3.47,3.82,3.74,3.36,3.37,4.43,3.72,3.85,3.68,4.24,3.3,3.35,2.92,3.41,2.85,2.78,3.2,3.48,3.93,3.31,3.17,3.9,3.48,3.7,3.09,"Farmers, Ranchers, and Other Agricultural Managers",Management
11-9021,2.25,2.88,3.75,2.38,4.0,2.38,1.0,1.88,1.62,2.12,3.62,1.88,3.62,3.38,2.0,2.0,2.12,2.12,3.88,4.0,1.75,3.5,2.75,2.0,3.88,1.5,3.25,4.0,4.0,3.12,3.0,1.62,4.12,1.62,2.0,1.5,3.38,1.5,2.12,3.88,3.75,3.12,1.12,2.0,2.12,3.0,2.75,3.0,3.88,1.75,4.0,3.88,3.75,3.21,3.95,4.05,4.4,3.0,4.2,3.6,4.0,4.1,3.35,3.9,3.74,4.26,4.15,4.1,3.05,3.89,4.25,3.5,3.68,4.21,4.25,3.95,3.1,4.25,3.6,3.35,2.8,4.0,3.45,2.6,2.45,3.95,4.25,3.35,3.7,3.53,4.0,4.0,3.7,Construction Managers,Management
11-9031,2.0,2.25,3.12,1.38,4.0,1.75,1.0,1.88,1.5,1.88,3.12,2.0,2.88,3.38,1.0,1.75,1.75,2.0,3.88,3.75,1.88,2.88,3.0,1.62,3.5,1.0,2.75,4.0,4.0,3.25,2.62,1.0,3.88,1.0,1.0,1.0,3.12,1.0,1.0,3.88,3.88,2.75,1.0,1.88,1.88,2.88,2.12,2.0,2.38,1.62,4.0,4.12,2.63,4.28,3.98,4.15,4.3,1.56,3.91,3.55,3.95,3.84,1.42,4.33,3.07,4.23,3.95,4.08,2.65,3.5,3.38,3.13,3.8,4.08,3.34,3.72,1.77,3.84,3.88,2.84,4.1,3.09,3.48,1.45,1.21,4.03,3.78,3.14,3.57,3.76,4.36,3.73,3.57,"Education and Childcare Administrators, Preschool and Daycare",Management
11-9032,1.12,2.38,3.88,1.0,4.5,1.75,1.0,1.12,1.5,1.38,3.25,1.5,3.12,4.0,1.0,1.75,1.38,2.0,4.12,4.0,1.0,3.12,3.0,1.12,3.88,1.0,2.88,4.75,4.88,3.88,2.88,1.12,4.25,1.0,1.0,1.38,3.12,1.12,1.0,4.62,4.25,3.12,1.0,1.88,1.25,3.0,2.25,2.12,2.5,1.75,4.75,4.38,4.03,3.74,4.6,4.53,4.65,2.12,4.38,3.96,4.64,3.98,1.86,4.86,3.2,3.47,4.61,3.96,2.05,3.75,2.98,3.69,3.81,4.69,3.93,3.71,2.01,4.48,4.15,2.3,4.06,4.1,4.2,1.7,1.74,4.44,3.48,3.3,4.06,4.14,4.77,3.94,4.12,"Education Administrators, Kindergarten through Secondary",Management
11-9033,1.12,2.0,3.62,1.0,3.88,1.12,1.0,1.25,1.0,1.0,2.75,1.62,3.12,3.75,1.0,1.0,1.0,2.0,4.0,3.75,1.0,2.88,2.75,1.0,3.75,1.0,2.88,4.0,4.12,3.88,2.62,1.0,4.12,1.0,1.0,1.0,3.38,1.0,1.0,4.0,4.0,2.88,1.0,1.0,1.0,2.75,1.5,2.0,2.62,1.0,4.12,4.12,4.05,2.78,3.8,3.73,4.37,1.24,3.79,4.1,3.96,3.28,1.08,4.41,3.13,4.17,4.39,3.93,1.28,4.11,1.83,3.91,3.83,4.66,3.55,3.17,1.23,4.33,3.73,1.76,2.67,3.89,3.53,1.23,1.17,3.84,3.62,3.15,3.38,4.11,3.38,4.0,4.04,"Education Administrators, Postsecondary",Management
11-9041,2.375,2.25,3.375,2.19,3.94,2.125,1.0,1.375,1.0,1.375,3.185,2.5,3.185,3.565,1.0,1.375,1.375,2.25,3.815,3.815,2.19,3.69,2.685,1.81,3.625,1.0,3.315,4.0600000000000005,3.935,3.56,2.88,1.0,3.94,1.375,1.375,1.44,3.31,1.0,1.25,3.69,3.565,2.815,1.0,1.44,1.375,2.69,1.75,2.94,3.315,1.5,4.125,3.88,4.1499999999999995,2.45,3.4050000000000002,4.05,4.465,2.735,4.195,3.49,3.81,3.8899999999999997,3.56,3.73,4.015,4.095,4.61,3.83,2.055,4.12,3.45,3.7,3.75,4.494999999999999,3.92,3.0949999999999998,1.865,4.005,2.56,2.34,2.24,4.1850000000000005,3.2199999999999998,2.355,2.0949999999999998,3.125,3.475,2.835,2.765,4.135,3.55,4.1899999999999995,4.57,Architectural and Engineering Managers,Management
11-9051,2.88,2.62,3.0,2.0,3.88,1.88,1.0,2.0,1.62,2.0,3.0,2.88,2.62,2.88,1.0,2.0,1.75,1.88,3.0,3.0,3.0,2.75,2.75,2.0,3.12,1.0,3.0,3.88,3.88,2.88,2.88,1.0,3.88,1.62,1.88,1.38,3.12,1.0,1.25,3.75,3.12,2.75,1.38,2.12,2.0,2.88,2.38,2.12,2.12,1.88,3.88,3.0,3.29,3.0,4.16,3.34,3.96,2.96,4.05,3.46,3.63,3.07,2.21,4.03,3.8,4.01,4.28,3.93,3.63,4.36,3.99,3.21,3.67,4.24,3.97,3.65,1.93,3.65,3.41,3.85,3.63,3.44,3.34,2.36,2.5,3.7,3.68,3.37,3.9,3.52,4.15,3.64,3.26,Food Service Managers,Management
11-9071,1.88,2.75,3.25,1.5,3.75,2.0,1.0,1.88,1.88,1.0,3.38,2.0,3.25,3.0,1.0,2.0,1.88,2.12,3.88,3.5,1.88,3.0,2.88,1.5,3.62,1.0,3.25,3.88,4.0,2.75,3.12,1.12,3.75,1.38,1.75,1.5,3.12,1.0,1.0,3.75,3.75,3.12,1.5,2.0,1.5,3.0,2.12,2.75,2.38,1.25,3.38,3.5,3.71,2.5,3.84,3.05,4.35,2.79,3.46,3.29,3.51,3.89,1.79,3.88,2.83,4.16,4.19,3.68,2.3,3.66,2.82,3.33,3.39,4.21,3.65,3.32,1.53,3.62,3.2,2.17,4.32,3.65,3.3,2.05,1.93,4.06,3.66,2.56,3.73,3.29,3.64,3.4,4.05,Gambling Managers,Management
11-9072,1.88,2.12,3.25,1.5,3.5,1.75,1.0,1.75,1.5,1.88,2.75,1.62,2.75,3.5,1.12,2.12,2.0,1.75,3.5,3.25,1.62,2.62,2.5,2.38,3.5,1.12,2.75,4.0,4.12,3.25,2.38,1.25,3.62,1.25,1.25,1.12,3.0,1.12,1.38,3.75,3.88,2.25,1.12,1.88,1.88,2.62,2.12,2.0,2.5,1.75,3.62,3.75,3.16,3.51,3.94,4.39,4.67,1.95,3.66,3.89,4.13,3.74,1.67,4.63,3.33,2.85,4.42,4.31,3.39,3.96,2.88,4.31,3.44,4.58,3.61,3.46,2.44,4.37,3.37,3.62,4.25,3.38,3.5,1.94,1.78,4.25,4.19,2.94,3.9,4.6,4.32,4.09,4.34,"Entertainment and Recreation Managers, Except Gambling",Management
11-9081,2.62,2.12,3.25,2.0,3.62,2.38,1.0,2.0,1.5,2.0,2.88,2.5,3.0,3.62,1.62,2.0,2.0,2.25,3.62,3.75,2.0,3.38,2.62,2.12,3.12,1.5,2.75,4.0,4.12,3.38,2.88,1.62,4.0,2.0,2.0,2.0,3.0,1.62,2.12,4.0,4.0,2.88,1.0,2.0,1.88,2.88,2.12,2.38,2.5,2.0,4.0,4.0,3.48,3.72,4.02,4.16,4.47,2.53,4.19,3.86,3.73,3.38,1.62,4.14,2.28,3.5,4.28,3.85,2.66,4.27,3.12,3.07,3.19,4.38,3.34,3.16,2.53,3.95,4.07,2.61,4.16,3.56,3.47,1.88,2.09,4.11,3.96,3.58,3.92,3.98,4.29,3.59,4.27,Lodging Managers,Management
11-9111,1.5,2.25,3.5,1.25,4.0,2.0,1.0,1.75,1.0,1.0,2.88,1.5,2.88,3.25,1.0,1.0,1.0,2.0,4.0,3.62,1.5,2.88,2.75,1.0,3.75,1.0,2.88,4.25,4.0,3.12,2.75,1.0,4.0,1.0,1.0,1.0,2.88,1.0,1.0,4.0,3.88,2.38,1.0,1.0,1.0,2.5,2.0,2.0,2.12,1.75,4.12,4.0,4.36,3.54,4.5,3.85,4.63,2.37,4.32,3.96,4.25,4.07,1.86,4.44,3.25,4.54,4.48,4.29,1.96,3.89,2.54,3.89,3.74,4.43,4.11,4.15,1.68,4.29,4.04,2.25,3.25,4.29,3.96,1.71,1.64,4.14,4.18,3.07,4.14,3.78,4.19,4.32,4.56,Medical and Health Services Managers,Management
11-9121,1.2466666666666668,2.1666666666666665,3.5033333333333334,1.4566666666666668,3.9599999999999995,1.9166666666666667,1.0,1.1666666666666667,1.04,1.1666666666666667,2.9599999999999995,1.9166666666666667,3.1233333333333335,3.1666666666666665,1.1266666666666667,1.1666666666666667,1.1666666666666667,2.0,3.92,3.8766666666666665,1.2066666666666668,3.1666666666666665,2.54,1.4566666666666668,3.706666666666667,1.1266666666666667,3.1233333333333335,4.0,4.0,3.17,2.75,1.1666666666666667,3.92,1.1666666666666667,1.2066666666666668,1.2066666666666668,2.9599999999999995,1.1666666666666667,1.2866666666666668,3.75,3.5833333333333335,2.67,1.0,1.1266666666666667,1.1666666666666667,2.6266666666666665,1.6666666666666667,2.3766666666666665,2.6266666666666665,1.3333333333333333,4.04,3.9599999999999995,4.156666666666666,2.66,3.3533333333333335,3.686666666666667,4.2299999999999995,2.263333333333333,3.6999999999999997,3.7000000000000006,3.4899999999999998,4.253333333333333,2.35,4.023333333333333,3.3366666666666664,4.086666666666667,4.46,3.1966666666666668,2.11,4.006666666666667,3.026666666666667,3.703333333333333,3.36,4.260000000000001,4.12,3.1300000000000003,1.96,4.273333333333333,3.206666666666667,2.376666666666667,2.8333333333333335,3.91,3.1300000000000003,1.99,1.8566666666666667,2.8666666666666667,3.9466666666666668,2.44,2.5566666666666666,3.5766666666666667,3.4166666666666665,4.093333333333334,4.31,Natural Sciences Managers,Management
11-9131,1.38,2.75,3.5,1.5,3.88,2.0,1.0,1.38,1.5,1.5,2.75,2.25,3.0,3.0,1.0,2.0,1.5,2.38,3.75,3.62,1.0,2.88,2.5,1.62,3.62,1.0,2.75,4.0,4.0,3.0,2.88,1.0,3.75,1.62,1.62,1.0,3.0,1.0,1.0,3.88,3.88,2.75,1.5,2.12,1.62,2.88,2.12,2.5,2.5,1.38,4.0,3.5,3.67,2.95,3.97,3.64,4.49,2.59,4.12,3.78,3.75,3.93,1.92,3.99,3.24,3.86,4.53,4.14,2.43,3.99,3.2,3.76,3.68,4.4,3.83,3.41,2.3,4.15,4.14,2.58,3.39,3.82,3.43,1.67,1.78,4.41,4.16,3.19,3.78,3.27,3.64,3.54,4.29,Postmasters and Mail Superintendents,Management
11-9141,1.0,1.62,3.0,1.38,3.5,1.62,1.0,1.0,1.0,1.12,2.88,1.5,2.5,3.0,1.0,1.12,1.0,1.62,3.62,3.12,1.0,3.0,2.12,1.38,3.0,1.12,3.0,4.0,4.0,2.75,2.12,1.0,3.62,1.0,1.0,1.0,3.0,1.0,1.25,3.62,3.62,2.12,1.0,1.0,1.0,2.62,1.62,1.88,2.25,1.38,4.0,3.75,3.5,2.7,3.53,4.1,4.35,1.55,4.15,3.37,4.0,3.37,1.4,4.15,2.6,3.6,4.4,3.95,1.4,3.0,3.1,3.16,3.25,4.47,3.05,3.6,2.1,4.05,3.63,2.05,3.35,3.65,3.35,1.9,1.65,4.11,3.65,3.1,3.45,3.35,3.8,4.0,4.2,"Property, Real Estate, and Community Association Managers",Management
11-9151,2.0,2.12,3.0,2.0,3.88,1.75,1.0,1.25,1.0,1.38,2.88,2.25,3.0,3.62,1.0,1.12,1.25,2.0,3.75,3.5,1.5,2.88,2.75,1.38,3.12,1.0,2.88,4.12,4.38,3.75,2.75,1.0,4.0,1.0,1.0,1.0,2.88,1.0,1.0,3.88,3.88,2.62,1.0,1.38,1.12,2.88,1.75,2.38,2.5,1.5,4.0,3.88,3.48,4.01,3.32,4.11,4.65,1.64,3.99,3.98,3.76,3.84,1.43,4.13,2.23,4.04,4.48,3.74,1.92,3.98,2.51,3.46,3.51,4.05,3.8,2.4,2.18,4.28,4.15,2.46,3.64,3.62,3.35,1.3,1.19,3.78,3.86,2.27,2.83,3.87,3.63,4.15,4.23,Social and Community Service Managers,Management
11-9161,2.0,2.12,3.62,1.5,4.12,2.0,1.0,1.38,1.25,1.62,3.0,1.75,3.0,3.88,1.75,1.25,1.25,1.88,4.0,3.88,1.88,2.88,2.88,1.75,3.62,1.75,2.88,4.12,4.12,3.75,3.0,1.75,4.0,1.62,1.62,1.75,3.0,1.62,2.0,4.12,3.88,3.0,1.0,1.62,1.5,3.0,2.12,1.88,3.12,1.75,4.0,4.0,3.77,3.9,3.73,4.27,4.5,2.33,4.14,4.14,4.43,4.24,2.14,4.5,3.14,3.81,4.45,4.14,2.5,4.0,3.27,3.86,3.5,4.48,3.73,4.05,3.1,4.32,3.71,2.71,4.23,3.81,3.73,2.29,2.18,3.89,3.55,3.14,3.59,3.65,4.25,3.95,4.35,Emergency Management Directors,Management
11-9171,2.12,2.25,3.12,2.12,3.38,2.25,1.0,1.75,1.38,1.75,2.88,2.25,2.5,3.0,1.62,1.75,1.62,2.12,3.0,3.38,2.0,2.75,2.62,2.25,3.62,1.75,2.62,4.0,3.88,2.88,2.5,1.88,3.62,1.38,1.62,1.75,2.75,1.62,2.0,3.62,3.5,2.12,1.0,1.75,2.0,2.75,2.25,2.5,2.5,1.38,3.88,3.75,3.2,4.58,3.89,4.17,4.34,3.03,4.42,3.65,3.57,4.13,1.7,4.52,2.87,4.2,4.58,4.17,3.95,4.28,3.56,3.87,3.99,4.66,4.19,3.32,3.54,4.43,4.32,3.89,4.79,4.32,4.29,1.92,1.99,3.85,4.22,3.48,2.6,4.4,3.95,4.29,4.29,Funeral Home Managers,Management
11-9179,2.06,2.25,3.185,1.75,3.94,1.94,1.56,2.0,1.69,2.125,2.875,2.25,2.75,3.5,1.0,2.13,1.935,1.935,3.62,3.5,2.0,2.75,2.75,2.31,3.375,1.0,2.69,4.0,4.0,3.12,2.56,1.125,3.875,1.56,1.5,1.63,2.875,1.0,1.5,3.815,3.815,2.315,1.875,2.13,2.315,2.88,2.625,2.25,2.69,1.81,3.75,3.565,3.365,4.05,4.234999999999999,3.5549999999999997,4.46,2.435,4.03,3.65,4.0600000000000005,3.535,1.74,4.355,3.1100000000000003,3.705,4.05,4.12,3.0149999999999997,3.62,3.6399999999999997,3.29,3.54,4.025,3.89,3.3899999999999997,1.645,3.825,3.98,3.5700000000000003,3.8150000000000004,3.3499999999999996,3.675,1.71,1.995,3.965,4.22,3.55,3.665,3.9699999999999998,3.95,4.04,3.9299999999999997,Fitness and Wellness Coordinators,Management
11-9199,1.5,2.1683333333333334,3.206666666666667,1.625,3.918333333333333,1.9166666666666667,1.0,1.4366666666666668,1.3733333333333333,1.3966666666666665,2.9783333333333335,1.8333333333333333,3.02,3.1650000000000005,1.2083333333333333,1.3733333333333333,1.375,2.0816666666666666,3.918333333333333,3.5833333333333335,1.5816666666666668,2.8333333333333335,2.563333333333333,1.5633333333333332,3.7283333333333335,1.2083333333333333,2.7083333333333335,4.0200000000000005,4.06,3.043333333333333,2.7283333333333335,1.2683333333333333,3.9983333333333335,1.2283333333333333,1.4366666666666668,1.4566666666666668,2.98,1.2283333333333333,1.3733333333333333,3.7916666666666665,3.7716666666666665,2.5833333333333335,1.25,1.3733333333333333,1.3950000000000002,2.518333333333333,1.9583333333333333,2.2716666666666665,2.645,1.6266666666666667,4.0,4.0216666666666665,4.058333333333334,2.73,3.4933333333333336,4.281666666666667,4.498333333333334,2.165,3.8433333333333337,3.715,3.84,4.148333333333333,2.18,4.21,3.373333333333333,4.453333333333333,4.475,3.525,2.1233333333333335,4.101666666666667,3.1633333333333336,3.935,3.6566666666666663,4.546666666666667,3.7533333333333334,3.195,2.455,4.156666666666667,3.2816666666666663,2.4483333333333337,3.1016666666666666,3.9283333333333332,3.5416666666666665,1.9549999999999998,2.0433333333333334,3.7816666666666663,3.7916666666666665,3.2216666666666662,2.7183333333333333,3.608333333333333,3.561666666666667,4.095,4.283333333333333,Regulatory Affairs Managers,Management
13-1011,1.25,1.75,3.0,1.25,3.75,1.25,1.0,1.0,1.0,1.0,2.88,1.62,2.12,3.25,1.0,1.0,1.0,1.62,3.62,3.25,1.25,2.62,2.0,1.25,3.5,1.0,2.38,4.0,4.12,3.12,1.88,1.0,3.88,1.0,1.0,1.0,2.88,1.0,1.0,3.88,3.88,2.12,1.0,1.0,1.0,2.5,1.62,1.88,2.0,1.25,4.0,3.62,2.66,2.28,2.56,3.95,3.51,1.15,3.23,3.37,2.84,2.92,1.27,4.13,2.28,2.42,4.51,2.14,1.62,3.48,1.34,2.89,3.09,3.59,2.31,2.31,1.13,3.81,2.99,1.49,2.56,2.33,3.21,1.07,1.1,3.36,3.73,3.68,1.79,4.01,1.87,3.85,3.7,"Agents and Business Managers of Artists, Performers, and Athletes",Business & Financial
13-1021,1.88,2.0,3.0,1.75,3.62,1.88,1.0,1.5,1.0,1.5,3.0,2.12,2.5,3.0,1.0,1.5,1.5,2.0,3.38,3.12,1.75,3.12,2.38,1.75,3.38,1.0,3.12,3.62,4.0,3.0,2.5,1.0,3.38,1.0,1.0,1.12,2.88,1.0,1.12,3.62,3.38,2.25,1.0,1.88,1.75,2.88,1.88,2.62,2.12,1.0,3.62,3.25,3.74,2.29,2.93,4.02,4.06,2.28,3.41,3.49,3.46,3.59,1.53,4.22,3.34,3.54,4.4,3.12,1.66,4.01,2.12,3.03,3.7,4.16,3.28,3.4,1.74,3.89,3.29,2.17,3.17,3.68,3.29,1.58,1.3,3.49,2.99,3.52,2.5,3.45,3.31,3.74,3.61,"Buyers and Purchasing Agents, Farm Products",Business & Financial
13-1022,2.0,1.75,3.25,1.0,3.75,1.62,1.0,1.75,1.25,1.75,2.75,2.0,2.88,3.0,1.0,1.25,1.12,1.75,3.25,3.12,2.0,3.5,2.12,1.88,3.12,1.0,3.25,4.0,4.0,3.0,2.62,1.0,3.62,1.0,1.0,1.0,3.0,1.0,1.0,3.62,3.5,2.75,1.38,1.5,2.0,2.0,2.12,2.62,2.5,1.5,3.75,3.0,3.49,2.56,2.71,3.77,4.04,2.31,2.67,2.98,2.81,3.21,1.66,3.64,3.29,2.87,4.22,2.67,2.56,3.8,2.49,2.47,3.21,3.74,3.43,3.63,1.61,3.58,3.26,2.4,2.37,3.92,2.45,1.07,1.22,3.57,2.89,2.98,2.22,3.3,2.54,3.67,4.02,"Wholesale and Retail Buyers, Except Farm Products",Business & Financial
13-1023,1.12,1.75,3.38,1.0,3.88,1.38,1.0,1.25,1.0,1.0,2.25,1.38,2.62,3.12,1.0,1.0,1.0,1.75,4.0,3.62,1.0,3.0,2.62,1.0,3.88,1.0,3.25,4.0,4.0,3.0,2.25,1.0,3.5,1.0,1.0,1.0,2.88,1.0,1.0,3.62,3.75,2.5,1.0,1.0,1.0,2.62,1.88,2.12,2.12,1.5,4.12,4.0,4.06,2.16,3.83,4.47,4.42,1.58,3.28,3.58,3.58,4.11,2.11,4.21,3.21,4.05,4.58,3.68,1.79,3.89,2.68,3.67,3.81,4.11,3.44,3.11,1.53,4.16,3.42,1.74,3.0,4.05,3.5,1.42,1.37,3.89,3.39,2.26,2.95,3.32,3.63,3.68,4.32,"Purchasing Agents, Except Wholesale, Retail, and Farm Products",Business & Financial
13-1031,1.75,2.38,3.38,1.5,4.0,1.5,1.0,1.5,1.0,1.0,2.88,1.75,3.25,2.75,1.0,1.0,1.0,1.88,4.0,3.5,1.75,3.0,2.62,1.0,3.88,1.0,3.0,4.12,4.12,2.62,3.0,1.0,3.62,1.0,1.0,1.0,3.0,1.0,1.38,3.62,3.5,3.0,1.12,1.0,1.0,2.62,2.38,2.12,2.5,2.0,4.38,3.88,4.06,2.92,2.33,4.58,4.38,1.52,2.51,2.89,3.02,4.34,1.35,4.01,3.33,3.85,4.56,2.14,1.55,4.48,2.7,3.74,3.55,4.48,3.56,2.74,2.01,4.23,3.18,1.72,3.55,4.04,2.46,1.14,1.14,4.29,3.02,2.4,2.02,2.9,2.75,3.98,4.68,"Claims Adjusters, Examiners, and Investigators",Business & Financial
13-1032,2.5,2.12,3.12,2.12,3.25,2.38,1.0,1.5,1.38,1.75,2.38,2.12,2.88,2.38,2.0,1.62,1.25,2.25,3.25,3.12,2.12,2.62,2.0,2.0,3.25,1.75,2.75,4.0,4.0,2.38,2.38,1.88,3.75,1.5,1.5,1.5,3.12,1.62,2.12,3.5,3.5,2.25,1.0,1.38,1.62,2.25,1.88,2.25,2.38,1.25,3.75,3.62,3.77,3.35,2.27,4.26,4.32,2.3,2.25,3.12,2.69,4.52,2.12,3.54,3.77,3.43,4.24,2.43,1.67,3.99,3.75,3.26,3.66,4.52,3.2,3.09,3.81,4.09,3.17,2.75,4.39,3.77,3.27,2.53,1.34,4.41,3.6,2.81,1.83,3.09,3.14,4.04,4.68,"Insurance Appraisers, Auto Damage",Business & Financial
13-1041,1.7485714285714287,2.392857142857143,3.392857142857143,1.6771428571428573,3.948571428571429,2.0185714285714282,1.0,1.554285714285714,1.2842857142857143,1.5728571428571427,3.0185714285714282,2.2671428571428573,3.3414285714285716,3.105714285714286,1.5371428571428571,1.4642857142857142,1.447142857142857,2.197142857142857,3.8385714285714285,3.75,1.7142857142857142,2.6957142857142857,2.7114285714285713,1.7328571428571427,3.7514285714285713,1.4100000000000001,2.66,4.017142857142857,3.9814285714285718,2.914285714285714,3.0714285714285716,1.4828571428571427,3.857142857142857,1.4657142857142857,1.552857142857143,1.5185714285714285,3.0542857142857143,1.4642857142857142,1.6600000000000001,3.697142857142857,3.6614285714285715,2.855714285714286,1.2328571428571427,1.552857142857143,1.5885714285714287,2.712857142857143,1.9985714285714287,2.4642857142857144,2.6785714285714284,1.6071428571428572,4.09,3.9814285714285718,3.91,2.52,2.991428571428571,4.315714285714286,4.41,1.852857142857143,3.1314285714285717,3.2871428571428574,3.162857142857143,4.1971428571428575,1.6457142857142857,3.992857142857143,2.924285714285714,4.458571428571429,4.542857142857143,2.9628571428571426,2.1871428571428573,3.9957142857142856,2.8000000000000003,3.8242857142857143,3.261428571428571,4.180000000000001,3.5042857142857144,2.4614285714285713,2.4642857142857144,3.98,3.5914285714285716,2.4714285714285715,3.5185714285714282,4.018571428571429,3.3971428571428572,1.587142857142857,1.4728571428571429,3.697142857142857,3.391428571428571,2.3757142857142854,2.392857142857143,3.1028571428571428,3.217142857142857,3.9371428571428573,4.272857142857143,Compliance Officers,Business & Financial
13-1051,1.0,1.62,3.12,1.0,3.75,1.5,1.0,1.0,1.0,1.0,2.75,1.5,3.0,3.0,1.0,1.0,1.0,1.5,4.12,3.62,1.12,4.0,2.0,1.0,3.75,1.0,3.88,4.0,4.0,2.88,2.88,1.0,3.12,1.0,1.0,1.0,3.0,1.0,1.25,3.5,3.25,2.75,1.0,1.0,1.0,2.12,1.75,1.88,3.0,1.62,3.88,3.75,4.57,1.95,3.36,3.77,4.27,1.1,3.05,3.36,3.36,3.81,2.0,3.82,4.48,3.64,4.64,3.27,1.5,3.82,2.32,3.76,3.36,4.32,3.45,2.75,1.14,3.81,2.59,1.55,1.64,4.09,3.43,1.27,1.18,2.95,3.81,2.59,2.0,3.55,3.09,4.23,4.57,Cost Estimators,Business & Financial
13-1071,1.5,1.88,3.12,1.38,3.88,1.25,1.0,1.25,1.0,1.0,2.12,1.88,2.75,2.75,1.0,1.0,1.0,1.75,3.25,3.25,1.5,2.25,2.25,1.0,3.62,1.0,2.25,4.0,4.0,2.75,2.0,1.0,3.88,1.0,1.0,1.0,2.88,1.0,1.0,3.88,3.88,2.0,1.0,1.0,1.0,2.12,1.75,1.75,2.0,1.38,4.0,3.88,3.31,3.54,3.43,3.67,4.66,1.7,3.01,3.09,3.44,4.38,1.04,4.28,2.51,4.15,4.26,3.14,1.96,3.38,1.56,3.3,3.2,4.19,3.34,2.65,1.05,4.21,4.38,2.16,3.02,3.72,3.68,1.06,1.03,4.11,3.67,2.41,3.23,3.31,3.64,3.94,4.55,Human Resources Specialists,Business & Financial
13-1074,2.38,2.12,2.62,2.88,2.88,2.5,1.0,1.88,1.0,1.88,2.5,2.0,2.25,2.12,2.0,2.0,1.75,2.12,2.75,2.88,2.38,2.12,2.12,2.88,3.0,1.88,2.12,3.62,3.5,2.0,2.12,2.12,3.12,2.38,2.38,2.25,2.75,1.62,2.0,3.38,3.25,2.0,2.12,2.0,2.12,2.5,2.38,2.25,1.88,1.12,2.88,2.88,2.38,2.77,2.76,1.73,2.65,1.75,2.8,2.2,2.27,2.45,1.03,3.17,2.54,3.67,2.69,2.38,2.13,2.87,3.41,1.82,3.27,3.02,2.89,2.81,3.52,2.88,3.22,2.67,2.28,2.8,1.78,1.3,1.89,2.56,2.76,2.55,2.29,1.72,3.41,2.26,2.54,Farm Labor Contractors,Business & Financial
13-1075,1.0,1.88,3.12,1.0,3.75,1.12,1.0,1.0,1.0,1.0,2.62,1.0,2.75,3.5,1.0,1.0,1.0,1.75,3.75,3.38,1.0,2.5,2.75,1.0,3.5,1.0,2.75,4.12,4.25,3.5,2.5,1.0,4.0,1.0,1.0,1.0,2.88,1.0,1.0,3.75,3.62,2.75,1.0,1.0,1.0,2.62,1.88,1.75,2.38,1.62,4.0,4.0,3.57,2.71,3.05,3.38,4.1,1.38,3.2,3.15,3.47,3.2,1.1,4.25,2.11,4.0,4.45,3.0,1.38,3.25,1.62,3.62,3.29,4.3,2.57,2.6,1.67,3.8,3.15,1.48,2.7,3.85,3.19,1.15,1.1,4.48,3.48,2.5,2.62,3.35,3.21,3.71,3.52,Labor Relations Specialists,Business & Financial
13-1081,1.1666666666666667,2.0833333333333335,3.33,1.2066666666666668,3.9166666666666665,1.7533333333333332,1.0,1.1666666666666667,1.04,1.0,2.9599999999999995,1.8733333333333333,3.1666666666666665,3.5,1.0,1.0,1.0,1.8766666666666667,3.9166666666666665,3.9166666666666665,1.1666666666666667,3.58,2.75,1.0,3.793333333333333,1.0,3.3733333333333335,4.0,4.0,3.5,2.9166666666666665,1.0,3.8733333333333335,1.0,1.0,1.0,3.043333333333333,1.0,1.1233333333333333,3.7533333333333334,3.75,2.793333333333333,1.0,1.0,1.0,2.706666666666667,1.75,2.2066666666666666,3.0400000000000005,1.4166666666666667,4.0,3.6233333333333335,4.196666666666666,2.283333333333333,3.4,4.06,4.346666666666667,2.0466666666666664,3.3699999999999997,3.723333333333333,3.5733333333333337,3.723333333333333,2.066666666666667,4.043333333333333,3.3266666666666667,3.6966666666666668,4.36,3.34,1.8999999999999997,3.6999999999999997,2.38,3.8000000000000003,3.3699999999999997,4.243333333333333,3.856666666666667,3.2466666666666666,1.9100000000000001,4.17,3.0400000000000005,1.9433333333333334,2.186666666666667,4.103333333333333,3.3666666666666667,1.7366666666666666,1.6500000000000001,3.34,3.6,2.89,2.823333333333333,3.6533333333333338,3.42,3.8833333333333333,4.453333333333333,Logisticians,Business & Financial
13-1111,1.0,2.0,3.25,1.0,4.0,1.38,1.0,1.0,1.0,1.0,2.88,1.62,3.0,3.75,1.0,1.0,1.0,2.0,4.0,3.62,1.0,3.0,2.88,1.0,3.38,1.0,2.88,4.12,4.12,3.25,2.62,1.0,4.12,1.0,1.0,1.0,3.0,1.0,1.0,3.88,3.88,2.62,1.0,1.0,1.0,2.75,2.0,2.0,2.12,1.75,4.12,4.0,4.4,2.48,3.76,4.33,4.65,1.57,3.6,4.38,3.9,4.05,1.52,4.65,3.52,3.9,4.7,3.14,1.71,4.0,2.0,4.38,3.6,4.62,3.86,3.2,1.67,4.29,3.19,1.71,2.9,4.15,4.45,1.33,1.24,3.95,3.4,3.95,2.38,4.14,3.76,4.24,4.29,Management Analysts,Business & Financial
13-1121,2.38,2.38,3.12,2.0,3.88,1.88,1.0,1.88,1.25,1.88,3.12,2.38,2.88,3.75,1.88,1.88,1.88,1.88,3.62,3.5,2.25,3.0,2.38,1.75,3.62,1.12,2.88,4.0,4.0,3.62,2.62,1.12,3.88,1.5,1.62,1.12,3.12,1.12,1.62,3.75,4.0,2.5,1.12,2.0,1.88,3.0,2.25,2.38,3.0,1.62,4.0,4.0,3.39,3.13,3.86,4.47,4.51,2.72,3.93,3.52,4.08,3.7,2.28,4.13,3.27,3.29,4.12,3.83,3.22,4.05,3.32,3.86,4.18,4.56,3.41,3.76,2.35,4.63,4.05,3.34,4.34,4.01,3.58,2.62,1.91,4.18,4.34,3.59,2.85,3.99,3.36,3.82,4.43,"Meeting, Convention, and Event Planners",Business & Financial
13-1131,1.0,1.62,3.12,1.5,3.75,1.62,1.0,1.0,1.0,1.0,2.75,1.88,2.62,3.75,1.0,1.0,1.0,1.62,3.88,3.25,1.0,3.0,2.38,1.25,3.62,1.0,3.0,4.0,4.12,3.25,2.0,1.0,3.5,1.0,1.0,1.0,2.75,1.0,1.12,4.12,4.0,2.12,1.0,1.0,1.0,2.75,1.38,1.88,2.25,1.38,4.0,4.0,4.1,2.76,3.9,4.71,4.19,1.57,3.33,4.4,4.05,3.71,1.1,4.81,3.0,3.1,4.48,3.24,1.38,3.19,1.55,3.6,3.43,4.4,2.43,2.95,2.4,4.24,3.1,1.76,3.79,3.71,3.9,1.35,1.1,3.65,3.68,4.1,2.62,4.38,3.38,4.0,4.38,Fundraisers,Business & Financial
13-1141,1.5,2.0,3.0,1.25,3.62,1.25,1.0,1.25,1.0,1.0,2.62,1.62,3.0,3.0,1.0,1.0,1.0,1.62,3.62,3.38,1.38,3.12,2.0,1.0,3.25,1.0,2.88,3.88,4.0,3.0,2.62,1.0,3.62,1.0,1.0,1.0,3.0,1.0,1.0,3.5,3.25,2.62,1.0,1.0,1.0,2.0,1.75,1.75,2.0,1.62,3.88,3.38,4.14,2.52,2.81,3.9,4.19,1.52,2.71,3.3,3.14,3.62,1.48,3.95,2.52,4.29,4.24,2.8,1.67,2.86,1.67,3.43,3.1,4.05,2.86,2.67,1.29,3.95,3.48,1.62,2.1,4.05,3.48,1.48,1.33,3.29,2.57,2.6,2.43,3.2,2.9,3.86,4.19,"Compensation, Benefits, and Job Analysis Specialists",Business & Financial
13-1151,1.0,2.12,3.25,1.0,3.75,1.75,1.0,1.0,1.0,1.0,3.12,1.62,2.62,3.75,1.0,1.0,1.0,2.0,3.62,3.25,1.0,2.5,3.0,1.0,3.75,1.0,2.5,4.0,4.12,3.62,2.62,1.0,3.75,1.0,1.0,1.0,3.0,1.0,1.12,4.0,4.0,2.62,1.0,1.0,1.0,2.75,2.12,2.0,2.38,1.38,4.0,4.0,3.7,2.78,4.3,3.57,4.61,1.68,3.43,4.09,3.57,3.59,1.74,4.32,2.91,3.52,4.26,3.0,1.83,3.65,2.09,4.17,3.22,4.13,3.3,2.83,1.57,3.96,2.96,2.0,2.74,3.78,4.19,1.61,1.43,3.27,3.57,3.27,2.68,3.91,4.57,4.3,4.04,Training and Development Specialists,Business & Financial
13-1161,1.25,1.815,3.625,1.19,3.94,1.435,1.0,1.0,1.0,1.0,2.685,1.75,3.06,3.94,1.0,1.0,1.0,1.88,3.935,3.815,1.25,3.065,2.625,1.0,3.37,1.0,2.935,4.0,4.0,3.315,2.565,1.0,3.75,1.0,1.0,1.0,2.94,1.0,1.0,3.75,3.5,2.625,1.0,1.0,1.0,2.5,1.5,2.0,2.25,1.25,4.0,3.94,4.715,1.65,3.0,4.0,4.195,1.545,3.175,4.279999999999999,3.175,3.6500000000000004,1.305,4.0649999999999995,3.3099999999999996,3.085,4.67,3.0,1.2149999999999999,4.0,1.85,4.465,3.145,4.58,3.26,3.1950000000000003,1.1749999999999998,4.140000000000001,3.025,1.23,2.1950000000000003,4.5600000000000005,3.955,1.345,1.09,2.8049999999999997,3.29,3.555,2.09,4.25,3.065,4.39,4.720000000000001,Market Research Analysts and Marketing Specialists,Business & Financial
13-1199,1.31,2.0300000000000002,3.2824999999999998,1.25,3.8125,1.7475,1.06,1.22,1.25,1.28,2.7824999999999998,1.9375,3.065,3.4699999999999998,1.03,1.25,1.22,2.0324999999999998,3.7800000000000002,3.625,1.345,2.8449999999999998,2.5,1.25,3.5,1.125,2.785,3.8449999999999998,3.9074999999999998,3.3125,2.7199999999999998,1.095,3.9375,1.0,1.25,1.25,2.935,1.125,1.215,3.5925000000000002,3.5025,2.5324999999999998,1.1875,1.25,1.3425,2.4675000000000002,1.815,2.215,2.6875,1.6575,3.9375,3.875,3.94,2.5300000000000002,3.1550000000000002,3.825,4.245,1.6425,3.275,3.795,3.3925,3.95,2.1275,4.154999999999999,3.2075,3.805,4.4475,3.245,1.755,3.97,2.67,3.6075,3.28,4.1575,3.4725,3.0175,1.6475,3.87,3.2875,1.925,2.7675,3.9825,3.545,1.4925000000000002,1.3375,3.3275,3.4325,3.4425,2.4074999999999998,3.6025,3.5,3.9375,4.415,Business Continuity Planners,Business & Financial
13-2011,1.0,2.12,3.25,1.0,3.75,1.5,1.0,1.62,1.0,1.0,2.25,1.12,3.0,2.88,1.0,1.0,1.0,1.75,3.75,3.62,1.12,3.38,2.38,1.0,3.75,1.0,3.25,4.0,3.88,2.75,3.0,1.0,3.75,1.0,1.0,1.0,2.88,1.12,1.12,3.38,3.38,2.88,1.0,1.0,1.0,2.38,2.0,1.88,2.12,1.88,3.88,3.75,4.13,2.44,3.44,3.8,4.42,1.56,3.63,3.31,3.6,4.27,1.23,4.14,2.91,4.36,4.46,3.37,1.61,3.74,2.14,3.72,3.04,4.17,3.62,3.19,1.33,4.17,3.74,1.56,2.42,4.19,3.31,1.28,1.16,3.2,3.49,2.75,2.95,3.33,3.68,4.06,4.45,Accountants and Auditors,Business & Financial
13-2022,1.75,2.12,3.5,1.62,3.75,2.0,1.0,1.62,1.38,1.62,3.25,2.0,2.88,2.62,1.12,1.5,1.62,2.25,3.75,3.62,1.75,3.25,2.38,1.38,4.0,1.12,3.25,4.0,3.88,2.62,2.62,1.38,3.5,1.12,1.25,1.12,3.0,1.25,1.75,3.75,3.88,2.75,1.12,1.62,1.62,2.12,2.0,3.0,2.5,1.62,3.88,3.62,4.65,2.04,2.74,3.96,3.48,1.57,3.13,3.3,2.87,4.48,1.52,4.0,3.96,4.13,4.83,2.82,2.87,4.65,3.96,3.91,4.39,4.39,3.04,2.83,1.83,3.96,3.74,2.96,3.04,4.61,3.26,1.59,1.39,2.65,3.48,2.59,2.0,3.26,2.96,4.61,4.39,Appraisers of Personal and Business Property,Business & Financial
13-2023,2.0,2.12,3.25,1.88,3.5,2.25,1.0,1.12,1.0,1.25,3.12,1.38,3.0,2.5,1.5,1.12,1.12,1.88,3.5,3.12,1.25,3.0,2.38,1.62,3.88,1.62,3.12,3.75,3.62,2.25,2.62,1.75,3.12,1.62,1.75,1.62,3.0,1.5,2.25,3.62,3.75,2.38,1.12,1.12,1.12,2.25,2.0,2.5,2.62,1.75,3.62,3.5,4.38,1.71,2.62,3.67,3.29,1.88,2.43,2.71,2.17,4.25,1.88,3.04,3.12,3.71,4.62,2.71,1.61,3.71,3.71,4.0,3.43,3.92,2.71,2.21,2.92,3.43,3.33,2.43,2.67,4.33,3.17,1.57,1.38,2.67,3.12,2.17,1.96,2.83,2.88,3.91,4.52,Appraisers and Assessors of Real Estate,Business & Financial
13-2031,1.5,2.0,3.12,1.5,3.75,1.5,1.0,1.12,1.0,1.0,2.62,1.88,2.88,3.0,1.0,1.0,1.0,2.0,3.62,3.75,1.5,3.88,2.25,1.0,3.38,1.0,3.88,3.88,3.88,2.88,3.0,1.0,3.75,1.0,1.0,1.0,3.0,1.0,1.0,3.62,3.25,2.12,1.0,1.0,1.0,2.62,1.75,2.0,2.0,1.38,3.88,3.62,4.01,2.4,2.12,2.86,4.23,1.56,2.39,3.35,2.38,3.82,1.44,3.43,2.81,3.83,4.47,2.11,1.68,3.78,1.62,3.15,2.51,3.81,3.37,2.9,1.35,3.99,2.94,1.69,2.01,4.44,2.53,1.45,1.32,2.43,2.68,1.94,1.89,3.22,2.28,3.71,4.48,Budget Analysts,Business & Financial
13-2041,1.62,1.75,3.12,1.38,3.75,1.38,1.0,1.0,1.0,1.0,2.0,2.0,3.0,2.88,1.0,1.0,1.0,1.62,3.88,3.62,1.62,3.75,2.38,1.0,3.62,1.0,3.75,3.88,4.0,2.62,3.0,1.0,3.75,1.0,1.0,1.0,2.88,1.0,1.0,3.12,3.25,2.75,1.0,1.0,1.0,2.0,1.5,1.75,1.88,1.25,3.88,3.38,4.65,1.65,2.95,2.95,4.25,1.45,2.3,2.5,2.6,3.53,1.15,3.75,2.5,3.75,4.58,2.65,1.25,3.55,1.65,3.8,2.95,4.05,2.85,1.75,1.05,3.65,2.65,1.25,1.85,4.4,2.6,1.05,1.0,2.58,2.5,2.2,1.95,2.6,3.0,3.85,4.45,Credit Analysts,Business & Financial
13-2052,1.0,1.75,3.0,1.0,3.75,1.38,1.0,1.0,1.0,1.0,2.5,1.38,2.75,3.12,1.0,1.0,1.0,1.62,3.88,3.38,1.0,3.62,2.62,1.0,3.75,1.0,3.75,4.0,4.0,3.0,2.88,1.0,3.62,1.0,1.0,1.0,2.88,1.0,1.0,4.0,3.62,2.62,1.0,1.0,1.0,2.62,1.75,1.75,2.0,1.5,4.0,3.75,4.68,3.27,3.12,4.21,3.77,1.04,2.76,3.92,2.96,4.04,1.04,4.56,3.08,4.0,4.77,3.0,1.08,3.38,1.12,4.23,3.08,4.56,2.88,2.44,1.08,4.04,3.23,1.08,3.48,4.46,4.0,1.19,1.04,3.0,3.48,3.42,2.12,3.39,3.24,4.46,4.62,Personal Financial Advisors,Business & Financial
13-2053,1.75,1.75,3.25,1.75,3.5,1.75,1.0,1.25,1.0,1.0,2.38,1.88,3.0,2.88,1.0,1.0,1.0,1.75,3.75,3.12,1.75,2.88,2.12,1.0,3.25,1.0,2.75,3.5,3.62,2.88,2.5,1.0,3.38,1.0,1.0,1.0,2.88,1.0,1.0,3.38,3.25,2.25,1.0,1.0,1.0,2.38,1.38,2.0,2.0,1.25,3.88,3.75,4.43,1.77,2.59,4.07,4.0,1.3,2.47,2.6,2.93,3.83,1.03,4.31,2.73,3.9,4.8,2.43,1.53,3.77,1.45,3.45,3.34,4.63,3.0,2.0,1.37,4.03,3.29,1.43,2.33,4.13,2.8,1.1,1.0,3.73,2.37,3.34,1.8,2.97,2.79,3.83,4.41,Insurance Underwriters,Business & Financial
13-2061,1.12,1.88,3.88,1.0,4.12,1.25,1.0,1.0,1.0,1.0,2.62,1.75,3.12,3.0,1.0,1.0,1.0,1.75,4.12,3.75,1.12,3.5,2.75,1.0,4.0,1.0,3.12,4.0,4.12,3.0,3.0,1.0,4.0,1.0,1.0,1.0,3.12,1.0,1.0,3.88,3.88,3.0,1.0,1.0,1.0,2.38,1.62,2.0,2.38,1.38,4.25,4.0,4.52,1.83,3.39,4.14,4.48,1.39,3.61,3.26,3.73,4.04,1.09,4.09,2.57,4.65,4.7,3.22,1.22,4.04,1.65,3.68,3.65,4.23,3.57,2.04,1.61,4.09,2.87,1.17,1.74,3.96,3.17,1.09,1.0,3.17,2.91,2.26,2.52,2.43,3.17,4.0,4.09,Financial Examiners,Business & Financial
13-2071,1.5,1.62,2.88,1.5,3.75,1.0,1.0,1.38,1.0,1.0,1.88,2.0,2.62,3.12,1.0,1.0,1.0,2.0,3.75,3.25,1.5,3.12,2.12,1.0,3.25,1.0,3.12,4.0,4.12,2.88,2.62,1.0,3.75,1.0,1.0,1.0,3.0,1.0,1.0,3.25,3.25,2.5,1.0,1.0,1.0,2.75,1.38,1.88,2.12,1.38,3.88,3.75,3.68,3.2,3.17,4.0,3.74,1.46,2.39,3.04,2.72,4.39,1.0,3.75,1.88,3.46,4.56,2.38,1.5,3.8,1.4,3.12,2.32,4.12,2.4,1.96,1.21,3.62,3.84,1.42,3.84,3.92,3.17,1.29,1.09,3.42,3.08,2.54,1.48,3.22,3.09,4.0,4.39,Credit Counselors,Business & Financial
13-2072,2.0,2.12,3.0,1.88,3.75,1.5,1.0,1.25,1.0,1.0,2.12,2.0,2.75,3.0,1.0,1.0,1.0,1.88,3.75,3.12,2.0,3.25,2.0,1.0,3.88,1.0,3.25,4.0,4.0,2.12,2.25,1.0,3.75,1.0,1.0,1.0,3.0,1.0,1.0,3.75,3.75,2.12,1.0,1.0,1.0,2.25,1.38,2.0,1.88,1.12,4.0,3.88,4.26,2.08,2.37,4.11,4.06,1.69,3.06,2.83,3.4,3.79,1.2,4.34,2.75,4.49,4.5,2.47,1.51,3.66,2.23,3.58,3.68,4.08,3.14,2.1,1.33,3.94,3.34,1.6,3.63,4.28,2.99,1.38,1.21,3.3,3.01,3.35,2.11,3.26,2.32,3.94,4.24,Loan Officers,Business & Financial
13-2081,1.88,2.25,3.12,1.62,4.0,1.25,1.0,1.25,1.0,1.0,2.75,2.25,3.0,2.75,1.0,1.0,1.0,1.62,4.0,4.0,1.88,3.12,2.88,1.0,3.75,1.0,3.12,4.0,4.0,2.25,2.88,1.0,3.88,1.0,1.0,1.0,2.88,1.0,1.0,3.75,3.75,2.62,1.0,1.0,1.0,2.5,1.88,1.75,2.12,1.88,4.0,3.62,3.72,3.01,2.63,4.88,4.34,1.75,2.93,2.94,3.44,4.0,1.17,3.76,3.21,4.46,4.57,2.53,1.86,4.25,2.38,3.79,2.76,4.04,3.57,1.52,1.45,4.15,3.28,1.84,4.74,4.32,3.01,1.48,1.16,3.36,3.27,2.25,1.87,2.89,3.42,3.63,4.77,"Tax Examiners and Collectors, and Revenue Agents",Business & Financial
13-2082,1.5,1.62,3.12,1.12,3.75,1.0,1.0,1.0,1.0,1.0,2.0,1.75,3.0,3.0,1.0,1.0,1.0,1.62,3.25,3.25,1.38,3.0,2.0,1.0,3.88,1.0,3.25,4.0,3.88,2.62,3.0,1.0,3.0,1.0,1.0,1.0,3.0,1.0,1.0,3.12,3.0,2.25,1.0,1.0,1.0,2.0,1.38,1.88,2.0,2.0,3.88,3.0,3.89,2.79,2.57,3.38,3.48,2.14,2.52,2.62,2.62,4.24,1.0,3.76,2.7,3.95,4.57,2.55,1.62,3.62,2.19,3.81,2.29,3.86,2.9,2.33,1.29,3.86,3.24,1.43,3.48,4.24,3.33,1.75,1.0,3.05,3.43,2.0,1.81,2.7,3.14,4.48,4.67,Tax Preparers,Business & Financial
13-2099,1.44,2.06,3.125,1.56,3.94,1.62,1.0,1.25,1.0,1.0,2.5,1.62,3.13,3.31,1.0,1.0,1.0,2.0,3.875,3.625,1.44,3.69,2.5,1.125,3.5,1.0,3.38,4.0,3.875,3.06,2.625,1.0,3.935,1.0,1.0,1.0,3.12,1.0,1.0,3.625,3.69,2.685,1.0,1.0,1.0,2.435,1.875,2.0,2.0,1.69,4.0,4.0649999999999995,4.57,2.1550000000000002,3.105,3.74,4.225,1.625,2.955,3.395,3.21,3.74,1.4300000000000002,3.7350000000000003,3.385,3.69,4.58,3.1799999999999997,1.55,3.79,2.135,3.985,3.08,4.34,3.01,2.64,1.565,3.785,2.495,1.7200000000000002,2.035,4.43,3.425,1.295,1.125,2.92,3.2199999999999998,2.875,2.375,3.59,3.2750000000000004,4.135,4.58,Financial Quantitative Analysts,Business & Financial
15-1211,2.0,2.0,3.5,2.0,4.0600000000000005,1.75,1.0,1.25,1.0,1.19,2.875,2.31,3.06,3.69,1.0,1.0,1.0,2.0,3.94,3.875,2.0,3.06,2.5,1.06,3.815,1.0,2.94,3.94,4.0,3.44,3.0,1.0,3.94,1.06,1.125,1.0,2.94,1.0,1.0,3.625,3.62,2.81,1.0,1.0,1.0,2.56,1.815,2.25,3.0,1.685,4.0600000000000005,3.69,4.315,3.025,3.0700000000000003,3.4450000000000003,4.345,2.79,3.21,3.6799999999999997,3.7350000000000003,3.8649999999999998,2.215,4.0,3.175,3.96,4.63,3.125,2.075,3.915,2.98,4.095,3.465,4.58,3.915,2.755,1.51,4.01,2.875,1.95,1.87,4.335,3.125,2.23,1.595,3.2800000000000002,3.275,2.1799999999999997,2.02,3.96,3.37,4.41,4.859999999999999,Computer Systems Analysts,Computer & Math
15-1212,2.0,1.75,3.5,1.88,4.0,1.75,1.0,1.38,1.0,1.62,2.75,2.38,3.38,3.0,1.0,1.0,1.0,1.88,4.0,3.88,1.88,2.75,2.25,1.0,3.75,1.0,2.25,4.0,3.75,3.0,3.0,1.0,4.0,1.0,1.0,1.12,3.12,1.0,1.0,3.38,3.38,2.88,1.0,1.12,1.0,2.75,1.62,2.12,2.75,1.38,4.0,3.88,4.08,1.65,2.67,3.13,4.0,1.91,2.85,3.27,2.83,4.03,1.95,3.45,3.18,4.12,4.5,2.42,1.68,4.29,2.45,3.74,3.07,3.94,3.92,2.56,1.34,3.67,3.27,1.62,1.75,4.09,3.01,2.53,1.36,2.59,2.63,2.32,2.27,3.56,2.73,4.05,4.7,Information Security Analysts,Computer & Math
15-1221,2.0,2.0,3.75,2.0,4.12,1.75,1.0,1.0,1.0,1.0,2.62,2.62,3.0,3.88,1.0,1.0,1.0,2.12,4.12,3.75,2.0,3.38,2.88,1.0,3.75,1.0,3.25,4.0,4.0,3.62,3.0,1.0,3.88,1.0,1.0,1.12,2.88,1.0,1.0,3.25,3.25,2.88,1.0,1.0,1.0,2.5,1.88,2.0,3.25,1.88,3.88,3.75,4.56,2.18,2.32,4.22,4.3,2.43,2.83,3.71,2.88,4.37,2.17,3.75,4.2,3.54,4.62,2.65,1.66,4.31,2.67,4.27,3.54,4.65,3.05,2.73,1.66,3.67,2.51,1.81,1.97,4.32,3.28,2.24,1.75,2.84,3.38,2.24,2.22,4.53,3.18,4.57,4.97,Computer and Information Research Scientists,Computer & Math
15-1231,2.62,2.25,3.0,2.25,3.88,2.12,1.0,1.0,1.0,2.0,2.75,3.0,3.0,3.0,1.0,1.0,1.0,2.0,3.75,3.5,2.38,2.38,2.5,2.38,3.38,1.0,2.25,3.88,3.75,2.62,2.62,1.0,3.88,1.0,1.0,1.0,3.12,1.12,1.12,3.38,3.38,2.62,1.0,1.0,1.88,2.25,1.12,2.5,2.88,1.38,3.62,3.38,3.83,2.68,2.47,3.09,4.17,2.36,2.44,2.97,2.57,3.27,2.79,3.96,2.73,3.56,4.4,2.25,2.6,3.34,3.03,3.34,3.09,3.9,3.5,2.48,1.53,3.76,2.59,2.36,1.45,3.79,3.1,2.79,2.23,3.16,3.35,1.88,2.15,3.38,2.91,4.45,4.95,Computer Network Support Specialists,Computer & Math
15-1232,2.75,1.88,3.0,2.12,3.62,1.62,1.0,1.62,1.25,1.88,2.75,3.0,2.88,3.12,1.0,1.38,1.12,1.62,3.38,3.62,2.62,2.62,2.62,1.88,3.88,1.0,2.25,4.0,4.0,2.88,3.0,1.0,3.62,1.62,1.62,1.62,3.0,1.0,1.12,3.62,3.62,2.38,1.0,1.38,2.0,2.75,1.88,2.25,2.88,2.12,4.0,3.88,3.57,2.31,2.94,3.61,4.36,2.95,2.42,3.24,3.24,3.91,2.14,3.78,3.01,3.62,4.45,2.35,2.64,3.58,3.43,3.78,3.17,4.3,3.7,2.72,1.98,3.46,3.14,2.32,1.94,4.07,3.36,2.88,2.47,2.74,3.0,2.53,1.92,3.51,3.38,4.26,4.78,Computer User Support Specialists,Computer & Math
15-1241,2.31,2.25,3.56,2.185,3.625,1.875,1.0,1.375,1.0,1.94,2.875,2.5,3.06,3.12,1.0,1.25,1.25,2.375,3.625,3.69,2.25,3.06,2.37,1.375,3.625,1.06,3.0,3.875,3.75,3.06,3.0,1.0,3.81,1.125,1.185,1.06,3.0,1.19,1.37,3.31,3.185,2.375,1.0,1.375,1.25,2.56,2.125,2.75,2.815,1.69,3.75,3.625,3.95,2.12,2.8499999999999996,3.625,4.1899999999999995,2.25,3.325,3.425,3.0700000000000003,3.76,2.975,3.51,3.335,4.0,4.365,2.975,2.3,3.9050000000000002,3.275,3.605,3.34,4.285,3.83,3.075,2.045,3.765,3.0999999999999996,2.22,2.34,4.025,3.605,2.88,1.9749999999999999,3.125,3.7350000000000003,2.455,1.95,3.535,3.2,4.3149999999999995,4.615,Computer Network Architects,Computer & Math
15-1242,2.0,1.88,3.38,1.88,4.0,1.38,1.0,1.25,1.0,1.0,2.62,1.75,3.25,3.12,1.0,1.0,1.0,1.62,3.88,3.88,1.75,3.12,2.5,1.0,3.62,1.0,3.0,3.88,3.5,3.0,3.0,1.0,3.88,1.0,1.12,1.38,3.0,1.0,1.0,3.12,3.25,2.88,1.0,1.12,1.0,2.25,1.75,1.88,3.0,1.5,3.88,3.38,4.0,2.85,2.19,2.58,3.84,1.88,3.08,3.3,2.9,3.61,1.46,3.86,3.04,3.75,4.12,2.12,1.39,4.11,2.15,3.47,2.68,4.18,3.42,2.78,1.51,3.62,2.21,1.43,1.13,3.92,2.9,1.99,1.53,3.42,3.35,1.81,1.93,3.73,3.0,3.68,4.83,Database Administrators,Computer & Math
15-1243,1.565,1.875,3.44,1.44,3.815,1.81,1.0,1.435,1.0,1.0,2.38,1.565,3.125,3.185,1.0,1.0,1.0,1.94,3.75,3.815,1.44,3.12,2.375,1.0,3.62,1.0,3.06,3.815,3.625,3.0,2.87,1.0,3.565,1.0,1.0,1.0,3.125,1.0,1.0,3.5,3.25,2.625,1.06,1.0,1.0,1.94,2.0,2.06,2.75,1.88,3.88,3.375,4.585,1.98,2.9050000000000002,2.83,4.03,1.5,2.96,3.53,3.135,3.4299999999999997,1.93,3.5,3.4050000000000002,3.625,4.404999999999999,2.74,1.1400000000000001,4.074999999999999,1.9849999999999999,3.645,3.08,4.12,3.21,2.205,1.045,3.705,2.475,1.145,1.4,4.43,3.5,1.435,1.025,2.76,3.025,2.295,2.185,3.9299999999999997,3.0549999999999997,4.23,4.859999999999999,Database Architects,Computer & Math
15-1244,2.62,2.25,3.25,2.75,3.75,2.0,1.0,1.25,1.0,2.0,2.88,2.75,3.12,3.25,1.0,1.0,1.0,2.12,3.75,3.88,2.5,3.0,2.75,1.75,3.62,1.0,3.0,3.5,3.75,3.12,3.0,1.0,4.0,2.0,2.0,1.75,3.12,1.0,1.0,3.12,3.38,2.62,1.0,1.0,1.0,2.62,1.62,2.88,2.88,2.25,3.88,3.25,3.59,2.77,2.55,2.92,3.71,3.13,2.52,3.22,2.4,3.62,2.5,2.95,2.7,2.99,4.17,1.99,2.41,4.02,2.68,3.68,2.82,4.3,3.35,2.99,1.5,4.08,2.24,2.24,1.47,3.8,2.77,3.72,2.28,2.39,3.24,2.18,1.29,3.53,3.07,4.24,4.86,Network and Computer Systems Administrators,Computer & Math
15-1251,2.0,2.0,2.88,1.88,3.75,1.5,1.0,1.25,1.0,1.0,2.5,2.25,3.0,3.0,1.0,1.0,1.0,1.75,3.75,3.75,2.0,3.12,2.25,1.0,3.88,1.0,3.12,3.88,3.5,3.0,2.88,1.0,3.75,1.0,1.0,1.0,3.12,1.0,1.0,3.12,3.25,2.0,1.0,1.0,1.0,2.25,1.62,2.0,2.88,1.38,4.0,3.25,4.52,2.17,2.75,2.8,4.13,1.69,3.06,3.6,3.55,3.82,1.8,3.45,3.88,3.55,4.51,2.55,1.52,4.22,2.59,3.51,2.79,4.45,3.45,2.39,1.3,3.59,2.08,1.65,1.59,4.59,3.43,2.05,1.5,2.17,2.37,2.15,1.87,4.35,2.79,4.16,4.95,Computer Programmers,Computer & Math
15-1252,1.75,1.75,3.5,1.5,3.75,1.5,1.0,1.38,1.0,1.0,2.38,1.75,2.62,3.25,1.0,1.0,1.0,1.75,3.5,3.62,1.62,2.88,2.25,1.0,3.75,1.0,2.5,3.75,3.75,3.12,2.62,1.0,3.75,1.0,1.0,1.12,3.12,1.0,1.0,3.0,3.38,2.5,1.0,1.0,1.0,2.0,1.88,2.0,2.38,1.75,3.75,3.5,4.2,2.28,2.71,2.52,4.23,2.28,2.34,3.76,2.22,3.78,1.69,3.54,2.67,3.94,4.04,1.69,1.2,3.66,2.06,3.61,2.61,4.34,3.7,2.1,1.12,4.06,2.32,1.67,1.12,4.38,3.27,1.65,1.06,2.39,3.32,1.61,1.53,4.33,2.83,4.1,4.61,Software Developers,Computer & Math
15-1253,1.88,2.0,3.12,1.88,4.0,1.5,1.0,1.38,1.0,1.0,2.38,2.0,3.12,3.0,1.0,1.0,1.0,1.88,4.0,3.75,2.0,2.88,2.25,1.0,3.62,1.0,2.38,4.0,4.0,3.0,3.12,1.0,4.0,1.0,1.0,1.0,3.0,1.0,1.0,3.0,3.25,2.25,1.0,1.0,1.0,2.75,1.75,1.88,2.62,1.88,4.0,3.88,4.26,2.12,3.22,2.56,4.44,1.65,3.48,3.21,3.45,4.06,1.44,4.0,2.94,4.24,4.65,2.88,1.24,4.22,2.36,3.32,3.45,3.85,3.5,2.29,1.15,4.09,2.48,1.42,1.32,4.38,3.09,1.47,1.21,2.91,3.27,1.97,2.0,3.85,3.03,4.36,4.94,Software Quality Assurance Analysts and Testers,Computer & Math
15-1254,2.0,1.88,3.25,1.88,3.88,1.75,1.0,1.25,1.0,1.0,2.38,2.75,3.12,3.25,1.0,1.0,1.0,1.75,3.5,3.5,2.0,3.12,2.5,1.0,3.62,1.0,2.75,3.75,3.25,3.12,3.0,1.0,3.62,1.0,1.0,1.12,3.12,1.0,1.0,3.38,3.38,2.88,1.0,1.0,1.0,1.88,1.88,2.62,3.12,2.0,3.62,3.12,3.54,1.92,2.5,3.04,3.88,2.0,2.79,3.33,3.25,3.46,1.58,3.54,3.33,3.33,4.48,2.67,1.25,3.67,2.46,3.33,3.04,4.25,2.96,2.42,1.21,3.91,2.58,1.42,1.79,4.13,3.29,1.67,1.08,2.88,3.46,2.29,2.0,4.38,2.83,4.29,4.88,Web Developers,Computer & Math
15-1255,2.12,2.0,3.0,2.0,3.75,1.62,1.0,1.12,1.0,1.0,2.88,2.62,3.0,4.12,1.0,1.0,1.0,2.12,3.75,3.88,2.0,2.88,2.62,1.0,4.0,1.0,2.88,3.88,3.75,4.0,3.0,1.0,3.75,1.0,1.0,1.0,3.38,1.0,1.0,3.12,3.25,2.75,1.0,1.0,1.0,2.62,1.62,2.88,3.25,1.5,4.0,3.88,3.75,2.1,2.55,2.85,4.3,1.68,2.9,3.6,3.3,3.6,2.15,3.8,3.1,2.61,4.05,2.9,1.25,3.65,1.9,3.16,3.35,4.7,3.0,2.05,1.0,3.6,2.1,1.3,1.7,3.95,2.89,1.45,1.0,3.32,2.75,2.84,2.05,4.9,2.65,3.7,4.85,Video Game Designers,Computer & Math
15-1299,1.7299999999999998,1.9383333333333332,3.2483333333333335,1.6900000000000002,3.813333333333333,1.6883333333333332,1.0,1.2483333333333333,1.02,1.105,2.561666666666667,2.0833333333333335,3.081666666666667,3.1666666666666665,1.0,1.0416666666666667,1.0416666666666667,1.875,3.77,3.7099999999999995,1.7299999999999998,2.893333333333333,2.605,1.0416666666666667,3.6233333333333335,1.0,2.7883333333333336,3.9583333333333335,3.8966666666666665,3.1266666666666665,2.875,1.0,3.7716666666666665,1.105,1.105,1.0616666666666668,3.043333333333333,1.04,1.1233333333333333,3.3333333333333335,3.3733333333333335,2.6266666666666665,1.0,1.0416666666666667,1.0416666666666667,2.3516666666666666,1.6683333333333332,2.25,2.8366666666666664,1.5599999999999998,3.938333333333333,3.686666666666667,4.125,2.2083333333333335,3.3383333333333334,3.48,4.316666666666666,2.0283333333333333,3.4933333333333336,3.6366666666666667,3.4516666666666667,3.9433333333333334,2.3533333333333335,3.736666666666667,3.236666666666667,3.966666666666667,4.485,3.185,1.8766666666666667,4.001666666666667,2.5616666666666665,3.8733333333333335,3.1300000000000003,4.256666666666667,3.47,3.1300000000000003,1.5666666666666667,3.9766666666666666,3.11,1.8483333333333334,2.2066666666666666,4.158333333333333,3.5966666666666662,2.2483333333333335,1.5583333333333333,2.9316666666666666,3.353333333333333,2.611666666666667,2.47,3.6766666666666663,3.5933333333333333,4.211666666666667,4.745,Web Administrators,Computer & Math
15-2011,1.0,2.0,4.0,1.0,4.0,1.88,1.0,1.0,1.0,1.0,2.62,1.5,3.25,3.12,1.0,1.0,1.0,1.88,4.12,3.88,1.0,4.62,2.5,1.0,3.75,1.0,4.12,4.0,4.0,2.88,2.75,1.0,3.88,1.0,1.0,1.0,3.25,1.0,1.0,3.62,3.38,2.62,1.0,1.0,1.0,2.5,1.75,2.0,2.38,1.5,4.0,4.0,4.79,1.86,3.26,3.59,4.41,1.46,2.89,3.32,3.14,3.25,1.29,3.5,3.46,4.18,4.54,3.33,1.21,3.93,1.5,4.04,2.68,4.46,3.22,2.19,1.07,3.57,2.11,1.18,1.57,4.71,3.61,1.21,1.04,2.59,2.82,2.43,2.36,3.43,3.04,4.39,4.68,Actuaries,Computer & Math
15-2021,1.0,1.62,3.88,1.0,4.0,1.38,1.0,1.0,1.0,1.0,2.0,1.5,3.25,3.75,1.0,1.0,1.0,1.62,3.88,3.88,1.0,5.0,2.88,1.0,3.62,1.0,4.62,4.12,4.12,3.75,2.88,1.0,3.75,1.0,1.0,1.0,3.12,1.0,1.12,3.12,3.0,2.88,1.0,1.0,1.0,1.88,1.75,1.88,2.75,1.25,4.12,4.12,4.55,1.8,3.42,3.21,3.5,1.3,2.7,3.25,2.7,3.35,1.3,2.95,3.25,2.65,4.15,2.84,1.3,2.65,1.7,3.95,2.55,4.2,2.05,1.95,1.1,3.45,2.3,1.2,1.7,4.3,3.2,1.45,1.25,2.1,2.85,2.1,2.0,4.7,4.25,4.35,4.25,Mathematicians,Computer & Math
15-2031,1.0,1.75,3.62,1.0,4.12,1.25,1.0,1.0,1.0,1.0,2.75,1.38,3.12,3.62,1.0,1.0,1.0,1.62,4.12,3.88,1.0,4.5,2.88,1.0,3.75,1.0,4.0,4.0,4.0,3.62,2.75,1.0,4.0,1.0,1.0,1.0,3.0,1.0,1.0,3.25,3.12,2.5,1.0,1.0,1.0,2.0,1.75,1.75,2.12,1.38,4.0,4.0,4.67,2.45,2.81,3.35,4.05,1.52,2.85,3.9,3.33,3.43,1.81,3.48,3.76,2.95,4.8,2.86,1.43,4.33,2.1,4.24,3.33,4.67,3.52,2.62,1.52,3.81,2.29,1.38,1.9,4.48,3.86,1.45,1.38,2.81,3.71,2.86,2.05,4.1,3.1,4.24,4.67,Operations Research Analysts,Computer & Math
15-2041,1.25,1.75,3.62,1.19,4.0,1.62,1.0,1.0,1.0,1.0,2.685,1.685,3.0,3.5,1.0,1.0,1.0,1.75,4.125,3.815,1.25,4.5,2.815,1.0,3.81,1.0,4.0649999999999995,4.0,4.0600000000000005,3.125,2.88,1.0,3.565,1.0,1.0,1.0,2.88,1.0,1.0,3.75,3.435,2.94,1.0,1.0,1.06,1.94,1.75,1.81,2.81,1.5,4.12,3.94,4.8100000000000005,1.955,2.9699999999999998,3.52,4.380000000000001,1.4849999999999999,2.955,3.3150000000000004,3.13,3.775,1.25,3.5700000000000003,3.3,3.58,4.27,2.985,1.22,3.735,1.47,4.42,2.875,4.43,2.52,2.075,1.1800000000000002,3.9050000000000002,2.34,1.3450000000000002,1.78,4.48,3.8899999999999997,1.3900000000000001,1.155,2.575,2.82,2.215,2.25,3.785,3.2649999999999997,4.215,4.800000000000001,Statisticians,Computer & Math
15-2051,1.19,1.75,3.435,1.125,3.935,1.38,1.0,1.315,1.0,1.0,2.5,1.69,3.185,3.25,1.0,1.0,1.0,1.685,3.94,3.87,1.19,3.44,2.31,1.0,3.5,1.0,3.12,4.0,4.0,3.06,2.69,1.0,3.565,1.0,1.0,1.0,2.875,1.0,1.0,3.625,3.565,2.685,1.0,1.0,1.0,2.185,1.685,1.685,2.25,1.685,4.0,3.94,4.365,1.955,2.95,3.42,4.215,1.2000000000000002,3.165,3.125,3.04,3.975,1.42,3.7199999999999998,3.185,3.72,4.5,2.865,1.195,3.98,1.5899999999999999,4.025,3.08,3.99,2.9299999999999997,2.2199999999999998,1.2000000000000002,4.050000000000001,2.65,1.245,1.5950000000000002,4.585,3.23,1.15,1.125,2.8,3.2,2.38,1.9249999999999998,3.535,3.1,3.9749999999999996,4.6899999999999995,Business Intelligence Analysts,Computer & Math
15-2099,1.0,1.88,3.38,1.12,3.75,1.62,1.0,1.0,1.0,1.0,2.88,2.5,3.38,3.25,1.0,1.0,1.0,1.88,3.75,3.62,1.0,3.62,2.88,1.0,3.38,1.0,3.12,3.75,3.5,3.0,3.0,1.0,3.38,1.0,1.0,1.0,3.5,1.0,1.0,3.38,3.38,2.75,1.0,1.0,1.0,2.75,1.0,2.5,3.0,1.25,4.0,3.62,4.76,1.93,2.6,2.46,4.13,1.62,2.42,3.16,2.52,3.86,2.64,3.11,3.3,3.18,4.61,2.2,1.6,4.15,2.08,4.04,3.48,4.29,3.95,1.94,1.16,3.72,2.2,1.5,2.04,4.76,2.96,2.33,1.33,1.98,2.82,2.04,1.71,4.13,2.81,4.33,4.91,Bioinformatics Technicians,Computer & Math
17-1011,2.0,2.12,4.0,2.0,4.0,2.5,1.0,1.12,1.0,1.0,3.62,2.25,3.62,4.0,1.0,1.0,1.0,1.75,4.0,4.0,2.0,3.25,2.88,1.75,3.88,1.0,3.38,4.0,4.0,4.0,3.25,1.12,4.0,1.0,1.0,1.0,3.12,1.0,2.25,3.5,3.5,3.0,1.0,1.0,1.0,2.75,1.5,2.88,4.12,1.5,4.0,4.0,3.81,2.95,3.57,4.24,4.24,1.7,3.9,3.6,3.86,4.29,4.48,4.1,3.29,4.05,4.38,3.7,1.9,3.43,3.25,3.75,3.33,4.4,3.19,3.2,1.81,4.1,3.14,2.29,2.9,3.76,3.43,1.65,1.24,3.57,4.05,3.0,3.0,4.48,3.76,4.25,4.67,"Architects, Except Landscape and Naval",Architecture & Engineering
17-1012,2.12,2.0,3.88,2.0,4.0,2.0,1.0,1.0,1.0,1.0,3.12,2.12,2.88,4.0,1.0,1.0,1.0,1.88,4.0,3.5,2.0,3.0,2.38,1.62,3.88,1.0,3.0,4.25,4.25,4.12,2.38,1.0,3.88,1.0,1.0,1.0,2.88,1.0,1.75,3.88,3.88,2.12,1.0,1.0,1.0,2.75,1.88,3.12,4.12,1.62,4.12,4.0,3.55,2.6,3.35,4.16,4.15,1.65,3.63,3.4,3.6,3.2,4.55,3.9,3.63,3.8,4.5,3.3,1.75,3.4,3.15,2.9,3.26,4.3,3.55,2.58,1.95,3.85,2.85,2.1,3.2,3.37,2.89,1.5,1.35,2.84,3.45,2.9,2.7,4.5,3.37,3.95,4.1,Landscape Architects,Architecture & Engineering
17-1021,2.88,2.25,3.12,2.75,3.5,2.25,1.0,1.5,1.0,1.5,3.25,2.88,3.38,3.0,1.0,1.0,1.0,1.75,3.62,3.25,2.25,3.0,2.5,1.25,3.88,1.0,2.88,3.88,3.5,3.0,3.0,1.0,3.12,1.0,1.12,1.12,3.0,1.0,1.38,3.12,3.12,2.75,1.0,1.0,1.0,2.62,2.0,2.88,3.25,1.38,4.0,3.5,4.08,2.13,2.21,4.11,4.07,2.46,3.4,3.39,3.21,4.14,3.3,3.82,3.78,4.22,4.86,2.34,1.76,4.19,2.7,3.51,3.05,4.22,3.72,2.03,2.01,3.74,2.87,1.73,3.52,4.12,2.72,2.63,1.91,3.23,3.79,1.51,1.28,3.86,3.23,4.21,4.69,Cartographers and Photogrammetrists,Architecture & Engineering
17-1022,2.875,1.94,3.435,2.875,3.94,2.625,1.0,1.81,1.435,2.13,3.31,2.81,3.56,3.06,2.06,1.875,1.75,1.88,3.94,3.81,2.63,4.0,2.81,2.625,3.88,1.56,3.815,3.875,3.875,2.88,3.06,1.88,3.56,1.75,2.06,1.75,3.0,1.62,2.56,3.37,3.31,3.0,1.435,2.0,2.06,2.75,2.31,2.75,3.185,1.875,4.0,3.94,4.44,2.2800000000000002,3.25,3.7649999999999997,3.925,2.88,3.3200000000000003,3.325,2.99,4.43,3.2199999999999998,3.5149999999999997,3.41,4.135,4.415,3.205,2.8150000000000004,3.9,3.135,3.6950000000000003,3.12,4.2,3.51,3.05,3.075,3.795,3.185,3.46,3.05,4.4399999999999995,3.375,2.735,2.4050000000000002,2.865,3.835,2.3,2.875,3.4699999999999998,3.4850000000000003,4.165,4.58,Surveyors,Architecture & Engineering
17-2011,1.0,2.75,3.5,1.0,4.0,2.0,1.0,1.0,1.0,1.0,3.12,2.25,3.12,3.5,1.0,1.0,1.0,2.62,4.0,4.0,1.0,3.88,2.62,1.0,3.75,1.0,3.38,3.88,3.88,3.38,3.0,1.0,4.0,1.0,1.0,1.0,3.0,1.0,1.0,3.62,3.38,2.75,1.0,1.0,1.0,2.75,1.5,3.0,3.25,1.25,4.12,3.88,4.53,1.81,2.88,3.39,4.26,2.43,3.11,3.04,2.98,4.32,3.45,3.6,3.25,3.63,4.37,2.68,1.79,4.37,3.36,4.02,3.78,4.49,4.03,2.47,1.99,3.99,2.49,1.89,1.1,4.54,3.5,2.13,1.95,2.45,3.21,2.36,2.11,4.3,3.47,4.35,4.88,Aerospace Engineers,Architecture & Engineering
17-2021,2.0,2.62,3.75,2.25,4.0,2.12,1.0,1.5,1.38,1.75,3.0,2.0,3.0,3.5,1.62,1.5,1.5,2.62,4.0,3.75,1.88,3.38,2.25,2.0,3.62,1.5,3.25,4.0,4.0,3.38,2.88,1.88,3.88,1.88,2.0,1.88,3.0,1.75,2.0,3.62,3.5,2.25,1.0,1.5,1.88,2.88,1.88,2.75,3.62,1.5,4.0,4.0,4.55,2.2,2.84,3.75,4.2,2.95,3.15,3.95,3.35,4.32,3.95,3.7,4.0,4.3,4.45,3.05,2.35,4.0,4.1,3.84,3.85,4.5,3.85,3.2,2.85,4.2,2.75,2.58,2.65,4.35,3.32,2.65,2.65,2.85,4.05,2.3,2.35,4.3,3.15,4.45,4.7,Agricultural Engineers,Architecture & Engineering
17-2031,2.62,2.12,3.62,2.12,4.0,2.12,1.0,1.0,1.0,1.62,2.88,2.12,3.38,3.75,1.0,1.0,1.0,1.88,4.12,3.88,2.12,3.75,2.75,1.38,3.88,1.0,3.38,4.0,4.0,3.62,3.0,1.12,4.0,1.25,1.25,1.12,3.12,1.0,1.12,3.38,3.5,2.75,1.0,1.0,1.12,2.62,1.62,2.75,3.5,1.75,4.0,4.0,4.61,2.65,3.05,3.61,4.22,2.74,3.22,3.48,3.43,4.0,3.13,3.39,3.52,4.13,4.39,3.39,2.14,4.09,3.48,3.78,3.57,4.45,3.7,3.09,1.74,3.91,2.82,2.09,1.78,4.35,3.3,3.09,2.09,2.52,3.39,2.17,2.57,4.26,3.52,4.35,4.7,Bioengineers and Biomedical Engineers,Architecture & Engineering
17-2041,1.88,2.62,4.0,1.75,4.0,2.0,1.0,1.0,1.0,1.0,3.0,1.62,3.5,3.5,1.0,1.0,1.0,2.0,4.0,4.0,1.12,3.88,2.62,1.0,3.75,1.0,3.62,4.0,4.0,3.5,3.12,1.0,4.0,1.5,1.75,1.0,3.0,1.0,1.0,3.12,3.12,3.0,1.0,1.0,1.0,2.5,1.88,2.88,3.12,1.75,4.0,3.25,4.36,2.04,3.17,2.83,4.33,2.57,3.04,3.22,3.43,3.7,3.65,3.52,3.45,4.1,4.39,2.91,1.83,3.83,3.59,3.81,3.26,4.7,4.18,2.39,1.65,3.7,2.13,1.82,1.41,4.17,3.7,1.83,2.05,3.0,3.36,2.3,2.3,3.48,3.14,3.74,4.52,Chemical Engineers,Architecture & Engineering
17-2051,1.1266666666666667,2.2866666666666666,3.8333333333333335,1.58,4.0,2.1666666666666665,1.0,1.0,1.0,1.0,3.33,1.83,3.33,3.793333333333333,1.0833333333333333,1.0,1.0,2.1666666666666665,4.0,3.92,1.1666666666666667,3.8800000000000003,2.5833333333333335,1.42,3.75,1.0,3.793333333333333,4.0,4.0,3.3733333333333335,3.1666666666666665,1.0,3.9599999999999995,1.0,1.0,1.0,3.0400000000000005,1.0,1.6666666666666667,3.5400000000000005,3.5400000000000005,2.793333333333333,1.0,1.0,1.0,2.6666666666666665,1.5866666666666667,2.4533333333333336,3.75,1.4166666666666667,4.0,4.0,4.113333333333333,2.026666666666667,3.6533333333333338,4.133333333333333,4.406666666666666,1.6333333333333335,3.8266666666666667,3.1566666666666663,3.796666666666667,3.8433333333333333,3.9566666666666666,3.86,3.6666666666666665,4.213333333333334,4.433333333333334,3.686666666666667,1.6066666666666667,3.6966666666666668,3.5666666666666664,3.5399999999999996,3.2566666666666664,4.59,3.2899999999999996,3.1733333333333333,1.9900000000000002,4.073333333333333,2.8033333333333332,1.9866666666666666,3.2466666666666666,4.03,3.7566666666666664,1.7533333333333332,1.4966666666666668,3.3333333333333335,3.956666666666667,2.6166666666666667,2.9766666666666666,3.6333333333333333,3.4933333333333336,4.093333333333333,4.32,Civil Engineers,Architecture & Engineering
17-2061,2.12,2.0,3.5,2.12,4.0,1.88,1.0,1.0,1.0,1.38,2.5,2.62,3.12,3.25,1.0,1.0,1.0,1.88,4.0,4.0,2.25,3.12,2.75,1.0,3.62,1.0,3.12,4.0,4.0,3.5,2.88,1.0,3.88,1.0,1.0,1.0,2.88,1.12,1.0,3.38,3.25,2.12,1.0,1.0,1.0,2.12,1.5,2.5,3.25,1.5,4.0,3.75,4.45,2.1,2.93,3.04,4.25,2.38,3.31,3.64,3.5,3.97,3.82,3.31,4.03,4.14,4.41,3.1,1.69,3.97,3.11,3.64,3.29,4.66,3.38,2.83,1.48,3.9,2.54,1.66,1.69,4.31,3.64,3.41,1.46,2.86,3.37,2.28,2.43,4.38,3.17,4.48,4.86,Computer Hardware Engineers,Architecture & Engineering
17-2071,2.0,2.12,3.88,2.12,4.0,2.0,1.0,1.5,1.0,1.38,3.0,2.12,3.0,3.25,1.0,1.0,1.0,2.12,4.0,3.88,2.12,3.5,2.75,1.0,3.75,1.0,3.38,4.0,4.0,3.25,3.12,1.12,4.0,1.0,1.12,1.0,3.12,1.12,1.12,3.25,3.62,2.12,1.0,1.0,1.0,2.88,1.75,2.75,3.12,1.62,4.12,4.12,4.32,2.2,3.27,3.74,4.17,2.2,3.73,3.51,3.31,4.54,4.37,3.57,3.28,4.24,4.32,2.67,1.98,3.99,2.89,3.65,3.63,4.87,3.85,3.39,2.29,4.34,2.64,2.3,1.8,3.93,3.52,2.86,1.72,2.92,4.58,1.76,2.32,4.21,3.34,4.51,4.92,Electrical Engineers,Architecture & Engineering
17-2072,2.56,2.0,3.375,2.375,4.0,1.88,1.0,1.125,1.0,1.815,2.685,2.625,2.935,3.375,1.0,1.0,1.06,2.37,3.94,3.875,2.5,3.315,2.435,1.435,3.875,1.0,3.065,4.0,3.875,3.19,2.69,1.0,3.94,1.685,1.75,1.31,2.88,1.0,1.06,3.37,3.435,2.56,1.06,1.125,1.31,2.5,2.0,2.63,3.13,2.0,3.94,3.63,4.025,2.145,2.705,3.71,3.99,3.0700000000000003,2.88,3.545,3.1100000000000003,3.79,3.7199999999999998,3.83,3.2199999999999998,3.705,4.09,2.495,2.2,3.94,3.065,3.5700000000000003,3.09,4.4,3.71,2.83,1.92,3.665,2.63,2.0700000000000003,1.82,3.915,3.3899999999999997,3.1550000000000002,2.175,2.69,3.25,2.7800000000000002,2.04,4.08,2.925,3.87,4.76,"Electronics Engineers, Except Computer",Architecture & Engineering
17-2081,1.0,1.75,3.12,1.0,4.0,1.75,1.0,1.0,1.0,1.0,2.88,1.38,3.12,3.75,1.0,1.0,1.0,1.62,4.0,3.62,1.0,3.12,3.0,1.0,3.62,1.0,3.25,4.0,4.0,3.62,3.0,1.0,4.0,1.0,1.0,1.0,3.0,1.0,1.12,3.62,3.62,2.88,1.0,1.0,1.0,2.75,1.88,2.5,3.0,1.75,4.0,4.0,4.24,2.65,3.43,3.76,4.1,2.14,3.86,3.95,3.67,3.71,3.9,3.76,3.67,4.14,4.38,3.71,1.95,3.95,3.81,3.9,3.57,4.33,4.15,3.57,2.2,4.05,2.76,2.38,3.52,3.95,3.9,1.86,1.9,3.33,3.76,2.75,3.19,3.71,3.48,3.86,4.38,Environmental Engineers,Architecture & Engineering
17-2111,1.31,2.44,3.69,1.625,4.0600000000000005,2.12,1.06,1.25,1.31,1.435,3.44,1.5,3.565,3.5,1.44,1.37,1.5,2.435,4.12,3.63,1.0,2.935,2.5,1.565,3.75,1.44,2.81,4.0,3.94,3.315,3.06,1.44,4.13,1.31,1.44,1.44,3.13,1.44,1.875,3.75,3.56,2.875,1.06,1.37,1.375,2.625,1.88,3.0,3.13,1.88,3.94,3.81,3.92,2.5300000000000002,3.59,3.97,4.115,1.9849999999999999,3.2699999999999996,3.45,3.3899999999999997,3.9450000000000003,3.43,3.87,3.63,4.574999999999999,4.369999999999999,3.51,2.115,4.0,4.01,3.945,3.41,4.385,3.615,2.815,2.27,3.9699999999999998,3.105,2.4749999999999996,2.455,3.9699999999999998,3.94,1.9,1.8,3.4,3.5650000000000004,3.105,2.62,3.635,3.7800000000000002,4.195,4.03,"Health and Safety Engineers, Except Mining Safety Engineers and Inspectors",Architecture & Engineering
17-2112,2.0,2.4675000000000002,3.7199999999999998,1.905,4.03,2.0949999999999998,1.03,1.345,1.22,1.4075,3.0625,1.9075,3.1550000000000002,3.4675000000000002,1.0,1.345,1.3125,2.3125,4.0,3.7824999999999998,1.4375,3.4050000000000002,2.435,1.8125,3.75,1.06,3.31,4.0,3.9699999999999998,3.3725,2.9675000000000002,1.03,3.94,1.6575,1.7175,1.53,3.0949999999999998,1.0625,1.47,3.4675000000000002,3.4375,2.5925000000000002,1.03,1.44,1.47,2.5625,1.935,2.5949999999999998,3.2800000000000002,1.8725,4.0,3.935,4.1875,2.13,2.9725,3.2525,4.2425,2.8975,3.0825,3.3925,3.2824999999999998,3.965,3.1725000000000003,3.8025,3.6925,3.99,4.415,2.88,2.245,4.215,3.6550000000000002,3.7350000000000003,3.5949999999999998,4.45,3.9625000000000004,2.735,1.935,3.7425,2.98,2.4575,1.67,4.115,3.4850000000000003,2.1225,2.1625,2.9825,3.0625,2.725,2.06,3.6525,3.385,3.9099999999999997,4.2725,Industrial Engineers,Architecture & Engineering
17-2121,2.5,2.62,3.75,2.62,4.25,2.5,1.12,2.0,1.88,2.38,3.38,2.5,3.5,3.5,2.0,2.12,2.38,2.5,4.0,4.0,2.38,3.75,2.75,2.12,3.62,1.75,3.25,4.0,4.0,3.62,3.0,1.88,4.0,1.88,2.38,2.12,3.25,2.0,2.38,3.62,3.38,3.12,1.12,2.12,2.12,2.75,2.5,3.0,3.75,2.38,4.0,4.0,4.06,2.37,2.74,3.68,3.58,2.94,2.95,3.22,2.89,4.0,3.5,3.53,3.17,4.22,4.22,2.89,2.22,3.83,3.76,3.47,3.17,4.11,3.12,2.68,2.67,3.61,2.68,2.89,2.79,3.83,3.78,2.22,2.56,2.84,3.61,2.42,2.05,3.71,3.05,3.94,4.0,Marine Engineers and Naval Architects,Architecture & Engineering
17-2131,2.38,2.12,4.0,2.38,4.0,2.12,1.0,1.0,1.0,1.5,2.88,2.75,3.25,3.5,1.0,1.0,1.0,2.12,4.0,3.75,2.38,3.75,2.12,1.75,3.75,1.0,3.12,4.0,4.0,3.38,3.25,1.0,3.88,2.0,2.0,1.5,3.12,1.0,1.12,3.25,3.25,2.62,1.0,1.0,1.0,2.25,1.38,3.0,3.25,2.0,4.0,3.88,4.43,2.38,3.52,3.7,3.8,2.9,3.6,3.67,3.57,4.05,3.19,3.57,3.86,3.57,4.38,3.76,2.33,4.29,4.19,3.76,3.62,4.43,4.24,3.14,1.81,3.9,3.0,2.24,2.38,3.95,3.48,2.71,2.57,2.9,3.48,3.05,2.9,4.19,3.76,4.38,4.1,Materials Engineers,Architecture & Engineering
17-2141,2.25,2.2466666666666666,3.6233333333333335,2.21,4.0,2.0833333333333335,1.0,1.0,1.0,1.2533333333333332,2.9599999999999995,2.4166666666666665,3.17,3.6666666666666665,1.3333333333333333,1.0,1.0,2.25,4.0,3.793333333333333,1.83,3.8800000000000003,2.8333333333333335,1.54,3.793333333333333,1.3333333333333333,3.5400000000000005,4.0,4.0,3.5866666666666664,2.9599999999999995,1.4133333333333333,4.0,1.6666666666666667,1.7933333333333332,1.5833333333333333,3.1266666666666665,1.4166666666666667,1.5833333333333333,3.3333333333333335,3.4166666666666665,2.8766666666666665,1.1666666666666667,1.0,1.0,2.54,1.6233333333333333,2.793333333333333,3.5,1.71,4.0,3.8333333333333335,4.18,2.32,3.0866666666666664,3.2833333333333337,4.083333333333333,2.8333333333333335,3.1833333333333336,3.39,3.3033333333333332,3.9499999999999997,3.8233333333333337,3.3433333333333337,3.6166666666666667,3.983333333333333,4.319999999999999,2.966666666666667,2.1366666666666667,3.933333333333333,3.6999999999999997,3.86,3.3533333333333335,4.5,3.66,2.6133333333333333,2.4566666666666666,3.9766666666666666,2.63,2.2399999999999998,1.6466666666666667,3.9633333333333334,3.2733333333333334,2.5433333333333334,2.526666666666667,2.8699999999999997,3.323333333333333,2.49,2.066666666666667,4.026666666666666,3.3166666666666664,4.12,4.476666666666667,Mechanical Engineers,Architecture & Engineering
17-2151,1.12,2.12,4.0,1.38,4.0,2.12,1.0,1.0,1.0,1.0,3.12,1.75,3.62,3.75,1.5,1.0,1.0,2.25,4.0,4.0,1.0,3.88,2.75,1.38,3.75,1.12,3.38,4.0,4.0,3.5,3.12,1.0,4.0,1.0,2.0,1.12,3.38,1.12,1.88,3.88,3.88,3.0,1.0,1.0,1.0,2.5,1.88,2.75,3.38,1.75,4.0,4.0,4.29,2.07,3.17,3.57,4.48,2.12,3.87,3.55,3.67,4.15,3.14,4.04,3.67,4.26,4.4,3.23,1.88,4.17,2.82,4.09,3.4,4.71,3.99,3.01,2.11,4.05,3.26,2.23,2.02,4.3,3.97,1.6,1.39,3.52,3.46,2.79,1.93,3.54,3.76,3.85,4.75,"Mining and Geological Engineers, Including Mining Safety Engineers",Architecture & Engineering
17-2161,2.0,2.5,4.0,1.88,4.0,2.0,1.0,1.0,1.0,1.0,3.0,1.62,3.5,3.75,1.0,1.0,1.0,2.5,4.0,4.0,1.5,4.0,2.62,1.0,3.88,1.0,3.75,3.75,4.0,3.38,3.25,1.0,4.62,1.12,1.75,1.0,3.12,1.0,1.0,3.62,3.5,2.88,1.0,1.0,1.0,2.75,1.75,2.62,3.12,1.38,4.0,4.12,4.43,2.29,3.3,3.43,4.3,2.62,3.3,3.35,3.24,3.85,3.2,3.45,3.71,4.85,4.38,3.38,1.7,4.2,3.6,4.0,3.43,4.38,4.0,2.86,1.81,3.43,2.43,1.8,1.86,4.25,3.76,2.19,2.0,3.14,3.24,2.65,2.43,3.71,3.67,4.0,4.5,Nuclear Engineers,Architecture & Engineering
17-2171,1.0,2.0,3.88,1.75,4.0,2.0,1.0,1.0,1.0,1.0,2.88,2.12,3.0,3.75,1.0,1.0,1.0,2.38,4.0,3.75,1.0,3.25,2.62,1.5,3.62,1.0,3.12,4.0,4.0,3.38,3.0,1.0,4.0,1.0,1.12,1.0,3.12,1.0,1.12,3.5,3.5,2.75,1.0,1.0,1.0,2.88,1.38,2.62,3.25,1.12,4.0,4.0,4.58,2.1,2.63,4.1,4.1,1.56,3.74,4.1,3.37,3.72,2.82,4.01,3.77,3.41,4.4,3.22,1.36,4.37,2.72,3.74,3.69,4.49,3.33,3.39,1.36,4.18,2.78,1.54,1.39,4.2,3.67,1.53,1.41,3.56,3.77,2.83,2.42,4.11,2.51,3.95,4.43,Petroleum Engineers,Architecture & Engineering
17-2199,2.32625,2.2512499999999998,3.48625,2.39,3.9699999999999998,2.23375,1.0,1.09375,1.31125,1.5462500000000001,2.9225,2.54625,3.235,3.5775,1.25125,1.09375,1.125,2.295,3.92375,3.7487500000000002,2.0775,3.6574999999999998,2.73625,1.8900000000000001,3.64125,1.1099999999999999,3.2824999999999998,3.90625,3.81625,3.51625,2.97125,1.1099999999999999,3.84375,1.79875,1.76375,1.4212500000000001,3.0925000000000002,1.1400000000000001,1.2825,3.4387499999999998,3.40625,2.7675,1.0625,1.125,1.46875,2.60875,1.8250000000000002,2.78125,3.29625,1.7650000000000001,3.98375,3.8,4.11125,2.23625,3.04125,3.6075,3.9775,2.91875,3.13625,3.3112500000000002,3.23125,3.9275,3.77125,3.59125,3.5775,3.6799999999999997,4.4075,3.045,2.26625,3.8625,3.605,3.5825,3.09125,4.4037500000000005,3.675,2.73625,2.00375,3.73375,2.615,2.33125,1.88,4.00875,3.4275,2.75875,2.36875,2.7025,3.38,2.49,2.3125,3.97125,3.245,4.0325,4.515,"Energy Engineers, Except Wind and Solar",Architecture & Engineering
17-3011,2.5,2.25,3.38,2.38,3.5,1.88,1.25,1.75,1.25,1.25,2.88,2.38,3.12,3.38,1.0,1.25,1.25,2.12,3.38,3.38,2.38,3.38,2.5,1.25,3.62,1.12,3.0,3.62,3.38,3.38,2.62,1.25,3.12,1.25,1.25,1.25,3.12,1.0,1.5,3.0,3.0,2.75,1.25,1.25,1.25,2.38,2.5,2.88,3.62,2.12,3.62,3.62,3.48,1.93,2.42,3.37,3.89,1.46,2.92,2.83,2.67,3.67,4.58,3.28,3.31,4.32,4.36,2.67,1.44,3.54,2.62,3.0,2.73,3.97,3.13,1.74,1.59,3.69,2.34,1.72,2.13,3.63,2.99,1.6,1.16,2.6,3.21,2.1,1.74,3.83,2.58,3.84,4.77,Architectural and Civil Drafters,Architecture & Engineering
17-3012,2.25,2.25,3.12,2.12,3.25,2.12,1.12,1.62,1.12,1.12,2.5,2.5,3.0,2.88,1.25,1.0,1.0,2.0,3.25,3.38,2.38,3.0,2.62,1.25,3.88,1.12,2.88,3.88,3.62,2.88,2.88,1.12,3.38,1.25,1.12,1.25,2.88,1.12,1.38,3.25,3.5,2.88,1.12,1.12,1.12,2.38,2.0,2.62,3.62,2.25,4.0,3.62,3.37,2.25,2.36,3.27,4.37,2.08,2.75,2.89,2.56,3.78,4.66,3.47,3.42,4.0,4.55,1.83,1.68,3.7,2.53,3.23,2.7,3.79,2.57,1.72,1.68,4.2,2.61,1.76,1.77,3.79,2.22,2.49,1.8,2.45,3.4,1.48,1.4,3.13,2.75,3.99,4.76,Electrical and Electronics Drafters,Architecture & Engineering
17-3013,2.5,2.12,3.0,2.38,3.12,2.12,1.0,1.25,1.0,1.0,2.88,3.0,3.0,3.25,1.0,1.0,1.0,2.0,3.12,3.0,2.0,3.5,2.25,1.12,3.75,1.0,3.0,3.25,3.25,3.25,2.88,1.0,3.12,1.0,1.0,1.0,3.25,1.0,1.12,3.25,3.25,2.5,1.0,1.0,1.0,2.12,1.5,3.0,3.5,1.5,3.12,3.25,3.27,2.07,2.34,3.06,3.92,2.38,2.62,2.83,2.05,3.66,4.71,3.06,3.14,3.45,4.23,2.39,1.97,3.5,3.27,3.16,2.95,3.78,3.71,1.82,1.97,3.42,2.9,2.02,1.59,3.41,2.65,1.76,2.11,2.09,2.84,1.8,1.25,4.02,2.39,3.71,4.72,Mechanical Drafters,Architecture & Engineering
17-3021,3.0,2.88,3.12,3.12,3.88,2.62,1.0,2.0,1.38,2.38,2.88,3.0,3.38,3.0,1.75,1.38,1.75,2.88,3.88,3.88,3.0,3.0,2.75,2.62,3.88,1.0,3.0,4.0,4.0,2.88,3.25,1.0,3.88,2.0,2.12,1.75,3.12,1.12,1.12,3.12,3.12,2.62,1.0,1.25,2.0,2.88,2.0,2.75,3.25,2.0,4.0,3.75,3.86,2.16,2.41,3.59,4.28,3.05,3.06,2.86,2.94,4.41,3.06,3.94,3.89,4.21,4.64,2.18,2.65,4.53,3.61,3.12,3.78,4.28,4.54,2.9,2.3,3.49,2.38,2.38,1.04,3.93,2.72,3.24,2.6,2.34,3.7,2.39,1.63,3.21,2.75,3.98,4.42,Aerospace Engineering and Operations Technologists and Technicians,Architecture & Engineering
17-3022,2.12,2.5,3.25,2.0,3.88,2.12,1.0,1.38,1.0,1.0,3.38,2.5,3.12,3.0,1.38,1.0,1.0,2.25,3.38,3.38,2.0,3.88,2.25,1.88,3.88,1.5,3.5,3.88,3.75,3.0,2.88,1.38,3.75,1.5,1.62,1.5,3.0,1.38,2.0,3.38,3.38,3.0,1.0,1.0,1.0,2.62,1.75,2.62,3.62,1.62,3.88,3.62,3.71,2.11,2.43,3.68,4.11,1.71,2.72,2.48,2.48,3.66,3.66,3.7,3.63,4.2,4.48,2.44,1.78,4.12,2.97,3.62,2.76,3.84,3.8,2.01,2.78,3.99,2.93,2.02,2.7,4.3,3.28,1.68,1.6,3.1,3.39,1.96,1.65,3.33,2.34,3.78,4.45,Civil Engineering Technologists and Technicians,Architecture & Engineering
17-3023,2.75,2.5,3.25,2.75,3.88,2.5,1.25,1.88,1.62,2.5,2.75,2.75,3.0,3.0,1.25,1.75,1.75,2.38,3.88,3.5,2.75,2.75,2.5,2.12,3.75,1.0,2.62,3.75,3.5,3.0,3.25,1.38,3.62,1.75,2.0,1.25,3.12,1.75,1.62,3.38,3.25,2.75,1.0,1.75,1.62,2.5,2.25,3.25,3.38,2.0,3.88,3.38,3.72,2.5,2.84,3.3,4.02,3.29,3.02,2.79,2.92,3.91,3.57,3.49,3.33,3.99,4.19,2.77,2.93,3.82,3.88,3.26,3.2,4.24,3.67,2.7,2.41,3.71,2.84,2.89,2.08,3.83,3.02,3.81,2.74,2.6,3.34,2.25,1.83,3.58,3.27,3.91,4.42,Electrical and Electronic Engineering Technologists and Technicians,Architecture & Engineering
17-3024,3.625,2.81,3.12,3.81,3.935,2.685,1.06,2.0,1.685,2.185,3.25,3.815,3.185,3.06,1.94,2.06,1.88,2.75,3.875,3.815,3.625,3.0,2.875,2.875,3.94,1.685,2.875,3.69,3.5,3.0,3.375,1.88,3.815,2.62,3.0,2.44,3.37,2.0,2.06,3.31,3.06,3.06,1.815,2.065,2.5,2.875,2.435,3.44,3.435,2.25,3.625,3.185,3.6500000000000004,2.255,2.91,2.915,4.115,4.045,2.96,2.7800000000000002,2.8049999999999997,3.9699999999999998,3.495,3.52,3.06,3.8899999999999997,4.0,2.625,3.18,3.915,3.9050000000000002,3.2350000000000003,3.37,4.029999999999999,4.109999999999999,2.375,2.79,3.7800000000000002,2.715,3.255,1.565,3.575,3.2249999999999996,4.305,3.59,2.275,3.0949999999999998,2.0,1.83,3.5,3.24,3.7249999999999996,4.4399999999999995,Electro-Mechanical and Mechatronics Technologists and Technicians,Architecture & Engineering
17-3025,3.0,2.25,3.62,3.0,4.0,2.75,1.0,2.0,1.38,2.0,3.0,3.0,3.0,3.0,2.0,2.0,2.0,2.25,4.0,3.88,2.88,3.0,2.75,2.75,3.75,2.0,3.0,3.88,3.88,3.0,3.0,2.12,3.88,2.0,2.25,2.0,3.12,2.0,2.0,3.75,3.12,2.75,2.0,2.12,2.25,2.88,2.25,2.88,2.88,2.0,4.0,3.12,3.52,2.36,2.35,3.0,4.11,2.71,2.93,2.69,2.36,3.91,2.61,3.29,2.66,3.87,4.03,2.27,2.54,3.4,3.75,3.03,3.12,3.59,3.41,2.31,3.13,3.29,2.37,2.77,2.73,3.47,2.71,2.39,2.54,2.86,2.97,1.89,1.58,2.89,2.64,3.4,3.75,Environmental Engineering Technologists and Technicians,Architecture & Engineering
17-3026,2.815,2.56,3.565,2.75,4.0,2.25,1.125,1.565,1.5,1.815,3.06,2.935,3.125,3.25,1.63,1.75,1.565,2.44,3.94,3.63,2.5,3.25,2.685,2.315,3.815,1.5,3.25,4.0600000000000005,3.69,3.185,3.25,1.685,4.0,2.125,2.25,2.125,3.435,1.63,1.63,3.31,3.315,2.815,1.5,1.94,1.75,2.75,2.25,2.875,3.25,2.125,4.0,3.565,3.9050000000000002,2.55,3.13,3.16,3.935,3.5999999999999996,3.0650000000000004,3.175,2.785,3.885,3.55,3.51,3.45,3.415,4.14,3.11,3.01,3.79,3.875,3.375,3.145,4.1850000000000005,3.9,2.8200000000000003,2.625,3.835,2.58,2.885,1.9649999999999999,3.745,3.255,3.2,3.55,2.435,3.385,2.175,2.0549999999999997,3.82,3.79,3.92,4.1850000000000005,Industrial Engineering Technologists and Technicians,Architecture & Engineering
17-3027,3.185,2.69,3.44,3.06,3.815,2.375,1.0,1.94,2.06,2.44,3.12,3.25,3.25,3.06,2.0,2.0,1.94,2.56,3.75,3.69,3.06,3.19,2.625,2.815,3.815,1.94,3.125,3.81,3.625,3.06,3.185,2.06,3.75,2.315,2.685,2.31,3.375,2.125,2.125,3.315,3.565,2.62,1.31,2.06,2.25,2.62,2.38,2.81,3.25,2.315,3.94,3.38,3.8,2.1799999999999997,2.84,3.3049999999999997,4.155,3.4050000000000002,3.08,2.955,2.98,4.21,3.5999999999999996,3.5,3.35,3.9,4.2,2.865,3.27,3.89,4.0649999999999995,3.5949999999999998,3.075,4.1,3.78,2.4349999999999996,3.55,3.725,2.615,3.1550000000000002,2.0149999999999997,3.88,2.915,3.2249999999999996,3.5700000000000003,2.63,3.32,2.17,1.97,3.54,3.3449999999999998,3.89,4.15,Mechanical Engineering Technologists and Technicians,Architecture & Engineering
17-3029,3.06,2.63,3.12,3.12,3.625,2.69,1.0,1.75,1.565,2.0,3.25,3.13,2.935,2.75,1.625,1.69,1.75,2.38,3.435,3.565,3.06,2.94,2.435,2.815,3.875,1.31,2.88,3.685,3.435,2.56,3.185,1.375,3.87,2.19,2.5,2.0,3.06,1.44,1.685,3.125,3.125,2.875,1.31,1.75,2.12,2.625,2.435,3.0,3.12,2.06,3.75,3.375,3.8400000000000003,2.34,3.29,3.34,3.9050000000000002,3.975,3.135,3.08,3.0,4.25,3.045,3.4749999999999996,3.48,4.27,4.35,2.91,3.515,4.025,4.48,3.285,3.545,4.145,4.155,2.955,2.825,3.56,3.045,3.185,2.31,4.025,3.0700000000000003,3.1399999999999997,2.955,2.9850000000000003,3.3,2.275,2.41,3.34,3.455,3.8150000000000004,4.07,Non-Destructive Testing Specialists,Architecture & Engineering
17-3031,2.75,2.25,3.12,2.62,3.25,2.25,1.25,2.25,2.0,2.0,3.12,2.5,3.12,3.0,1.75,2.12,2.0,2.12,3.38,3.25,2.5,2.88,2.38,2.5,3.5,1.62,2.62,3.38,3.38,2.75,2.88,1.62,3.25,1.88,2.38,2.0,2.88,1.62,2.25,3.12,3.12,2.5,1.38,2.12,2.12,2.5,2.62,2.88,2.75,2.25,3.75,3.25,3.73,1.93,2.52,3.08,3.79,2.87,2.89,2.63,2.52,4.16,3.31,2.96,2.88,3.52,4.14,2.47,2.33,3.45,2.52,3.24,2.68,3.62,2.67,2.12,2.5,3.44,2.65,2.88,2.04,3.72,2.65,2.42,2.02,2.31,3.07,1.75,1.62,2.83,2.92,3.66,4.53,Surveying and Mapping Technicians,Architecture & Engineering
19-1011,2.0,2.62,3.88,2.0,4.0,2.0,1.0,1.25,1.38,1.38,3.0,1.62,3.0,3.75,1.75,1.62,1.38,2.12,4.0,3.88,1.12,3.25,2.75,2.0,3.88,1.5,3.25,4.0,4.0,3.25,3.0,1.5,4.0,1.5,1.88,2.0,3.12,1.38,2.0,4.0,3.75,2.25,1.0,1.5,2.0,2.62,2.12,2.62,2.75,1.88,4.0,4.0,4.55,2.7,3.41,4.09,4.0,2.48,3.3,3.91,3.7,4.0,1.78,4.04,3.65,3.61,4.43,3.43,2.09,4.04,2.78,4.26,3.7,4.43,3.91,3.13,2.77,3.91,2.7,2.59,2.82,4.35,4.09,1.87,1.78,3.22,3.45,3.45,2.43,4.24,4.09,4.26,4.48,Animal Scientists,"Life, Physical & Social Science"
19-1012,2.12,2.12,4.0,2.12,4.0,2.0,1.0,1.88,1.62,2.0,3.12,2.25,3.38,3.75,1.0,1.75,1.62,2.25,4.0,4.0,2.12,3.25,2.75,2.0,4.0,1.0,3.38,4.0,4.0,3.62,3.12,1.0,4.12,1.88,2.12,1.62,3.0,1.12,1.0,3.5,3.5,3.0,1.0,2.0,1.88,2.62,2.12,3.12,2.62,2.0,4.0,4.0,4.09,2.41,3.59,3.41,4.33,3.27,3.43,3.18,3.59,4.55,2.32,3.91,3.57,4.36,4.41,3.36,3.05,4.23,3.36,3.81,3.27,4.27,3.95,3.14,2.32,4.09,3.09,2.95,1.95,4.05,3.9,2.32,2.05,3.18,3.27,2.64,2.59,4.18,3.5,4.0,3.86,Food Scientists and Technologists,"Life, Physical & Social Science"
19-1013,2.12,2.12,4.0,2.12,4.0,2.62,1.12,2.0,1.25,2.12,3.0,2.62,3.38,3.5,1.75,1.75,1.62,2.0,4.0,4.0,2.0,3.12,2.88,2.0,3.75,1.75,3.12,4.0,4.0,3.88,3.0,1.75,3.88,1.62,1.62,1.75,3.0,1.62,1.75,3.75,3.38,2.88,1.5,2.12,2.12,2.75,2.38,2.88,2.88,1.75,4.0,4.0,4.48,2.62,3.33,3.9,4.19,2.48,3.38,3.86,3.24,4.2,2.05,3.43,3.95,3.75,4.2,3.57,2.57,4.0,3.1,4.05,3.38,4.29,3.76,3.14,3.0,4.0,2.9,3.1,3.19,4.29,3.67,2.24,2.48,2.86,3.81,2.76,2.57,4.05,3.67,4.33,4.62,Soil and Plant Scientists,"Life, Physical & Social Science"
19-1021,2.75,2.0,4.0,2.12,4.0,1.88,1.0,1.12,1.0,1.38,2.88,2.62,3.62,3.75,1.0,1.0,1.0,1.88,4.25,4.0,2.25,4.0,3.0,1.75,4.0,1.0,3.5,4.12,4.12,3.75,3.12,1.0,3.88,1.62,1.75,1.5,3.0,1.0,1.0,3.75,3.12,3.0,1.0,1.0,1.75,2.25,2.12,2.88,3.25,2.12,4.25,4.25,4.95,2.6,3.75,3.47,4.35,3.45,3.26,4.32,3.32,4.75,3.1,3.6,4.3,3.53,4.7,3.85,2.75,4.55,4.0,4.5,3.95,4.7,4.35,3.32,2.15,4.1,3.25,2.35,1.95,4.7,3.35,3.42,2.55,2.65,3.55,2.58,2.65,4.75,4.15,4.75,4.67,Biochemists and Biophysicists,"Life, Physical & Social Science"
19-1022,2.75,2.0,4.0,2.75,4.0,2.12,1.0,1.5,1.38,1.5,2.88,3.0,3.75,3.75,1.0,1.38,1.38,2.0,4.12,3.88,2.62,2.88,2.75,2.12,3.75,1.0,2.88,4.0,4.0,3.12,3.0,1.0,4.0,2.0,2.12,1.75,3.5,1.0,1.0,3.12,3.62,2.62,1.0,1.5,2.0,2.62,2.0,3.0,3.0,1.88,4.25,4.12,4.32,2.45,3.09,3.55,4.18,3.73,3.14,3.48,3.09,4.27,2.59,3.59,3.71,4.23,4.27,3.27,3.05,4.0,3.41,3.95,3.43,4.0,4.09,3.77,2.23,4.23,3.23,2.59,2.18,4.14,3.0,2.45,2.45,2.59,3.77,2.05,2.95,3.76,3.55,3.95,4.36,Microbiologists,"Life, Physical & Social Science"
19-1023,2.38,2.38,3.5,2.0,4.0,2.0,1.0,2.0,2.0,2.0,3.0,2.25,3.12,3.38,2.0,2.0,2.0,2.5,4.0,3.75,2.0,3.0,2.25,2.0,3.5,2.0,3.0,4.0,4.0,3.25,3.0,2.0,3.75,2.0,2.0,2.0,3.25,2.0,2.12,3.75,3.62,2.25,1.25,2.0,2.0,3.0,2.0,2.75,2.88,2.0,4.0,4.0,3.96,2.61,3.07,4.46,4.38,2.71,3.53,3.91,3.64,3.86,2.25,4.32,3.54,3.85,4.39,3.15,2.59,4.18,3.07,3.76,3.46,4.34,3.9,3.3,3.8,4.21,3.45,2.97,4.12,3.99,3.88,1.62,2.45,3.51,3.85,2.61,2.7,3.88,3.24,4.02,4.45,Zoologists and Wildlife Biologists,"Life, Physical & Social Science"
19-1029,2.3125,2.0625,3.9375,2.0949999999999998,3.9699999999999998,2.09,1.0,1.28,1.125,1.47,3.09,2.5925000000000002,3.3449999999999998,3.815,1.125,1.22,1.22,2.0949999999999998,4.1225000000000005,3.94,1.9375,3.88,2.7775,1.655,3.8775,1.0625,3.4975,4.1850000000000005,4.0925,3.5925000000000002,3.0,1.155,3.9699999999999998,1.375,1.56,1.2475,3.1574999999999998,1.155,1.125,3.755,3.5324999999999998,2.91,1.0,1.2175,1.5,2.6550000000000002,1.8425,2.81,2.91,1.69,4.4350000000000005,4.2175,4.585,2.575,3.3425,3.7325,4.195,2.58,3.365,3.965,3.37,4.2475000000000005,2.1225,3.745,3.8425000000000002,3.09,4.5649999999999995,3.58,2.4925,4.205,3.0325,4.0625,3.41,4.5325,3.6725,3.2800000000000002,1.7275,4.1625,2.9975,2.1925,2.09,4.55,3.1225,2.1475,1.855,2.875,3.535,2.2925,2.4725,4.2825,3.87,4.51,4.58,Bioinformatics Scientists,"Life, Physical & Social Science"
19-1031,2.4966666666666666,2.3733333333333335,3.25,2.1633333333333336,3.706666666666667,2.3766666666666665,1.0833333333333333,2.0833333333333335,1.6666666666666667,2.04,3.2099999999999995,2.21,3.1266666666666665,3.25,1.92,1.92,1.79,2.2533333333333334,3.543333333333333,3.5033333333333334,2.2066666666666666,2.7900000000000005,2.54,2.2933333333333334,3.4599999999999995,1.8733333333333333,2.793333333333333,4.0,4.0,3.206666666666667,2.8733333333333335,2.0,3.7099999999999995,1.8766666666666667,1.8333333333333333,1.96,2.9599999999999995,1.8333333333333333,2.2933333333333334,3.706666666666667,3.5033333333333334,2.4533333333333336,1.2933333333333332,2.0833333333333335,2.2933333333333334,2.6266666666666665,2.42,2.793333333333333,2.8800000000000003,2.0033333333333334,3.9166666666666665,3.75,3.936666666666667,2.7100000000000004,3.3699999999999997,4.11,4.41,2.6366666666666667,3.65,3.5833333333333335,3.486666666666667,4.003333333333333,2.32,4.206666666666667,3.3833333333333333,3.796666666666667,4.233333333333333,3.3433333333333333,2.9966666666666666,3.7533333333333334,3.206666666666667,3.9433333333333334,3.2933333333333334,4.1,3.7533333333333334,3.35,3.4066666666666663,3.9466666666666668,3.4933333333333336,3.59,4.21,3.7900000000000005,3.2066666666666666,1.9466666666666665,2.25,3.6500000000000004,3.813333333333334,2.7866666666666666,2.813333333333333,3.953333333333333,3.56,4.13,4.18,Conservation Scientists,"Life, Physical & Social Science"
19-1032,2.88,2.38,3.88,2.75,3.88,2.62,1.0,2.25,2.0,2.0,3.25,2.38,3.38,3.0,2.0,2.0,2.0,2.5,3.88,3.88,2.0,2.88,2.5,2.5,3.62,2.0,2.88,4.0,3.88,3.25,2.88,2.0,3.75,2.0,2.25,2.0,3.0,2.0,2.62,3.62,3.62,2.62,1.75,2.12,2.62,2.88,3.12,2.75,3.12,2.0,3.88,3.75,3.92,2.36,2.96,4.34,4.36,3.11,3.74,3.66,3.48,4.33,2.83,4.14,3.71,4.23,4.04,2.97,3.07,3.88,4.04,3.85,3.76,4.48,4.24,3.58,3.83,4.14,4.11,3.77,3.72,3.84,3.46,2.12,2.57,3.48,4.11,2.64,2.59,3.28,3.04,3.46,3.95,Foresters,"Life, Physical & Social Science"
19-1041,1.0,1.75,4.0,1.0,4.12,1.38,1.0,1.0,1.0,1.0,2.88,1.75,3.62,4.0,1.0,1.12,1.0,1.62,4.38,3.75,1.12,3.62,2.88,1.0,3.75,1.0,3.38,4.38,4.25,3.88,3.0,1.0,4.25,1.0,1.0,1.0,3.12,1.0,1.0,4.0,3.75,3.0,1.0,1.0,1.0,2.75,1.62,2.5,3.0,1.5,4.38,4.25,4.95,2.42,3.47,4.42,4.28,1.37,3.56,3.78,3.89,4.11,1.32,4.0,3.72,3.44,4.53,3.33,1.32,4.06,1.84,4.58,2.67,4.63,3.26,2.94,1.32,4.0,2.94,1.33,3.22,4.58,3.68,1.21,1.11,2.78,3.5,2.63,2.68,4.11,3.78,4.53,4.58,Epidemiologists,"Life, Physical & Social Science"
19-1042,2.5,1.88,4.0,2.12,4.0,1.75,1.0,1.25,1.0,1.12,2.88,2.75,3.25,3.25,1.0,1.0,1.0,1.88,4.12,4.0,2.25,3.38,3.0,1.12,3.75,1.0,3.12,4.0,4.12,3.25,3.0,1.0,3.88,1.0,1.0,1.0,3.12,1.0,1.0,4.0,3.75,3.0,1.0,1.0,1.0,2.88,1.5,2.88,2.5,1.5,4.0,4.12,4.14,2.66,3.13,2.36,4.47,2.23,2.93,3.27,3.48,4.07,1.8,3.82,4.03,3.14,4.27,2.8,1.75,4.07,3.34,3.63,2.91,4.26,3.26,2.21,2.35,4.1,2.5,2.08,1.36,4.06,3.31,1.87,2.13,1.86,3.69,1.79,1.87,4.32,3.55,4.58,4.25,"Medical Scientists, Except Epidemiologists","Life, Physical & Social Science"
19-2011,1.38,1.88,3.62,1.25,4.12,2.0,1.0,1.0,1.0,1.0,3.75,1.62,3.88,3.75,1.0,1.0,1.0,1.88,4.12,3.88,1.25,4.0,2.88,1.0,3.88,1.62,4.0,4.12,4.12,3.75,3.12,1.0,3.62,1.0,1.0,1.0,3.5,1.0,1.5,3.88,3.38,2.62,1.0,1.0,1.0,2.62,1.75,3.0,2.88,1.5,4.12,4.12,4.87,2.52,3.0,3.64,3.91,2.09,3.0,3.52,3.0,4.0,2.0,3.48,4.0,2.65,4.83,3.0,1.91,4.17,2.48,3.78,2.74,4.41,2.57,2.26,1.43,3.78,2.39,1.83,2.33,4.65,2.74,2.04,1.87,2.14,3.13,2.09,1.87,4.17,3.57,4.57,4.91,Astronomers,"Life, Physical & Social Science"
19-2012,1.0,2.25,3.88,1.0,4.12,2.38,1.0,1.0,1.0,1.0,3.0,2.38,3.38,4.12,1.0,1.0,1.0,2.0,4.12,4.0,1.0,4.75,2.88,1.0,3.88,1.0,4.25,4.12,4.12,4.12,3.0,1.0,4.0,1.0,1.0,1.0,3.25,1.0,1.12,3.88,3.88,3.38,1.0,1.0,1.0,2.62,1.62,2.75,3.62,1.12,4.25,4.0,4.59,2.38,3.09,3.75,4.05,2.33,2.98,3.67,2.87,4.15,2.61,3.33,3.82,3.56,4.53,2.69,1.92,4.29,2.8,3.78,3.57,4.34,3.62,2.88,1.36,3.71,2.33,1.66,2.08,4.39,3.34,1.93,1.58,2.32,3.2,2.43,1.72,4.14,3.35,4.34,4.57,Physicists,"Life, Physical & Social Science"
19-2021,1.38,1.88,3.38,1.0,4.0,1.62,1.0,1.38,1.0,1.0,3.0,1.38,3.38,3.25,1.0,1.0,1.0,1.88,4.12,3.75,1.25,3.5,2.88,1.0,3.75,1.0,3.0,4.12,4.25,3.0,2.88,1.0,3.88,1.0,1.0,1.0,2.88,1.0,1.0,3.88,3.75,2.88,1.0,1.0,1.0,2.62,1.75,2.75,2.62,1.62,4.12,3.88,4.75,2.0,3.05,4.0,3.85,1.9,3.16,3.2,3.3,3.45,1.79,3.55,3.11,3.05,4.6,3.1,1.4,3.7,2.3,4.21,3.4,4.1,3.1,2.16,1.3,3.8,2.55,1.5,2.8,4.25,3.2,1.95,1.63,2.45,3.26,1.8,2.3,3.84,3.45,4.25,4.79,Atmospheric and Space Scientists,"Life, Physical & Social Science"
19-2031,3.0,2.0,3.88,2.62,4.0,2.0,1.0,1.38,1.25,1.75,2.62,3.0,3.38,3.12,1.0,1.38,1.62,2.12,4.0,3.88,2.75,3.75,2.75,2.25,3.88,1.0,3.62,4.0,4.0,3.0,3.12,1.0,3.88,1.62,1.88,1.75,3.0,1.0,1.12,3.12,3.25,2.62,1.0,1.62,1.75,2.75,2.25,3.12,3.0,1.88,4.0,4.0,4.19,2.51,3.07,2.89,3.91,3.26,3.2,3.21,3.35,4.39,2.55,3.15,3.56,3.95,4.1,2.86,3.06,4.08,3.72,3.76,3.38,4.09,3.75,3.03,2.04,3.78,2.5,3.02,1.52,3.88,3.0,2.36,2.7,2.94,3.51,2.65,2.51,3.34,3.47,4.04,3.82,Chemists,"Life, Physical & Social Science"
19-2032,2.0,2.12,3.88,1.88,4.0,2.0,1.0,1.0,1.0,1.0,3.0,1.75,3.25,3.38,1.0,1.0,1.0,2.0,4.0,3.88,1.62,3.25,2.5,1.25,3.75,1.0,3.12,4.0,4.0,3.25,3.0,1.0,4.0,1.75,1.75,1.25,2.88,1.0,1.0,3.12,3.12,2.5,1.0,1.0,1.0,2.62,1.62,2.75,3.0,2.0,4.0,4.0,4.38,2.14,3.19,3.67,4.0,2.81,3.05,3.1,3.29,4.05,2.62,3.43,3.65,3.86,4.38,3.24,2.19,4.0,3.86,3.95,3.19,4.33,4.32,2.81,1.33,3.57,2.43,1.95,2.0,4.38,3.05,2.1,2.25,2.33,3.24,2.43,2.43,4.05,3.48,4.19,4.19,Materials Scientists,"Life, Physical & Social Science"
19-2041,1.4075,1.97,3.4699999999999998,1.4075,4.03,1.9375,1.0,1.22,1.06,1.345,3.0625,1.6875,3.1875,3.25,1.4075,1.28,1.28,2.0,4.03,3.7199999999999998,1.4075,3.2800000000000002,2.5324999999999998,1.47,3.625,1.31,3.0625,3.9675000000000002,3.9699999999999998,3.185,2.6574999999999998,1.3425,3.875,1.345,1.345,1.345,2.91,1.28,1.47,3.6574999999999998,3.625,2.7175000000000002,1.22,1.25,1.315,2.4975,1.78,2.375,2.7475,1.3725,4.03,4.0,4.41,1.895,2.9175,4.155,4.1625,1.645,3.17,3.62,3.255,3.7600000000000002,1.9075,3.75,3.67,3.8850000000000002,4.6375,2.985,1.6175,3.8625,2.55,4.1025,3.0175,4.15,3.5725,2.6775,1.9275,3.835,2.7025,2.1574999999999998,2.85,4.0875,3.605,1.55,1.455,3.0250000000000004,3.3600000000000003,2.6125,2.365,3.61,3.1100000000000003,4.1975,4.41,"Environmental Scientists and Specialists, Including Health","Life, Physical & Social Science"
19-2042,2.0,2.0,4.0,2.0,4.0,1.88,1.0,1.75,1.12,1.62,3.25,1.75,3.25,3.38,1.75,1.88,1.75,1.75,4.12,3.88,1.75,3.75,2.38,2.0,3.62,1.62,3.25,4.0,4.0,3.12,3.0,1.75,4.0,1.88,1.88,1.88,3.0,1.62,2.0,3.75,3.62,2.88,1.38,1.75,1.75,2.25,2.25,2.62,3.0,2.0,4.12,4.0,4.68,2.03,3.26,4.0,4.39,2.31,3.44,3.62,3.19,4.03,2.41,3.88,3.39,3.31,4.69,3.32,2.47,4.38,2.42,4.03,3.23,4.19,3.69,2.94,2.67,4.03,2.84,2.73,2.84,4.32,3.58,1.97,2.0,2.81,3.27,2.52,2.41,4.25,3.88,4.34,4.44,"Geoscientists, Except Hydrologists and Geographers","Life, Physical & Social Science"
19-2043,2.0,2.12,3.75,2.12,3.88,2.12,1.0,1.88,1.5,2.0,3.12,2.25,3.62,3.5,1.25,1.88,1.88,2.25,3.88,3.62,2.12,3.88,2.88,2.0,3.75,1.25,3.25,4.0,4.0,3.25,3.25,1.38,3.88,1.25,1.25,1.38,2.88,1.38,1.75,3.5,3.62,2.75,1.12,2.12,2.12,2.25,2.12,2.62,3.0,1.88,4.0,4.0,4.82,1.91,3.09,3.86,4.0,2.14,3.36,3.68,3.23,4.27,2.14,3.59,3.68,3.32,4.64,3.41,2.27,4.18,2.77,4.18,3.09,4.45,4.0,2.86,2.36,3.81,2.32,2.55,2.68,4.18,3.5,2.59,2.05,2.77,3.36,2.55,2.55,3.95,3.27,4.14,4.64,Hydrologists,"Life, Physical & Social Science"
19-2099,2.0,2.0,3.75,2.12,4.25,2.0,1.0,1.12,1.0,1.12,3.0,2.38,3.5,3.62,1.0,1.12,1.0,2.0,4.25,3.88,1.88,3.88,2.62,1.0,4.0,1.0,3.62,4.0,4.0,3.38,3.0,1.0,4.0,1.25,1.38,1.0,3.0,1.0,1.38,3.62,3.38,2.5,1.0,1.0,1.12,2.5,1.75,2.5,3.12,1.38,4.0,4.0,4.56,1.68,3.16,3.72,4.17,2.56,3.2,3.72,3.48,4.21,2.44,3.52,4.0,3.88,4.46,3.26,1.76,4.08,2.79,4.28,3.4,4.33,3.67,2.92,2.04,4.08,3.0,2.04,2.42,4.58,3.42,2.44,1.56,2.52,3.64,2.24,2.56,4.12,3.76,4.16,4.8,Remote Sensing Scientists and Technologists,"Life, Physical & Social Science"
19-3011,1.0,1.435,3.185,1.0,3.94,1.375,1.0,1.0,1.0,1.0,2.565,1.5,2.94,3.565,1.0,1.0,1.0,1.815,4.0,3.25,1.0,4.12,2.94,1.0,3.625,1.0,3.69,4.0,4.0,3.185,2.63,1.0,3.75,1.0,1.0,1.0,2.935,1.06,1.0,3.94,3.62,2.44,1.0,1.0,1.0,2.19,1.5,1.875,2.565,1.25,4.1850000000000005,4.0,4.885,1.68,2.985,3.95,4.015,1.175,2.475,3.33,2.575,3.4,1.08,3.18,3.73,2.84,4.725,2.725,1.0950000000000002,3.7800000000000002,1.22,4.325,3.33,4.085,2.385,2.025,1.02,3.5549999999999997,2.335,1.135,2.2649999999999997,4.545,3.34,1.1400000000000001,1.02,2.235,2.66,2.1950000000000003,1.855,4.005,3.75,4.345,4.6899999999999995,Economists,"Life, Physical & Social Science"
19-3022,1.12,1.75,3.5,1.12,4.12,1.38,1.0,1.0,1.0,1.0,2.88,1.38,3.25,3.38,1.0,1.0,1.0,1.75,4.5,4.12,1.25,4.0,2.62,1.0,4.0,1.0,3.88,4.12,4.12,3.12,2.62,1.0,3.5,1.0,1.0,1.0,3.0,1.0,1.12,4.0,3.88,2.88,1.0,1.0,1.0,2.12,1.75,1.75,2.0,1.62,4.25,4.38,4.68,2.15,3.31,4.23,4.12,1.6,3.62,3.81,3.58,4.0,1.28,3.96,3.84,3.36,4.31,3.38,1.46,3.48,1.96,4.31,2.92,4.4,3.16,3.27,1.12,4.19,3.08,1.38,2.68,4.68,3.62,1.46,1.19,2.81,3.72,2.31,2.85,3.96,3.58,4.08,4.76,Survey Researchers,"Life, Physical & Social Science"
19-3032,1.0,1.75,3.75,1.0,4.12,1.5,1.0,1.0,1.0,1.0,3.0,1.5,2.88,3.88,1.0,1.0,1.0,1.88,4.12,4.0,1.0,3.88,2.62,1.0,3.75,1.0,3.12,4.25,4.38,3.88,2.75,1.0,4.0,1.0,1.0,1.0,3.12,1.0,1.0,4.0,4.0,2.75,1.0,1.0,1.0,2.25,1.38,2.12,2.62,1.0,4.38,4.25,4.6,2.42,4.32,4.04,4.54,1.24,3.6,4.12,3.92,3.88,1.0,4.64,2.88,3.96,4.73,3.6,1.2,3.65,1.27,4.62,3.85,4.68,2.81,2.8,1.0,4.36,3.0,1.4,2.04,4.48,4.76,1.08,1.0,3.4,3.26,3.4,3.71,3.64,4.16,4.36,4.56,Industrial-Organizational Psychologists,"Life, Physical & Social Science"
19-3033,1.0,2.5,3.38,1.0,4.0,1.25,1.0,1.0,1.0,1.0,2.62,1.0,3.0,3.75,1.0,1.0,1.0,1.88,4.0,3.38,1.0,2.25,2.75,1.0,3.25,1.0,2.12,4.38,4.62,3.38,2.5,1.0,4.38,1.0,1.0,1.0,3.25,1.0,1.12,4.0,4.0,2.62,1.0,1.0,1.0,2.38,1.88,2.0,2.0,1.5,4.5,4.25,4.04,4.6,3.57,3.16,3.75,1.3,2.36,3.67,3.0,4.4,1.2,4.68,1.72,4.04,4.36,2.88,1.44,3.48,1.6,4.0,3.92,4.62,3.24,1.8,1.28,3.76,3.32,1.33,3.36,3.92,3.96,1.12,1.08,3.92,3.64,2.17,1.88,3.88,3.52,4.33,3.28,Clinical and Counseling Psychologists,"Life, Physical & Social Science"
19-3034,1.0,1.88,3.25,1.0,4.12,1.0,1.0,1.0,1.0,1.0,2.75,1.88,3.0,3.12,1.0,1.0,1.0,1.88,4.0,3.38,1.0,2.88,2.75,1.0,3.62,1.0,2.75,4.38,4.38,3.0,2.88,1.0,4.0,1.0,1.0,1.0,3.0,1.0,1.25,4.0,3.88,2.25,1.0,1.0,1.0,2.88,1.88,1.75,2.5,1.38,4.12,4.0,3.68,3.48,3.02,3.6,4.21,1.24,2.89,2.67,3.29,3.04,1.12,4.19,1.57,2.83,4.53,2.53,1.27,3.95,1.54,3.76,2.21,3.83,4.15,1.93,1.38,3.73,3.05,1.13,2.06,2.73,3.38,1.12,1.12,3.18,2.66,1.8,1.75,3.28,3.26,3.49,3.13,School Psychologists,"Life, Physical & Social Science"
19-3039,2.06,2.315,3.815,1.88,4.3149999999999995,1.625,1.06,1.06,1.06,1.06,2.94,1.94,3.31,3.25,1.0,1.06,1.06,2.19,4.38,3.685,1.94,3.0,2.94,1.06,3.62,1.0,2.685,4.625,4.5,3.12,2.94,1.0,4.1850000000000005,1.06,1.06,1.12,3.25,1.0,1.185,3.875,3.94,2.875,1.06,1.06,1.125,2.815,2.25,2.185,2.5,2.06,4.62,4.375,4.734999999999999,4.41,3.27,4.105,4.005,1.83,2.915,3.29,2.85,4.675,1.43,4.2,3.085,3.55,4.8149999999999995,3.15,2.145,4.27,2.375,4.675,3.94,4.57,3.8200000000000003,2.46,1.145,3.9,3.185,1.6749999999999998,3.495,4.795,4.04,1.425,1.2000000000000002,2.94,3.2,1.92,2.23,3.31,3.965,4.529999999999999,4.125,Neuropsychologists,"Life, Physical & Social Science"
19-3041,1.0,1.62,3.5,1.0,4.0,1.38,1.0,1.0,1.0,1.0,2.5,1.12,2.75,3.25,1.0,1.0,1.0,1.62,4.12,3.12,1.0,3.0,2.5,1.0,3.62,1.0,2.38,4.25,4.25,3.12,2.12,1.0,3.5,1.0,1.0,1.0,2.75,1.0,1.0,3.88,3.62,2.12,1.0,1.0,1.0,2.12,1.75,1.75,2.0,1.38,4.12,4.12,4.79,2.35,3.25,3.9,3.95,1.45,3.35,3.65,2.85,4.05,1.05,3.9,3.55,3.0,4.85,3.05,1.25,4.0,1.85,4.65,3.79,3.95,3.21,2.55,1.2,4.0,2.95,1.5,3.11,4.63,3.26,1.25,1.0,2.74,3.26,2.21,2.3,4.35,4.3,4.5,4.37,Sociologists,"Life, Physical & Social Science"
19-3051,1.0,2.0,3.5,1.62,3.88,1.88,1.0,1.0,1.0,1.0,3.0,1.88,3.0,3.62,1.0,1.0,1.0,1.75,3.88,3.62,1.0,3.0,2.25,1.62,3.88,1.0,3.0,4.12,4.12,3.25,2.62,1.0,4.0,1.0,1.0,1.0,2.88,1.0,1.75,4.0,3.88,2.25,1.0,1.0,1.0,2.75,1.5,2.75,3.12,1.62,4.0,4.0,4.32,2.12,3.08,4.6,4.48,1.12,4.08,4.52,4.17,3.36,1.6,4.28,3.32,4.44,4.64,3.4,1.28,3.68,1.44,4.28,3.32,4.6,3.04,3.24,1.6,4.25,3.08,1.44,4.24,4.21,3.56,1.08,1.04,4.24,3.72,3.04,2.96,4.2,2.96,4.36,4.08,Urban and Regional Planners,"Life, Physical & Social Science"
19-3091,1.75,2.0,3.88,1.62,4.12,1.5,1.12,1.38,1.25,1.75,3.12,1.88,3.75,3.75,1.25,1.62,1.38,1.75,4.0,3.88,1.75,2.88,2.88,1.62,3.62,1.0,2.88,4.25,4.38,3.12,2.88,1.12,3.38,1.0,1.0,1.12,3.12,1.0,1.75,4.0,3.75,2.88,1.0,1.5,1.62,2.75,2.0,2.88,3.0,1.75,4.38,4.38,4.45,2.2,3.35,3.95,4.05,1.75,3.15,3.6,2.9,4.47,1.26,4.35,2.89,2.6,4.8,3.15,2.2,4.37,1.8,4.5,3.78,3.9,3.37,2.85,1.7,3.75,2.85,2.25,3.0,4.3,3.25,1.56,1.26,2.9,3.35,2.25,2.42,4.15,4.25,4.4,4.35,Anthropologists and Archeologists,"Life, Physical & Social Science"
19-3092,1.12,1.75,3.62,1.12,4.0,1.5,1.0,1.5,1.0,1.12,3.0,1.38,3.12,3.25,1.12,1.0,1.0,1.75,4.12,3.75,1.25,3.0,2.75,1.0,3.88,1.0,3.0,4.0,4.0,3.12,3.12,1.0,3.62,1.0,1.0,1.0,2.88,1.0,1.25,3.75,3.75,2.5,1.0,1.0,1.0,2.5,1.88,2.75,3.0,1.38,4.12,4.12,4.58,2.2,2.8,3.42,4.0,2.0,3.0,3.63,2.89,4.1,2.15,3.75,3.05,3.25,4.45,2.5,2.05,3.95,1.9,4.2,3.35,3.95,3.1,2.3,1.53,3.84,2.58,2.25,3.47,4.5,3.15,1.8,1.4,2.7,3.05,1.95,2.05,4.0,3.74,4.25,4.55,Geographers,"Life, Physical & Social Science"
19-3093,1.12,2.12,3.25,1.25,3.75,1.88,1.0,1.0,1.0,1.12,2.75,1.25,2.75,3.25,1.0,1.0,1.0,1.5,3.88,3.38,1.25,2.0,2.5,1.0,4.0,1.0,2.0,4.0,4.0,2.88,2.12,1.0,3.12,1.0,1.0,1.0,3.0,1.0,1.0,3.75,3.5,2.12,1.0,1.12,1.0,2.12,2.25,2.0,2.0,1.75,4.88,4.25,3.5,1.77,2.16,4.06,3.85,1.46,2.91,3.2,2.98,4.04,1.55,3.97,2.84,3.28,4.61,2.03,2.44,4.5,2.2,3.99,3.76,3.63,3.26,2.96,1.51,3.19,3.1,1.86,2.96,4.14,2.61,1.25,1.22,2.69,2.95,2.32,1.74,3.07,2.61,3.45,4.31,Historians,"Life, Physical & Social Science"
19-3094,1.0,1.88,3.12,1.0,3.75,1.38,1.0,1.0,1.0,1.0,2.5,1.5,2.88,3.12,1.0,1.0,1.0,1.62,4.0,3.25,1.0,3.0,2.88,1.0,3.62,1.0,2.12,4.12,4.12,3.12,2.12,1.0,3.62,1.0,1.0,1.0,2.88,1.0,1.0,4.0,3.88,2.25,1.0,1.0,1.0,2.38,1.75,1.62,2.12,1.25,4.62,4.0,4.8,2.35,3.32,3.85,4.12,1.46,2.76,3.46,2.54,3.76,1.04,3.52,3.54,3.23,4.79,2.84,1.27,4.52,1.48,4.54,4.04,3.88,3.56,2.31,1.15,3.85,2.76,1.15,2.5,4.6,3.46,1.31,1.15,2.5,3.24,2.12,2.35,4.23,4.48,4.69,4.2,Political Scientists,"Life, Physical & Social Science"
19-3099,1.12,2.0,3.25,1.38,4.0,1.75,1.0,1.0,1.0,1.0,3.12,1.62,3.12,4.0,1.0,1.0,1.0,1.88,4.0,3.62,1.12,3.12,2.88,1.25,3.75,1.0,3.0,4.0,4.0,3.62,2.88,1.0,3.88,1.0,1.0,1.0,3.0,1.0,1.5,3.75,3.5,3.0,1.0,1.0,1.0,2.62,1.75,2.38,3.88,1.62,4.0,4.0,4.6,2.5,3.53,4.35,4.25,1.3,3.65,4.15,3.75,3.7,2.05,4.05,3.7,3.85,4.75,3.5,1.5,3.95,1.9,4.35,3.2,4.33,3.3,3.1,1.65,3.95,3.15,1.55,3.4,4.35,3.8,1.25,1.21,3.58,3.26,3.3,3.2,4.05,3.3,4.25,4.45,Transportation Planners,"Life, Physical & Social Science"
19-4012,3.06,2.185,3.12,3.0,3.69,2.435,1.19,1.875,1.435,2.125,3.0,2.815,3.06,3.06,1.94,2.0,1.875,2.125,3.625,3.435,2.94,3.06,2.375,2.88,3.685,1.62,3.0,3.815,3.815,3.0,3.06,1.88,3.565,1.94,2.44,2.06,3.0,1.81,2.25,3.06,3.0,2.56,1.435,2.06,2.31,2.75,2.435,2.935,2.875,2.0,3.69,3.63,3.745,2.77,2.7199999999999998,3.48,3.835,3.2249999999999996,2.76,3.08,2.79,3.8049999999999997,2.665,3.62,2.935,3.27,4.01,2.765,3.23,3.705,3.295,3.2800000000000002,2.96,3.86,3.59,2.74,3.995,3.5300000000000002,2.64,3.49,2.785,3.6,3.105,2.935,3.205,2.8499999999999996,3.48,2.77,2.025,3.255,3.0949999999999998,3.825,3.84,Agricultural Technicians,"Life, Physical & Social Science"
19-4013,2.75,2.25,3.12,2.75,3.62,1.75,1.0,1.38,1.12,1.38,2.62,2.75,3.12,2.75,1.25,1.75,1.75,1.88,3.62,3.12,2.5,3.0,2.0,1.75,3.88,1.0,3.0,3.75,3.75,2.25,3.12,1.12,3.5,2.12,2.25,1.5,3.12,1.25,1.0,3.25,3.25,2.12,1.38,1.88,1.38,2.62,2.25,3.25,2.62,2.0,3.75,3.75,3.69,2.99,3.68,2.38,4.14,3.09,3.55,2.42,3.14,4.16,1.58,3.19,2.69,4.01,3.92,3.37,2.2,4.12,3.59,2.73,3.3,3.55,4.28,3.14,1.68,3.51,3.27,2.22,1.91,2.98,2.78,2.39,1.75,2.81,2.34,2.3,2.29,2.64,4.3,3.61,4.22,Food Science Technicians,"Life, Physical & Social Science"
19-4021,3.0,2.25,3.5,2.75,3.62,2.0,1.0,2.12,1.38,2.0,2.88,3.0,3.12,3.0,1.12,1.75,1.75,2.12,3.88,3.75,2.88,3.0,2.5,2.62,3.88,1.12,3.0,3.88,3.75,2.88,3.0,1.0,3.5,1.62,2.0,2.0,3.38,1.12,1.12,3.5,3.5,2.75,1.12,2.0,2.25,2.5,2.25,3.0,3.0,2.25,3.62,3.62,4.44,1.81,1.91,2.45,3.98,3.07,2.46,3.2,2.13,4.65,1.47,3.29,3.54,3.17,4.19,1.93,3.68,4.39,3.4,3.29,1.99,4.01,3.69,2.39,2.0,3.8,2.21,2.66,2.61,4.61,2.11,2.35,1.8,2.23,3.05,1.19,1.38,3.19,2.8,3.94,4.1,Biological Technicians,"Life, Physical & Social Science"
19-4031,3.12,2.62,3.62,3.12,3.62,1.88,1.0,2.0,1.25,2.0,2.88,3.12,3.12,3.0,1.0,2.0,1.75,2.12,3.75,3.75,3.12,3.12,2.75,2.88,4.0,1.0,3.0,3.75,3.62,3.0,3.0,1.0,3.75,2.12,2.12,1.88,3.12,1.0,1.38,3.38,3.25,3.0,1.88,1.88,2.12,2.62,2.25,3.0,3.12,2.12,4.0,3.88,4.0,2.6,2.56,2.6,4.15,3.61,3.17,2.89,2.58,4.49,2.91,2.93,3.37,4.08,4.06,2.24,3.64,3.86,4.23,3.17,3.7,4.27,4.33,2.55,2.46,4.18,2.76,3.17,1.61,4.33,2.87,3.22,2.33,2.23,3.02,1.66,2.0,2.75,3.44,3.74,4.14,Chemical Technicians,"Life, Physical & Social Science"
19-4042,3.0,2.5,3.25,2.75,3.88,2.38,1.0,2.12,1.5,1.88,3.0,2.88,3.12,3.0,1.88,2.0,1.88,2.0,3.62,3.38,2.88,3.0,2.5,2.5,3.88,1.88,3.12,4.0,4.0,2.88,3.0,1.88,3.62,1.88,2.12,2.0,3.0,1.88,2.0,3.62,3.5,2.88,1.25,2.0,2.12,2.88,2.12,2.88,3.0,2.0,4.0,3.88,3.67,2.14,3.05,3.43,3.95,2.95,3.14,2.86,3.1,4.38,2.14,3.76,2.86,4.05,4.24,2.82,2.73,3.82,3.48,3.41,2.5,3.5,3.45,2.52,3.36,3.64,3.1,3.18,3.29,3.68,3.05,2.32,2.32,3.19,3.86,2.36,2.18,2.81,3.14,3.82,3.85,"Environmental Science and Protection Technicians, Including Health","Life, Physical & Social Science"
19-4043,2.75,2.25,3.25,2.62,3.25,2.38,1.0,1.88,1.75,2.12,3.0,2.62,3.12,2.88,1.75,1.75,1.75,2.25,3.38,3.5,2.5,3.0,2.38,2.25,3.5,1.75,2.75,3.75,3.38,2.62,3.0,1.88,3.0,2.12,2.25,2.0,3.0,1.88,2.25,3.25,3.12,2.38,1.25,1.88,2.25,2.5,2.25,2.88,2.62,2.5,3.88,3.38,3.62,1.92,2.58,2.78,3.85,3.48,2.46,2.67,2.39,4.28,2.2,3.25,3.38,3.13,4.12,2.17,3.06,3.6,3.12,3.18,2.95,3.08,3.54,2.62,2.82,3.63,2.67,3.05,1.95,3.77,2.5,2.84,2.7,1.96,2.8,1.92,1.53,2.92,2.55,3.59,4.14,"Geological Technicians, Except Hydrologic Technicians","Life, Physical & Social Science"
19-4051,3.06,2.69,3.375,2.935,3.75,2.25,1.125,1.94,1.56,2.25,3.125,3.0,3.315,2.815,1.94,2.0,2.12,2.75,3.81,3.815,2.935,3.0,2.56,2.435,3.69,1.375,2.87,3.94,3.81,2.875,3.62,1.44,4.0600000000000005,2.31,2.625,2.31,3.5,1.31,1.56,3.44,3.25,2.75,1.565,2.12,2.185,3.06,2.37,3.125,2.75,2.44,3.88,3.565,3.8,2.5949999999999998,3.0949999999999998,2.73,4.345,3.48,3.19,2.8049999999999997,2.9000000000000004,4.475,2.245,3.25,3.39,4.1899999999999995,4.3,2.565,2.9050000000000002,4.335,4.15,3.2750000000000004,2.995,3.83,4.505,2.25,2.69,3.485,2.9699999999999998,3.29,1.77,3.95,2.7750000000000004,2.76,2.605,2.4400000000000004,3.09,1.8250000000000002,1.625,2.895,3.395,4.105,3.69,Nuclear Technicians,"Life, Physical & Social Science"
19-4061,1.0,1.88,3.0,1.0,3.5,1.75,1.0,1.38,1.0,1.0,2.75,2.5,2.88,3.0,1.0,1.0,1.0,1.75,3.25,3.62,1.25,3.12,2.38,1.0,3.38,1.0,3.0,4.0,4.0,3.0,2.62,1.0,3.12,1.0,1.12,1.0,3.12,1.0,1.0,3.25,3.12,2.38,1.0,1.0,1.0,2.0,1.88,2.0,2.62,1.5,4.0,3.75,4.5,1.89,2.47,3.31,4.42,1.51,2.97,3.38,2.5,4.26,1.28,3.46,3.18,2.78,4.29,2.5,1.45,3.72,1.63,3.91,2.35,3.35,2.71,2.23,1.18,3.79,3.08,1.19,2.69,4.67,2.71,1.25,1.0,2.17,2.76,2.18,2.01,3.22,3.13,3.6,4.73,Social Science Research Assistants,"Life, Physical & Social Science"
19-4071,3.12,2.5,3.12,3.0,3.62,2.75,1.5,2.5,1.62,2.88,3.5,3.0,2.88,2.88,2.5,2.62,2.62,2.25,3.62,3.75,3.12,2.75,2.5,3.0,3.5,2.0,2.75,3.75,3.75,3.0,2.88,2.12,3.75,2.5,2.75,2.62,3.12,2.0,2.75,3.12,3.12,2.62,2.25,2.88,3.0,2.88,3.0,3.0,3.25,2.0,3.62,3.12,3.43,3.05,3.41,3.82,4.24,3.39,3.77,3.82,3.59,3.54,2.69,4.15,3.51,3.82,4.08,3.3,3.64,4.13,3.99,3.32,3.39,4.33,3.8,2.93,4.4,4.08,3.07,3.8,3.5,3.84,3.42,2.47,3.19,3.55,3.86,2.35,2.96,3.37,3.57,3.97,3.67,Forest and Conservation Technicians,"Life, Physical & Social Science"
19-4092,3.0,2.5,3.75,2.75,3.88,2.75,1.0,2.0,1.5,2.25,3.75,2.88,4.0,3.25,2.0,2.0,1.75,2.38,4.0,3.75,2.88,2.75,2.75,2.75,4.0,1.75,2.62,4.0,4.0,2.88,3.25,1.88,3.88,1.88,1.88,2.0,3.0,1.75,2.0,3.75,3.75,3.12,1.88,2.12,2.38,2.75,2.38,3.38,3.0,2.0,4.0,4.0,3.8,2.96,3.04,4.08,4.15,3.11,2.91,2.92,3.0,4.23,2.16,3.87,2.99,3.88,4.46,2.4,3.66,3.95,2.79,4.21,3.32,3.95,3.35,2.33,2.84,3.58,3.41,3.54,3.91,3.93,2.83,1.79,1.66,2.52,2.41,1.49,1.82,2.36,2.94,4.07,3.99,Forensic Science Technicians,"Life, Physical & Social Science"
19-4099,2.75,2.31,3.125,2.685,3.685,2.125,1.0,1.5,1.125,1.5,3.0,2.875,3.25,3.13,1.06,1.5,1.31,2.185,3.5,3.435,2.565,3.185,2.685,2.12,3.81,1.125,3.0,3.75,3.685,3.065,3.12,1.06,3.685,1.88,1.81,1.87,3.185,1.0,1.375,3.31,3.25,2.685,1.31,1.5,1.56,2.56,1.75,2.815,3.0,1.815,3.75,3.69,4.09,1.9,2.51,2.545,3.95,3.1950000000000003,2.865,2.8899999999999997,2.4299999999999997,4.07,2.34,3.1550000000000002,3.38,3.965,4.16,2.325,2.51,3.915,3.375,3.2649999999999997,3.315,3.525,3.895,2.35,1.7999999999999998,3.545,2.7,2.3449999999999998,1.5699999999999998,4.045,2.55,2.745,2.34,2.4349999999999996,2.755,1.935,1.885,3.0549999999999997,3.3049999999999997,3.8499999999999996,4.305,Quality Control Analysts,"Life, Physical & Social Science"
19-5011,2.0,2.75,3.25,2.0,4.0,2.0,1.0,1.5,1.5,1.88,3.12,2.5,3.88,3.12,1.88,1.5,2.0,2.38,4.0,3.75,2.0,3.12,2.75,2.0,4.0,1.38,3.0,4.0,4.0,3.0,3.12,1.5,4.0,1.75,2.0,1.5,3.12,2.0,2.0,3.75,3.75,3.0,1.0,1.88,2.0,2.88,2.0,2.75,3.0,1.5,3.88,3.88,4.39,3.45,3.74,3.96,4.22,2.36,3.68,3.57,3.7,4.43,2.5,4.13,3.17,4.48,4.57,3.35,2.77,4.3,4.0,4.09,3.45,4.32,4.3,3.0,2.82,3.91,3.59,3.09,2.61,4.04,4.13,2.52,2.3,3.65,3.61,3.52,2.61,3.36,4.22,4.39,4.18,Occupational Health and Safety Specialists,"Life, Physical & Social Science"
19-5012,2.12,2.38,3.25,2.12,3.88,2.12,1.0,1.88,1.88,2.0,3.25,2.38,3.25,3.0,1.88,2.0,2.12,2.12,3.88,3.38,1.88,2.75,2.5,2.0,3.62,1.5,2.62,3.88,3.88,3.0,3.0,1.75,3.88,1.62,1.88,1.88,3.0,2.0,2.0,3.5,3.38,2.75,1.25,2.0,2.0,2.62,2.38,2.88,2.25,2.0,3.88,3.75,4.0,3.43,3.62,3.57,4.57,2.55,3.33,3.81,3.62,4.24,2.62,3.79,3.38,4.6,4.29,3.33,2.43,4.33,4.14,3.76,3.62,4.0,4.24,2.86,3.0,4.0,3.19,2.9,2.43,3.86,3.81,2.1,2.0,3.65,3.57,3.37,2.63,3.52,4.24,4.19,4.14,Occupational Health and Safety Technicians,"Life, Physical & Social Science"
21-1011,1.62,2.0,3.25,1.62,4.0,1.88,1.0,1.5,2.0,1.5,3.0,1.62,3.0,3.38,1.5,2.0,2.0,2.0,4.0,3.62,1.25,2.0,2.62,1.62,3.12,1.62,2.0,4.0,4.12,3.12,2.25,1.62,4.12,1.62,2.0,2.0,3.12,1.5,1.5,4.12,3.88,2.75,1.38,1.88,2.0,3.0,2.0,2.0,2.5,1.25,4.0,4.0,4.14,4.46,3.64,4.16,3.82,2.68,3.5,4.14,3.6,4.48,1.82,3.93,2.58,4.14,4.75,2.75,2.15,4.58,3.05,3.2,4.18,4.5,4.43,2.31,2.78,4.35,3.33,2.54,3.88,4.58,3.8,1.83,1.8,4.22,4.03,3.16,2.49,3.97,3.49,3.83,4.49,Substance Abuse and Behavioral Disorder Counselors,Community & Social Service
21-1012,1.0,2.0,3.12,1.0,3.75,1.38,1.0,1.0,1.0,1.0,2.5,1.0,2.75,3.62,1.0,1.0,1.0,1.75,3.75,3.38,1.25,2.62,2.62,1.0,3.38,1.0,2.12,4.25,4.25,3.12,2.62,1.0,3.75,1.0,1.25,1.12,3.12,1.0,1.0,3.75,3.62,2.38,1.0,1.12,1.0,2.5,1.75,1.88,2.38,1.5,4.0,4.0,3.86,3.74,3.53,4.07,4.75,1.55,3.07,3.63,3.28,4.13,1.15,4.71,2.73,4.09,4.77,2.78,1.62,3.93,2.58,3.83,3.19,4.58,3.62,2.2,1.35,4.24,3.3,1.81,3.89,4.26,4.32,1.01,1.0,3.62,3.52,2.59,1.89,3.67,3.28,4.41,4.44,"Educational, Guidance, and Career Counselors and Advisors",Community & Social Service
21-1013,1.0,2.25,3.75,1.0,4.0,1.0,1.0,1.0,1.38,1.12,2.75,1.62,3.12,3.62,1.0,1.38,1.38,1.75,4.0,3.62,1.12,2.0,2.88,1.12,3.25,1.0,2.0,4.25,4.25,3.62,2.75,1.0,4.0,1.0,1.38,1.12,3.12,1.0,1.0,4.0,4.0,3.0,1.12,1.12,1.38,2.75,1.5,1.75,2.0,1.38,4.0,4.0,3.11,4.71,3.6,3.71,4.19,1.25,2.8,3.81,2.59,4.75,1.1,4.28,2.16,3.89,4.54,1.95,1.48,4.03,1.28,3.57,3.59,4.76,2.84,1.23,1.26,4.07,3.19,1.3,3.61,2.84,3.12,1.26,1.1,4.17,3.18,2.35,1.72,3.53,2.93,4.09,4.05,Marriage and Family Therapists,Community & Social Service
21-1014,1.0,2.12,3.62,1.0,4.12,1.0,1.0,1.25,1.62,1.25,2.62,1.62,3.0,3.62,1.0,1.62,1.62,1.75,4.12,3.62,1.5,2.12,2.88,1.25,3.12,1.0,2.0,4.88,4.62,3.38,2.25,1.0,4.25,1.12,1.62,1.62,3.25,1.0,1.12,4.12,4.12,2.88,1.25,1.5,1.62,2.5,1.62,1.75,2.0,1.38,4.12,4.12,3.61,4.86,4.0,3.96,4.14,1.32,2.54,4.19,2.61,4.5,1.07,4.64,2.25,4.26,4.64,2.61,1.32,3.75,1.54,4.11,3.68,4.54,3.18,2.39,1.21,3.78,3.89,1.61,4.18,3.75,3.93,1.61,1.07,4.04,3.74,2.07,1.93,4.33,3.52,4.29,3.86,Mental Health Counselors,Community & Social Service
21-1015,1.38,2.0,3.12,1.0,3.88,1.0,1.0,1.25,1.38,1.5,2.88,1.88,2.75,3.12,1.0,1.38,1.38,1.75,3.75,3.12,1.12,2.12,2.12,1.12,3.25,1.0,2.12,4.0,4.0,3.12,2.38,1.0,3.88,1.0,1.38,1.62,2.62,1.0,1.0,4.0,3.75,2.5,1.25,1.38,1.38,2.62,1.75,1.75,2.0,1.12,3.88,3.88,3.21,3.7,3.69,4.32,4.5,1.57,3.37,3.58,3.61,4.35,1.55,4.44,2.48,4.1,4.25,3.45,2.17,3.18,2.37,3.71,3.72,4.45,3.72,2.79,2.37,4.1,3.48,2.16,3.7,3.73,3.4,1.3,1.39,3.69,3.97,2.99,2.66,3.63,3.72,3.58,4.15,Rehabilitation Counselors,Community & Social Service
21-1021,2.0,2.38,3.12,1.88,3.88,1.88,1.0,1.88,1.75,1.62,2.75,1.88,2.88,3.12,1.5,1.75,1.75,2.12,3.88,3.5,1.12,2.12,2.62,2.0,3.5,1.5,2.0,4.38,4.62,3.12,2.62,1.5,4.25,1.5,2.0,1.88,3.0,1.5,1.5,4.0,3.88,2.62,1.12,1.75,1.88,2.88,2.0,2.12,2.25,1.38,4.12,4.12,2.78,4.42,3.82,4.48,4.7,1.28,3.76,4.04,4.07,4.58,1.07,4.71,2.02,4.14,4.58,2.55,1.61,4.5,2.66,3.92,3.42,4.4,3.98,2.34,2.62,4.21,3.74,2.05,4.42,3.71,3.06,1.36,1.0,4.18,3.57,3.62,1.77,4.04,3.72,3.94,4.41,"Child, Family, and School Social Workers",Community & Social Service
21-1022,1.0,2.0,3.0,1.25,4.0,1.25,1.0,1.25,1.75,1.38,2.88,1.88,2.88,3.75,1.0,1.75,1.75,1.62,3.88,3.38,1.5,2.0,2.88,1.62,3.0,1.0,2.0,4.0,4.12,3.0,2.5,1.0,4.0,1.0,1.88,1.88,3.0,1.0,1.0,4.0,4.0,2.75,1.25,1.88,1.62,2.75,2.12,1.62,2.0,1.5,4.0,3.88,2.93,4.7,3.44,4.3,4.44,1.38,3.52,3.37,3.59,4.33,1.31,4.52,2.11,3.19,4.48,2.96,1.7,3.33,1.81,3.81,3.22,4.22,3.48,2.56,2.11,4.15,3.11,2.0,4.04,3.0,3.56,1.35,1.22,4.22,3.44,2.44,2.56,3.52,3.48,3.81,3.85,Healthcare Social Workers,Community & Social Service
21-1023,1.0,2.62,3.75,1.0,4.0,1.12,1.0,1.12,1.88,1.12,2.62,1.62,3.25,3.88,1.0,1.88,1.88,2.25,4.0,3.75,1.12,2.5,2.75,1.12,3.25,1.0,2.12,4.5,4.25,3.75,2.75,1.0,4.12,1.0,1.88,1.88,3.12,1.0,1.0,4.0,3.88,2.75,1.12,1.62,1.88,2.62,2.0,2.12,2.0,1.25,4.12,4.12,3.54,4.57,3.72,4.1,4.57,1.7,2.63,4.17,3.1,4.57,1.48,4.45,2.62,4.15,4.34,3.39,1.72,4.18,1.63,3.95,3.82,4.48,3.5,2.45,2.02,4.32,3.02,1.87,3.07,4.04,4.19,1.42,1.32,4.21,3.89,2.85,1.91,3.9,3.78,3.99,3.87,Mental Health and Substance Abuse Social Workers,Community & Social Service
21-1091,2.0,2.0,3.0,2.0,3.62,1.75,1.0,1.38,1.25,1.5,2.88,2.25,2.5,3.38,1.0,1.25,1.25,1.88,3.88,3.12,2.0,2.12,2.12,2.0,3.62,1.0,2.25,4.0,4.25,3.25,2.12,1.0,3.75,1.25,1.25,1.12,3.0,1.0,1.12,4.0,3.75,2.12,1.0,1.62,2.0,2.62,1.88,2.12,2.12,1.38,4.0,4.0,4.08,4.01,3.24,4.49,4.8,2.51,3.21,4.08,4.23,4.05,1.65,4.72,3.15,3.63,4.53,2.99,2.73,4.26,2.41,4.52,4.19,4.35,3.51,3.6,2.24,4.36,3.4,2.63,4.43,4.14,3.53,2.04,1.61,3.77,4.42,3.43,2.12,4.13,4.44,4.68,4.19,Health Education Specialists,Community & Social Service
21-1092,2.0,2.12,3.0,2.0,4.0,2.12,1.0,1.38,2.12,1.5,2.5,2.0,2.88,2.88,1.62,2.12,2.0,2.12,3.88,3.0,2.0,2.0,2.12,2.12,3.25,1.5,2.0,3.88,4.12,2.75,2.12,1.5,4.0,1.62,2.12,2.12,3.0,1.5,1.5,3.75,3.75,2.25,2.0,2.0,2.12,2.62,2.25,1.62,2.0,1.38,4.0,3.75,3.36,3.65,3.48,3.94,4.44,1.89,3.15,3.47,3.2,4.45,1.67,4.07,2.57,4.37,4.75,2.95,1.99,4.25,3.12,3.58,3.9,4.3,3.84,2.67,2.81,4.33,3.38,2.63,3.63,3.79,3.39,1.98,1.66,3.8,3.91,2.91,2.51,3.25,3.3,3.95,4.19,Probation Officers and Correctional Treatment Specialists,Community & Social Service
21-1093,1.5,2.25,3.0,1.62,3.88,2.0,1.0,1.88,1.75,1.88,2.75,1.75,3.0,3.25,1.38,1.75,1.75,2.0,3.25,3.0,1.5,2.0,2.75,2.0,3.25,1.25,2.0,3.88,4.0,3.0,2.75,1.38,3.88,1.25,1.5,1.5,3.0,1.0,1.62,3.88,3.62,2.75,1.0,1.88,1.88,2.75,2.0,2.0,2.12,1.25,3.88,3.88,2.86,4.02,3.56,3.85,4.74,1.63,3.37,3.56,3.55,4.51,1.3,4.04,2.96,3.42,4.29,2.39,1.99,3.66,2.45,3.32,3.48,3.72,3.43,2.39,1.94,3.61,3.65,2.55,4.07,3.26,3.47,1.45,1.28,3.63,3.34,2.16,2.27,3.69,3.6,3.72,3.99,Social and Human Service Assistants,Community & Social Service
21-1094,2.62,2.25,3.25,2.5,3.62,2.25,1.0,1.88,1.0,1.88,2.75,3.0,2.62,2.88,1.62,1.88,1.62,2.38,3.5,3.25,2.38,2.38,2.5,2.38,3.62,1.75,2.12,4.25,4.12,3.0,2.38,1.75,3.75,2.12,2.12,2.12,2.88,1.62,1.75,3.75,3.75,2.62,1.88,2.12,2.12,3.0,2.12,2.38,2.5,1.88,3.88,3.75,3.66,4.36,3.3,4.87,4.68,2.67,3.68,4.35,3.92,4.5,1.81,4.75,3.41,3.83,4.14,3.32,3.69,4.1,3.44,4.39,3.66,3.66,3.99,3.44,2.66,4.75,3.65,3.1,4.62,3.79,3.14,1.98,2.0,3.42,4.27,3.81,2.19,4.02,4.07,4.51,4.4,Community Health Workers,Community & Social Service
21-2011,1.0,2.12,3.25,1.0,4.0,1.0,1.0,1.0,1.0,1.0,3.0,1.38,3.0,3.88,1.0,1.0,1.0,1.88,4.0,3.75,1.25,1.75,3.12,1.25,3.38,1.0,2.38,4.12,4.75,3.88,2.5,1.0,4.0,1.0,1.0,1.0,3.38,1.0,1.12,4.88,4.0,2.75,1.0,1.0,1.0,2.88,1.88,2.0,2.0,1.75,4.0,4.0,2.62,4.33,3.56,3.05,3.95,1.69,3.55,3.6,4.05,2.82,1.31,4.34,2.45,2.88,4.21,3.74,1.66,3.51,2.37,3.07,3.47,3.76,2.68,2.76,1.86,3.52,2.68,1.73,3.58,2.44,3.19,1.48,1.47,3.81,3.3,2.94,2.49,3.69,3.52,3.26,3.33,Clergy,Community & Social Service
21-2021,1.0,2.0,3.12,1.0,3.75,2.0,1.12,1.25,1.25,1.12,2.88,1.38,2.88,3.38,1.0,1.25,1.12,2.0,3.38,3.25,1.0,2.62,2.88,1.38,3.12,1.0,2.75,3.88,4.0,3.38,2.25,1.0,3.62,1.0,1.0,1.0,3.0,1.0,1.12,3.88,3.88,2.62,1.0,1.25,1.25,2.5,2.12,2.0,2.5,1.5,4.0,4.0,3.03,4.75,3.64,3.92,4.42,1.98,3.4,3.99,4.16,3.49,1.6,4.59,3.53,3.51,4.22,3.39,1.9,4.34,2.85,3.39,3.59,4.24,3.33,3.49,2.19,4.33,3.55,3.08,3.92,2.96,3.31,1.38,1.6,3.9,3.89,2.99,2.69,4.21,3.79,4.22,3.94,"Directors, Religious Activities and Education",Community & Social Service
23-1011,1.12,2.12,3.75,1.12,4.12,1.5,1.0,1.0,1.0,1.0,2.75,1.75,3.0,3.75,1.0,1.0,1.0,1.75,4.0,3.88,1.12,2.62,2.88,1.0,3.75,1.0,2.38,4.62,4.88,3.75,2.62,1.0,4.0,1.0,1.0,1.0,3.25,1.0,1.12,4.38,3.75,2.88,1.0,1.0,1.0,2.88,1.75,1.75,2.5,1.62,4.62,4.5,3.72,3.1,3.09,4.24,4.59,1.56,3.63,3.86,3.2,3.97,1.23,4.35,2.74,4.51,4.62,3.22,1.67,3.92,1.58,4.43,3.45,4.57,2.73,2.89,1.87,4.09,3.11,1.69,3.22,4.08,4.13,1.44,1.12,4.49,3.26,3.42,2.95,3.87,2.94,4.13,4.0,Lawyers,Legal
23-1012,1.25,2.0,3.5,1.25,3.75,1.0,1.0,1.25,1.0,1.0,2.88,1.88,2.75,3.0,1.0,1.0,1.0,1.75,3.88,3.75,1.38,2.5,2.62,1.0,3.88,1.0,2.5,4.25,4.12,2.75,2.5,1.0,3.75,1.0,1.0,1.0,3.0,1.0,1.0,3.88,3.88,2.25,1.0,1.0,1.0,2.38,1.5,2.5,1.88,1.62,4.5,4.25,4.56,2.62,1.43,2.03,4.11,1.74,1.38,2.06,1.39,2.71,1.02,3.27,1.37,3.73,4.85,1.15,1.33,3.97,1.13,3.82,2.16,3.91,2.23,1.09,1.08,3.6,2.25,1.02,1.98,4.01,2.44,1.21,1.02,2.08,1.48,1.75,1.3,3.23,1.56,3.5,3.94,Judicial Law Clerks,Legal
23-1021,1.75,2.0,3.12,1.62,4.12,1.0,1.0,1.12,1.0,1.0,2.75,1.88,2.88,2.88,1.0,1.0,1.0,2.0,4.25,3.75,1.75,2.25,2.62,1.0,3.75,1.0,2.12,4.25,4.0,2.88,2.62,1.0,4.0,1.0,1.0,1.0,3.12,1.0,1.0,3.88,3.75,2.75,1.0,1.0,1.0,2.75,1.38,1.88,1.75,1.25,4.25,4.12,3.82,2.33,2.12,3.76,3.8,1.6,2.11,2.02,1.75,3.72,1.31,3.37,2.05,4.43,4.57,1.96,1.45,4.11,1.3,3.92,3.75,4.6,2.22,1.73,1.64,3.78,3.72,1.45,3.78,4.2,2.41,1.42,1.29,3.94,3.08,2.36,1.42,3.08,2.23,4.28,3.44,"Administrative Law Judges, Adjudicators, and Hearing Officers",Legal
23-1022,1.0,1.88,3.0,1.0,4.0,1.12,1.0,1.0,1.0,1.0,2.88,1.25,2.88,3.12,1.0,1.0,1.0,2.0,4.0,3.12,1.0,2.12,2.0,1.0,3.38,1.0,2.0,4.12,4.12,3.0,2.0,1.0,3.75,1.0,1.0,1.0,3.25,1.0,1.0,4.0,3.75,2.75,1.0,1.0,1.0,2.5,1.88,2.0,2.0,1.5,4.25,4.25,4.39,1.89,2.32,2.8,2.75,1.4,1.9,2.5,2.1,3.32,1.42,3.6,2.65,4.35,4.65,1.7,1.45,3.9,2.15,4.1,4.16,4.61,2.8,1.79,1.45,3.32,2.84,1.33,2.42,4.05,2.5,1.37,1.42,4.63,3.26,2.72,1.4,3.63,2.65,4.22,3.35,"Arbitrators, Mediators, and Conciliators",Legal
23-1023,1.0,1.88,3.25,1.0,4.62,1.0,1.0,1.12,1.0,1.0,2.38,1.5,2.88,3.0,1.0,1.38,1.0,1.88,4.25,3.88,1.0,2.12,2.75,1.0,4.0,1.0,2.0,4.62,4.25,3.0,2.75,1.0,4.0,1.0,1.12,1.12,3.0,1.0,1.0,4.12,4.0,2.88,1.0,1.0,1.12,2.62,1.12,2.0,2.0,1.0,4.38,4.12,3.53,2.3,2.25,3.43,3.57,1.95,3.12,2.7,2.55,3.98,1.27,3.49,2.67,4.51,4.79,2.76,1.47,4.1,1.68,3.83,4.15,4.91,2.67,1.61,1.17,3.86,3.53,1.29,4.64,4.42,2.15,1.38,1.08,3.52,3.84,1.84,1.82,3.06,2.5,4.19,3.55,"Judges, Magistrate Judges, and Magistrates",Legal
23-2011,1.5,2.0,3.0,1.38,3.25,1.0,1.0,1.12,1.0,1.0,2.75,2.0,2.88,2.75,1.0,1.0,1.0,1.88,3.25,3.12,1.88,2.0,2.62,1.0,3.75,1.0,2.0,3.88,3.88,2.62,2.88,1.0,3.5,1.0,1.0,1.0,2.88,1.0,1.0,3.75,3.75,2.0,1.0,1.0,1.0,2.12,1.88,2.0,2.0,1.88,4.0,3.88,3.82,2.54,2.11,4.34,4.33,1.73,2.8,2.4,2.86,4.41,1.01,3.47,2.21,3.44,4.31,1.95,1.97,3.53,1.97,3.24,2.26,3.25,3.14,1.78,1.41,3.98,3.83,1.24,3.07,3.58,2.3,1.33,1.19,2.81,3.16,1.87,1.22,2.72,2.05,4.09,4.38,Paralegals and Legal Assistants,Legal
23-2093,1.5,2.0,2.88,1.62,3.5,1.38,1.0,1.5,1.0,1.0,2.25,2.0,3.0,2.25,1.0,1.0,1.0,1.75,3.25,3.0,1.62,2.12,2.0,1.0,3.5,1.0,2.0,4.0,4.0,2.12,2.5,1.0,3.25,1.0,1.0,1.0,2.75,1.0,1.0,3.38,3.5,2.12,1.0,1.0,1.0,2.0,1.75,1.88,2.12,1.5,4.0,3.75,4.26,1.77,2.32,3.33,4.12,2.22,2.56,2.72,2.6,4.62,1.57,3.52,2.69,4.09,4.7,1.94,2.13,4.28,2.05,3.85,2.44,4.11,3.85,1.74,1.45,3.85,2.92,2.0,2.34,4.4,2.27,1.31,1.32,2.76,2.81,1.73,1.38,2.43,2.68,3.85,4.54,"Title Examiners, Abstractors, and Searchers",Legal
25-1011,1.0,2.0,3.25,1.0,3.88,1.0,1.0,1.0,1.0,1.0,2.75,1.75,2.62,3.0,1.0,1.0,1.0,1.75,3.88,3.25,1.0,3.12,2.88,1.0,3.38,1.0,3.12,4.0,4.62,3.0,2.12,1.0,3.38,1.0,1.0,1.0,3.0,1.0,1.0,4.12,3.5,2.62,1.0,1.0,1.0,2.12,1.88,1.75,2.12,1.62,4.12,4.12,3.68,2.56,3.73,3.53,3.92,1.74,2.7,3.38,2.79,2.9,1.22,3.72,2.48,3.1,4.42,2.93,1.76,3.5,1.94,4.07,3.16,3.6,2.74,1.91,1.44,3.97,2.73,1.92,3.55,3.49,3.53,1.23,1.09,2.53,3.41,2.23,1.96,3.95,4.68,4.14,4.13,"Business Teachers, Postsecondary",Education
25-1021,1.38,1.62,3.12,1.25,3.88,1.88,1.0,1.0,1.0,1.0,2.88,2.25,2.88,3.12,1.0,1.0,1.0,2.0,3.88,3.75,1.38,3.0,2.88,1.0,3.75,1.0,3.0,4.12,4.12,3.12,2.75,1.0,3.5,1.0,1.0,1.0,3.12,1.0,1.0,3.88,3.5,2.25,1.0,1.0,1.0,2.12,2.0,2.0,2.38,1.12,4.0,4.0,4.25,2.84,3.81,3.52,4.06,1.93,3.34,3.76,3.48,3.69,2.3,3.51,2.98,3.28,4.33,3.64,1.67,3.55,2.3,3.93,3.18,4.38,3.21,2.46,1.32,3.94,2.81,1.61,2.63,4.19,3.71,1.98,1.54,2.75,3.28,2.39,2.37,4.35,4.75,4.65,4.65,"Computer Science Teachers, Postsecondary",Education
25-1022,1.0,1.88,3.0,1.0,4.0,1.38,1.0,1.0,1.0,1.0,2.38,1.62,2.62,3.12,1.0,1.0,1.0,1.5,3.88,3.38,1.0,4.25,3.0,1.0,3.75,1.0,4.12,4.0,4.12,3.12,2.12,1.0,3.12,1.0,1.0,1.0,2.88,1.0,1.0,3.88,3.5,2.25,1.0,1.0,1.0,2.62,1.88,1.75,2.12,1.5,4.0,3.88,3.56,2.9,3.58,2.81,3.96,1.88,3.01,3.27,2.6,3.41,1.2,3.45,2.57,2.4,4.19,3.28,1.72,3.32,2.07,3.84,3.03,3.81,2.52,1.75,1.45,3.35,3.01,1.54,3.21,3.3,3.11,1.37,1.09,2.6,2.94,2.16,2.24,3.76,4.47,3.68,4.02,"Mathematical Science Teachers, Postsecondary",Education
25-1031,1.5,1.88,3.25,1.25,4.0,1.88,1.0,1.0,1.0,1.0,3.25,1.88,3.0,3.5,1.0,1.0,1.0,1.75,3.88,3.88,1.0,3.12,2.88,1.0,3.75,1.0,3.0,4.0,4.25,3.25,2.38,1.0,3.62,1.12,1.25,1.0,2.88,1.0,1.5,4.12,3.62,2.62,1.0,1.0,1.0,2.62,2.0,2.12,3.5,1.5,4.0,4.0,3.56,2.65,3.89,4.17,3.97,2.73,3.84,4.17,3.84,3.73,3.83,4.32,3.3,3.27,4.36,3.46,2.4,4.12,2.84,4.08,4.15,4.21,3.65,2.7,1.61,4.53,3.11,2.24,3.2,4.05,3.5,1.36,1.63,3.59,4.09,2.78,2.77,4.46,4.58,4.49,4.52,"Architecture Teachers, Postsecondary",Education
25-1032,1.5,2.0,3.75,1.12,3.88,1.88,1.0,1.0,1.0,1.0,2.88,1.62,3.0,3.25,1.0,1.0,1.0,2.12,3.88,3.75,1.0,3.75,2.88,1.0,3.75,1.0,3.38,4.0,4.38,3.25,2.62,1.0,3.38,1.12,1.12,1.0,3.0,1.0,1.0,4.25,3.75,2.5,1.0,1.0,1.0,2.62,1.62,2.5,3.12,1.38,4.12,3.88,4.48,2.48,4.04,3.53,3.99,2.56,3.76,3.87,3.27,3.41,1.94,3.58,3.67,3.04,4.13,3.46,1.9,3.57,2.9,3.84,3.37,4.36,3.56,3.14,1.74,3.96,2.97,1.87,1.99,4.37,3.74,1.91,1.96,2.79,3.91,2.49,2.62,4.63,4.64,4.62,4.13,"Engineering Teachers, Postsecondary",Education
25-1041,2.0,2.0,3.12,2.0,4.0,1.88,1.0,1.75,1.38,1.88,2.88,2.12,2.5,3.38,1.0,1.62,1.5,1.88,4.0,3.25,2.0,3.0,3.0,2.0,3.25,1.0,3.0,4.12,4.5,3.12,2.12,1.0,3.75,1.75,1.75,1.5,2.62,1.0,1.12,4.12,3.75,2.12,1.0,1.75,1.88,2.12,2.25,2.0,2.12,1.88,4.12,4.0,3.86,3.41,4.23,4.24,4.59,2.51,4.08,4.01,3.94,4.11,2.09,4.39,3.47,3.62,4.51,4.2,2.8,4.33,2.65,4.24,3.59,4.39,3.94,3.35,2.48,4.19,3.45,2.98,3.31,3.88,3.41,1.84,2.06,3.03,4.04,2.73,3.54,4.03,4.7,4.36,3.89,"Agricultural Sciences Teachers, Postsecondary",Education
25-1042,1.75,2.0,3.25,1.75,4.0,1.75,1.0,1.0,1.0,1.0,3.0,1.75,2.5,3.38,1.0,1.0,1.0,1.75,4.0,3.5,1.75,3.12,2.75,1.0,3.62,1.0,2.5,4.12,4.62,3.12,2.25,1.0,3.25,1.0,1.0,1.0,2.88,1.0,1.0,4.12,3.75,2.25,1.0,1.0,1.0,2.25,1.88,2.0,2.0,1.12,4.12,4.12,4.4,2.57,4.0,3.22,4.41,2.19,3.4,4.17,3.28,4.19,1.53,3.54,3.81,3.53,4.3,3.6,2.05,4.38,3.33,4.44,4.19,4.36,3.97,2.58,1.71,4.28,3.06,2.02,2.89,4.56,3.56,1.4,1.36,2.63,3.86,2.35,2.14,4.4,4.7,4.63,4.59,"Biological Science Teachers, Postsecondary",Education
25-1043,1.62,2.12,3.12,2.0,3.75,2.0,1.0,1.38,1.38,1.38,2.88,1.75,2.75,3.12,1.62,1.38,1.38,2.0,3.75,3.12,1.0,3.25,2.75,2.0,3.5,1.5,2.88,4.12,4.75,3.0,2.38,1.5,3.62,1.5,1.62,1.62,2.88,1.5,1.5,3.88,3.75,2.0,1.0,1.38,1.62,2.12,1.62,2.0,2.0,1.25,4.25,4.12,4.44,2.25,3.94,3.93,4.36,1.92,3.74,3.72,3.39,4.18,1.51,4.08,4.17,2.93,4.8,4.03,2.49,4.6,2.91,4.79,4.04,4.51,4.16,2.49,2.58,4.01,3.12,3.0,3.01,4.27,3.54,1.52,1.51,2.91,3.29,1.89,2.1,4.58,4.48,4.85,4.39,"Forestry and Conservation Science Teachers, Postsecondary",Education
25-1051,1.12,1.88,3.12,1.0,4.0,1.75,1.0,1.12,1.0,1.0,2.88,1.75,2.62,3.0,1.0,1.0,1.0,1.88,4.0,3.38,1.0,3.38,3.0,1.25,3.62,1.0,3.25,4.0,4.75,3.0,2.12,1.0,3.62,1.0,1.0,1.0,2.75,1.0,1.0,4.25,3.62,2.12,1.0,1.0,1.25,2.12,1.88,1.88,2.12,1.38,4.0,4.0,4.2,3.02,3.71,2.99,3.7,2.47,3.11,3.55,2.78,3.83,1.86,3.75,3.13,2.82,4.32,3.51,2.11,4.01,2.34,4.11,3.28,3.8,3.32,2.59,1.8,3.68,2.86,2.17,3.39,3.88,3.37,1.86,1.72,3.0,3.51,2.12,1.89,4.09,4.51,4.22,4.37,"Atmospheric, Earth, Marine, and Space Sciences Teachers, Postsecondary",Education
25-1052,1.12,1.88,3.25,1.0,4.0,2.0,1.0,1.0,1.0,1.0,2.88,1.88,3.0,3.12,1.0,1.0,1.0,1.88,3.88,3.25,1.38,3.0,3.0,1.0,3.5,1.0,2.88,4.0,4.12,3.0,2.25,1.0,3.75,1.0,1.0,1.0,3.12,1.0,1.0,3.88,3.88,2.25,1.0,1.0,1.0,2.75,1.88,2.25,2.38,1.12,4.0,4.12,4.03,2.55,4.01,3.16,3.97,2.19,3.29,3.54,3.3,3.67,1.37,3.77,2.94,3.01,4.02,3.06,2.33,3.5,2.56,4.08,3.18,4.01,2.99,2.49,1.35,3.64,3.04,2.15,2.54,3.81,3.11,1.78,1.74,2.69,3.07,2.24,2.02,3.91,4.67,4.05,4.35,"Chemistry Teachers, Postsecondary",Education
25-1053,1.0,1.88,3.12,1.0,4.0,1.75,1.0,1.0,1.0,1.0,2.75,1.62,2.62,3.12,1.0,1.0,1.0,1.75,4.0,3.12,1.0,3.12,2.75,1.0,3.62,1.0,2.75,4.0,4.38,3.12,2.25,1.0,3.38,1.0,1.0,1.0,2.88,1.0,1.0,4.0,3.5,2.12,1.0,1.0,1.0,2.5,1.62,1.88,2.12,1.5,4.12,4.0,3.94,2.97,3.72,3.29,4.21,2.46,3.43,3.7,3.26,3.64,1.8,3.97,3.45,3.03,4.46,3.52,2.25,4.03,2.61,4.16,3.76,4.01,3.9,2.84,1.92,4.1,2.73,2.4,2.68,3.99,3.26,2.06,1.9,2.74,3.57,2.0,2.35,4.02,4.47,4.44,4.28,"Environmental Science Teachers, Postsecondary",Education
25-1054,2.12,2.25,3.12,1.62,3.88,1.88,1.0,1.0,1.0,1.25,2.88,2.25,2.12,3.25,1.0,1.0,1.0,2.0,3.88,3.12,2.12,3.88,2.88,1.0,3.62,1.0,3.38,4.0,4.38,3.0,2.25,1.0,3.88,1.5,1.5,1.0,2.88,1.0,1.0,3.88,3.62,2.12,1.0,1.0,1.0,2.38,2.0,2.12,2.38,1.5,4.0,4.0,4.36,3.17,3.75,3.33,4.01,2.51,3.03,3.84,2.97,3.98,2.2,3.85,3.61,2.99,4.2,3.32,2.04,4.26,2.69,4.45,3.27,4.38,3.52,2.44,1.48,4.08,2.79,2.02,2.86,4.25,3.5,2.64,1.88,2.78,3.73,2.48,2.25,4.34,4.71,4.46,4.56,"Physics Teachers, Postsecondary",Education
25-1061,1.62,2.12,3.5,1.5,3.75,1.12,1.0,1.0,1.0,1.0,3.0,1.75,3.0,3.62,1.0,1.0,1.0,1.75,4.0,3.75,1.62,2.62,3.12,1.0,4.0,1.0,2.38,4.25,4.88,3.38,2.12,1.0,3.38,1.0,1.0,1.0,3.12,1.0,1.12,4.62,3.62,2.25,1.0,1.0,1.0,3.0,2.0,1.88,2.0,1.88,4.5,4.62,4.76,3.41,4.0,3.86,4.41,1.91,3.23,3.95,3.41,4.68,1.68,4.33,2.27,2.91,4.68,3.48,2.23,4.36,2.19,4.82,3.77,4.0,3.18,2.41,1.48,4.14,3.27,2.32,3.18,4.59,3.48,1.77,1.55,3.14,3.73,2.0,2.18,4.27,4.55,4.48,4.41,"Anthropology and Archeology Teachers, Postsecondary",Education
25-1062,1.0,2.12,3.0,1.0,3.62,1.38,1.0,1.0,1.0,1.0,2.75,1.62,2.62,3.12,1.0,1.0,1.0,2.0,3.75,3.0,1.0,2.0,2.75,1.0,3.75,1.0,2.0,4.0,4.12,3.12,2.12,1.0,3.12,1.0,1.0,1.0,2.88,1.0,1.0,4.0,3.5,2.25,1.0,1.0,1.0,2.62,1.75,2.0,2.0,1.0,4.0,4.12,3.62,2.54,4.08,3.82,4.46,1.45,3.41,4.24,3.12,4.09,1.09,4.33,2.66,2.94,4.54,3.12,1.35,4.1,1.91,3.99,2.9,3.84,3.15,2.59,1.11,4.27,3.01,1.52,2.97,3.39,3.42,1.35,1.01,3.02,3.84,2.62,2.22,4.42,4.59,4.07,4.04,"Area, Ethnic, and Cultural Studies Teachers, Postsecondary",Education
25-1063,1.0,2.12,3.0,1.0,3.88,1.62,1.0,1.0,1.0,1.0,2.75,1.75,2.75,3.12,1.0,1.0,1.0,1.88,3.75,3.12,1.0,3.38,3.0,1.0,3.5,1.0,3.12,4.0,4.12,3.0,2.5,1.0,3.38,1.0,1.0,1.0,2.88,1.0,1.0,4.0,3.62,2.62,1.0,1.0,1.0,2.75,1.88,1.75,2.5,1.38,4.0,4.0,4.17,2.33,3.54,3.14,3.08,1.69,2.4,2.75,2.33,3.19,1.49,3.49,2.65,2.53,4.71,2.92,1.61,4.26,2.0,4.14,3.25,3.72,3.36,2.02,1.42,3.76,2.47,1.45,2.55,3.95,2.55,1.51,1.48,1.9,3.0,2.43,2.72,4.33,4.42,4.37,4.25,"Economics Teachers, Postsecondary",Education
25-1064,1.0,1.88,3.0,1.0,3.75,1.25,1.0,1.0,1.0,1.0,2.62,1.5,2.75,3.12,1.0,1.0,1.0,1.88,3.75,3.12,1.0,2.62,2.5,1.0,3.38,1.0,2.12,4.0,4.25,3.0,2.12,1.0,3.5,1.0,1.0,1.0,2.88,1.0,1.25,3.88,3.5,2.12,1.0,1.0,1.0,2.62,2.0,2.12,2.25,1.0,4.0,4.12,4.51,2.86,3.49,3.77,4.22,2.07,2.79,3.5,3.05,3.86,1.73,3.93,3.44,2.62,4.51,3.16,1.49,3.75,2.17,4.65,3.71,3.78,3.04,2.26,1.76,3.61,2.78,1.72,2.99,4.52,3.1,1.43,1.25,2.71,3.31,2.28,1.98,4.34,4.45,4.54,4.74,"Geography Teachers, Postsecondary",Education
25-1065,1.0,1.88,3.0,1.0,3.25,1.12,1.0,1.25,1.0,1.0,2.25,1.25,2.38,3.0,1.0,1.0,1.0,1.62,3.75,3.0,1.0,2.0,2.75,1.0,3.62,1.0,2.12,4.12,4.12,3.0,2.12,1.0,3.12,1.0,1.0,1.0,3.0,1.0,1.0,3.75,3.38,2.12,1.0,1.0,1.0,2.62,1.75,2.0,1.88,1.12,4.25,4.0,4.63,2.29,3.42,3.22,3.7,1.23,2.72,3.2,2.98,3.1,1.01,3.76,2.77,2.68,4.57,3.37,1.1,4.12,1.27,3.81,3.61,3.7,2.53,2.1,1.01,3.79,2.96,1.24,2.67,4.09,2.66,1.2,1.01,3.0,3.39,2.09,2.08,4.27,4.4,4.57,4.14,"Political Science Teachers, Postsecondary",Education
25-1066,1.0,1.88,3.12,1.0,3.88,1.38,1.0,1.0,1.0,1.0,2.88,1.62,2.62,3.25,1.0,1.0,1.0,1.62,3.88,3.12,1.0,2.88,2.88,1.0,3.25,1.0,2.38,4.0,4.5,3.12,2.12,1.0,3.25,1.0,1.0,1.0,2.5,1.0,1.0,4.0,3.75,2.12,1.12,1.0,1.12,2.12,1.75,1.62,2.12,1.38,4.12,4.12,3.93,3.73,4.26,3.65,4.26,1.76,3.58,3.88,3.0,4.05,1.11,4.45,2.94,3.58,4.24,3.96,1.58,3.66,1.91,4.87,4.13,4.23,3.42,2.43,1.22,4.13,3.28,1.59,3.8,3.99,3.79,1.37,1.13,3.51,3.65,2.3,1.95,3.96,4.95,4.45,4.35,"Psychology Teachers, Postsecondary",Education
25-1067,1.0,1.62,3.12,1.0,3.88,1.0,1.0,1.12,1.0,1.0,2.5,1.62,2.25,3.12,1.0,1.0,1.0,1.5,4.0,3.25,1.0,2.12,2.25,1.0,3.75,1.0,2.12,4.0,4.5,3.0,2.12,1.0,3.0,1.0,1.0,1.0,2.62,1.0,1.0,4.0,3.38,2.12,1.0,1.0,1.0,2.12,1.88,1.75,1.88,1.38,4.0,4.0,4.66,2.4,2.84,3.47,4.23,1.47,2.33,3.62,2.36,3.88,1.05,4.26,2.28,3.03,4.17,2.82,1.3,4.43,1.42,4.59,3.87,3.91,3.38,1.88,1.12,4.16,2.76,1.57,2.02,4.78,2.92,1.01,1.0,2.63,3.67,2.11,1.63,4.47,4.49,4.4,4.47,"Sociology Teachers, Postsecondary",Education
25-1071,1.88,2.0,3.0,1.75,3.88,1.62,1.0,1.75,1.38,1.62,2.75,2.12,2.25,3.12,1.0,1.25,1.12,2.0,3.75,3.12,1.62,2.88,2.88,1.88,3.5,1.0,2.75,4.0,4.75,3.0,2.12,1.0,3.25,1.5,1.5,1.0,3.0,1.0,1.0,4.0,3.38,2.12,1.0,1.62,1.75,2.62,1.88,2.12,2.12,1.5,4.12,4.0,3.94,3.43,3.74,3.91,3.95,2.66,3.12,3.81,3.7,3.91,1.7,4.24,3.11,3.49,4.47,2.57,2.81,4.04,3.4,4.11,3.31,4.04,3.42,2.27,1.64,4.17,2.87,3.11,3.42,3.83,3.27,2.73,1.67,2.87,3.31,1.63,2.3,4.3,4.56,4.56,4.44,"Health Specialties Teachers, Postsecondary",Education
25-1072,2.25,2.12,3.12,1.88,3.88,2.0,1.0,2.0,1.5,2.0,2.88,2.88,3.0,3.12,1.0,2.0,2.0,2.0,3.88,3.62,2.12,3.0,2.75,2.0,3.75,1.0,2.88,4.12,4.12,3.0,2.88,1.0,3.75,1.0,1.5,1.75,3.12,1.0,1.0,4.0,3.75,2.62,1.0,2.0,2.0,2.75,2.0,2.38,2.12,1.75,4.12,4.0,4.2,4.64,4.15,3.91,4.25,2.3,4.07,4.03,4.07,4.42,1.68,4.61,3.22,4.24,4.67,3.43,3.05,4.28,3.49,4.28,4.02,4.52,4.1,2.63,1.68,4.49,3.36,3.35,3.39,4.01,3.52,1.62,1.42,3.81,3.75,2.6,2.54,3.98,4.94,4.7,4.58,"Nursing Instructors and Teachers, Postsecondary",Education
25-1081,1.75,1.88,3.12,1.5,3.88,1.38,1.0,1.12,1.0,1.0,2.75,1.88,2.12,3.12,1.0,1.0,1.0,1.75,3.88,3.12,1.75,2.12,2.62,1.0,3.88,1.0,2.12,4.12,4.38,3.12,2.12,1.0,3.75,1.0,1.0,1.0,2.88,1.0,1.0,4.38,3.88,2.12,1.0,1.0,1.0,2.12,1.88,1.75,2.12,1.38,4.12,4.12,3.68,2.82,4.2,3.63,4.31,1.09,3.21,3.79,3.2,3.73,1.09,4.01,2.56,3.56,4.72,3.07,1.23,3.77,2.17,3.84,4.4,4.3,3.94,2.52,1.46,4.48,3.18,1.39,2.57,3.73,3.18,1.2,1.19,2.81,3.26,2.28,2.83,4.11,4.74,3.89,4.09,"Education Teachers, Postsecondary",Education
25-1082,1.0,1.88,3.12,1.0,3.88,1.62,1.0,1.38,1.0,1.0,2.88,1.75,2.75,2.88,1.0,1.0,1.0,1.75,3.88,3.12,1.0,2.25,2.88,1.0,3.88,1.0,2.12,4.25,4.25,2.88,2.25,1.0,3.38,1.0,1.0,1.0,2.88,1.0,1.0,4.0,3.5,2.25,1.0,1.0,1.0,2.75,1.88,1.88,2.12,1.25,4.25,4.0,4.49,2.25,3.97,3.8,3.84,1.77,3.22,4.05,3.14,3.79,1.41,3.81,3.2,3.24,4.85,3.0,1.35,4.18,1.9,4.66,4.14,4.19,2.77,2.2,1.38,4.04,3.12,1.42,2.86,4.37,3.68,1.58,1.38,2.46,2.76,2.27,2.29,4.39,4.79,4.59,4.8,"Library Science Teachers, Postsecondary",Education
25-1111,1.0,2.12,3.0,1.0,3.75,1.0,1.0,1.0,1.0,1.0,2.25,1.62,2.12,3.0,1.0,1.0,1.0,1.75,3.88,3.12,1.0,2.0,2.75,1.0,3.5,1.0,2.0,4.0,4.12,3.0,2.0,1.0,3.5,1.0,1.0,1.0,2.88,1.0,1.0,4.0,3.12,2.12,1.0,1.0,1.0,2.75,1.88,1.88,2.0,1.12,4.0,4.0,3.72,2.9,3.7,3.34,3.65,1.68,2.25,3.49,2.45,4.17,1.48,3.8,2.45,3.19,4.06,2.57,1.44,3.82,1.92,4.07,3.67,3.84,2.99,2.15,1.05,4.25,3.51,1.62,3.21,3.32,2.81,1.52,1.37,2.59,3.27,1.92,1.65,4.21,4.35,4.33,4.53,"Criminal Justice and Law Enforcement Teachers, Postsecondary",Education
25-1112,1.0,1.88,3.12,1.0,4.0,1.0,1.0,1.0,1.0,1.0,2.5,1.75,2.38,3.0,1.0,1.0,1.0,1.75,4.0,3.12,1.0,2.12,2.62,1.0,3.75,1.0,2.0,4.12,4.62,3.12,2.25,1.0,3.25,1.0,1.0,1.0,2.62,1.0,1.0,4.12,3.5,2.12,1.0,1.0,1.0,2.0,1.88,1.75,2.0,1.5,4.38,4.0,4.03,2.71,4.28,3.04,3.76,1.36,2.54,3.31,2.53,3.65,1.35,3.72,2.38,3.39,4.62,2.24,1.21,3.78,1.3,4.47,3.48,3.52,2.95,2.04,1.17,3.9,2.57,1.36,2.62,3.61,3.29,1.29,1.06,2.32,3.23,1.99,1.61,4.2,4.79,4.4,3.72,"Law Teachers, Postsecondary",Education
25-1113,1.0,1.88,3.25,1.0,4.0,1.5,1.0,1.0,1.0,1.0,2.88,1.75,2.38,3.38,1.0,1.0,1.0,1.62,4.0,3.25,1.0,2.38,2.75,1.0,3.62,1.0,2.0,4.0,4.75,3.12,2.0,1.0,3.5,1.0,1.0,1.0,2.62,1.0,1.0,4.25,3.75,2.12,1.0,1.0,1.0,2.25,1.75,1.75,2.0,1.5,4.0,4.0,3.99,2.99,3.82,4.46,4.58,1.83,3.44,4.03,3.29,4.28,1.5,4.24,2.14,3.86,4.49,3.04,1.56,3.55,1.77,4.51,3.8,4.21,3.45,2.07,1.29,4.69,3.13,1.91,2.89,3.67,3.63,1.16,1.14,3.6,3.86,2.47,2.2,4.21,4.44,4.68,4.58,"Social Work Teachers, Postsecondary",Education
25-1121,2.12,2.0,3.12,2.0,3.5,1.75,1.12,1.38,1.25,1.38,3.12,2.12,2.75,3.5,1.0,1.25,1.12,1.88,3.62,3.12,2.12,2.0,2.5,2.0,3.75,1.0,2.12,4.0,4.25,3.75,2.12,1.0,3.38,1.25,1.38,1.25,2.88,1.0,1.25,4.0,3.75,2.12,1.12,1.25,1.62,2.5,2.0,3.0,3.0,1.5,4.12,4.12,3.18,3.39,4.5,3.84,4.7,2.81,3.51,3.85,3.29,3.61,2.23,4.47,2.54,2.73,4.01,4.04,3.13,3.7,2.39,3.83,3.72,4.31,3.23,2.7,2.11,4.22,3.12,3.18,3.5,2.98,3.84,1.47,2.02,3.49,3.91,3.05,2.53,4.87,4.71,3.98,3.9,"Art, Drama, and Music Teachers, Postsecondary",Education
25-1122,1.12,2.0,2.88,1.0,3.75,1.25,1.0,1.0,1.0,1.0,2.75,1.5,2.75,3.0,1.0,1.0,1.0,1.75,3.75,3.12,1.12,2.25,2.88,1.0,3.38,1.0,2.38,4.12,4.12,3.0,2.12,1.0,3.12,1.0,1.0,1.0,3.0,1.12,1.0,4.12,3.75,2.25,1.0,1.0,1.0,2.12,2.0,1.88,2.0,1.12,4.0,4.0,3.35,3.13,3.95,3.41,4.14,1.88,3.07,3.52,3.07,4.56,1.24,4.0,2.73,3.54,4.12,2.93,1.72,4.2,2.25,3.95,4.08,4.22,3.51,1.78,1.35,3.85,3.05,1.75,3.63,3.53,3.33,1.8,1.12,3.17,3.43,2.75,1.8,4.48,4.21,4.19,4.42,"Communications Teachers, Postsecondary",Education
25-1123,1.0,1.75,3.12,1.0,3.88,1.0,1.0,1.0,1.0,1.0,2.12,1.25,2.75,3.25,1.0,1.0,1.0,1.75,3.88,2.88,1.0,2.0,2.75,1.0,3.5,1.0,2.0,4.25,4.62,3.25,2.0,1.0,3.38,1.0,1.0,1.0,2.88,1.0,1.0,4.0,3.38,2.12,1.0,1.0,1.0,2.75,1.75,1.75,2.0,1.0,4.88,4.25,3.93,3.22,4.21,3.04,4.5,1.7,3.27,3.89,3.32,4.19,1.08,4.55,1.87,2.58,4.07,3.05,1.48,3.72,2.06,4.53,4.04,4.41,3.22,2.29,1.04,4.25,3.2,1.76,2.67,3.42,3.31,1.48,1.29,3.43,3.98,2.52,2.3,4.48,4.73,3.84,4.11,"English Language and Literature Teachers, Postsecondary",Education
25-1124,1.0,2.12,2.88,1.0,3.38,1.0,1.0,1.0,1.0,1.0,2.62,1.5,2.5,2.88,1.0,1.0,1.0,1.88,3.62,3.0,1.0,2.0,2.88,1.0,3.38,1.0,2.0,4.12,4.25,2.88,2.12,1.0,3.25,1.0,1.0,1.0,3.0,1.0,1.0,4.62,4.0,2.12,1.0,1.0,1.0,2.12,1.88,2.0,2.0,1.0,4.0,4.0,3.54,2.78,3.42,2.62,3.33,1.6,2.2,3.19,2.36,2.97,1.08,3.47,1.67,2.22,3.88,1.72,1.3,3.3,1.51,3.87,3.45,3.61,2.9,1.36,1.05,3.88,2.81,1.53,3.0,2.99,3.04,1.31,1.04,1.91,3.06,1.88,2.08,4.32,4.44,4.06,4.27,"Foreign Language and Literature Teachers, Postsecondary",Education
25-1125,1.0,1.88,3.12,1.0,3.88,1.0,1.0,1.25,1.0,1.0,2.62,1.0,2.5,3.0,1.0,1.0,1.0,1.5,3.88,3.12,1.0,2.0,2.88,1.0,3.5,1.0,2.0,4.0,4.75,3.0,2.12,1.0,3.25,1.0,1.0,1.0,3.0,1.0,1.0,3.88,3.25,2.25,1.0,1.0,1.0,2.12,1.62,1.88,2.0,1.12,4.12,4.38,4.65,2.65,3.35,3.34,3.59,1.53,2.58,3.41,2.26,4.42,1.01,3.94,2.14,2.6,4.77,2.38,1.4,4.8,1.86,4.37,3.8,3.58,3.28,2.32,1.01,3.78,2.93,1.68,2.62,4.28,3.07,1.16,1.0,2.63,3.34,2.26,1.92,4.46,4.61,4.68,3.85,"History Teachers, Postsecondary",Education
25-1126,1.0,1.75,3.12,1.0,3.88,1.0,1.0,1.0,1.0,1.0,2.62,1.62,2.25,3.0,1.0,1.0,1.0,1.75,4.0,3.12,1.0,2.0,3.0,1.0,3.5,1.0,2.0,4.0,4.12,2.88,2.25,1.0,3.25,1.0,1.0,1.0,2.5,1.0,1.0,4.12,3.25,2.12,1.0,1.0,1.0,2.0,1.88,1.75,2.0,1.25,4.12,4.0,3.46,3.19,3.75,3.15,3.71,1.62,3.18,3.36,2.86,3.46,1.02,3.77,1.98,2.98,4.47,3.05,1.61,3.85,1.34,4.53,3.81,4.16,2.82,2.23,1.24,3.77,2.92,1.52,3.14,3.55,2.99,1.25,1.01,3.27,3.56,2.8,2.09,4.24,4.76,3.93,4.06,"Philosophy and Religion Teachers, Postsecondary",Education
25-1192,1.0,1.88,3.12,1.12,3.62,1.75,1.0,1.0,1.0,1.12,2.88,1.75,2.5,3.0,1.0,1.0,1.0,1.88,3.5,3.12,1.12,2.75,2.75,1.0,3.38,1.0,2.12,4.0,4.12,3.12,2.25,1.0,3.38,1.0,1.0,1.0,2.75,1.0,1.0,4.0,3.38,2.0,1.0,1.0,1.0,2.25,2.0,2.0,2.25,1.62,4.12,4.0,3.31,2.94,3.86,3.56,3.92,1.87,3.14,3.51,2.96,3.36,1.62,3.92,2.67,3.53,4.25,2.87,2.4,3.97,2.33,3.62,3.44,3.78,3.27,2.43,1.63,4.02,3.03,2.03,2.85,3.16,3.34,1.3,1.27,3.16,3.41,1.96,2.11,3.45,4.56,4.18,3.95,"Family and Consumer Sciences Teachers, Postsecondary",Education
25-1193,1.38,2.12,3.12,1.38,3.75,2.0,1.0,1.38,1.0,1.38,2.88,1.38,2.5,3.25,1.0,1.38,1.38,2.0,3.75,3.12,1.12,2.5,2.62,1.38,3.62,1.0,2.12,4.0,4.12,3.0,2.12,1.0,3.12,1.0,1.0,1.0,3.0,1.0,1.0,4.0,3.38,2.12,1.0,1.62,1.38,2.62,1.88,2.0,2.12,1.12,4.0,4.0,3.89,3.24,4.17,3.57,4.23,1.74,3.72,3.67,3.39,3.76,1.33,4.52,2.55,3.49,4.42,3.42,2.47,4.02,2.57,4.05,3.79,3.99,2.83,2.95,1.39,4.07,3.35,2.38,3.72,3.65,3.47,1.64,1.43,3.08,3.32,2.69,2.73,3.77,4.51,4.23,3.96,"Recreation and Fitness Studies Teachers, Postsecondary",Education
25-1194,2.75,2.25,2.88,2.62,3.62,2.0,1.0,2.0,1.38,2.0,2.88,2.88,2.75,2.88,1.5,2.0,2.0,2.25,3.25,3.25,2.5,2.12,2.88,2.12,3.25,1.5,2.12,4.0,4.0,3.0,2.12,1.62,3.75,2.0,2.0,2.0,3.0,1.62,1.5,3.75,3.62,2.0,1.38,2.0,2.0,2.88,2.25,2.12,2.62,2.0,3.88,3.88,3.37,3.38,4.23,3.69,4.02,3.28,3.33,3.43,3.32,3.62,3.08,4.02,2.66,3.86,4.42,3.41,3.44,3.69,3.51,3.76,3.33,3.85,3.43,3.08,2.73,4.15,3.2,3.15,3.51,3.25,3.72,2.96,3.05,3.02,3.67,2.69,2.62,3.31,4.66,4.28,3.55,"Career/Technical Education Teachers, Postsecondary",Education
25-2011,2.12,2.5,2.88,1.62,3.5,2.0,1.0,2.0,1.38,2.38,3.0,2.12,2.88,3.62,1.0,2.12,2.0,2.5,3.0,3.25,2.12,2.38,2.75,2.12,3.25,1.0,2.0,4.0,4.0,3.75,2.62,1.0,3.88,1.0,1.25,1.12,2.88,1.38,1.12,4.0,3.62,2.75,1.62,2.38,2.12,2.88,2.75,2.5,2.62,1.25,3.62,3.12,1.98,4.24,3.02,2.8,3.52,1.36,2.79,3.11,3.61,3.05,1.03,4.02,1.86,3.25,4.02,2.73,2.59,3.43,2.69,2.45,2.78,3.43,3.25,2.63,1.31,3.28,2.26,3.17,2.76,2.54,2.63,1.41,1.2,3.38,3.08,1.84,1.9,3.67,3.76,2.87,2.27,"Preschool Teachers, Except Special Education",Education
25-2012,2.25,2.25,3.12,1.62,3.38,1.5,1.0,2.0,1.5,2.25,2.75,2.25,2.88,3.75,1.0,2.25,2.12,2.12,3.38,3.25,1.62,2.5,2.75,2.12,3.25,1.0,2.88,3.88,4.12,3.38,2.62,1.0,3.88,1.0,1.0,1.0,3.25,1.12,1.0,3.88,3.62,2.75,1.0,1.88,2.25,3.0,2.38,2.38,2.38,1.5,4.0,3.88,3.54,3.76,3.6,3.34,3.8,1.87,3.56,4.04,3.49,3.41,1.07,4.11,2.45,3.55,3.88,3.27,2.51,3.37,1.98,3.0,2.8,3.98,3.52,2.3,1.28,4.19,2.62,2.56,3.25,3.17,2.87,1.55,1.12,3.47,3.6,1.91,1.69,4.25,3.96,3.95,3.55,"Kindergarten Teachers, Except Special Education",Education
25-2021,1.62,2.75,3.38,1.12,3.88,1.5,1.0,1.38,1.38,1.88,3.0,1.75,3.0,3.88,1.0,1.88,1.5,2.0,4.0,3.88,1.5,3.0,2.88,1.88,3.75,1.0,2.88,4.0,4.62,3.75,2.62,1.0,4.0,1.0,1.0,1.0,3.12,1.12,1.0,4.0,4.0,2.62,1.38,2.12,2.0,3.0,2.12,2.62,2.62,1.88,3.88,3.88,3.08,4.14,4.09,3.44,3.86,1.38,3.7,3.76,3.62,3.39,1.29,4.09,2.19,2.79,3.58,3.31,2.37,3.49,1.82,3.33,3.12,3.92,3.22,2.04,1.42,3.7,3.07,2.58,3.41,3.02,2.71,1.42,1.06,3.72,3.78,1.71,1.86,3.87,4.48,3.98,4.12,"Elementary School Teachers, Except Special Education",Education
25-2022,1.38,2.12,2.88,1.38,3.75,1.62,1.0,1.0,1.0,1.0,2.88,1.88,3.0,3.38,1.0,1.25,1.25,2.0,3.25,3.88,1.25,2.88,3.0,1.0,3.75,1.0,2.88,3.88,4.25,3.12,2.75,1.0,3.88,1.0,1.0,1.0,3.0,1.12,1.0,3.88,3.75,2.62,1.0,1.38,1.0,2.75,2.0,2.12,2.5,1.25,3.88,3.88,3.83,4.33,4.37,3.39,4.14,1.91,4.31,4.38,3.79,4.14,1.55,4.51,2.64,3.76,4.22,3.56,2.13,3.99,2.19,4.16,3.96,4.31,3.75,2.0,1.3,4.33,3.19,2.35,3.14,3.58,3.26,1.56,1.4,3.99,3.81,2.25,1.51,4.39,4.62,4.03,3.87,"Middle School Teachers, Except Special and Career/Technical Education",Education
25-2023,2.12,2.75,3.25,2.12,3.88,1.88,1.0,1.88,1.38,1.75,3.12,2.12,2.75,3.25,1.0,1.88,1.88,2.62,3.75,3.12,2.0,2.75,2.75,2.0,3.88,1.0,2.38,4.0,4.12,3.25,3.0,1.0,3.75,1.75,1.88,1.5,3.12,1.0,1.12,4.0,3.88,2.62,1.38,1.88,1.88,3.0,2.12,2.5,2.75,2.0,4.0,3.88,3.66,3.18,3.84,3.58,4.21,2.82,3.66,3.97,3.71,3.91,2.25,4.17,2.83,3.62,4.29,3.51,2.47,3.92,2.9,3.78,3.65,4.0,3.88,2.99,1.43,4.03,3.43,2.68,3.01,3.5,3.11,2.1,1.73,3.65,3.39,1.94,1.41,4.17,4.41,4.28,4.14,"Career/Technical Education Teachers, Middle School",Education
25-2031,1.62,2.12,3.25,1.0,3.88,1.62,1.0,1.12,1.12,1.12,3.0,1.62,2.88,3.5,1.0,1.25,1.12,2.0,3.75,3.62,1.12,3.0,2.88,1.12,3.88,1.0,2.88,4.0,4.12,3.38,2.88,1.0,3.75,1.0,1.0,1.0,3.0,1.0,1.25,4.0,4.0,2.75,1.0,1.25,1.25,2.75,2.0,2.0,2.75,1.25,4.0,4.0,3.5,4.0,4.45,3.28,4.18,1.81,3.74,4.22,3.54,3.65,1.67,4.35,2.44,3.59,4.07,3.35,2.24,3.65,2.64,3.48,3.2,4.36,3.39,2.63,1.63,4.17,3.31,2.72,3.3,3.7,3.23,1.84,1.61,3.78,3.71,2.06,1.63,4.06,4.65,4.06,4.19,"Secondary School Teachers, Except Special and Career/Technical Education",Education
25-2032,2.75,2.75,3.5,2.38,3.88,2.0,1.0,1.75,1.62,2.0,3.38,2.5,3.0,3.75,1.5,1.75,1.75,2.38,4.0,3.75,2.62,3.0,3.0,2.0,3.88,1.38,2.88,4.12,4.25,3.38,2.88,1.5,4.0,1.88,1.88,2.0,3.12,1.5,1.75,4.12,4.0,3.0,1.5,2.0,2.12,3.0,2.5,2.62,2.75,2.12,4.12,4.0,3.74,4.07,4.49,3.72,4.41,3.44,3.96,4.28,4.16,4.22,3.14,4.37,3.08,3.78,4.43,3.94,3.46,4.03,3.79,4.08,3.73,4.42,4.09,3.46,2.69,4.5,3.24,3.34,3.7,4.06,4.07,2.4,3.32,3.86,4.19,2.96,2.46,4.5,4.74,4.41,4.08,"Career/Technical Education Teachers, Secondary School",Education
25-2051,2.12,2.75,3.0,1.62,3.88,1.88,1.12,2.0,1.75,2.0,2.88,2.0,2.62,3.25,1.25,2.12,2.0,2.25,3.75,3.38,2.12,2.0,2.5,1.88,3.38,1.0,2.0,4.0,4.12,2.88,2.5,1.12,4.0,1.0,1.0,1.38,3.38,1.38,1.25,4.0,3.5,2.5,1.0,2.0,2.0,3.0,2.38,2.12,2.25,1.88,4.0,3.75,3.44,4.35,3.62,3.22,4.29,1.83,3.49,3.92,3.55,4.22,1.68,4.21,2.1,3.76,4.45,2.78,3.07,3.74,2.65,3.66,2.98,3.57,3.75,1.97,1.55,4.06,3.21,3.21,3.03,3.22,2.76,1.37,1.42,3.01,3.2,2.16,1.98,3.41,4.13,3.61,4.03,"Special Education Teachers, Preschool",Education
25-2056,1.25,2.88,3.62,1.12,4.0,2.0,1.12,1.88,1.75,2.0,3.25,1.38,3.25,3.75,1.12,2.0,1.75,2.5,3.88,3.62,1.25,2.75,2.75,1.88,3.75,1.0,2.62,4.25,4.38,3.5,2.88,1.12,4.12,1.0,1.12,1.12,3.5,1.12,1.25,4.12,3.62,2.62,1.0,2.0,2.12,2.88,2.38,2.38,2.88,2.12,4.0,3.62,4.02,3.27,3.59,3.77,4.24,1.58,3.41,3.83,3.4,3.74,1.76,4.7,2.52,3.93,4.75,3.44,2.14,3.84,2.63,3.34,3.59,3.81,3.79,2.08,1.53,4.56,3.27,2.81,3.1,3.85,3.64,1.37,1.38,2.81,3.47,1.74,2.01,3.73,3.68,4.17,3.63,"Special Education Teachers, Elementary School",Education
25-2057,1.25,2.25,3.0,1.0,3.88,1.25,1.0,1.25,1.25,1.25,2.88,1.62,2.88,3.0,1.0,1.38,1.25,2.0,3.88,3.75,1.5,2.62,2.88,1.25,3.5,1.0,2.75,4.0,4.0,3.5,2.62,1.12,3.88,1.12,1.25,1.25,3.12,1.0,1.12,3.88,3.88,2.75,1.25,1.75,1.25,2.75,2.0,2.0,2.5,1.38,3.88,3.88,3.25,3.6,3.57,3.28,3.49,1.71,3.0,3.35,3.32,3.25,1.57,4.18,1.83,3.1,3.52,3.04,2.05,3.25,2.05,3.35,2.51,3.5,3.28,2.41,1.5,4.01,2.97,2.16,2.99,3.15,2.8,1.68,1.39,3.39,2.82,2.2,1.94,3.12,3.6,3.49,3.84,"Special Education Teachers, Middle School",Education
25-2058,1.62,2.75,3.0,1.0,3.88,1.88,1.0,1.12,1.62,1.12,2.88,1.62,2.88,3.62,1.0,1.88,1.75,2.0,3.88,3.75,1.25,2.62,2.88,1.88,3.75,1.0,2.75,3.88,4.0,3.0,2.75,1.12,4.0,1.0,1.0,1.0,3.0,1.0,1.12,4.0,3.88,2.88,1.0,1.75,1.88,2.88,2.0,2.25,2.62,1.38,3.88,3.88,3.74,4.13,3.61,3.46,4.69,2.08,3.4,3.94,3.6,4.39,1.99,4.55,2.76,3.89,4.3,3.02,2.3,3.94,2.19,4.11,3.58,4.16,4.54,2.2,1.82,4.47,3.26,2.71,3.33,4.03,3.25,1.84,1.69,3.45,3.51,2.45,2.09,4.18,4.21,4.13,4.49,"Special Education Teachers, Secondary School",Education
25-2059,3.0,2.25,3.0,2.25,3.88,2.0,1.25,2.12,2.12,3.0,3.12,2.75,3.12,3.38,1.0,3.0,2.75,2.12,3.38,3.25,3.0,2.0,2.75,3.0,3.88,1.0,2.0,4.0,4.12,3.25,2.75,1.0,3.88,1.0,1.88,2.12,3.12,1.0,1.75,3.75,3.75,2.75,2.0,3.0,3.0,2.88,3.0,2.0,2.38,1.38,3.88,3.88,3.14,4.38,3.75,2.95,4.05,1.48,3.19,4.05,3.57,3.9,1.19,4.0,2.38,3.52,4.1,3.67,3.62,3.57,2.81,3.29,3.38,4.0,3.38,1.9,1.86,4.0,2.95,4.48,3.19,2.9,3.52,1.33,1.48,3.05,3.29,2.2,1.43,4.05,3.62,3.52,3.24,Adapted Physical Education Specialists,Education
25-3011,1.0,2.0,2.88,1.0,3.5,1.0,1.0,1.0,1.0,1.0,2.75,1.75,3.0,3.25,1.0,1.0,1.0,2.0,3.25,3.0,1.0,2.88,2.75,1.0,3.62,1.0,2.88,3.88,4.25,3.25,2.62,1.0,3.5,1.0,1.0,1.0,3.0,1.0,1.0,3.88,3.75,2.62,1.0,1.0,1.0,2.75,2.0,2.0,2.0,1.0,4.0,4.0,2.85,2.97,3.83,2.21,3.76,1.84,2.92,3.69,2.59,3.43,1.29,3.68,2.16,3.13,3.54,2.34,1.63,3.33,2.34,3.98,3.15,3.79,2.91,1.97,1.4,3.72,2.82,1.72,3.37,2.72,3.31,1.73,1.42,2.76,2.93,1.98,1.42,4.12,3.82,3.37,3.65,"Adult Basic Education, Adult Secondary Education, and English as a Second Language Instructors",Education
25-3021,2.0,2.0,3.0,1.75,3.12,1.75,1.0,1.75,1.25,1.88,2.5,2.0,2.62,3.0,1.0,1.62,1.62,1.62,3.0,3.12,1.88,2.0,2.5,1.75,3.12,1.0,2.0,3.88,4.0,3.0,2.12,1.0,3.0,1.25,1.25,1.5,2.62,1.0,1.12,3.62,3.25,2.0,1.0,1.88,1.75,2.38,2.12,2.0,2.5,1.62,3.12,3.12,3.02,2.99,4.74,3.1,3.72,1.61,3.09,3.07,2.7,3.43,1.42,4.12,1.91,2.59,4.03,2.72,2.44,3.9,2.63,4.28,2.96,4.01,3.54,1.89,1.79,3.34,2.52,2.83,3.03,2.95,3.11,1.28,1.74,2.99,3.08,3.02,1.91,4.12,4.87,3.51,2.83,Self-Enrichment Teachers,Education
25-3031,1.62,2.12,2.75,1.62,3.38,1.12,1.12,1.5,1.12,1.12,2.75,1.88,2.38,2.75,1.0,1.12,1.12,2.0,3.38,2.88,1.75,2.0,2.5,1.25,3.62,1.0,2.12,4.0,3.88,2.62,2.25,1.12,3.12,1.12,1.25,1.12,2.62,1.0,1.38,3.62,3.38,2.12,1.12,1.12,1.12,2.5,1.75,2.25,2.12,1.62,3.5,3.5,2.11,3.73,2.79,1.82,3.83,2.04,2.54,2.47,2.44,3.47,1.16,3.56,2.16,2.86,3.98,2.46,2.05,3.48,2.23,2.58,2.33,3.36,3.92,2.29,1.56,3.06,2.6,2.28,2.36,2.72,2.09,1.71,1.47,3.43,2.76,1.57,1.42,2.63,2.81,2.68,3.25,"Substitute Teachers, Short-Term",Education
25-3041,1.62,2.12,3.0,1.5,3.38,1.0,1.0,1.0,1.0,1.0,2.25,1.75,2.88,3.38,1.0,1.0,1.0,2.0,3.38,3.25,1.62,2.88,2.88,1.0,3.38,1.0,2.62,4.12,4.0,3.0,2.25,1.0,3.38,1.0,1.0,1.0,3.12,1.0,1.0,4.0,3.88,2.75,1.0,1.0,1.0,2.75,1.5,2.0,2.12,1.12,4.0,4.0,3.18,3.45,4.48,2.55,4.14,1.67,2.68,3.45,2.57,3.79,1.14,4.55,1.73,2.55,3.86,2.33,1.55,2.82,1.64,4.1,2.55,4.18,3.14,1.95,1.38,3.82,3.05,1.59,3.64,3.19,3.52,1.48,1.19,2.73,3.45,1.76,1.77,4.05,4.71,4.0,3.45,Tutors,Education
25-4011,2.0,1.88,4.0,1.62,3.62,1.88,1.0,2.0,1.38,2.0,2.75,2.0,2.5,3.0,1.0,1.5,1.5,1.88,3.5,3.88,2.0,2.12,2.62,2.0,3.88,1.0,2.38,3.75,3.88,2.88,2.38,1.0,3.0,1.0,1.0,1.0,3.0,1.0,1.12,3.0,3.12,2.25,1.0,1.75,2.0,2.12,2.0,2.62,2.38,1.38,4.0,3.88,3.7,2.32,3.35,4.1,4.13,2.1,3.39,3.81,3.29,4.74,1.68,3.9,3.19,3.61,4.42,3.45,3.81,4.19,2.61,3.97,3.97,4.03,3.26,3.37,1.84,4.13,3.43,2.87,3.87,4.39,3.3,1.77,1.68,3.0,3.52,2.06,3.17,3.7,3.58,4.35,4.52,Archivists,Education
25-4012,2.12,1.75,3.75,1.38,3.88,1.88,1.0,1.62,1.12,1.75,3.12,2.12,3.12,3.38,1.12,1.62,1.62,1.75,3.75,3.38,2.0,2.88,2.75,1.75,3.88,1.12,2.75,4.0,4.0,3.5,2.75,1.12,3.62,1.0,1.0,1.12,3.12,1.0,1.75,3.75,3.62,2.38,1.0,1.75,2.12,2.75,2.12,3.0,3.25,1.62,4.0,3.88,3.78,2.41,3.01,4.02,4.03,2.07,3.24,3.53,3.21,4.5,2.29,4.11,3.0,3.21,4.44,3.21,3.94,4.54,3.08,3.88,3.9,4.04,3.41,3.24,2.05,4.21,3.15,2.95,3.78,3.98,3.11,1.55,1.63,2.85,3.63,2.71,2.13,4.35,3.57,3.97,3.99,Curators,Education
25-4013,3.25,2.75,3.12,2.88,3.25,2.12,1.0,2.0,1.25,2.25,3.12,3.25,3.12,3.25,1.12,1.88,2.0,2.0,3.12,3.62,3.12,2.25,2.75,2.75,3.75,1.0,2.0,3.62,3.75,3.38,2.88,1.12,3.12,1.75,1.75,1.75,3.0,1.0,1.38,3.5,3.5,2.12,1.0,1.88,2.75,2.5,2.25,3.12,3.25,2.12,3.5,3.5,3.0,1.94,2.6,3.26,3.83,2.97,2.69,3.25,3.01,3.57,2.31,3.72,3.03,2.82,4.21,2.37,4.04,4.29,3.29,2.86,3.34,3.86,3.88,2.25,2.17,3.41,2.83,3.6,2.93,3.39,2.66,2.03,2.59,2.53,2.76,1.93,1.6,3.58,2.55,3.49,3.31,Museum Technicians and Conservators,Education
25-4022,2.0,2.0,3.5,2.0,3.25,1.62,1.25,1.88,1.75,1.88,2.75,2.0,2.75,3.0,1.12,1.12,1.12,1.75,3.25,3.62,2.25,2.12,2.75,1.88,3.62,1.12,2.12,4.12,4.25,2.88,2.62,1.12,3.0,1.25,1.25,1.25,3.0,1.12,1.5,3.5,3.5,2.88,1.25,1.12,1.88,2.5,2.12,2.0,2.12,2.0,4.12,3.75,3.4,2.85,3.11,3.48,4.2,1.87,3.11,3.45,3.12,3.7,1.31,4.41,2.62,2.98,4.37,2.68,2.69,3.54,2.34,3.92,3.14,3.76,3.16,3.4,1.38,3.76,3.33,2.48,3.65,3.72,2.98,1.7,1.29,3.12,3.39,2.53,1.69,3.77,3.78,4.2,4.74,Librarians and Media Collections Specialists,Education
25-4031,2.0,2.0,3.12,2.0,3.0,1.25,1.38,2.12,1.25,2.38,3.0,2.88,2.88,2.12,1.0,2.0,1.88,1.75,2.88,3.0,2.5,2.0,2.38,2.0,3.25,1.0,2.0,3.38,3.38,2.0,2.75,1.0,2.88,1.0,1.12,1.12,2.88,1.12,1.88,3.25,3.25,2.0,1.12,2.0,2.25,2.0,2.38,2.0,2.0,1.75,3.25,3.0,2.41,2.96,2.01,2.77,4.0,2.15,2.78,2.52,2.15,3.61,1.06,3.81,2.1,2.77,4.02,1.79,3.52,3.48,2.46,2.99,2.99,3.17,3.38,2.76,1.26,3.49,3.12,3.31,3.47,3.42,1.82,1.58,1.35,2.66,2.92,1.89,1.71,3.08,2.25,3.43,4.29,Library Technicians,Education
25-9021,2.12,2.25,3.62,2.25,4.0,2.12,1.12,1.75,1.5,1.62,2.88,2.0,3.0,3.5,1.75,1.62,1.5,2.0,4.0,4.0,2.0,3.0,3.12,2.12,3.0,1.75,3.0,4.12,4.5,3.75,2.88,1.75,3.88,1.88,1.88,1.88,3.0,1.75,2.0,4.12,3.75,3.0,1.25,1.75,1.75,3.0,2.0,2.0,3.0,1.75,4.12,4.0,3.56,2.59,3.5,4.52,4.31,2.07,3.44,3.67,3.89,3.67,1.44,4.41,2.78,3.19,4.22,3.27,2.59,3.78,2.54,3.96,2.88,4.0,3.41,3.38,3.33,4.3,3.37,2.67,4.41,3.48,3.93,1.78,1.81,3.11,4.15,2.78,2.62,3.7,4.33,4.48,4.19,Farm and Home Management Educators,Education
25-9031,1.12,2.25,3.75,1.0,3.88,1.62,1.0,1.0,1.0,1.0,3.12,1.88,3.0,3.62,1.0,1.12,1.0,1.75,3.75,3.75,1.25,3.0,3.12,1.0,3.88,1.0,3.0,4.12,4.25,3.75,2.62,1.0,4.0,1.0,1.0,1.0,3.0,1.0,1.0,4.12,4.0,2.88,1.25,1.38,1.0,2.88,1.75,2.12,3.0,1.5,4.38,4.25,4.19,3.29,4.14,3.23,4.54,1.5,3.31,4.16,4.12,3.67,1.46,4.63,2.97,3.83,4.23,3.44,2.11,3.69,2.36,3.76,3.6,4.38,3.71,3.26,1.67,4.5,3.71,2.08,3.22,3.89,3.83,1.39,1.3,3.21,3.91,2.4,2.31,3.72,4.53,4.06,4.45,Instructional Coordinators,Education
25-9042,2.0,2.75,3.38,1.88,3.38,1.75,1.12,2.25,2.0,2.5,3.38,2.0,2.75,3.25,1.25,2.0,2.25,2.25,3.12,3.62,2.0,2.62,2.62,2.25,3.38,1.0,2.62,3.75,3.75,3.25,2.75,1.5,3.5,1.12,1.12,1.12,2.88,1.12,1.12,3.5,3.5,2.62,1.25,2.38,2.12,2.75,2.62,2.25,2.75,1.75,3.75,3.5,3.07,4.5,3.26,3.03,4.15,1.62,3.78,4.16,2.58,4.01,1.36,4.14,2.89,3.6,4.45,1.95,2.07,3.77,3.91,3.44,3.62,4.37,4.03,2.0,1.9,4.04,1.97,3.69,3.38,3.65,2.45,1.24,1.37,4.31,4.1,1.91,1.64,4.46,3.08,4.11,3.12,"Teaching Assistants, Preschool, Elementary, Middle, and Secondary School, Except Special Education",Education
25-9043,1.38,3.12,3.0,1.12,3.38,1.12,1.0,1.88,1.62,1.88,2.88,1.38,2.75,3.25,1.12,2.0,1.88,2.38,3.12,3.25,1.5,2.12,2.62,1.88,3.62,1.0,2.12,4.0,4.0,3.0,2.75,1.25,3.75,1.0,1.38,1.25,3.12,1.5,1.12,3.75,3.75,2.62,1.12,2.12,2.12,3.0,2.5,2.25,2.25,2.0,3.62,3.25,2.47,4.06,3.57,2.27,3.87,1.63,2.78,3.01,3.0,3.22,1.37,3.78,2.18,3.21,4.34,2.95,2.2,3.63,2.35,2.97,2.99,3.6,3.71,1.88,1.49,3.37,1.89,2.71,2.61,2.78,2.57,1.53,1.67,3.59,2.79,1.72,1.78,3.15,3.44,3.29,3.11,"Teaching Assistants, Special Education",Education
25-9044,1.62,2.0,3.0,1.62,3.12,1.75,1.0,1.0,1.0,1.0,2.38,1.62,2.5,3.12,1.0,1.0,1.0,2.0,3.12,3.0,1.62,2.25,2.25,1.0,3.25,1.0,2.38,4.12,4.12,3.12,2.12,1.12,3.12,1.0,1.0,1.0,3.0,1.12,1.0,3.5,3.25,2.12,1.0,1.0,1.0,2.38,2.0,1.88,2.12,1.5,4.0,3.5,3.26,3.3,3.34,2.42,4.61,1.79,2.86,3.11,2.39,3.84,2.07,3.81,2.71,3.0,3.77,2.97,1.87,3.37,2.61,3.82,3.44,3.63,3.4,1.73,1.63,3.7,2.76,1.73,2.39,3.47,2.92,1.79,1.23,2.77,3.06,2.29,1.21,3.61,4.25,3.56,4.22,"Teaching Assistants, Postsecondary",Education
27-1011,2.12,1.75,3.5,1.88,3.62,1.38,1.0,1.12,1.0,1.0,3.12,2.38,3.0,4.25,1.0,1.0,1.0,1.62,3.5,3.75,2.12,2.5,2.38,1.0,4.0,1.0,2.25,4.0,4.0,4.25,2.75,1.0,3.75,1.12,1.25,1.0,2.75,1.0,1.12,3.62,3.62,2.75,1.0,1.0,1.0,2.62,1.62,3.75,3.88,1.5,4.0,3.38,3.36,2.7,2.78,3.79,4.39,1.7,3.24,3.03,3.33,2.99,2.45,3.89,2.28,2.75,4.41,3.26,1.78,3.78,2.27,3.56,2.95,4.37,2.76,2.03,1.37,4.2,2.56,1.7,2.63,2.54,3.5,1.48,1.3,3.5,2.91,2.54,2.28,4.95,3.34,4.34,4.57,Art Directors,Arts & Entertainment
27-1012,3.88,2.0,3.0,3.12,3.0,2.12,1.0,2.0,1.5,2.5,2.62,3.88,2.0,3.62,1.0,2.0,1.62,1.75,3.0,3.0,3.75,2.62,2.0,3.12,3.75,1.0,2.25,3.0,3.0,4.12,2.0,1.0,3.0,1.88,2.0,1.62,2.88,1.0,1.12,3.0,3.0,2.0,1.0,1.88,2.38,2.0,2.75,3.0,3.62,1.88,3.0,2.62,2.43,1.83,2.59,3.23,2.22,3.57,2.0,2.78,1.65,3.09,2.3,3.13,3.13,2.35,3.71,1.7,3.65,3.04,3.26,2.3,2.96,4.0,3.57,3.17,1.7,3.64,2.74,3.09,3.3,2.74,2.39,1.78,2.52,2.22,3.04,3.64,1.3,4.61,2.96,3.3,3.09,Craft Artists,Arts & Entertainment
27-1013,3.75,1.88,3.12,2.88,3.0,2.12,1.25,2.25,1.5,2.12,3.0,3.38,2.75,4.0,1.0,1.88,1.75,1.75,3.0,3.0,3.38,2.12,1.75,2.88,3.62,1.0,2.12,3.12,3.0,4.38,2.5,1.0,3.0,1.75,1.75,1.75,2.88,1.0,1.0,3.0,3.0,2.12,1.12,1.88,2.62,2.25,2.5,3.75,4.0,2.12,3.0,2.88,2.49,1.91,1.56,2.83,2.54,2.89,1.64,1.94,1.62,1.99,2.51,3.56,2.45,1.85,3.91,1.56,3.16,2.85,3.34,2.18,2.81,3.57,3.37,2.33,1.3,3.72,1.84,2.77,2.64,2.71,1.77,1.68,1.38,1.72,2.29,2.28,1.24,4.8,1.57,3.46,3.46,"Fine Artists, Including Painters, Sculptors, and Illustrators",Arts & Entertainment
27-1014,2.75,1.88,3.0,2.38,3.62,2.0,1.0,1.25,1.0,1.0,2.88,2.62,2.75,3.38,1.0,1.0,1.0,1.88,3.25,3.38,2.25,2.75,2.12,1.5,3.88,1.0,2.38,4.12,4.0,3.5,2.75,1.0,3.62,1.88,1.75,1.5,3.0,1.0,1.0,3.5,3.12,2.5,1.0,1.0,1.0,2.5,1.62,3.62,4.0,2.0,4.0,3.5,3.44,2.48,2.9,2.73,4.76,2.91,2.19,3.22,3.11,2.72,1.53,3.82,2.9,3.53,4.55,3.45,2.06,4.02,2.3,3.21,2.98,4.01,3.09,1.94,1.38,3.48,2.61,1.51,2.36,4.06,3.07,2.1,1.4,2.42,3.38,2.45,1.88,4.82,3.05,4.34,4.84,Special Effects Artists and Animators,Arts & Entertainment
27-1021,2.88,2.12,3.12,2.12,3.75,2.0,1.0,1.62,1.0,1.0,3.0,2.75,3.12,3.88,1.0,1.0,1.0,2.12,3.38,3.62,2.12,2.75,2.5,1.12,3.88,1.0,2.75,3.75,3.75,3.88,2.75,1.0,3.62,1.5,1.75,1.0,3.12,1.0,1.38,3.5,3.62,2.25,1.0,1.0,1.12,2.75,1.75,3.25,3.75,1.38,3.75,3.12,3.45,1.78,2.12,3.66,4.37,2.76,2.67,2.74,2.01,3.73,4.57,3.86,2.99,3.9,4.19,2.49,2.07,3.87,2.67,2.93,2.94,4.39,3.73,2.78,2.21,3.72,2.04,1.89,1.51,3.61,3.0,1.8,1.81,2.99,2.79,2.98,1.56,3.97,2.89,3.71,4.38,Commercial and Industrial Designers,Arts & Entertainment
27-1022,2.88,2.12,3.62,2.12,3.62,2.0,1.12,1.38,1.38,2.0,3.0,2.88,2.88,3.88,1.0,1.0,1.38,2.0,3.5,3.12,2.38,2.25,2.0,1.62,3.75,1.0,2.25,3.75,3.88,4.25,2.88,1.0,3.62,1.75,1.62,1.12,3.0,1.0,1.12,3.38,3.75,2.12,1.0,1.0,1.5,2.5,2.12,3.75,3.75,1.5,3.88,3.62,3.03,2.31,3.73,3.68,4.19,2.44,3.66,3.14,3.66,3.29,3.06,4.21,3.49,2.43,4.19,3.51,2.74,3.63,2.94,3.17,3.43,4.09,2.92,2.99,1.64,4.62,2.22,2.43,2.19,3.61,2.87,1.69,1.71,3.28,3.75,2.96,3.21,4.8,3.56,4.12,3.93,Fashion Designers,Arts & Entertainment
27-1023,3.12,2.0,3.5,2.12,3.12,2.0,1.12,2.12,1.5,2.12,3.12,3.12,2.25,3.38,1.25,2.0,1.75,1.75,2.88,3.25,3.12,2.25,2.0,2.75,3.62,1.0,2.12,4.0,4.0,3.62,2.25,1.38,2.88,1.12,1.25,1.5,3.0,1.25,1.62,3.62,3.25,2.25,1.12,2.12,2.12,2.25,3.12,3.62,3.88,1.88,3.0,2.88,2.36,2.27,1.92,2.69,2.29,1.63,2.05,2.6,1.83,3.42,1.3,2.69,3.39,1.68,4.05,1.51,3.41,3.55,2.37,1.73,3.28,2.63,3.51,3.27,1.49,3.75,3.18,3.18,3.68,2.54,2.16,1.41,1.24,3.08,2.66,2.8,1.21,3.87,2.12,3.11,3.01,Floral Designers,Arts & Entertainment
27-1024,2.5,1.75,3.0,2.25,3.25,1.75,1.0,1.25,1.0,1.0,2.75,2.38,2.75,3.88,1.0,1.0,1.0,1.88,3.12,3.12,2.12,2.0,2.0,1.0,3.88,1.0,2.0,3.62,3.5,4.0,2.75,1.0,3.12,1.0,1.0,1.0,3.0,1.0,1.0,3.25,3.25,2.25,1.0,1.0,1.0,2.62,1.88,3.25,3.12,1.38,3.75,3.5,2.65,2.45,3.0,3.95,4.2,2.4,3.25,3.5,3.15,3.0,3.16,4.2,2.6,3.0,4.6,3.0,1.79,3.65,2.25,3.6,3.0,4.21,2.8,2.42,1.75,4.2,2.72,1.65,2.65,3.45,3.65,1.9,1.55,3.05,3.45,3.25,2.16,4.9,3.21,4.0,4.75,Graphic Designers,Arts & Entertainment
27-1025,1.0,2.0,3.38,1.38,3.62,2.0,1.0,1.0,1.0,1.0,3.12,1.5,2.88,4.12,1.0,1.0,1.0,2.0,3.25,3.12,1.0,3.0,2.25,1.38,4.0,1.0,2.88,4.0,4.0,4.12,2.88,1.0,3.75,1.0,1.0,1.0,3.0,1.0,1.88,3.75,3.75,2.25,1.0,1.0,1.0,2.62,2.12,3.75,4.0,1.25,3.88,3.62,3.21,2.62,3.29,4.33,4.33,1.75,4.0,3.48,3.67,3.71,4.25,4.46,3.42,4.08,4.42,3.62,2.46,3.87,2.92,3.17,3.67,4.65,3.71,2.88,1.96,4.25,3.42,2.33,3.29,3.91,3.62,1.43,1.25,3.65,3.73,3.88,2.67,4.78,3.25,4.0,4.42,Interior Designers,Arts & Entertainment
27-1026,3.0,2.25,3.25,2.5,3.25,1.88,1.0,2.25,1.75,3.12,3.25,3.25,2.62,3.38,1.0,3.0,2.62,1.88,3.0,3.25,3.38,2.12,2.0,3.0,3.25,1.0,2.0,3.62,3.62,3.25,2.75,1.12,3.12,1.5,1.88,1.25,2.88,1.0,1.88,3.62,3.38,2.25,1.62,3.0,3.0,2.25,3.25,3.25,3.88,1.25,3.0,3.0,2.74,2.69,3.19,2.18,4.15,2.6,3.39,3.38,3.23,2.07,1.99,3.97,2.98,3.48,4.29,3.2,4.21,3.92,2.58,2.96,2.84,3.84,3.29,2.56,1.48,4.13,2.25,4.26,3.45,2.63,2.61,1.34,1.22,3.24,2.93,3.13,1.45,4.28,3.17,3.26,3.2,Merchandise Displayers and Window Trimmers,Arts & Entertainment
27-1027,2.62,2.12,3.5,2.62,3.62,2.25,1.0,1.38,1.0,1.38,3.0,2.75,3.0,4.12,1.62,1.38,1.88,2.12,3.5,3.75,2.62,2.75,2.5,2.12,3.75,1.38,2.75,4.0,3.75,3.88,2.88,1.38,3.88,1.5,1.75,1.62,3.0,1.62,1.88,3.62,3.75,2.75,1.5,1.38,2.12,2.88,2.0,2.88,4.0,1.75,3.88,3.75,2.67,1.75,2.81,3.05,4.43,1.9,3.35,3.14,3.14,2.67,4.52,4.33,2.95,2.38,4.67,3.14,2.4,3.24,2.35,3.0,2.76,4.3,3.1,2.76,1.62,4.29,2.89,2.24,2.05,2.71,2.45,1.45,1.55,2.9,3.48,2.52,1.95,4.81,2.76,3.86,3.9,Set and Exhibit Designers,Arts & Entertainment
27-2011,2.0,2.0,2.75,1.0,2.88,1.0,1.0,2.0,1.5,2.0,2.38,2.0,2.25,3.0,1.88,2.25,2.0,1.88,2.88,2.88,2.0,1.0,3.88,2.0,3.62,1.0,1.12,4.0,4.12,3.75,2.0,1.0,3.12,1.0,1.0,1.0,3.0,1.0,1.0,3.88,3.0,2.12,1.0,2.0,2.0,2.75,2.38,2.0,2.62,1.12,3.88,2.88,1.78,2.39,2.22,3.29,3.95,1.42,2.33,1.9,2.32,2.56,1.22,4.57,1.87,1.53,3.26,2.09,3.04,3.17,1.94,2.3,2.15,2.71,2.98,1.6,1.3,2.99,1.64,4.02,4.16,1.49,1.78,1.25,1.27,2.31,2.33,1.79,1.32,4.41,2.55,2.07,1.97,Actors,Arts & Entertainment
27-2012,2.0300000000000002,2.6574999999999998,3.375,2.065,3.8725,1.9975,1.0,1.375,1.125,1.375,3.3425000000000002,2.25,3.0324999999999998,3.5324999999999998,1.0925,1.06,1.03,2.25,3.685,3.5300000000000002,1.8725,2.375,2.69,1.625,3.7199999999999998,1.0925,2.375,4.0925,4.2175,3.625,2.7199999999999998,1.0625,3.9050000000000002,1.6575,1.78,1.5625,3.0925000000000002,1.28,1.405,3.8449999999999998,3.6875,2.7475,1.1575,1.1575,1.2825,3.0300000000000002,1.7175,2.5925000000000002,2.995,1.94,3.9375,3.81,3.1075,2.4175,3.2875,3.4825,4.15,2.5175,3.6725000000000003,3.1675,3.2475,3.495,1.835,3.855,3.0375,3.22,4.54,3.375,2.1275,4.0725,2.6950000000000003,3.17,3.55,4.33,3.6025,2.63,1.7225000000000001,4.005,2.985,2.0075,3.3425,3.555,2.895,2.3975,1.6275,3.3025,3.5625,2.725,2.35,4.2924999999999995,3.2475,3.775,4.1175,Producers and Directors,Arts & Entertainment
27-2021,3.25,2.5,2.75,2.5,3.38,2.5,2.25,3.62,3.62,3.38,3.38,2.75,2.75,2.88,1.88,3.5,3.25,2.38,3.38,3.25,3.12,2.12,2.38,3.38,3.5,1.75,2.12,4.0,3.88,2.88,2.88,2.0,3.88,2.38,2.88,2.75,3.12,1.62,1.88,3.62,3.38,2.25,2.75,3.88,3.88,2.88,3.25,2.38,3.0,1.88,3.25,2.75,3.98,2.68,3.71,3.26,3.85,3.25,3.29,3.84,3.54,3.27,2.58,3.87,3.6,3.51,4.22,2.94,3.51,3.93,3.42,3.01,3.21,4.05,3.25,3.13,2.91,3.6,2.19,3.91,3.46,3.7,3.22,2.25,2.38,3.09,3.45,2.91,2.3,3.39,3.03,3.68,2.37,Athletes and Sports Competitors,Arts & Entertainment
27-2022,2.62,2.75,3.75,1.88,3.75,2.5,1.25,2.5,1.88,2.0,3.25,2.0,3.12,3.75,1.12,2.0,2.0,2.12,3.75,3.88,2.38,2.25,2.75,2.5,3.62,1.0,2.0,4.12,4.62,3.88,2.62,1.75,3.75,1.0,1.0,1.0,3.12,1.12,1.75,4.0,4.0,2.75,1.5,2.62,2.88,2.88,2.88,2.62,3.38,1.38,3.75,3.5,3.64,3.29,4.3,3.94,4.02,1.7,3.7,3.94,4.23,3.42,1.8,4.45,2.24,3.05,4.04,3.84,3.14,3.95,2.79,3.38,4.04,4.32,3.52,3.16,2.28,4.29,3.51,3.81,2.92,3.72,3.67,1.46,1.46,3.37,4.03,2.91,2.8,3.99,3.51,3.82,3.64,Coaches and Scouts,Arts & Entertainment
27-2023,1.88,2.75,2.88,1.0,3.25,2.0,1.25,2.12,2.0,2.25,3.88,1.88,3.12,1.88,1.75,2.62,2.0,2.5,3.0,2.88,1.75,2.12,3.0,2.12,3.75,1.0,2.12,3.75,3.88,1.88,3.12,2.0,3.62,1.62,2.12,2.12,3.12,1.75,2.38,3.62,3.25,3.0,2.0,2.88,2.12,3.12,3.0,2.75,2.62,1.5,3.0,2.88,2.55,2.24,3.1,2.74,3.84,1.33,2.7,1.9,3.14,3.15,1.19,3.63,2.0,3.62,4.05,2.67,1.71,3.85,2.71,3.06,3.43,4.0,2.86,1.65,1.38,2.3,2.33,3.38,2.52,2.95,2.86,1.25,1.19,3.48,2.62,2.05,1.9,2.05,3.33,3.86,2.38,"Umpires, Referees, and Other Sports Officials",Arts & Entertainment
27-2031,2.88,2.0,2.75,1.38,2.62,1.88,3.62,4.25,2.62,4.5,2.88,2.0,2.62,2.88,1.88,4.75,4.0,2.12,2.5,2.88,2.12,1.5,2.88,3.62,3.12,1.12,1.5,3.5,3.0,2.88,2.5,1.75,3.0,2.12,1.5,1.88,3.0,1.0,1.88,2.88,3.0,2.25,3.25,4.25,3.62,2.5,4.12,2.12,2.75,1.0,2.75,2.62,1.77,2.42,2.12,2.45,3.23,1.37,2.19,2.38,2.78,1.74,1.24,3.58,1.53,2.16,4.1,2.21,2.6,3.08,2.02,2.29,2.42,2.38,2.52,1.33,1.37,3.02,1.28,4.51,3.95,1.82,1.8,1.21,1.28,2.04,2.11,2.34,1.28,3.35,2.59,2.47,1.19,Dancers,Arts & Entertainment
27-2032,2.62,2.38,3.0,1.0,3.62,2.0,3.25,3.75,2.62,3.75,2.88,1.88,2.62,3.88,1.12,4.12,4.0,2.12,3.25,3.25,1.88,2.0,3.0,3.62,3.12,1.0,2.0,3.88,4.0,4.0,2.62,2.0,3.62,1.38,1.75,2.0,3.12,1.0,2.62,3.62,3.25,2.12,2.75,3.75,2.75,2.88,3.75,2.12,3.75,1.75,3.62,3.0,1.86,3.57,4.29,3.52,4.05,1.43,4.05,3.3,3.86,2.8,1.38,4.2,1.95,1.95,3.35,4.52,2.38,2.95,1.9,3.0,3.71,4.19,2.6,2.71,1.1,4.24,2.7,4.52,4.0,2.76,3.37,1.29,1.19,3.7,3.75,2.9,2.4,4.86,4.14,3.24,2.38,Choreographers,Arts & Entertainment
27-2041,2.38,3.62,3.5,2.12,3.5,1.12,1.62,2.25,1.75,2.0,2.75,2.12,3.12,3.75,1.12,1.88,1.75,4.25,3.12,3.75,2.25,2.12,3.0,2.5,3.5,1.12,2.25,3.62,3.62,3.75,2.75,1.12,3.38,1.88,1.5,1.88,3.12,2.75,1.5,3.5,3.5,3.0,1.5,2.0,1.75,2.62,2.5,1.88,2.38,2.0,3.75,3.5,2.92,2.5,3.28,3.64,4.0,1.51,3.7,3.16,3.38,3.02,1.51,4.44,2.35,2.23,4.14,3.24,2.0,3.35,2.08,2.78,3.59,3.55,2.44,3.1,1.41,3.78,3.26,2.54,3.74,2.85,2.76,1.76,1.41,2.88,3.93,2.76,1.88,4.48,3.36,3.53,3.61,Music Directors and Composers,Arts & Entertainment
27-2042,3.0,3.5,2.88,2.75,2.88,1.5,1.5,2.25,1.75,2.12,2.5,3.12,3.12,3.0,1.25,2.0,1.75,3.75,2.88,3.0,3.12,2.12,3.5,2.62,3.38,1.25,2.12,3.88,3.88,3.38,3.0,1.5,2.88,1.88,2.12,1.88,2.88,2.12,1.38,3.5,3.5,3.25,1.75,2.12,1.88,2.62,2.62,2.12,2.75,2.12,3.5,3.12,3.11,2.43,2.45,2.55,3.48,1.79,2.56,2.74,3.08,2.44,1.46,3.93,2.33,2.62,3.63,2.33,2.48,3.82,2.23,2.7,3.5,3.26,3.02,1.83,1.49,3.13,2.1,3.06,4.19,3.84,2.07,1.48,1.61,2.53,2.72,2.06,1.71,3.76,2.48,3.17,1.82,Musicians and Singers,Arts & Entertainment
27-3011,1.88,2.5,3.0,2.12,3.25,1.88,1.0,1.38,1.38,1.38,2.25,1.88,2.25,3.62,1.5,1.0,1.0,2.0,3.25,3.12,1.88,1.88,3.0,1.38,3.12,1.38,2.0,4.0,5.0,3.75,2.38,1.5,3.12,1.88,2.0,1.62,3.38,1.62,1.5,4.75,4.0,3.0,1.0,1.0,1.38,3.0,2.12,2.0,2.0,1.62,3.88,3.75,2.96,1.87,2.66,4.39,4.39,1.9,3.13,3.48,3.22,4.21,1.38,3.89,3.02,3.8,4.22,2.57,1.51,4.19,2.6,3.61,3.64,4.19,3.8,1.81,2.04,3.92,1.99,2.04,4.44,3.93,2.59,2.27,1.33,2.67,3.28,2.27,1.61,4.67,2.66,4.03,3.76,Broadcast Announcers and Radio Disc Jockeys,Arts & Entertainment
27-3023,2.12,2.5,2.75,1.88,3.25,1.88,1.12,1.75,1.12,1.12,3.0,1.75,3.0,3.25,2.0,1.12,1.12,2.25,3.38,3.38,1.88,2.0,2.75,1.12,3.5,1.0,2.25,3.88,4.0,3.25,2.62,1.0,3.38,1.12,1.12,1.12,3.38,1.0,1.25,3.88,3.75,2.62,1.12,1.12,1.25,2.62,2.25,2.0,2.38,2.12,3.75,3.88,3.73,1.94,2.47,4.46,4.08,1.7,2.89,2.36,2.86,3.85,1.34,4.09,2.79,3.16,4.79,2.22,1.89,4.17,1.94,4.34,3.01,3.55,3.37,1.81,2.15,3.84,2.33,2.1,3.94,3.57,2.34,1.5,1.31,2.83,3.08,2.28,1.81,3.86,2.38,3.92,3.81,"News Analysts, Reporters, and Journalists",Arts & Entertainment
27-3031,1.0,2.0,3.0,1.0,3.88,1.38,1.0,1.0,1.0,1.12,2.5,1.62,2.38,3.75,1.0,1.0,1.0,1.75,3.62,3.0,1.0,2.0,2.25,1.0,3.5,1.0,2.12,4.25,4.12,3.75,2.0,1.0,3.88,1.0,1.0,1.0,2.88,1.0,1.0,4.0,4.0,2.12,1.0,1.0,1.0,2.88,1.62,2.0,2.62,1.38,3.88,4.0,3.45,2.73,3.59,4.76,4.77,1.36,3.95,4.5,3.91,2.95,1.41,4.59,2.59,3.0,4.73,3.41,1.59,3.95,1.27,4.05,2.55,4.41,3.05,3.27,1.41,4.41,3.0,1.59,4.18,3.36,4.14,1.23,1.05,3.67,3.64,3.86,2.55,4.45,3.18,4.27,4.24,Public Relations Specialists,Arts & Entertainment
27-3041,2.0,2.0,3.62,1.75,3.5,1.12,1.0,1.5,1.0,1.0,2.62,2.5,3.12,3.88,1.0,1.0,1.0,1.75,3.38,3.38,2.0,2.12,2.62,1.0,3.88,1.0,2.0,4.0,4.0,3.5,2.88,1.0,3.38,1.0,1.0,1.0,3.0,1.0,1.0,3.88,3.88,2.75,1.0,1.0,1.0,2.5,1.75,2.62,2.88,1.75,4.88,4.62,3.56,1.88,2.95,4.0,4.15,1.88,3.35,2.9,2.79,3.32,1.83,3.72,2.35,3.13,4.45,3.07,1.8,3.79,1.72,3.51,3.37,3.96,3.08,2.03,1.62,3.69,2.85,1.66,2.89,3.89,2.71,1.57,1.28,3.03,3.4,2.55,2.15,4.07,2.78,3.89,4.57,Editors,Arts & Entertainment
27-3042,2.0,1.88,3.0,1.38,3.75,1.38,1.0,1.0,1.0,1.0,2.0,2.38,2.25,3.0,1.0,1.0,1.0,1.75,3.38,3.62,2.0,1.88,2.0,1.0,4.0,1.0,1.88,3.88,3.75,2.88,2.12,1.0,3.38,1.0,1.0,1.0,2.5,1.0,1.25,3.38,3.12,2.12,1.0,1.0,1.0,1.88,1.12,2.25,3.0,1.38,4.12,4.25,4.0,2.07,1.94,3.07,4.03,1.89,2.65,2.76,2.76,3.9,2.76,3.6,2.82,3.48,4.33,2.11,1.44,4.19,2.14,4.02,2.99,3.33,3.08,1.82,1.49,3.96,2.58,1.65,1.66,3.99,2.79,1.92,1.78,2.68,2.92,2.63,1.63,3.57,3.05,4.09,4.61,Technical Writers,Arts & Entertainment
27-3043,1.625,1.94,3.06,1.5,3.12,1.0,1.06,1.37,1.06,1.06,2.565,1.94,2.625,4.0649999999999995,1.0,1.06,1.06,1.69,3.25,3.06,1.56,1.63,2.19,1.125,3.63,1.0,1.63,3.94,3.875,4.0,1.94,1.0,2.94,1.06,1.06,1.06,2.875,1.0,1.125,3.31,3.31,2.5,1.06,1.06,1.06,2.19,2.0,2.0,2.44,1.69,4.12,4.6850000000000005,2.56,1.9300000000000002,2.535,3.51,3.33,1.34,2.795,3.475,2.55,3.0949999999999998,1.07,3.51,1.7850000000000001,2.21,4.445,2.46,1.405,3.0300000000000002,1.195,3.115,2.58,3.635,2.0149999999999997,1.7999999999999998,1.275,3.76,2.495,1.375,2.605,2.745,2.51,1.415,1.135,2.35,3.185,3.675,1.4900000000000002,4.32,2.51,3.665,3.63,Writers and Authors,Arts & Entertainment
27-3091,1.75,3.0,3.0,1.0,3.12,1.5,1.0,1.38,1.38,1.38,2.88,2.25,2.88,3.0,1.0,1.88,1.38,2.88,3.0,3.75,1.5,2.0,2.88,1.88,3.62,1.0,2.0,4.12,4.25,3.0,2.88,1.0,3.62,1.0,1.0,1.12,3.12,1.0,1.0,3.88,3.88,3.0,1.12,1.88,1.38,3.0,2.0,2.0,2.75,1.25,4.0,4.0,3.3,3.11,2.93,3.71,4.17,1.81,2.85,2.84,3.26,3.78,1.67,4.24,2.53,3.69,4.03,2.67,1.59,4.09,2.67,4.71,2.88,3.75,3.58,2.21,1.73,3.48,2.81,2.51,3.94,2.9,2.62,1.43,1.24,3.05,2.9,1.81,2.13,3.54,3.51,4.12,3.26,Interpreters and Translators,Arts & Entertainment
27-3092,2.25,2.88,2.38,2.88,2.88,1.12,1.0,1.0,1.0,1.12,2.25,3.0,2.12,1.88,1.0,1.0,1.0,2.0,2.62,3.25,2.25,2.0,2.25,1.5,3.88,1.0,1.88,4.12,3.88,1.88,2.5,1.0,2.88,1.12,1.38,1.5,3.75,1.0,1.0,3.12,4.12,2.12,1.0,1.0,1.0,2.5,1.62,1.62,1.88,3.12,3.88,4.0,2.19,2.44,1.73,3.39,3.88,2.24,2.3,2.29,1.52,4.77,1.33,3.15,2.52,2.22,4.25,1.84,1.68,2.97,2.75,2.12,1.95,2.71,2.66,1.39,2.11,3.76,3.46,1.94,3.08,3.84,1.77,2.56,1.71,1.53,3.39,1.25,1.27,1.4,1.94,4.18,4.64,Court Reporters and Simultaneous Captioners,Arts & Entertainment
27-4011,3.12,3.12,3.12,3.12,3.38,2.12,1.0,2.0,1.62,2.25,3.12,3.0,3.12,2.88,1.12,1.88,1.88,3.25,3.25,3.75,3.0,2.12,2.12,2.25,4.0,1.12,2.25,3.75,3.88,2.88,3.0,1.0,3.75,2.12,2.12,1.75,3.12,1.62,1.38,3.12,3.12,2.25,1.0,2.12,2.12,3.0,2.12,3.25,3.0,2.12,3.5,3.5,3.58,2.37,2.76,3.09,4.1,3.5,3.34,2.91,2.36,3.71,2.72,3.24,3.09,3.59,4.16,2.19,3.43,4.16,3.76,3.31,3.33,4.14,3.72,2.82,2.41,4.04,2.52,3.04,3.26,3.62,3.15,3.77,2.59,2.34,3.93,1.78,1.97,4.15,2.91,4.2,4.54,Audio and Video Technicians,Arts & Entertainment
27-4012,3.0,2.75,3.0,3.0,3.25,2.0,1.0,2.0,1.12,2.0,2.88,3.0,3.12,3.0,1.62,2.0,1.75,2.75,3.12,3.25,3.0,2.62,2.62,2.5,3.88,1.62,2.12,3.62,3.25,3.0,3.0,1.62,3.62,2.5,2.5,2.0,3.12,1.62,1.62,3.12,3.12,2.75,1.0,2.0,2.38,2.75,2.12,3.12,3.0,2.0,3.62,3.25,3.33,2.35,2.95,3.55,4.34,3.54,3.36,3.13,3.2,3.89,2.94,3.47,3.38,3.6,4.23,3.13,2.95,4.08,3.88,3.08,3.2,3.88,3.76,2.81,2.81,3.75,2.7,3.1,2.81,3.58,3.06,3.94,3.18,3.05,3.29,2.44,2.46,3.39,3.15,4.12,4.58,Broadcast Technicians,Arts & Entertainment
27-4014,3.0,4.0,3.25,3.12,3.38,2.0,1.0,1.62,1.25,1.88,3.0,3.0,3.25,3.5,1.0,1.0,1.0,4.12,3.12,3.12,3.0,2.12,2.38,2.12,4.0,1.0,2.12,4.0,4.0,3.38,3.12,1.0,3.12,1.62,2.12,1.88,3.5,2.12,1.38,3.25,3.0,3.25,1.0,1.0,2.12,2.88,2.12,2.5,2.75,2.12,3.38,3.25,2.92,2.72,2.88,3.33,4.2,3.25,3.24,3.08,2.92,4.04,2.29,4.4,2.84,2.96,4.0,3.16,2.56,3.21,3.28,3.33,3.56,4.46,3.67,2.59,1.72,3.86,2.52,2.29,2.56,3.48,2.92,3.29,2.83,3.4,3.72,2.8,1.76,4.76,2.84,4.28,4.92,Sound Engineering Technicians,Arts & Entertainment
27-4021,3.0,1.75,3.12,2.88,3.12,2.75,1.0,1.75,1.25,2.0,3.88,2.88,3.0,3.25,2.0,1.88,1.88,1.75,3.0,3.0,3.0,2.0,2.0,2.75,4.0,1.62,2.0,3.62,3.88,3.88,2.75,1.62,3.38,2.38,2.5,2.0,3.0,1.12,1.88,3.25,3.0,2.38,1.25,1.75,2.0,2.75,2.25,3.62,3.88,2.12,3.25,3.0,2.95,2.41,3.43,4.09,3.14,2.82,3.27,3.55,3.09,3.24,1.64,4.32,3.1,2.64,3.95,3.23,3.29,3.59,3.59,2.73,3.36,4.09,3.55,3.52,2.05,4.05,4.05,3.41,4.45,3.18,3.43,2.55,2.1,3.77,4.09,4.27,2.33,4.59,3.23,4.18,4.68,Photographers,Arts & Entertainment
27-4031,3.25,2.75,3.0,3.25,3.12,2.62,1.0,2.0,1.62,2.25,3.75,3.12,3.25,3.12,2.0,2.12,2.0,2.75,3.12,3.25,3.12,2.0,2.12,2.88,3.75,1.62,2.0,3.5,3.62,3.12,2.88,1.62,3.62,2.25,2.12,2.25,3.25,1.62,2.12,3.5,3.38,2.5,1.75,2.0,2.62,3.0,2.62,3.38,3.75,2.0,2.88,2.75,2.84,3.64,3.29,3.55,4.57,4.18,2.77,3.31,3.22,3.71,1.94,4.4,2.93,2.99,4.59,2.73,3.9,4.39,4.05,2.58,4.04,4.31,3.86,2.1,2.14,3.41,2.06,3.14,2.91,3.02,2.33,3.31,3.06,3.1,2.73,2.61,1.28,4.6,3.12,4.17,4.29,"Camera Operators, Television, Video, and Film",Arts & Entertainment
27-4032,2.38,2.25,3.38,2.62,3.38,1.62,1.0,1.0,1.0,1.25,2.88,2.88,3.12,3.62,1.0,1.0,1.0,2.25,3.12,3.75,2.38,2.0,2.25,1.12,3.88,1.0,2.0,3.88,3.75,3.5,3.12,1.0,3.25,1.38,1.38,1.0,3.38,1.12,1.0,3.5,3.38,2.5,1.0,1.0,1.0,2.5,1.62,3.12,3.62,1.62,3.62,3.38,3.58,2.61,2.81,3.57,4.11,2.53,3.29,3.6,3.07,4.06,2.37,4.07,3.28,3.75,4.58,2.8,2.47,4.28,3.38,3.38,3.39,3.95,3.46,2.37,1.6,4.04,2.4,2.15,3.05,3.67,2.98,2.56,1.61,2.94,3.44,3.0,2.25,4.73,2.9,4.47,4.87,Film and Video Editors,Arts & Entertainment
29-1011,3.12,1.88,3.12,2.75,4.0,2.0,1.0,2.5,1.38,2.62,2.25,3.0,3.12,3.0,1.0,2.25,1.88,1.88,4.0,3.75,2.88,2.5,2.75,3.12,3.62,1.0,2.25,4.0,4.0,2.88,2.88,1.0,4.0,1.75,2.0,2.0,3.0,1.0,1.0,3.75,3.62,2.88,1.75,2.12,2.88,2.75,3.38,1.75,2.88,2.12,4.0,3.88,3.47,4.7,2.99,3.55,3.9,2.86,3.54,3.8,3.5,4.5,1.62,3.91,2.83,3.7,4.3,3.44,3.47,4.13,2.48,3.89,3.43,4.32,3.42,3.75,1.59,3.76,3.68,4.1,4.07,4.0,3.25,1.81,1.76,3.43,3.67,3.55,2.9,3.39,3.29,4.16,3.86,Chiropractors,Healthcare Practitioners
29-1021,4.12,2.88,3.75,4.0,4.12,3.0,1.12,2.0,1.0,2.88,2.88,4.25,3.5,3.25,1.0,1.88,1.88,2.88,4.12,3.88,3.88,3.0,2.75,3.62,4.12,1.0,3.0,4.0,4.0,3.12,3.0,1.0,4.25,2.25,2.75,2.75,3.88,1.0,1.88,4.0,3.88,2.88,1.12,2.12,2.0,2.88,2.25,3.12,3.25,2.88,4.0,3.38,3.62,4.65,3.1,3.37,4.01,3.97,3.91,3.43,3.98,4.43,2.08,4.32,3.51,4.39,4.68,4.2,3.24,4.27,4.13,3.52,4.07,4.63,4.1,3.54,1.66,4.37,3.54,2.72,4.67,4.02,3.49,2.31,2.7,3.51,4.05,3.35,3.68,3.64,3.26,4.64,3.3,"Dentists, General",Healthcare Practitioners
29-1022,4.25,2.75,3.38,4.0,4.0,2.25,1.0,1.88,1.0,2.5,2.88,4.12,3.38,3.12,1.0,1.75,1.75,2.38,4.0,3.88,3.88,2.88,2.75,3.25,4.12,1.0,2.88,4.0,4.0,3.25,3.12,1.0,4.0,2.25,2.62,2.5,3.62,1.0,1.0,3.75,3.75,2.75,1.12,2.0,1.88,2.88,2.75,3.25,3.25,2.75,3.88,3.62,4.15,4.79,3.74,3.82,3.8,3.45,3.81,3.26,3.72,4.42,1.82,4.15,3.84,3.91,4.43,3.93,2.75,4.12,4.0,3.99,4.1,4.52,3.86,3.39,1.42,3.64,3.23,3.41,4.54,4.1,4.3,2.63,2.36,3.1,3.59,3.02,3.19,3.63,3.99,4.59,3.68,Oral and Maxillofacial Surgeons,Healthcare Practitioners
29-1023,4.0,2.25,3.25,3.25,4.0,2.0,1.0,1.25,1.12,2.12,3.0,4.0,2.88,3.25,1.0,1.0,1.12,2.0,4.0,3.75,3.75,2.5,2.62,2.75,4.0,1.0,2.5,4.0,4.0,3.0,2.75,1.0,4.12,1.88,1.88,1.88,3.25,1.0,1.0,3.75,3.75,2.5,1.0,1.0,2.0,3.0,2.0,2.5,3.12,2.12,4.0,4.0,3.19,3.64,3.83,3.59,4.1,2.65,3.53,3.49,4.18,4.12,2.1,4.33,2.85,3.41,4.05,3.78,3.01,3.34,3.09,3.1,3.67,4.36,4.01,3.8,1.57,3.76,2.66,1.98,3.99,2.98,3.06,1.8,1.92,2.79,3.59,3.37,3.46,3.61,3.65,4.33,3.61,Orthodontists,Healthcare Practitioners
29-1024,3.62,2.12,3.12,3.25,4.0,2.12,1.0,2.0,1.25,2.25,2.88,3.88,3.0,3.12,1.5,2.0,2.0,2.25,4.0,3.38,3.62,2.75,2.25,2.62,4.12,1.5,2.12,4.0,4.0,3.12,2.88,1.5,4.12,2.0,2.0,2.0,3.25,1.62,1.5,3.62,3.62,2.25,1.0,1.88,2.0,2.75,2.12,3.12,3.25,2.0,3.75,3.25,4.04,4.69,3.75,3.61,3.9,3.63,4.01,3.9,4.02,4.67,3.11,4.38,3.6,4.17,4.66,3.98,3.95,4.05,4.06,3.96,4.27,4.62,4.3,3.39,2.9,4.44,3.85,3.71,4.5,4.23,4.16,2.68,2.87,3.81,3.59,3.71,3.38,4.57,4.03,4.58,3.94,Prosthodontists,Healthcare Practitioners
29-1031,1.0,2.12,3.88,1.0,4.0,1.62,1.0,1.12,1.0,1.12,2.75,1.88,2.88,3.12,1.0,1.0,1.0,1.75,4.0,3.75,1.25,3.12,2.75,1.0,3.38,1.0,3.0,4.0,4.0,3.5,2.88,1.0,4.0,1.0,1.0,1.0,3.0,1.0,1.0,4.0,3.62,2.25,1.12,1.0,1.12,2.62,1.75,2.38,2.5,1.38,4.0,4.0,3.9,4.55,3.57,3.7,3.77,1.53,2.8,3.4,2.73,4.23,1.2,4.03,2.53,3.66,4.5,2.93,1.63,3.66,2.13,4.17,2.66,4.03,3.17,2.77,1.3,3.93,3.17,2.03,3.45,3.76,3.83,1.23,1.1,2.93,2.97,2.69,2.14,3.33,3.87,4.37,4.17,Dietitians and Nutritionists,Healthcare Practitioners
29-1041,3.12,2.0,3.75,3.12,4.0,2.38,1.0,1.12,1.12,1.25,3.25,3.62,3.88,3.12,1.0,1.0,1.0,2.0,4.0,3.88,3.0,3.0,2.38,2.25,4.0,1.0,2.88,4.0,4.12,2.88,3.12,1.0,4.12,2.0,2.0,1.75,3.25,1.0,1.0,3.75,3.75,2.75,1.0,1.0,1.88,3.0,2.0,3.12,3.0,2.0,4.0,3.88,4.52,4.81,3.43,3.29,4.05,3.24,3.71,3.57,3.71,4.71,1.76,4.1,3.71,3.9,4.67,3.71,3.05,4.29,3.52,4.45,3.67,4.8,4.1,3.33,1.43,3.62,3.85,2.43,4.57,4.55,3.57,2.0,1.95,3.15,3.71,3.29,3.24,3.29,3.9,4.79,4.24,Optometrists,Healthcare Practitioners
29-1051,2.88,2.25,3.88,2.12,3.88,1.88,1.12,1.38,1.12,2.12,3.0,3.12,2.88,3.12,1.0,1.88,1.25,1.62,3.88,3.75,3.0,3.25,3.0,2.12,4.0,1.0,3.25,4.12,4.25,2.62,3.12,1.0,4.0,1.25,1.25,1.12,3.12,1.0,1.0,3.75,3.75,2.88,1.25,1.88,2.0,3.0,2.25,3.0,2.25,1.75,4.12,3.88,3.34,3.77,3.04,3.07,3.85,3.13,3.51,2.48,3.02,4.38,1.21,3.67,3.25,4.32,4.24,3.33,2.75,3.81,2.95,3.88,2.97,4.28,4.07,3.15,1.5,3.84,3.03,2.61,3.37,4.15,3.03,1.88,1.57,3.14,2.65,2.24,2.06,2.7,3.18,4.34,4.16,Pharmacists,Healthcare Practitioners
29-1071,3.25,2.31,3.25,2.815,4.0,2.19,1.06,1.94,1.56,2.25,2.94,3.06,3.25,2.875,1.31,2.06,2.0,2.565,4.0,3.75,3.065,3.0,2.815,2.435,3.815,1.0,2.88,4.12,3.875,2.75,3.375,1.0,4.12,1.625,2.315,2.125,3.315,1.0,1.0,3.69,3.75,2.94,1.875,2.125,2.31,2.94,2.815,3.0,2.88,1.75,4.0,3.75,4.275,4.54,3.285,3.38,4.365,2.98,3.06,3.185,3.2699999999999996,4.52,1.705,4.135,3.23,3.825,4.57,2.9000000000000004,2.99,4.415,3.63,3.7350000000000003,3.7249999999999996,4.54,4.205,2.365,1.745,3.75,3.005,2.965,3.7199999999999998,4.17,3.6149999999999998,1.895,1.98,3.065,2.865,2.46,2.1799999999999997,3.2649999999999997,3.765,4.605,3.585,Physician Assistants,Healthcare Practitioners
29-1081,3.0,1.88,3.62,2.88,4.25,2.0,1.0,1.38,1.38,1.62,2.88,3.12,3.62,3.25,1.0,1.38,1.38,2.0,4.12,3.5,3.12,2.88,3.0,2.75,3.88,1.0,2.88,4.0,4.0,3.0,3.0,1.0,4.12,1.62,1.88,1.75,3.0,1.0,1.0,4.0,4.0,3.12,1.0,1.5,2.12,2.88,2.12,2.88,3.12,1.88,4.12,4.12,3.18,4.9,3.08,3.58,4.17,2.69,3.34,3.01,3.24,4.63,1.67,3.7,2.96,3.64,4.3,3.31,3.23,3.83,2.76,3.95,3.52,4.3,3.58,3.36,2.13,3.82,2.94,3.02,3.93,4.07,3.41,1.84,1.41,2.14,3.03,2.49,2.77,3.61,3.19,3.99,4.45,Podiatrists,Healthcare Practitioners
29-1122,2.625,2.5,3.315,2.0,3.81,2.0,1.0,2.0,1.375,2.0,3.06,2.5,2.88,3.565,1.44,2.185,2.12,2.435,3.69,3.63,1.88,2.25,2.5,2.56,3.25,1.375,2.25,3.94,4.12,3.5,2.815,1.25,4.0,1.31,1.31,1.62,3.125,1.25,1.62,3.815,3.75,2.62,1.565,2.0,2.375,2.75,2.435,2.56,2.815,1.25,3.94,3.94,3.5149999999999997,4.449999999999999,3.7800000000000002,3.5999999999999996,4.0249999999999995,1.9,2.98,4.005,3.29,4.48,1.4700000000000002,4.154999999999999,2.7199999999999998,3.565,4.29,2.915,3.09,3.92,2.7800000000000002,3.76,3.33,4.4,3.9299999999999997,2.3049999999999997,2.24,4.135,3.25,3.735,3.645,3.3200000000000003,3.51,1.4449999999999998,1.535,3.2,3.6100000000000003,2.23,2.0949999999999998,3.915,3.9299999999999997,4.03,3.62,Occupational Therapists,Healthcare Practitioners
29-1123,3.25,2.12,3.0,2.75,3.88,2.0,1.0,2.75,1.5,2.88,3.0,3.12,2.88,3.25,1.0,2.5,2.12,2.0,3.88,3.88,3.0,2.62,2.75,2.88,3.25,1.0,2.75,4.0,4.0,3.0,2.88,1.0,3.88,2.0,2.0,1.62,3.12,1.0,1.12,3.75,3.75,2.75,1.88,2.62,3.12,2.88,3.12,2.38,2.88,2.12,4.0,3.88,3.46,4.7,3.58,3.36,4.27,2.54,3.74,3.86,2.99,4.68,1.38,4.08,2.79,4.1,4.41,3.21,3.85,3.95,3.06,3.8,3.26,4.52,4.0,2.26,1.95,3.69,3.34,3.95,4.43,3.89,3.44,1.69,1.51,3.13,3.68,2.48,2.04,3.91,3.99,4.24,3.86,Physical Therapists,Healthcare Practitioners
29-1124,3.38,2.25,3.12,3.12,3.5,2.75,1.0,2.0,1.0,2.25,3.12,3.0,3.0,3.0,1.75,2.12,2.0,2.25,3.25,3.62,3.0,2.75,2.5,3.0,3.38,1.88,2.75,4.0,3.88,2.25,2.88,1.75,3.88,2.62,2.88,2.38,3.12,2.0,1.88,3.38,3.25,2.88,2.0,2.12,2.62,2.88,2.25,2.88,3.0,2.0,3.75,3.62,3.59,4.61,3.01,3.44,4.4,4.6,3.73,2.64,3.47,4.58,3.03,3.96,3.53,3.95,4.34,3.01,3.64,4.5,4.59,3.9,3.76,4.3,4.14,2.56,3.11,3.69,3.18,3.9,4.45,3.89,2.72,3.34,3.01,3.35,3.41,1.69,2.37,3.12,3.7,4.45,4.38,Radiation Therapists,Healthcare Practitioners
29-1125,2.75,2.25,3.12,2.0,3.88,2.0,1.38,2.0,2.0,2.12,3.0,2.62,3.0,3.12,1.5,2.75,1.88,1.88,3.75,3.62,2.38,2.0,2.12,2.75,3.12,1.5,2.0,4.0,4.0,3.25,2.75,1.88,3.88,1.62,1.88,2.0,3.0,1.5,1.88,4.0,3.75,2.0,2.0,2.5,2.5,3.0,2.75,1.88,2.5,1.62,3.88,3.88,2.78,4.86,3.84,3.39,4.42,1.89,3.65,3.61,3.73,4.33,1.68,4.45,2.32,3.54,4.29,3.39,3.26,3.62,2.97,3.14,3.19,4.08,3.31,3.16,2.57,4.25,3.13,3.57,3.68,2.89,3.03,1.84,1.64,3.73,4.27,2.65,2.74,4.46,3.65,3.92,3.64,Recreational Therapists,Healthcare Practitioners
29-1126,3.0,2.75,3.0,3.0,3.88,2.62,1.0,2.12,1.0,2.88,3.0,3.12,3.0,2.88,1.62,2.12,2.0,2.88,4.0,3.88,3.12,2.88,2.62,3.0,3.75,1.62,2.88,3.88,4.0,2.88,3.25,1.88,4.0,2.0,2.12,2.12,3.12,1.75,1.5,3.5,3.25,2.38,2.0,2.38,2.25,2.88,2.75,2.88,2.38,2.12,3.75,3.5,3.95,4.52,3.35,2.51,4.06,3.87,3.21,3.2,3.31,4.59,2.41,3.65,3.14,3.95,4.47,3.05,3.83,3.91,4.42,3.58,3.19,4.18,4.03,2.49,2.45,4.16,2.55,3.53,3.76,3.86,3.09,2.75,2.48,3.01,3.11,1.75,2.44,2.79,3.39,4.2,3.79,Respiratory Therapists,Healthcare Practitioners
29-1127,2.0,3.12,3.75,1.12,4.0,1.38,1.0,1.0,1.0,1.38,2.5,2.12,3.25,3.75,1.0,1.0,1.0,3.62,4.0,3.75,1.62,2.75,2.75,1.12,3.62,1.0,2.38,4.5,4.25,3.25,3.12,1.0,4.0,1.0,1.0,1.12,3.0,1.38,1.0,4.12,4.25,3.12,1.0,1.12,1.25,2.88,2.0,2.0,2.5,1.88,4.12,4.25,4.45,4.16,3.66,2.57,4.24,1.34,3.02,4.46,3.04,4.94,1.17,4.69,2.16,4.25,4.81,2.26,2.26,4.04,2.74,3.76,3.76,4.58,3.59,1.23,1.17,4.59,4.26,2.36,4.02,3.88,2.72,1.43,1.14,3.2,3.58,1.87,1.07,3.74,3.76,4.19,4.31,Speech-Language Pathologists,Healthcare Practitioners
29-1128,2.88,2.25,3.5,2.12,4.0,1.88,1.62,2.12,1.62,2.12,3.12,2.38,3.0,3.12,1.0,2.12,2.0,2.12,4.0,3.62,2.12,2.88,2.62,2.88,3.38,1.0,2.62,4.0,4.12,3.12,2.75,1.0,4.12,2.0,1.88,1.62,3.0,1.0,1.0,4.0,4.0,2.25,1.88,2.62,2.25,2.75,3.0,2.12,2.75,1.88,4.0,3.88,3.82,4.65,3.91,3.45,3.86,2.95,3.09,3.43,3.5,4.14,1.41,4.38,2.45,3.41,4.38,3.0,3.23,3.62,2.91,4.23,2.77,4.05,3.36,2.36,1.77,3.68,3.14,4.14,3.95,3.64,3.5,1.64,1.77,2.9,3.09,3.1,2.27,3.36,3.68,4.14,4.0,Exercise Physiologists,Healthcare Practitioners
29-1129,2.815,2.685,3.12,2.31,3.88,1.625,1.0,1.625,2.0,1.69,2.94,2.88,2.94,3.75,1.0,1.875,1.875,2.56,3.88,3.375,2.685,2.06,2.435,2.0,3.56,1.0,2.06,4.0,4.0600000000000005,3.435,2.435,1.0,4.0600000000000005,1.0,1.94,2.0,3.435,1.44,1.0,3.94,3.88,2.5,1.31,2.0,2.0,2.63,1.87,2.75,2.81,1.87,3.94,3.88,3.2800000000000002,4.74,3.8549999999999995,3.4699999999999998,4.26,1.75,3.1,4.1049999999999995,3.48,4.395,1.4449999999999998,4.605,2.46,3.58,4.1850000000000005,3.005,3.005,3.83,2.5250000000000004,3.71,3.44,4.17,3.865,2.6,1.42,3.985,3.51,2.675,3.605,3.335,3.315,1.475,1.5499999999999998,3.76,3.63,2.1950000000000003,2.085,4.9,3.635,3.975,3.27,Art Therapists,Healthcare Practitioners
29-1131,3.0,2.38,3.25,3.0,4.0,2.12,1.12,2.0,1.38,2.25,3.0,3.12,3.25,3.0,1.12,2.12,2.0,2.38,4.0,3.75,3.0,3.12,2.62,2.88,4.0,1.12,3.0,4.12,4.12,3.0,2.75,1.12,4.0,1.75,1.75,1.75,3.12,1.0,1.12,3.62,3.62,2.5,1.25,2.25,2.12,2.88,2.25,2.88,2.88,2.12,4.12,3.62,3.73,3.68,2.68,3.33,3.79,2.48,3.14,2.81,3.18,4.26,1.42,4.06,3.08,3.22,4.52,3.08,2.84,4.46,3.26,4.04,3.09,4.81,3.81,2.13,1.61,3.14,2.34,3.03,4.25,3.73,2.75,1.57,1.62,2.88,2.32,3.31,1.95,2.69,3.06,4.5,3.24,Veterinarians,Healthcare Practitioners
29-1141,2.448,2.648,3.4,2.0759999999999996,4.072,1.9740000000000002,1.2,1.8719999999999999,1.8980000000000001,2.1740000000000004,2.9259999999999997,2.698,3.3,3.224,1.1,2.052,1.9780000000000002,2.376,4.024,3.878,2.4259999999999997,2.876,2.9259999999999997,2.276,3.8259999999999996,1.0,2.85,4.148000000000001,4.1240000000000006,3.1,3.15,1.024,4.2219999999999995,1.55,2.0740000000000003,2.05,3.35,1.048,1.1480000000000001,3.976,3.9259999999999997,3.1,1.576,2.302,2.402,2.974,2.6,2.752,2.726,1.9,4.05,3.9259999999999997,4.0120000000000005,4.8420000000000005,3.7840000000000003,3.476,4.4399999999999995,2.5759999999999996,3.594,3.4240000000000004,3.81,4.556,1.5879999999999999,4.41,2.8939999999999997,4.154,4.55,3.432,3.012,4.282,3.2159999999999997,4.104,3.6399999999999997,4.568,4.0760000000000005,2.71,1.7879999999999998,4.32,2.9379999999999997,3.3600000000000003,3.7600000000000002,3.9659999999999997,3.692,1.876,1.7120000000000002,3.84,3.1719999999999997,2.376,2.646,3.692,4.042,4.578,4.186,Registered Nurses,Healthcare Practitioners
29-1151,3.25,2.88,3.38,3.0,4.0,2.12,1.0,2.0,1.25,2.25,3.0,3.12,3.25,3.38,1.88,2.0,2.0,2.88,4.0,4.12,3.12,3.12,3.0,2.88,4.0,1.0,3.12,4.12,4.0,3.12,3.38,1.0,4.75,2.12,2.38,1.88,3.5,1.0,1.0,4.0,3.75,3.25,1.12,2.12,2.25,3.12,2.38,3.0,3.12,2.25,4.12,4.0,4.56,4.85,3.59,3.04,4.5,3.85,3.67,3.54,3.77,4.68,1.96,4.19,3.81,4.37,4.74,3.89,3.74,4.62,4.52,3.88,3.73,4.63,4.46,3.41,2.35,3.96,2.73,3.89,3.89,4.3,3.7,2.81,2.67,3.69,3.37,2.67,3.08,3.46,4.19,4.65,4.15,Nurse Anesthetists,Healthcare Practitioners
29-1161,3.12,2.38,3.38,2.5,4.12,2.0,1.0,2.0,1.38,2.25,2.88,3.0,3.12,3.12,1.0,2.0,1.88,2.12,4.0,3.62,3.0,2.75,3.12,2.75,3.75,1.0,2.62,4.12,4.12,3.0,3.12,1.0,4.12,1.0,1.62,2.0,3.38,1.0,1.12,3.75,3.75,3.0,1.0,2.12,2.75,3.12,2.88,2.75,3.0,1.5,4.25,4.0,3.94,4.94,3.72,3.44,4.52,2.38,3.82,3.44,3.97,4.82,1.24,4.58,2.81,4.15,4.79,3.5,3.26,4.67,3.16,4.1,3.5,4.61,4.3,2.5,1.56,4.19,3.21,3.5,4.15,4.06,3.64,1.53,1.55,4.0,3.59,2.44,2.91,3.48,3.91,4.59,4.0,Nurse Midwives,Healthcare Practitioners
29-1171,2.75,2.88,3.38,2.5,4.12,1.88,1.0,2.12,2.12,2.0,3.0,2.75,3.25,3.25,1.0,2.0,2.0,2.62,4.25,4.0,2.75,2.88,3.0,2.5,4.12,1.0,3.0,4.0,4.12,3.0,3.0,1.0,4.25,1.25,2.0,2.0,3.0,1.0,1.0,4.0,4.0,3.12,1.88,2.25,2.12,3.0,2.38,3.0,2.88,1.5,4.25,4.12,4.26,4.52,3.64,3.76,4.17,2.15,3.39,3.22,3.73,4.74,1.27,4.27,2.91,4.13,4.57,3.39,2.22,4.35,2.77,4.22,3.76,4.64,3.87,2.65,1.65,4.05,2.77,3.14,4.09,4.23,3.91,1.57,1.61,3.48,3.0,2.78,2.35,3.48,3.95,4.45,4.2,Nurse Practitioners,Healthcare Practitioners
29-1181,3.0,3.38,3.25,3.0,4.0,1.62,1.0,1.0,1.12,1.5,2.88,3.0,3.12,3.0,1.0,1.12,1.0,3.5,4.0,3.62,2.88,2.88,2.88,2.0,3.75,1.0,2.5,4.12,4.0,3.12,3.12,1.0,4.0,1.75,1.62,1.88,2.88,1.62,1.0,3.88,3.75,3.0,1.0,1.0,1.75,2.88,2.12,2.38,2.5,1.88,4.12,4.0,3.86,4.86,3.57,4.33,4.29,3.71,3.0,3.32,3.32,4.59,2.14,4.71,3.16,4.05,4.62,3.5,3.0,4.14,3.55,4.38,3.81,4.57,3.55,3.36,1.64,3.86,4.1,2.23,4.73,3.95,3.91,3.45,2.73,3.82,3.91,4.14,3.05,3.27,4.05,4.77,4.77,Audiologists,Healthcare Practitioners
29-1211,3.75,2.88,3.0,3.12,4.5,2.38,1.0,2.0,1.0,2.25,3.0,3.25,3.75,3.25,1.12,2.0,2.0,2.75,4.25,3.88,3.0,3.0,2.38,2.75,4.12,1.0,3.0,4.5,4.12,2.88,3.75,1.0,5.0,2.0,2.25,3.0,3.88,1.0,1.0,3.75,3.75,2.88,1.25,2.0,2.25,3.0,2.38,2.75,2.75,2.12,4.25,4.0,4.35,4.68,3.14,3.19,4.22,4.2,3.35,3.19,3.09,4.34,1.92,3.96,3.93,4.39,4.44,3.45,3.2,4.22,4.21,3.78,3.6,4.78,4.4,2.64,2.21,3.88,2.52,2.92,3.42,4.33,3.45,2.24,2.13,3.02,3.44,1.84,2.87,3.36,3.68,4.43,3.33,Anesthesiologists,Healthcare Practitioners
29-1213,3.0,1.88,3.25,2.12,4.12,1.88,1.0,1.75,1.25,2.0,3.0,3.0,3.25,3.0,1.0,1.75,1.75,2.0,4.12,3.75,2.88,2.75,3.0,2.25,4.0,1.0,2.75,4.12,4.25,3.0,3.0,1.0,4.25,1.0,1.0,1.25,3.12,1.0,1.0,3.75,3.62,2.88,1.0,1.88,2.0,2.75,2.0,3.12,2.75,1.62,4.0,3.88,3.43,4.75,2.96,3.66,4.29,1.84,3.63,3.28,3.3,4.62,1.2,4.28,2.58,2.98,4.62,3.33,2.21,4.04,2.31,4.15,2.9,4.32,3.57,2.88,1.16,3.78,3.12,2.91,3.68,3.59,2.99,1.15,1.11,3.15,3.24,2.02,2.2,2.54,3.81,3.82,4.12,Dermatologists,Healthcare Practitioners
29-1214,3.38,2.62,3.62,2.88,4.38,2.25,1.38,2.12,2.0,2.25,3.12,3.25,3.88,3.75,1.0,2.38,2.38,2.38,4.38,4.12,3.12,2.62,3.38,3.0,4.0,1.0,2.62,4.62,4.62,3.62,3.38,1.38,4.38,2.12,2.5,2.5,3.62,1.12,1.88,4.25,4.25,3.5,2.25,2.25,2.25,3.12,2.62,3.0,2.88,3.0,4.62,4.5,4.59,4.86,3.44,3.62,4.41,2.74,3.64,2.86,3.79,4.72,1.67,4.52,3.1,3.31,4.83,3.67,2.72,4.28,2.72,4.76,3.63,4.93,4.03,2.55,1.96,4.0,2.93,3.07,4.71,4.45,3.76,1.5,1.36,3.71,2.89,2.43,2.32,3.28,3.97,4.76,4.34,Emergency Medicine Physicians,Healthcare Practitioners
29-1215,2.75,2.25,3.0,2.38,4.25,1.88,1.0,1.0,1.0,1.0,2.88,2.62,3.25,3.12,1.0,1.0,1.0,2.38,4.12,3.25,2.38,2.75,2.38,1.12,3.88,1.0,2.88,4.88,4.88,3.0,3.0,1.0,5.0,1.0,1.0,1.0,3.25,1.0,1.0,4.0,3.88,2.75,1.0,1.0,1.0,3.0,2.0,2.88,2.5,1.38,4.25,4.0,4.25,4.99,1.82,3.8,4.3,1.2,1.78,3.13,3.55,4.96,1.15,4.29,2.16,4.33,4.59,2.32,1.95,4.2,2.63,4.47,3.59,4.35,3.93,1.18,1.01,3.33,2.92,1.96,4.2,3.07,2.53,1.01,1.0,2.53,2.63,2.33,1.28,2.26,2.64,4.87,4.55,Family Medicine Physicians,Healthcare Practitioners
29-1216,2.38,2.12,4.0,2.12,4.12,1.88,1.0,1.38,1.5,1.5,3.0,2.88,3.38,3.25,1.0,2.0,1.5,2.38,4.25,4.0,2.12,3.0,3.0,1.5,4.0,1.0,3.0,4.25,4.25,3.0,3.25,1.0,4.38,1.25,1.25,1.0,3.25,1.0,1.0,3.75,3.88,2.88,1.5,2.0,1.5,2.88,2.0,2.38,2.88,1.25,4.12,4.0,4.46,4.91,2.86,3.3,4.03,2.66,3.07,3.04,3.07,4.77,1.53,4.24,3.37,3.84,4.43,2.91,2.79,4.23,3.03,4.26,3.61,4.46,4.06,1.88,1.37,4.25,2.74,3.02,3.98,4.11,3.05,1.65,1.39,2.91,3.74,2.1,2.61,3.09,3.14,4.81,4.1,General Internal Medicine Physicians,Healthcare Practitioners
29-1217,1.75,2.38,3.75,1.12,4.38,2.12,1.0,1.0,1.0,1.0,2.88,2.75,3.75,3.62,1.0,1.0,1.0,2.38,4.5,3.88,1.5,3.0,2.88,1.0,3.88,1.0,3.12,4.25,4.25,3.38,3.5,1.0,4.25,1.0,1.12,1.12,3.12,1.0,1.0,3.75,3.88,3.12,1.0,1.0,1.0,2.75,1.88,2.88,3.38,1.12,4.12,3.88,4.59,4.81,3.71,3.94,4.39,2.27,3.44,3.84,3.47,4.63,1.46,4.36,3.65,4.17,4.92,3.81,2.18,4.54,2.58,4.58,4.19,4.9,4.53,3.22,1.5,4.11,3.87,2.48,3.76,4.55,4.42,1.61,1.35,3.32,3.9,2.89,2.8,3.84,4.05,4.7,3.97,Neurologists,Healthcare Practitioners
29-1218,3.5,2.38,3.5,3.0,4.25,2.25,1.0,2.0,1.38,2.0,2.88,3.12,3.25,3.12,1.0,2.0,2.0,2.75,4.5,3.75,3.12,2.75,2.88,2.75,4.0,1.0,2.75,4.12,4.25,3.12,3.0,1.0,5.0,1.25,2.0,1.88,3.12,1.0,1.0,3.88,3.88,3.0,1.0,2.12,2.12,3.0,2.5,3.0,2.75,1.75,4.25,4.12,4.43,4.87,3.68,3.87,4.25,3.22,3.58,3.59,3.49,4.63,1.76,4.4,3.64,3.82,4.52,3.5,3.09,4.43,3.57,4.21,3.74,4.8,4.01,2.96,2.14,4.0,3.18,3.08,4.38,4.13,4.46,1.8,1.65,3.5,3.45,2.13,2.19,3.31,4.17,4.7,4.18,Obstetricians and Gynecologists,Healthcare Practitioners
29-1221,2.75,2.5,3.0,2.12,4.12,1.75,1.0,1.5,1.12,1.0,2.88,2.5,3.12,3.0,1.0,1.38,1.38,2.12,4.75,3.75,2.12,2.75,2.88,1.12,3.88,1.0,2.75,5.0,4.88,3.0,3.0,1.0,4.25,1.0,1.0,1.12,3.25,1.0,1.0,4.0,4.0,2.88,1.0,1.38,1.0,3.0,2.0,2.5,2.25,1.25,4.25,4.12,2.95,4.97,2.82,3.66,4.65,1.65,3.62,3.08,3.5,4.65,1.49,4.84,2.77,3.74,4.59,3.4,2.04,4.14,2.92,4.41,3.38,4.8,3.45,2.44,1.44,3.03,2.88,2.26,4.23,3.99,3.1,2.09,1.51,2.57,2.15,2.23,2.67,2.19,3.68,4.82,4.02,"Pediatricians, General",Healthcare Practitioners
29-1222,2.88,2.0,3.75,2.25,4.12,2.0,1.0,1.38,1.25,1.25,2.88,2.75,3.75,3.12,1.0,1.0,1.0,2.25,4.75,3.88,2.25,3.0,2.75,2.12,4.0,1.0,3.0,4.25,4.12,3.0,3.0,1.0,4.38,1.5,1.5,1.0,3.12,1.0,1.0,3.88,3.75,3.12,1.0,1.0,1.88,2.75,1.62,3.12,2.88,1.25,4.12,4.25,4.09,3.33,2.83,3.55,4.27,2.9,2.84,3.02,3.15,4.59,2.52,4.01,3.35,4.3,4.57,2.64,2.67,4.52,3.75,4.05,4.01,4.56,3.94,3.2,1.98,4.02,2.97,2.49,2.08,4.61,3.75,2.29,2.2,2.91,2.91,2.51,2.55,3.27,3.48,4.77,4.28,"Physicians, Pathologists",Healthcare Practitioners
29-1223,1.0,2.38,3.88,1.0,4.12,1.25,1.0,1.0,2.0,1.0,2.75,2.38,3.25,3.38,1.0,1.88,1.75,2.0,4.12,3.75,1.0,2.88,3.0,1.0,3.5,1.0,2.62,4.5,4.38,3.25,2.75,1.0,4.0,1.0,2.0,1.88,3.12,1.0,1.0,4.0,4.0,3.0,1.0,1.75,2.0,2.88,1.12,1.88,2.38,1.0,4.25,4.12,3.86,4.96,3.13,3.36,4.34,1.65,3.07,3.49,3.72,4.38,1.28,4.65,2.33,3.61,4.8,3.18,1.45,4.2,2.17,3.9,3.85,4.66,3.74,2.27,1.44,3.64,3.25,2.01,3.17,3.8,3.89,1.43,1.09,3.77,3.03,2.65,2.13,3.5,4.01,4.53,3.46,Psychiatrists,Healthcare Practitioners
29-1224,3.12,2.5,3.75,2.88,4.38,2.0,1.0,1.75,1.25,1.88,3.25,3.0,3.88,3.0,1.0,1.88,1.62,2.38,4.5,3.75,2.5,3.0,3.0,2.0,4.0,1.0,3.0,4.38,4.38,3.0,3.5,1.0,4.5,1.88,2.12,1.62,3.0,1.0,1.12,3.75,3.62,3.12,1.0,1.75,1.75,2.88,2.12,3.25,3.25,2.12,4.38,4.12,4.21,4.87,3.31,3.92,4.57,3.17,3.1,3.36,2.91,4.37,2.39,4.36,3.44,4.06,4.58,3.33,3.06,4.45,3.64,4.43,4.19,4.57,4.14,2.36,2.28,4.1,3.17,2.77,3.68,4.37,3.92,2.55,2.22,2.46,3.73,1.98,2.11,3.27,3.39,4.69,4.47,Radiologists,Healthcare Practitioners
29-1229,2.46,2.2066666666666666,3.6466666666666665,2.145,4.206666666666667,2.125,1.0,1.79,1.25,1.8116666666666668,2.92,2.665,3.4166666666666665,3.5416666666666665,1.0833333333333333,1.7083333333333333,1.6483333333333334,2.188333333333333,4.2700000000000005,3.7099999999999995,2.185,2.895,2.9599999999999995,2.0833333333333335,3.855,1.0633333333333332,2.875,4.25,4.2716666666666665,3.3333333333333335,3.06,1.0833333333333333,4.331666666666667,1.4583333333333333,1.6683333333333332,1.7933333333333332,3.2283333333333335,1.0833333333333333,1.1233333333333333,3.9583333333333335,3.8349999999999995,3.081666666666667,1.2066666666666668,1.835,1.9183333333333332,2.8766666666666665,2.313333333333333,2.645,2.9983333333333335,1.75,4.2299999999999995,4.041666666666667,4.435,4.7316666666666665,3.565,3.8216666666666668,4.478333333333333,2.4516666666666667,3.6566666666666667,3.6766666666666663,3.6166666666666667,4.53,1.7783333333333333,4.335,3.435,3.9299999999999997,4.66,3.615,2.481666666666667,4.405,3.0833333333333335,4.213333333333333,3.7516666666666665,4.783333333333333,4.198333333333333,2.9983333333333335,1.9816666666666667,4.1433333333333335,3.2566666666666664,2.8166666666666664,4.06,4.3500000000000005,4.108333333333333,1.8216666666666665,1.68,3.4299999999999997,3.49,2.69,2.856666666666667,3.563333333333333,3.7383333333333333,4.55,4.194999999999999,Allergists and Immunologists,Healthcare Practitioners
29-1241,3.75,2.0,3.62,3.38,4.12,2.5,1.0,1.25,1.25,1.75,3.12,3.88,3.88,3.0,2.0,1.38,1.5,2.0,4.25,3.75,3.12,3.0,2.88,2.88,4.25,2.0,3.0,4.12,4.12,3.12,3.12,2.0,4.25,2.25,2.25,2.88,3.38,1.88,2.0,4.0,4.0,2.75,1.62,1.5,2.0,2.88,1.88,3.0,3.0,2.38,4.25,4.0,4.63,4.68,2.94,3.52,4.37,4.02,3.79,4.07,3.62,4.64,2.54,4.13,4.32,3.86,4.63,3.61,2.66,4.73,3.76,4.32,3.94,4.72,4.46,2.97,3.13,3.85,2.71,2.48,3.7,4.55,4.5,2.31,2.6,3.77,3.58,2.95,2.98,3.51,3.55,4.63,3.05,"Ophthalmologists, Except Pediatric",Healthcare Practitioners
29-1291,3.25,1.88,3.0,2.0,3.88,1.75,1.0,1.88,1.12,2.0,2.62,3.25,3.0,2.88,1.0,1.75,1.75,1.75,3.62,3.0,2.88,2.0,2.0,2.5,3.88,1.0,2.0,3.88,3.88,2.88,2.62,1.0,3.88,1.0,1.25,1.0,3.0,1.0,1.12,3.25,3.0,2.25,1.0,1.88,1.88,2.75,1.88,2.0,2.75,1.88,3.75,3.25,3.45,4.72,3.0,3.21,2.86,1.59,2.17,3.17,2.03,4.54,1.28,4.24,2.17,3.1,4.31,2.21,2.9,3.62,2.36,3.5,3.07,4.17,3.21,2.81,1.21,3.64,3.75,3.03,4.18,3.17,3.54,1.52,1.45,2.66,3.39,2.71,2.03,3.62,2.86,4.28,3.03,Acupuncturists,Healthcare Practitioners
29-1292,3.88,2.25,3.0,3.0,3.0,2.0,1.0,2.0,1.25,2.62,2.88,3.88,3.0,2.88,1.0,2.0,2.12,2.12,3.12,3.0,3.25,2.12,2.12,2.75,3.88,1.0,2.12,3.75,3.75,2.62,3.0,1.0,3.88,1.88,2.0,1.75,3.0,1.0,1.0,3.25,3.25,2.12,1.0,2.12,2.0,3.0,2.38,3.0,2.88,2.12,3.12,3.0,3.41,4.48,3.04,3.54,3.94,3.01,3.34,3.5,3.14,4.17,2.16,4.61,3.43,3.83,3.87,2.76,3.94,3.67,3.77,3.98,3.86,4.05,3.67,2.77,1.65,3.59,3.0,3.48,4.26,3.47,3.36,2.75,2.71,3.7,3.34,3.64,2.13,3.35,3.17,4.02,3.82,Dental Hygienists,Healthcare Practitioners
29-1299,2.5,2.25,3.375,2.19,4.0600000000000005,1.81,1.0,1.31,1.125,1.31,3.0,2.75,3.25,3.31,1.0,1.0,1.0,2.0,4.0600000000000005,3.44,2.44,2.63,2.5,1.81,3.75,1.0,2.565,4.0,4.0600000000000005,3.125,3.06,1.0,4.125,1.0,1.06,1.06,3.06,1.0,1.0,3.875,3.875,2.88,1.0,1.0,1.435,2.685,1.875,2.875,2.88,1.815,4.0,3.94,4.045,4.68,3.2,3.3200000000000003,3.9299999999999997,1.77,2.8,3.125,3.075,4.68,1.195,4.135,2.61,3.12,4.6,2.8600000000000003,2.4850000000000003,4.155,2.575,4.175000000000001,3.145,4.515000000000001,3.52,2.515,1.25,3.3600000000000003,3.21,2.33,4.115,3.6399999999999997,3.12,1.61,1.38,2.955,2.99,2.565,2.295,3.325,3.68,4.175000000000001,3.92,Naturopathic Physicians,Healthcare Practitioners
29-2011,3.4050000000000002,2.1574999999999998,3.4675000000000002,3.065,3.7199999999999998,2.125,1.095,1.685,1.4075,1.8125,3.0,3.2800000000000002,3.375,2.8125,1.03,1.5325,1.5,2.0925000000000002,3.7824999999999998,3.6550000000000002,2.9699999999999998,2.75,2.5324999999999998,2.2800000000000002,4.0625,1.03,2.5949999999999998,3.875,3.5,2.5949999999999998,2.9675000000000002,1.03,3.75,2.125,2.1550000000000002,1.75,3.25,1.03,1.0925,3.09,3.1550000000000002,2.715,1.2825,1.53,2.0,2.4675000000000002,2.19,3.25,2.8449999999999998,2.0625,3.9675000000000002,3.3449999999999998,3.8200000000000003,2.67,2.965,2.6075,4.1925,3.3175,2.99,2.6425,2.8825000000000003,4.4025,1.785,3.32,2.94,3.935,4.1225000000000005,2.8375,3.1525,3.92,3.9699999999999998,3.1225,3.06,3.975,3.7474999999999996,2.6725,1.73,3.605,2.96,2.545,1.8275000000000001,3.8025,2.61,2.6975,2.6325000000000003,2.5225,2.81,1.5825,2.41,2.5975,3.3825000000000003,4.08,4.125,Medical and Clinical Laboratory Technologists,Healthcare Practitioners
29-2012,3.31,2.565,3.185,3.12,3.31,2.25,1.06,2.125,1.375,2.12,2.88,3.685,2.935,2.565,1.0,1.875,1.875,2.25,3.06,3.63,3.185,2.44,2.31,2.69,4.0,1.0,2.56,3.685,3.5,2.44,2.94,1.0,3.63,2.06,2.44,1.935,3.06,1.06,1.06,3.12,3.12,2.5,1.625,2.06,2.0,2.44,2.625,3.0,2.815,2.19,3.5,3.12,3.36,2.525,2.75,2.59,3.915,3.56,2.795,2.645,2.9050000000000002,4.085,1.6,3.2,2.755,3.9000000000000004,4.08,2.88,3.165,3.615,3.965,3.0949999999999998,3.045,4.1899999999999995,4.0600000000000005,2.61,1.675,3.56,2.64,2.71,2.1350000000000002,3.86,2.51,2.69,2.58,2.41,2.5650000000000004,1.2349999999999999,1.8250000000000002,2.795,3.5300000000000002,3.94,3.885,Medical and Clinical Laboratory Technicians,Healthcare Practitioners
29-2031,3.25,2.5,3.0,3.12,3.62,2.0,1.12,1.88,1.0,2.25,2.88,3.12,3.25,2.88,1.0,2.0,1.75,2.62,3.62,3.5,3.12,2.62,2.62,2.75,4.0,1.0,2.5,4.0,4.0,2.5,3.38,1.0,4.12,2.12,2.25,2.0,3.12,1.0,1.0,3.62,3.62,3.0,2.0,2.0,2.25,3.0,2.88,2.88,2.75,2.12,3.5,3.5,3.74,4.57,2.67,2.68,3.94,4.02,2.53,2.78,3.25,4.48,2.02,3.8,2.97,3.91,4.16,2.31,3.86,4.11,3.83,3.64,3.16,3.66,3.75,2.26,2.45,3.54,2.87,3.23,3.76,3.71,2.27,2.77,2.58,2.65,2.65,1.53,2.01,2.84,2.97,3.91,4.3,Cardiovascular Technologists and Technicians,Healthcare Practitioners
29-2032,3.5,2.5,3.12,3.5,3.38,2.62,1.0,2.12,1.0,2.75,2.88,3.0,3.38,3.0,1.0,2.25,1.88,2.88,3.5,3.12,3.0,2.25,2.38,3.0,3.88,1.0,2.12,4.0,3.88,3.0,3.0,1.0,3.88,2.12,2.25,2.5,3.0,1.0,1.0,3.62,3.5,3.0,1.88,2.38,2.25,2.88,2.75,2.88,3.0,2.0,3.88,3.75,3.54,4.28,2.99,3.12,4.08,3.69,3.05,2.6,3.06,4.12,1.79,3.85,2.99,3.74,4.22,2.79,3.4,3.76,3.62,3.78,3.09,3.77,3.67,2.15,2.29,3.32,2.98,3.6,3.93,3.62,2.71,2.72,2.63,3.13,3.18,2.08,1.85,3.02,3.31,4.15,3.98,Diagnostic Medical Sonographers,Healthcare Practitioners
29-2033,3.0,1.88,3.25,3.12,3.5,2.0,1.0,2.0,1.0,1.88,2.75,2.88,3.0,2.88,1.0,2.0,1.88,2.0,3.5,3.75,2.88,3.12,2.75,2.5,3.88,1.0,3.12,4.0,4.0,2.75,3.0,1.0,3.88,2.12,2.12,1.88,2.88,1.0,1.0,3.5,3.62,2.5,1.88,2.0,2.0,2.75,2.38,2.88,2.88,1.88,3.75,3.5,2.87,4.61,2.86,2.96,3.91,3.81,3.61,2.56,3.25,4.27,1.95,3.94,3.14,4.03,4.2,2.81,3.49,3.79,3.84,3.34,3.12,3.68,3.8,2.79,2.24,3.68,3.2,3.39,4.09,3.68,2.6,2.93,2.39,2.9,3.26,1.98,2.14,2.81,3.31,4.21,4.55,Nuclear Medicine Technologists,Healthcare Practitioners
29-2034,3.12,2.62,3.12,3.12,3.62,2.25,1.25,2.12,2.0,2.62,2.88,2.75,3.12,2.38,1.62,2.0,1.88,2.5,3.5,3.62,2.75,2.12,2.75,2.75,4.0,1.75,2.25,4.0,3.88,2.25,3.12,2.0,4.0,2.0,2.38,2.38,3.12,1.75,1.88,3.5,3.5,2.62,1.62,2.12,2.75,2.62,2.75,2.62,3.12,2.5,3.62,3.0,2.67,4.87,3.24,2.58,3.81,4.02,2.89,2.33,3.02,4.04,1.69,3.85,2.38,3.38,3.9,2.6,3.95,3.69,3.75,3.27,3.04,3.43,3.82,2.27,2.51,3.45,2.39,3.69,3.95,2.96,2.46,2.71,2.27,2.97,2.71,1.55,2.06,2.8,3.42,4.04,4.29,Radiologic Technologists and Technicians,Healthcare Practitioners
29-2035,3.12,2.88,3.12,3.25,3.25,2.12,1.0,1.88,1.38,2.38,3.0,3.12,3.12,2.88,1.0,2.0,1.88,2.62,3.25,3.25,3.12,2.5,2.62,2.5,4.0,1.0,2.5,4.0,4.0,2.62,3.12,1.12,3.62,2.88,2.75,2.25,3.12,1.0,1.25,3.25,3.25,2.62,1.62,2.0,2.25,2.62,2.25,2.75,2.88,2.0,3.88,3.5,3.61,4.43,3.64,3.43,4.0,3.91,3.0,2.96,3.09,4.48,2.09,3.36,2.95,4.0,4.04,3.35,3.9,3.7,3.74,3.22,3.18,4.18,3.96,2.83,1.95,3.61,3.22,3.3,4.24,3.91,2.96,3.04,2.59,2.91,3.09,2.09,2.61,3.52,3.7,4.17,4.52,Magnetic Resonance Imaging Technologists,Healthcare Practitioners
29-2036,2.62,2.38,3.5,2.75,4.12,2.12,1.0,1.88,1.0,1.12,3.12,2.5,3.25,3.12,1.0,1.0,1.0,2.25,4.12,3.62,2.5,3.38,2.62,1.38,3.88,1.0,3.25,4.0,3.88,3.0,3.0,1.0,3.88,1.0,1.25,1.12,3.12,1.0,1.12,3.75,3.75,2.62,1.0,1.0,1.12,2.62,2.38,2.5,3.12,2.12,4.12,3.88,4.25,2.94,2.75,2.75,4.26,2.3,3.25,3.32,3.3,4.53,2.7,3.7,3.35,3.89,4.21,2.55,1.9,3.95,3.16,3.8,3.35,4.35,3.55,1.9,1.58,4.25,2.65,1.75,1.7,4.26,3.11,2.25,1.85,2.35,3.55,1.58,1.65,3.89,3.05,4.32,4.8,Medical Dosimetrists,Healthcare Practitioners
29-2051,2.62,2.75,3.12,2.25,3.5,2.12,1.0,2.0,1.38,2.25,2.88,2.75,3.0,3.12,1.25,1.88,2.0,2.38,3.25,3.12,2.62,2.88,2.12,2.12,3.25,1.25,2.88,3.75,3.75,3.0,2.75,1.38,3.25,1.88,1.88,2.0,2.88,1.12,1.38,3.25,3.12,2.38,1.62,2.12,2.12,2.75,2.38,2.75,2.88,2.12,3.25,3.12,3.75,4.42,3.25,3.02,4.11,3.16,3.33,3.23,3.81,4.14,2.39,4.06,3.43,4.53,4.8,3.43,3.67,4.46,4.26,3.11,3.71,4.2,4.24,3.15,3.05,4.08,3.03,3.28,3.05,4.2,3.78,2.1,2.39,3.66,3.64,2.68,3.17,3.65,3.91,4.13,3.0,Dietetic Technicians,Healthcare Practitioners
29-2052,3.0,2.62,3.62,2.12,3.12,1.75,1.0,2.0,1.12,2.12,2.88,3.12,2.88,2.5,1.0,2.0,2.0,1.75,3.0,3.75,3.0,2.88,2.38,2.0,4.0,1.0,3.12,4.0,4.0,2.12,3.12,1.0,3.75,1.12,1.5,1.5,3.0,1.0,1.0,3.38,3.88,2.25,1.88,2.12,2.0,3.0,2.88,2.75,2.12,2.0,4.0,3.12,3.63,3.61,3.12,3.29,3.85,2.92,3.21,2.62,2.95,4.05,1.93,3.96,3.2,4.1,4.28,2.78,2.98,3.84,3.21,3.61,3.18,3.64,3.91,2.99,1.98,3.64,2.83,2.74,3.93,4.09,2.73,2.07,2.07,3.46,3.03,2.29,2.18,2.54,3.66,3.67,4.17,Pharmacy Technicians,Healthcare Practitioners
29-2053,2.62,2.12,3.0,2.0,3.75,2.0,1.0,2.0,2.25,2.25,3.0,2.5,2.75,2.88,1.12,2.12,2.0,1.88,3.62,3.25,2.38,2.0,2.12,2.25,3.38,1.12,2.0,4.0,4.0,2.62,2.75,1.38,4.0,1.5,2.0,2.0,3.12,1.62,1.5,3.5,3.5,2.25,2.0,2.38,2.88,2.75,2.88,2.0,2.25,1.5,3.62,3.5,2.34,4.92,3.49,2.85,4.56,1.53,3.49,2.15,3.69,4.2,1.25,4.03,1.87,3.64,4.44,2.09,2.71,4.45,3.15,3.26,1.87,3.78,3.82,1.99,2.19,3.85,2.69,3.16,2.37,3.24,2.74,1.4,1.19,4.5,3.15,2.09,1.6,3.01,3.56,3.38,3.13,Psychiatric Technicians,Healthcare Practitioners
29-2055,3.5,2.88,3.0,3.0,3.0,2.75,1.0,2.0,1.0,2.75,3.0,3.0,3.12,2.88,1.5,2.0,2.0,2.88,3.0,3.25,3.38,2.5,2.75,3.0,3.75,1.0,3.12,4.0,3.25,2.5,3.25,1.0,3.75,2.0,2.0,2.25,3.38,1.12,1.12,3.12,3.62,2.75,2.0,2.38,2.75,2.88,3.0,3.12,3.0,2.0,3.0,3.0,2.85,4.49,3.41,2.4,4.34,3.21,3.45,2.89,3.45,3.35,2.43,3.93,3.01,4.42,4.52,2.8,4.42,4.36,4.4,3.37,3.54,3.93,4.06,2.76,2.17,3.76,2.05,3.71,3.0,3.35,2.64,2.75,2.73,3.02,3.0,1.7,1.98,3.05,3.73,4.1,2.85,Surgical Technologists,Healthcare Practitioners
29-2056,3.12,3.0,3.12,2.88,3.88,2.0,1.0,2.12,1.88,2.88,2.75,3.12,3.12,2.88,1.0,2.25,2.12,2.88,3.88,3.75,3.12,2.88,2.75,2.75,3.88,1.0,2.88,3.75,3.88,2.88,3.0,1.0,3.75,2.0,2.0,1.88,3.12,1.0,1.0,3.38,3.75,2.75,1.75,2.62,2.88,2.88,3.0,2.88,2.75,1.88,3.75,3.12,3.39,4.48,2.9,3.63,3.96,3.22,3.27,2.67,3.28,4.37,2.13,3.63,3.53,3.49,4.34,2.77,3.92,4.51,4.33,3.96,3.6,3.9,4.23,2.86,2.08,3.83,3.08,4.24,3.97,3.45,2.65,2.74,2.83,3.1,2.94,2.98,2.3,2.76,3.54,4.16,3.28,Veterinary Technologists and Technicians,Healthcare Practitioners
29-2057,3.12,1.75,3.0,2.88,3.25,2.0,1.0,1.62,1.0,1.88,3.0,3.12,2.62,2.5,1.0,1.88,1.75,1.62,3.0,3.0,2.88,2.62,2.38,2.12,3.88,1.0,2.38,3.88,3.88,2.0,2.25,1.0,3.38,1.12,1.25,1.12,3.12,1.0,1.0,3.62,3.12,2.12,1.38,1.5,1.88,2.38,2.25,2.88,2.12,1.62,3.25,3.38,2.82,4.48,3.18,3.0,3.95,2.73,3.09,2.18,3.3,4.33,1.3,3.95,2.23,3.38,4.55,3.0,2.59,3.68,3.38,3.36,2.62,3.25,3.1,2.18,1.29,3.27,2.6,2.38,4.55,3.62,2.81,2.5,2.14,3.09,2.73,1.8,2.32,2.27,3.81,4.09,4.09,Ophthalmic Medical Technicians,Healthcare Practitioners
29-2061,3.0,2.75,3.12,2.88,3.75,2.12,1.0,2.12,2.0,2.88,2.88,3.0,3.0,2.88,1.0,2.62,2.38,2.5,3.75,3.25,3.0,2.75,3.0,2.88,3.75,1.0,2.88,4.0,4.0,2.62,2.88,1.12,4.0,1.88,2.25,2.38,3.0,1.0,1.12,3.88,3.75,2.88,1.88,2.88,3.12,3.0,3.12,2.75,2.62,2.12,4.0,3.38,3.64,4.57,3.32,3.22,4.12,2.57,3.59,3.32,3.64,4.47,2.01,3.53,2.93,3.68,4.43,3.63,2.85,4.14,3.69,3.44,3.47,4.2,4.01,2.48,1.92,4.2,2.87,3.54,3.07,3.75,2.79,2.19,2.09,3.79,3.44,1.88,2.37,2.93,3.6,4.15,3.77,Licensed Practical and Licensed Vocational Nurses,Healthcare Practitioners
29-2081,3.12,2.12,3.12,3.0,3.62,2.5,1.0,1.75,1.38,1.62,2.88,3.38,2.75,2.88,1.0,1.0,1.0,1.88,3.0,3.38,3.0,2.88,2.25,2.62,3.88,1.0,2.88,4.0,4.0,2.88,3.0,1.0,3.62,1.88,1.88,1.88,3.0,1.0,1.0,3.75,3.75,2.75,1.0,1.0,1.88,3.0,2.25,3.0,2.88,2.25,3.75,3.62,3.7,4.17,3.87,4.0,4.08,3.29,3.22,3.09,3.46,4.71,2.42,4.17,3.79,4.46,4.52,3.79,3.46,3.91,3.78,4.04,3.88,4.46,3.62,3.78,1.71,3.71,4.05,2.46,4.83,4.04,3.7,2.46,2.67,3.88,3.29,4.54,3.08,3.67,4.0,4.33,4.3,"Opticians, Dispensing",Healthcare Practitioners
29-2091,3.0,2.12,3.38,3.0,4.0,2.25,1.0,2.0,1.75,2.12,3.0,3.0,2.88,3.25,1.38,1.75,1.75,1.88,4.0,3.75,3.0,2.88,2.12,2.88,4.0,1.38,2.38,4.0,4.0,3.12,2.75,1.38,4.0,1.75,2.0,1.75,3.12,1.38,1.5,3.62,3.62,2.38,1.38,2.0,2.12,2.75,2.25,2.62,3.88,2.0,4.0,3.88,3.4,4.48,3.19,3.76,4.15,3.62,3.24,3.1,3.24,4.5,3.05,3.95,3.11,3.95,4.1,3.21,3.48,3.86,4.05,3.9,3.53,4.48,3.57,3.35,2.57,4.1,3.85,3.29,4.38,4.1,3.38,2.76,3.24,3.38,3.63,2.76,2.75,4.05,3.38,4.05,4.14,Orthotists and Prosthetists,Healthcare Practitioners
29-2092,3.12,3.12,3.12,2.88,3.38,1.75,1.0,1.0,1.0,1.5,2.75,3.12,3.12,2.62,1.0,1.0,1.0,3.12,3.25,3.12,3.12,2.25,2.62,2.12,3.5,1.0,2.25,4.0,4.0,2.5,3.0,1.0,3.75,1.12,1.5,1.38,3.0,1.5,1.0,3.88,3.62,2.75,1.0,1.0,1.75,2.5,1.88,2.5,2.88,1.38,3.5,3.12,3.19,4.66,2.31,3.68,3.62,2.9,2.74,2.86,2.53,4.12,2.22,4.13,2.91,3.1,4.34,2.26,2.71,4.16,3.62,3.91,3.21,4.05,3.12,2.8,2.0,3.55,3.26,2.31,4.37,2.98,3.05,3.78,2.29,3.29,3.21,3.99,2.01,3.12,2.73,4.26,4.3,Hearing Aid Specialists,Healthcare Practitioners
29-2099,2.6666666666666665,2.1233333333333335,3.08,2.42,3.6266666666666665,1.9166666666666667,1.0,1.7066666666666668,1.29,2.0433333333333334,2.92,2.83,3.0400000000000005,2.7900000000000005,1.0,1.96,1.7933333333333332,2.08,3.6266666666666665,3.4599999999999995,2.2933333333333334,2.4966666666666666,2.62,2.08,3.7900000000000005,1.0,2.2866666666666666,4.003333333333333,4.04,2.5033333333333334,2.9133333333333336,1.0,3.8333333333333335,1.5833333333333333,1.6666666666666667,1.5833333333333333,3.1199999999999997,1.08,1.0,3.6266666666666665,3.5833333333333335,2.6666666666666665,1.29,1.96,2.0,2.54,2.21,2.54,2.46,1.6666666666666667,3.75,3.4166666666666665,3.3800000000000003,4.546666666666667,3.233333333333333,3.3666666666666667,4.3500000000000005,2.8033333333333332,3.466666666666667,2.563333333333333,3.3766666666666665,4.526666666666666,1.6166666666666665,4.253333333333333,2.8033333333333332,3.8466666666666662,4.59,3.0133333333333336,2.953333333333333,4.096666666666667,3.1466666666666665,3.5399999999999996,3.063333333333333,4.1033333333333335,3.7733333333333334,2.7466666666666666,1.54,3.76,3.3833333333333333,2.9133333333333336,3.9933333333333336,3.8366666666666664,2.8266666666666667,2.4,2.07,3.3333333333333335,3.09,2.18,2.53,2.66,3.6533333333333338,4.13,4.326666666666667,Neurodiagnostic Technologists,Healthcare Practitioners
29-9091,3.0,2.62,3.0,2.38,3.75,2.38,1.62,2.5,2.0,2.12,3.0,3.0,3.12,3.12,1.0,2.62,2.0,2.62,3.75,3.75,3.0,2.0,2.75,3.12,3.38,1.0,2.0,3.62,4.0,3.12,2.88,1.0,4.12,1.38,1.38,1.75,3.0,1.0,1.0,3.88,3.88,2.75,1.88,2.88,3.0,2.75,2.88,2.5,2.75,1.88,3.88,3.75,2.91,4.88,3.53,3.23,3.8,1.73,2.71,3.42,2.98,4.86,1.72,4.16,3.0,3.6,3.91,2.6,2.72,3.7,3.02,3.07,3.31,4.65,3.31,2.46,1.8,4.01,3.37,3.68,2.63,3.12,2.79,1.74,1.69,2.68,3.48,1.6,1.77,3.98,3.18,4.24,3.2,Athletic Trainers,Healthcare Practitioners
29-9092,1.0,2.0,3.12,1.12,4.12,1.0,1.0,1.0,1.0,1.0,2.75,2.25,3.12,3.12,1.0,1.0,1.0,1.88,4.0,3.88,1.0,3.12,2.88,1.0,3.38,1.0,2.88,4.0,4.0,3.12,2.88,1.0,4.0,1.0,1.0,1.0,3.0,1.0,1.0,3.75,3.88,2.88,1.0,1.0,1.0,2.75,1.12,2.12,2.62,1.0,4.25,4.0,3.83,4.43,2.91,4.17,4.13,1.17,2.7,2.57,2.52,4.43,1.26,4.22,2.13,3.39,4.68,2.43,1.35,3.39,1.35,4.74,3.26,4.13,3.04,1.43,1.09,4.04,3.39,1.26,3.78,3.91,3.61,1.04,1.0,3.0,2.78,1.61,2.04,2.78,3.65,4.74,4.26,Genetic Counselors,Healthcare Practitioners
29-9093,4.0,3.12,3.12,3.62,3.5,2.75,1.25,2.5,2.62,2.88,3.0,4.0,3.25,2.88,1.88,2.5,2.38,3.25,3.5,3.62,3.5,2.5,3.0,3.38,4.0,1.0,2.75,4.12,3.88,2.88,3.38,1.0,3.88,2.25,3.12,2.0,3.5,1.25,1.12,3.88,3.75,3.0,1.88,2.62,3.0,3.0,3.12,3.75,3.12,3.0,3.75,3.25,3.31,4.97,3.35,3.0,4.4,3.82,3.0,3.24,3.4,3.74,2.24,4.4,3.54,4.13,4.47,3.14,4.33,4.61,4.33,3.58,3.75,4.54,4.52,2.69,2.38,3.9,2.6,4.33,3.82,3.67,3.37,2.47,2.31,3.26,2.95,2.54,1.9,3.35,3.61,4.27,3.53,Surgical Assistants,Healthcare Practitioners
29-9099,3.0,2.38,3.25,2.0,4.0,2.0,1.25,2.0,1.38,2.25,2.62,2.88,3.12,3.0,1.0,1.88,1.62,2.38,4.0,3.5,2.5,2.25,2.75,2.75,3.5,1.0,2.25,4.0,4.0,2.88,3.0,1.0,4.0,1.5,1.88,1.88,3.25,1.0,1.0,3.75,3.5,2.75,1.12,2.12,2.25,2.75,2.5,2.75,2.62,2.12,3.88,3.5,3.87,4.72,3.59,3.91,4.19,2.35,3.13,3.53,3.68,4.5,1.81,4.41,3.44,3.92,4.33,3.35,3.1,4.27,3.95,3.93,3.84,4.37,3.99,3.06,2.06,3.88,3.2,3.63,4.04,3.85,3.75,1.78,2.26,3.67,3.79,3.11,2.71,3.31,3.76,4.07,3.5,Midwives,Healthcare Practitioners
31-1121,3.0,2.38,3.0,2.0,3.25,2.12,1.0,2.12,1.88,2.75,3.0,2.88,2.88,3.0,1.25,2.5,2.38,2.38,3.38,3.25,2.88,2.12,2.12,2.12,3.5,1.25,2.12,3.75,3.88,2.75,2.62,1.25,3.75,1.25,2.0,2.0,3.0,1.38,1.75,3.25,3.25,2.62,2.0,2.62,2.88,3.0,2.88,2.25,2.75,1.0,3.0,3.12,2.96,4.76,3.1,2.35,4.29,2.3,2.94,2.71,2.83,4.18,1.69,3.85,3.15,3.78,4.4,2.13,3.99,4.06,3.53,3.12,3.42,3.52,3.76,2.78,2.72,3.69,2.21,3.37,3.1,3.59,2.6,1.47,1.58,3.2,3.28,1.85,1.97,3.54,2.92,3.66,1.91,Home Health Aides,Healthcare Support
31-1122,2.62,2.5,2.88,2.0,3.25,2.12,1.0,2.0,2.0,2.5,2.88,2.38,2.38,2.38,1.5,2.25,2.25,2.38,3.0,3.0,2.12,2.0,2.25,2.5,3.12,1.5,2.12,3.88,3.88,2.38,2.38,1.5,3.75,1.5,2.0,2.0,3.0,1.5,1.5,3.12,3.12,2.12,1.5,2.75,2.88,2.88,3.0,2.12,2.25,1.5,3.25,3.0,3.3,4.95,3.59,4.02,4.12,2.74,3.74,3.61,3.76,4.01,2.45,4.44,3.31,4.11,4.74,2.99,3.9,3.86,3.56,3.82,3.52,3.96,3.66,2.78,3.16,4.0,2.83,4.07,3.9,3.54,2.7,2.34,2.49,3.37,3.28,3.18,2.5,3.65,4.22,3.8,3.47,Personal Care Aides,Healthcare Support
31-1131,3.0,2.12,3.0,2.12,3.12,2.0,1.62,2.25,1.88,3.12,2.75,2.75,2.25,2.12,1.0,2.25,2.12,2.25,3.0,3.12,2.75,2.12,2.25,2.75,3.75,1.0,2.12,3.88,3.75,2.0,2.25,1.0,3.88,1.12,2.12,2.12,2.88,1.12,1.25,3.0,3.5,2.12,2.0,2.88,3.25,2.38,3.12,2.38,2.0,1.62,3.12,3.12,2.88,4.56,2.94,2.22,4.13,2.63,3.5,2.57,3.59,4.05,1.94,3.93,2.81,3.54,4.16,2.29,3.17,3.7,3.55,3.15,3.11,3.62,3.75,2.08,2.28,3.4,2.49,3.81,2.89,3.33,2.67,1.97,1.94,3.49,2.9,2.15,2.34,3.25,3.32,3.46,3.08,Nursing Assistants,Healthcare Support
31-1132,2.62,2.25,2.75,2.62,2.88,2.25,1.5,3.0,3.0,3.12,2.75,2.88,2.12,2.12,1.0,2.88,3.0,2.38,2.88,2.75,3.0,1.88,2.25,2.75,3.25,1.0,2.0,3.62,3.38,2.0,2.25,1.25,3.38,1.75,2.25,2.12,2.38,1.25,1.62,3.12,3.38,2.12,2.0,3.0,3.38,2.12,3.5,2.0,2.25,1.75,2.75,2.75,2.42,4.31,2.84,2.3,3.88,2.93,2.6,2.1,2.8,2.79,1.37,3.73,2.31,3.87,3.94,1.86,4.24,3.94,4.16,2.54,3.1,3.07,3.38,2.35,1.97,3.39,1.97,4.25,3.0,3.24,2.55,1.62,1.94,3.12,2.07,1.82,1.73,2.23,3.09,3.03,2.45,Orderlies,Healthcare Support
31-1133,2.75,3.0,3.0,2.12,3.62,2.12,1.0,2.12,2.25,2.38,3.12,2.75,3.0,2.88,1.5,2.62,2.38,2.62,3.5,3.25,2.75,2.12,2.12,2.88,3.12,1.62,2.12,3.88,4.0,2.75,3.0,1.62,3.88,2.0,2.75,2.75,3.12,1.5,2.0,3.5,3.38,2.75,2.12,2.75,2.88,2.88,3.0,2.75,2.38,1.88,3.75,3.12,2.68,4.65,3.4,2.45,4.46,1.97,3.12,3.03,3.59,4.41,1.34,3.74,2.5,3.81,4.85,2.83,2.69,4.03,3.18,3.72,2.78,4.07,4.15,2.08,2.9,3.87,3.15,3.31,2.89,2.78,2.84,1.76,1.69,4.09,2.98,1.92,2.1,3.68,4.35,4.11,2.96,Psychiatric Aides,Healthcare Support
31-2011,3.0,2.25,3.0,2.25,3.38,2.0,1.0,2.25,1.5,2.75,2.75,3.0,2.5,3.12,1.0,2.38,2.0,1.88,3.25,3.38,3.0,2.0,2.38,2.75,3.5,1.0,2.0,4.0,4.0,2.88,2.75,1.0,3.75,1.88,2.0,2.12,3.0,1.12,1.5,3.38,3.25,2.25,2.0,2.25,3.12,2.88,3.0,2.0,2.62,2.12,3.62,3.75,2.96,4.76,3.36,3.46,4.79,2.4,3.4,3.78,3.5,4.79,1.84,4.46,2.44,3.92,4.04,3.1,3.85,4.1,3.35,4.09,3.03,4.2,4.21,2.33,1.47,4.07,2.23,4.17,3.82,3.41,3.18,1.72,1.82,3.52,3.59,2.06,1.71,4.56,3.61,4.35,3.97,Occupational Therapy Assistants,Healthcare Support
31-2012,2.88,2.0,3.0,2.12,3.25,1.88,1.12,2.12,1.88,2.75,2.5,3.0,2.62,2.75,1.38,2.5,2.5,1.88,3.0,3.12,2.88,2.0,2.12,2.75,3.0,1.25,2.0,3.75,3.5,2.62,2.25,1.5,3.75,1.5,1.75,1.88,2.62,1.25,1.38,3.25,3.25,2.12,1.5,2.62,2.88,2.75,3.0,1.88,2.12,1.38,3.12,3.12,3.17,4.82,3.66,3.58,4.4,3.11,3.71,3.13,3.8,3.89,2.41,4.13,2.72,3.95,4.23,3.41,3.54,4.01,3.58,3.88,3.32,3.9,3.76,2.85,2.72,3.88,3.67,4.31,4.51,3.34,3.12,2.62,2.67,3.91,3.76,2.32,2.69,3.52,3.92,3.5,3.9,Occupational Therapy Aides,Healthcare Support
31-2021,3.12,2.38,3.0,2.38,3.25,2.0,1.0,2.25,1.62,2.88,3.0,3.0,2.75,3.0,1.0,2.38,2.12,2.12,3.25,3.12,3.0,2.0,2.12,3.0,3.75,1.0,2.0,4.0,4.12,2.75,3.0,1.0,3.75,2.0,2.0,1.75,3.25,1.0,1.0,3.88,3.88,2.5,1.75,2.5,3.12,2.88,3.0,2.12,3.0,2.12,3.75,3.25,3.17,4.99,3.23,3.26,4.91,2.66,3.16,3.13,3.71,4.79,2.2,4.63,2.68,4.22,4.21,2.69,3.67,4.65,3.55,3.52,3.49,4.1,3.6,2.05,2.15,3.66,2.56,4.68,4.46,3.51,2.95,2.95,2.19,2.79,3.16,2.18,1.57,3.52,3.4,4.27,4.14,Physical Therapist Assistants,Healthcare Support
31-2022,2.88,2.12,2.88,2.12,2.88,2.0,1.38,2.25,1.38,2.75,2.75,2.88,2.75,2.12,1.0,2.62,2.25,2.0,3.0,3.0,2.62,2.0,2.25,2.88,3.12,1.0,2.0,3.38,3.12,2.25,2.75,1.0,3.25,1.5,1.5,1.62,3.0,1.0,1.0,3.0,3.25,2.12,1.75,2.62,2.88,2.38,3.0,2.0,2.12,1.88,3.0,3.0,2.83,4.98,2.81,3.35,4.43,2.43,3.43,3.13,3.55,3.99,1.71,3.89,2.58,3.57,4.26,2.92,4.07,3.66,3.28,3.49,3.87,3.74,4.01,2.31,1.9,3.4,2.61,3.65,4.5,3.39,2.82,1.61,1.92,2.77,3.06,1.97,1.29,3.51,3.2,3.97,4.01,Physical Therapist Aides,Healthcare Support
31-9011,3.12,1.62,2.75,2.0,3.12,1.88,1.88,3.75,1.88,3.25,2.12,3.12,2.25,2.75,1.0,1.75,2.0,1.62,3.0,2.88,3.5,2.0,2.12,3.38,3.0,1.0,1.88,3.62,3.62,2.75,2.0,1.0,3.38,1.0,1.12,1.25,3.12,1.0,1.25,3.12,3.0,2.12,1.5,3.12,3.0,2.25,3.75,1.75,2.0,2.25,3.12,3.12,2.69,4.6,2.5,3.04,3.0,1.58,2.19,3.0,2.62,3.81,1.15,4.2,2.12,3.81,4.19,2.27,3.35,3.64,2.62,3.16,3.38,3.88,3.15,3.23,1.15,3.31,3.27,4.23,4.52,2.81,2.92,1.46,1.5,3.12,3.04,2.08,1.96,3.19,2.69,3.58,2.27,Massage Therapists,Healthcare Support
31-9091,3.12,2.25,3.0,3.0,3.38,2.12,1.38,2.12,1.25,2.5,2.88,3.12,2.38,2.75,1.12,2.0,1.75,2.0,3.0,3.25,3.0,2.12,2.0,2.75,4.12,1.0,2.38,3.88,4.0,2.62,2.88,1.0,3.12,1.75,1.88,1.88,3.0,1.0,1.5,3.12,3.75,2.12,1.75,2.12,2.12,3.0,2.38,2.88,2.38,2.0,3.5,3.12,3.2,4.49,3.57,2.98,4.1,2.84,3.4,3.16,3.32,3.81,2.39,3.75,3.28,3.57,4.55,3.14,3.57,4.37,4.18,3.34,3.91,4.02,4.02,2.79,2.19,3.92,2.95,3.12,4.17,3.54,3.19,2.75,2.72,3.26,4.0,3.05,2.47,3.17,3.54,3.85,4.45,Dental Assistants,Healthcare Support
31-9092,3.0,2.25,3.12,2.25,3.5,1.88,1.0,1.88,1.25,1.88,2.88,3.0,3.12,2.75,1.25,1.88,1.75,2.12,3.25,3.25,2.25,2.75,2.88,2.12,3.88,1.25,2.88,4.0,4.0,2.75,3.0,1.38,3.88,1.62,1.88,2.0,2.75,1.25,1.5,3.75,3.88,2.5,1.5,2.0,2.12,2.88,2.62,2.88,2.38,2.0,4.0,3.75,4.06,4.58,3.15,3.58,4.43,3.05,2.89,3.8,3.0,4.65,2.99,3.48,3.61,4.24,4.89,3.37,3.06,4.43,4.4,3.55,3.89,4.28,3.85,3.17,2.84,4.31,4.07,3.32,3.6,4.46,3.37,2.99,2.74,3.33,3.58,2.39,2.93,3.35,3.7,4.59,4.68,Medical Assistants,Healthcare Support
31-9093,3.25,2.75,3.12,3.0,3.25,2.5,1.25,2.25,1.12,2.38,2.88,3.25,3.0,2.0,1.75,2.25,1.75,2.62,3.0,3.25,3.25,2.0,2.0,3.0,3.88,1.75,2.12,3.62,3.25,2.0,3.25,1.75,3.75,2.25,2.5,2.12,2.88,1.88,1.88,2.88,3.25,2.25,2.25,2.62,3.0,2.75,3.12,2.88,3.0,2.12,3.12,3.25,3.35,3.57,2.88,3.08,4.11,3.85,2.71,2.8,2.93,4.63,1.91,3.41,3.81,4.71,4.36,2.88,4.24,4.31,4.39,3.71,4.12,4.27,4.62,2.76,2.5,4.41,2.64,3.91,3.04,4.47,2.79,2.57,2.49,3.02,3.03,2.21,1.97,3.36,3.31,4.17,3.52,Medical Equipment Preparers,Healthcare Support
31-9094,2.25,2.25,3.12,2.12,3.0,1.0,1.0,1.25,1.0,1.0,2.25,3.0,2.88,1.88,1.0,1.12,1.12,1.88,3.0,3.25,2.62,1.88,2.12,1.12,3.88,1.0,2.0,4.25,3.75,1.88,3.0,1.0,3.0,1.0,1.0,1.0,3.12,1.0,1.0,3.0,4.0,2.25,1.0,1.25,1.0,2.12,1.5,1.75,1.75,2.0,4.12,3.88,3.31,3.61,2.04,2.19,4.3,2.04,1.92,2.0,2.32,4.49,1.11,3.92,2.07,3.82,4.41,2.14,2.27,4.0,2.07,3.19,2.33,3.38,3.52,2.44,1.32,3.76,3.21,1.86,2.54,4.2,1.87,1.24,1.2,2.24,3.3,1.41,1.33,1.63,2.62,3.65,4.84,Medical Transcriptionists,Healthcare Support
31-9095,2.5,2.0,3.0,1.88,3.0,2.0,1.38,2.12,1.0,2.12,2.88,3.0,2.38,1.88,1.0,1.88,1.62,1.75,2.75,3.12,2.38,2.88,2.0,2.25,3.38,1.0,2.62,4.0,3.5,1.88,2.88,1.0,3.25,1.5,1.62,1.62,2.62,1.0,1.38,3.5,3.38,1.88,1.25,2.12,2.12,2.62,2.75,2.75,2.12,1.75,3.25,3.0,2.92,4.06,2.9,3.31,4.39,2.78,3.32,3.0,3.65,3.39,2.28,3.55,3.85,3.36,4.34,3.5,3.29,4.05,3.56,2.97,4.07,4.04,3.89,2.25,2.43,3.35,2.66,2.9,3.96,3.21,2.95,2.38,2.34,3.67,3.03,3.48,2.28,3.23,3.79,4.16,4.51,Pharmacy Aides,Healthcare Support
31-9096,3.0,2.25,2.88,2.25,3.12,2.0,1.38,2.0,1.38,3.0,2.88,3.0,3.0,2.25,1.0,2.12,2.0,2.62,3.0,3.25,3.12,2.75,2.12,3.0,3.12,1.0,2.75,3.38,3.38,2.25,2.5,1.0,3.25,2.0,2.0,1.75,3.0,1.0,1.0,3.0,3.0,2.0,2.0,2.38,2.75,2.5,3.0,2.25,2.25,2.0,3.0,3.25,3.16,4.25,3.06,3.11,4.39,3.61,2.86,2.54,3.16,4.61,1.82,3.55,3.25,3.38,4.14,2.6,3.99,3.96,3.73,3.74,2.9,4.1,4.19,2.75,2.19,3.77,3.1,4.47,3.96,3.6,2.63,2.55,2.49,3.44,3.43,3.65,1.83,3.03,3.48,3.47,3.94,Veterinary Assistants and Laboratory Animal Caretakers,Healthcare Support
31-9097,3.75,2.12,3.12,2.25,3.38,2.0,1.12,2.0,1.75,2.38,2.88,3.25,3.12,2.5,1.0,2.0,1.88,2.0,3.12,3.25,3.0,2.25,2.25,2.38,3.88,1.0,2.12,3.5,3.5,2.38,3.0,1.0,3.62,1.75,1.88,1.75,3.0,1.0,1.12,3.38,3.25,2.12,1.75,2.25,2.12,2.5,2.25,2.75,2.5,1.62,3.5,3.12,3.38,4.57,3.73,3.27,4.41,3.0,3.73,3.0,3.64,4.18,2.36,4.09,2.86,4.18,4.45,3.32,3.36,3.91,3.77,3.64,3.59,4.23,3.82,2.86,2.32,4.14,3.64,3.73,4.09,4.27,2.73,2.55,2.27,3.86,3.73,2.0,2.86,2.95,4.05,4.32,4.41,Phlebotomists,Healthcare Support
31-9099,2.75,2.44,3.0,2.62,3.375,1.62,1.06,1.56,1.31,1.75,2.815,2.75,2.94,2.81,1.25,1.5,1.375,2.685,3.25,3.435,2.685,2.12,2.44,2.0,3.75,1.19,2.12,3.875,3.875,2.5,2.875,1.25,3.75,1.69,1.625,1.56,2.935,1.25,1.375,3.56,3.625,2.435,1.25,1.5,1.81,2.875,2.185,2.625,2.565,1.81,3.75,3.5,3.165,4.23,3.2350000000000003,3.075,4.505,2.75,2.86,3.2649999999999997,2.95,4.29,1.96,3.9,2.8099999999999996,3.825,4.1850000000000005,2.4,3.21,4.035,3.21,3.3,3.115,3.8600000000000003,4.2,2.24,2.49,3.865,2.825,3.1799999999999997,3.22,3.54,2.605,2.325,2.26,3.0549999999999997,3.245,2.08,1.8900000000000001,3.56,3.42,4.125,3.63,Speech-Language Pathology Assistants,Healthcare Support
33-1011,2.38,3.12,3.0,2.12,4.0,2.38,1.38,2.5,3.12,2.25,3.38,2.38,3.12,3.0,1.88,2.75,3.0,2.12,3.75,3.38,2.38,2.12,2.62,2.75,3.5,1.75,2.38,4.0,4.0,2.75,3.12,2.12,4.0,1.88,3.12,3.0,3.12,2.0,2.12,3.62,3.5,2.75,2.0,3.0,3.12,3.0,3.12,2.25,2.25,1.62,3.88,3.75,3.49,4.04,4.23,3.44,4.58,2.44,4.17,3.29,3.83,4.7,2.5,4.02,3.23,4.44,4.5,4.25,2.78,4.07,3.97,3.84,3.96,4.36,4.18,2.98,3.07,4.06,3.82,3.62,3.34,4.15,3.59,2.34,2.4,4.51,3.96,2.95,3.58,3.15,4.28,3.7,4.08,First-Line Supervisors of Correctional Officers,Protective Service
33-1012,3.0,2.88,3.25,2.88,3.88,2.5,1.0,2.12,2.38,2.0,3.0,2.75,3.12,3.12,1.88,2.12,2.0,2.5,3.88,3.75,3.0,2.62,3.0,2.88,3.5,1.88,2.5,4.0,4.0,3.0,3.0,2.12,4.0,2.38,2.88,2.88,3.5,1.88,2.25,3.62,3.62,3.0,2.0,2.12,2.75,2.88,2.75,2.5,2.75,2.0,4.0,3.88,3.78,4.2,3.93,4.18,4.41,2.87,3.94,3.8,3.81,4.48,2.65,4.23,3.17,4.03,4.7,4.19,3.3,4.2,3.2,3.8,3.39,4.34,3.54,3.4,4.19,3.86,4.05,3.41,4.32,3.95,3.86,2.52,2.57,4.14,3.71,3.3,3.64,3.55,3.9,4.13,4.08,First-Line Supervisors of Police and Detectives,Protective Service
33-1021,3.12,2.88,3.38,3.0,3.75,2.38,1.75,2.75,3.12,3.0,3.25,3.0,3.0,3.5,2.5,2.75,3.0,2.62,3.75,3.62,3.25,2.62,2.88,3.0,4.0,2.12,2.5,4.12,4.25,3.25,3.25,2.12,4.12,2.38,2.88,2.62,3.25,2.12,2.5,3.62,3.62,3.0,2.12,2.88,3.12,3.0,3.25,3.0,3.12,2.25,3.62,3.62,3.5,4.61,4.2,4.02,4.37,3.71,4.28,3.99,4.19,4.33,2.75,4.02,3.73,3.75,4.46,4.4,4.1,4.37,4.48,3.68,4.02,4.61,4.38,3.78,4.45,4.23,3.92,4.37,4.58,3.84,3.72,2.61,3.59,4.19,4.1,3.05,3.72,3.7,4.34,4.31,3.4,First-Line Supervisors of Firefighting and Prevention Workers,Protective Service
33-1091,2.38,2.75,3.0,2.62,3.88,2.38,1.12,2.0,2.0,2.12,3.88,2.25,3.62,3.12,1.88,2.0,1.88,2.88,4.0,3.5,2.25,2.12,2.75,2.5,3.88,2.75,2.25,4.0,4.0,2.62,3.25,2.38,4.0,2.12,2.25,2.38,3.5,2.12,2.38,3.62,3.88,3.25,1.12,2.38,2.12,2.75,2.75,2.88,2.5,2.25,3.75,3.62,3.13,3.4,3.95,3.38,4.64,2.39,4.32,3.06,3.98,3.82,1.59,3.57,2.88,3.84,3.98,4.12,2.22,4.6,3.58,3.04,3.44,4.61,3.8,2.59,3.25,3.79,3.01,3.38,3.45,3.74,3.03,2.59,2.35,3.89,3.43,2.67,3.24,3.29,3.48,3.43,3.9,First-Line Supervisors of Security Workers,Protective Service
33-2011,3.75,3.38,3.12,3.62,3.75,3.12,2.12,3.5,3.12,3.38,3.75,3.0,3.5,2.88,2.62,3.12,3.0,2.88,3.62,3.5,3.5,2.62,2.88,3.62,3.62,2.38,2.62,3.88,3.75,2.62,3.38,2.62,4.12,2.88,3.5,3.0,3.12,2.5,3.25,3.62,3.5,3.12,2.88,3.62,3.75,2.75,3.5,3.12,3.25,2.5,3.38,3.0,3.31,4.48,3.47,3.68,4.06,4.03,3.4,3.35,3.69,4.18,2.51,3.83,3.56,3.59,4.24,3.31,4.2,4.2,4.54,3.24,3.71,4.38,4.2,3.08,4.49,3.59,2.82,4.33,4.21,3.67,3.22,2.91,3.74,3.41,3.07,2.5,2.75,3.29,3.83,4.09,3.08,Firefighters,Protective Service
33-2021,2.62,2.5,3.5,2.25,3.88,2.5,1.12,2.25,2.12,2.25,3.12,2.25,3.5,3.12,2.25,1.75,2.25,2.38,3.75,3.75,2.5,2.38,2.62,2.38,3.62,2.0,2.5,4.0,3.88,3.0,2.88,2.38,4.12,1.88,2.0,2.0,3.38,2.0,2.38,3.38,3.38,2.62,1.25,2.25,2.25,2.62,2.75,3.12,2.75,2.25,4.0,4.0,3.66,3.64,3.08,4.53,4.33,2.41,3.3,3.31,3.39,4.59,2.48,4.05,3.37,4.66,4.46,3.02,3.11,4.32,4.38,3.99,3.55,4.2,3.85,2.71,3.42,4.01,3.34,3.74,4.61,3.71,3.09,1.84,2.2,3.45,3.83,2.43,2.46,3.16,3.33,4.53,3.94,Fire Inspectors and Investigators,Protective Service
33-2022,2.75,2.25,3.0,2.75,3.62,3.0,1.38,2.12,1.62,2.38,3.5,2.5,3.5,2.88,2.12,2.0,2.12,2.12,3.5,3.12,2.5,2.38,2.25,3.0,3.62,1.88,2.62,3.88,4.0,3.0,3.25,2.12,4.0,2.0,2.12,2.25,3.0,1.88,2.38,3.38,3.12,3.12,1.88,2.38,2.25,2.62,2.62,2.62,2.75,1.88,3.5,3.25,3.13,3.49,3.66,3.92,4.46,3.1,3.73,3.99,3.97,4.1,2.35,4.04,3.21,3.72,4.16,3.61,3.83,4.18,4.01,3.38,3.48,4.15,4.45,3.07,4.36,3.88,3.06,4.43,4.2,3.42,3.05,2.31,3.39,3.56,3.23,2.67,2.6,3.17,3.83,3.8,3.44,Forest Fire Inspectors and Prevention Specialists,Protective Service
33-3011,2.0,2.12,2.12,1.75,3.12,2.12,1.0,2.12,2.38,2.12,2.88,2.0,2.38,2.0,1.5,2.0,2.0,2.0,3.0,3.0,2.0,1.38,2.12,2.38,3.38,1.5,1.75,3.62,3.75,2.0,2.38,1.62,3.88,1.5,2.5,2.38,3.75,1.62,1.75,3.75,3.62,2.38,2.12,2.25,3.0,2.62,3.0,2.12,2.0,1.25,3.0,2.75,3.14,4.06,3.8,3.97,4.46,2.72,3.48,2.91,3.16,4.05,1.74,3.9,2.52,3.35,4.05,3.14,2.84,4.27,3.74,3.19,3.92,4.4,4.38,2.3,3.31,3.67,3.16,3.94,4.26,3.41,3.03,1.98,1.82,4.51,2.89,2.56,2.82,2.98,3.49,4.35,3.57,Bailiffs,Protective Service
33-3012,3.0,3.0,2.88,2.88,3.75,2.62,1.25,3.0,3.0,3.0,3.25,2.88,3.25,2.88,2.0,2.75,2.5,2.88,3.75,3.25,3.0,2.0,2.5,3.0,3.62,2.0,2.12,4.0,4.0,2.25,3.0,2.12,4.0,2.12,3.0,2.88,3.38,2.0,2.12,3.75,3.62,2.88,2.75,3.12,3.0,3.0,3.0,2.75,2.88,2.0,3.38,3.0,3.2,3.75,3.76,3.38,4.21,2.79,3.21,3.59,3.57,4.11,2.37,3.73,2.83,3.84,4.03,3.83,2.74,3.86,3.65,3.15,3.3,4.36,3.84,3.28,3.18,3.89,3.44,3.4,3.08,3.62,3.47,2.65,2.85,4.21,3.3,2.49,3.49,3.63,3.96,3.87,3.81,Correctional Officers and Jailers,Protective Service
33-3021,2.4166666666666665,2.4166666666666665,3.5,2.1266666666666665,4.0,1.9966666666666668,1.1266666666666667,1.8366666666666667,1.7066666666666668,1.75,3.206666666666667,2.1633333333333336,3.6666666666666665,3.2099999999999995,1.6666666666666667,1.7066666666666668,1.6266666666666667,2.0833333333333335,4.17,3.92,2.2466666666666666,2.6266666666666665,2.54,2.1233333333333335,3.8800000000000003,1.7933333333333332,2.46,4.126666666666666,4.0,3.0400000000000005,3.0833333333333335,1.8733333333333333,3.9133333333333336,1.8333333333333333,1.8733333333333333,1.9133333333333333,3.0833333333333335,1.6666666666666667,1.9166666666666667,3.8333333333333335,3.8333333333333335,2.92,1.75,1.71,1.8333333333333333,2.793333333333333,2.2066666666666666,2.54,2.793333333333333,2.04,4.0,3.8333333333333335,4.003333333333333,3.03,3.22,3.9966666666666666,4.513333333333333,2.11,2.9966666666666666,3.296666666666667,3.1133333333333333,4.34,1.8833333333333335,4.006666666666667,2.6799999999999997,3.61,4.61,2.8433333333333333,2.54,4.206666666666667,2.6533333333333333,3.733333333333333,3.1933333333333334,4.253333333333333,3.59,2.1966666666666668,2.9133333333333336,3.9433333333333334,3.3266666666666667,2.8433333333333333,3.2000000000000006,4.223333333333334,3.1666666666666665,1.7566666666666666,1.6633333333333333,3.4233333333333333,3.0766666666666667,2.3699999999999997,2.18,3.6766666666666663,3.4,4.2700000000000005,4.173333333333333,Detectives and Criminal Investigators,Protective Service
33-3031,2.88,2.12,3.12,3.0,3.75,3.0,1.0,2.25,1.88,2.0,3.75,2.62,3.25,2.88,2.62,2.5,2.25,2.75,4.12,3.12,2.62,2.38,2.38,3.0,3.75,2.25,2.25,4.12,4.12,2.88,2.88,2.38,4.0,2.38,2.88,2.62,3.0,2.12,3.12,3.88,3.88,3.0,2.25,3.0,2.88,3.0,2.5,2.75,2.5,1.75,3.62,3.5,3.2,3.42,3.0,4.6,4.55,2.95,3.05,3.44,2.94,4.36,1.79,4.24,3.04,4.33,4.42,2.22,3.23,4.4,3.56,3.53,3.19,4.47,4.11,2.49,4.67,4.0,3.05,4.18,4.37,3.81,2.58,2.18,2.74,3.96,3.84,3.26,1.65,3.95,3.27,4.08,3.75,Fish and Game Wardens,Protective Service
33-3041,2.62,2.38,2.88,3.0,3.0,2.75,1.0,2.0,2.0,2.38,3.12,2.75,2.25,2.0,2.25,2.38,2.0,2.25,3.0,3.25,2.5,2.0,2.25,2.75,3.25,2.0,2.0,3.25,3.62,2.0,3.0,2.0,3.12,2.0,2.38,2.38,3.0,2.12,2.62,3.38,3.12,2.25,2.0,2.62,2.62,2.62,2.88,2.88,2.12,1.62,3.0,3.12,3.49,3.94,3.05,3.94,4.4,3.68,3.1,3.03,2.87,4.3,2.55,3.88,2.78,4.25,4.16,2.91,3.31,4.32,3.59,3.28,3.73,3.86,3.79,2.46,4.37,3.59,2.85,3.29,4.21,4.19,2.69,3.34,2.97,3.54,3.48,2.31,2.49,3.33,3.83,3.85,3.5,Parking Enforcement Workers,Protective Service
33-3051,2.75,2.815,3.13,2.56,4.0649999999999995,2.75,1.25,2.5,2.625,2.5,3.435,2.75,3.44,2.94,2.31,2.375,2.31,2.435,4.125,3.565,2.815,2.315,2.875,3.0,3.875,2.19,2.315,4.25,4.0600000000000005,2.81,3.185,2.25,4.25,2.44,2.81,2.685,3.25,2.315,2.38,3.88,3.685,3.0,2.31,2.5,2.875,3.0,2.88,2.75,2.56,2.13,3.88,3.56,3.96,3.5650000000000004,3.3,4.09,4.465,2.86,3.3200000000000003,3.26,3.34,4.34,1.9749999999999999,3.975,3.25,4.265000000000001,4.654999999999999,3.33,2.9,4.529999999999999,3.505,3.8,4.045,4.48,4.06,2.6550000000000002,3.8899999999999997,3.5949999999999998,3.56,3.58,4.58,4.195,3.14,2.27,2.165,4.12,3.25,2.645,2.44,3.165,3.67,4.25,4.4,Police and Sheriff's Patrol Officers,Protective Service
33-3052,3.0,3.12,3.0,2.62,3.75,2.88,1.0,2.88,3.0,2.88,3.75,2.5,3.38,3.0,2.5,2.75,2.88,3.0,3.88,3.38,3.0,2.12,2.38,3.0,3.75,2.62,2.0,4.0,4.0,3.0,3.0,2.75,4.12,2.5,2.88,3.0,3.25,2.62,2.62,3.88,3.62,3.12,2.0,3.0,3.0,3.0,3.12,2.75,2.62,2.12,3.38,3.75,3.52,4.07,3.51,3.77,4.4,2.24,3.13,3.58,3.16,4.65,1.73,3.75,2.99,3.46,4.2,3.7,3.1,4.4,3.1,3.7,3.48,4.61,3.76,2.6,4.17,3.48,3.3,4.36,4.5,4.41,3.19,2.16,2.02,4.52,3.42,2.76,2.74,3.5,3.71,4.19,3.67,Transit and Railroad Police,Protective Service
33-9011,3.0,2.0,3.0,2.62,3.62,2.25,1.25,2.0,2.0,2.12,3.0,2.5,2.75,2.75,2.0,2.0,2.0,2.0,3.25,3.0,3.0,2.0,2.0,3.0,3.0,2.0,2.0,3.88,4.0,2.62,2.12,2.12,4.0,2.0,2.0,2.0,3.0,2.0,2.25,3.25,3.0,2.0,2.0,2.12,3.0,2.88,2.75,2.0,2.0,1.88,3.0,3.0,3.76,3.46,3.35,4.54,4.42,2.19,3.32,3.2,3.44,4.58,1.88,4.04,2.62,4.0,4.31,3.19,3.96,4.0,3.54,3.42,3.36,4.72,3.68,3.0,4.38,4.27,3.62,4.15,4.56,4.15,3.48,1.77,2.33,4.08,3.54,2.68,2.46,3.73,3.73,3.92,3.73,Animal Control Workers,Protective Service
33-9021,2.12,2.12,3.12,2.38,3.88,2.25,1.0,1.38,1.25,1.5,3.12,2.25,3.25,3.0,1.88,1.38,1.38,2.25,4.12,3.5,2.0,2.5,2.12,2.12,4.0,1.5,2.38,4.0,4.0,3.0,3.0,1.75,4.0,1.62,2.0,2.0,3.38,1.75,1.88,3.62,3.62,2.75,1.0,1.12,1.38,2.75,2.25,2.12,2.25,1.75,3.88,3.88,4.12,1.92,2.56,3.99,4.12,1.82,2.94,3.69,2.52,4.5,1.72,3.89,3.06,4.09,4.75,2.5,1.8,4.6,2.94,3.39,3.87,4.31,3.79,2.82,3.47,3.81,3.82,2.4,3.22,3.96,2.53,2.4,1.95,3.08,3.78,2.54,1.72,3.48,2.8,4.03,4.34,Private Detectives and Investigators,Protective Service
33-9031,2.0,2.25,2.88,2.12,3.5,2.0,1.0,1.62,1.75,1.75,4.0,2.12,3.62,2.25,1.0,1.5,1.62,2.0,3.75,3.12,2.0,2.12,2.12,1.62,3.75,1.25,2.12,3.88,3.62,2.12,3.38,1.62,4.25,1.0,1.62,1.75,4.0,1.0,1.38,3.25,3.25,3.12,1.38,1.75,1.88,3.12,2.0,2.38,2.25,1.75,3.12,3.75,3.85,2.82,3.42,3.38,4.58,2.41,3.3,3.13,2.94,4.78,2.02,3.6,3.42,4.25,4.58,2.88,2.65,4.55,3.83,3.82,3.91,4.22,4.58,2.29,1.64,3.95,3.26,2.39,2.11,4.09,3.08,2.23,1.56,2.98,3.23,1.4,1.87,3.3,3.74,4.38,4.62,Gambling Surveillance Officers and Gambling Investigators,Protective Service
33-9032,2.38,2.88,2.25,2.25,3.25,2.12,1.0,2.12,2.12,2.0,3.75,2.0,3.12,2.25,2.12,2.12,2.0,2.88,3.0,3.0,2.12,2.0,2.25,2.25,3.38,2.12,2.0,3.62,3.38,2.25,2.88,2.12,3.88,2.25,2.25,2.38,3.38,2.0,2.38,3.25,3.38,2.5,1.75,2.75,2.75,2.88,2.88,2.88,2.38,1.88,3.0,2.88,3.95,4.15,3.5,4.2,4.54,2.61,4.13,4.11,3.46,4.48,2.42,4.45,3.63,4.2,4.58,3.79,2.61,4.76,4.17,3.48,3.42,4.27,4.02,3.04,3.92,4.23,3.35,3.96,4.37,4.11,3.16,2.15,2.07,4.19,3.72,2.67,3.77,3.77,4.24,3.87,4.11,Security Guards,Protective Service
33-9091,2.75,2.38,2.38,1.75,3.0,2.25,1.25,2.0,1.5,2.0,3.12,2.0,2.0,1.88,2.12,2.12,1.88,2.25,2.88,2.88,2.38,1.38,2.0,2.25,2.88,1.62,1.5,3.5,3.5,1.88,2.25,2.0,3.5,1.62,2.75,1.75,3.12,1.62,2.0,3.12,3.0,2.0,1.88,2.38,1.88,2.75,2.88,2.0,1.88,1.5,2.38,2.38,2.57,3.44,2.44,2.63,3.29,2.01,2.14,2.44,2.19,2.53,1.56,2.81,2.51,2.84,3.52,1.61,2.81,2.87,2.64,2.42,2.73,2.9,3.07,1.8,2.05,2.66,2.19,3.39,3.44,2.71,2.29,1.35,1.47,3.01,2.69,1.8,1.47,2.33,2.45,2.74,1.98,Crossing Guards and Flaggers,Protective Service
33-9092,2.5,2.5,2.5,2.0,3.12,2.38,1.38,2.12,2.0,2.5,3.5,2.0,3.12,2.25,2.0,2.88,2.38,2.12,3.0,3.0,2.12,1.5,2.25,2.75,3.0,1.25,1.75,3.25,3.5,2.0,3.0,1.88,4.0,1.75,2.12,2.25,3.25,2.0,2.12,3.25,3.12,3.0,2.0,3.0,2.88,3.0,3.0,1.88,2.0,1.0,2.75,2.62,2.34,4.59,3.29,3.34,3.82,2.66,3.02,2.47,3.18,3.91,1.87,3.43,2.75,2.66,3.85,3.3,3.19,3.74,4.06,2.62,3.0,3.88,3.53,2.79,2.83,3.25,2.38,4.44,4.1,2.98,3.06,1.58,2.52,2.88,2.64,2.02,2.43,2.63,3.55,3.82,2.5,"Lifeguards, Ski Patrol, and Other Recreational Protective Service Workers",Protective Service
33-9093,2.88,2.88,3.12,2.62,3.5,2.25,1.25,2.38,1.88,2.62,3.12,3.0,3.5,2.38,1.88,2.5,2.25,2.62,3.5,3.25,3.0,2.0,2.5,3.0,3.38,1.12,2.0,3.5,3.5,2.5,3.25,1.38,4.12,2.75,2.88,2.5,3.62,1.25,1.25,3.38,3.38,2.88,2.38,2.62,2.88,2.75,2.75,2.88,2.62,2.12,3.12,2.75,2.81,2.85,3.23,2.81,3.93,3.12,3.07,2.44,3.11,3.07,1.26,3.26,2.7,3.74,4.22,3.22,3.89,4.11,3.3,3.15,2.81,3.7,3.41,2.44,1.63,2.63,2.35,3.93,4.0,2.78,2.58,2.85,2.04,3.11,2.7,1.7,2.46,2.26,3.52,3.59,3.0,Transportation Security Screeners,Protective Service
33-9099,2.12,2.25,3.0,2.0,3.75,2.12,1.0,1.88,2.0,1.75,3.25,2.5,3.25,2.75,1.75,2.0,1.88,2.38,3.62,3.25,2.12,2.5,2.5,2.38,3.38,1.88,2.38,4.0,3.75,2.5,2.75,1.88,4.0,1.88,2.38,2.12,3.38,1.88,2.12,3.5,3.62,2.75,2.0,2.12,2.12,2.5,2.38,2.38,2.5,1.38,3.5,3.12,4.17,3.27,3.4,3.21,4.36,2.28,2.92,3.41,3.63,4.34,1.82,3.91,3.18,4.28,4.35,3.56,2.54,4.43,3.54,3.34,3.57,4.23,4.07,2.95,2.63,4.1,3.61,2.97,2.81,4.4,3.13,2.45,1.91,3.55,3.52,2.41,2.11,3.31,3.72,4.0,3.91,Retail Loss Prevention Specialists,Protective Service
35-1011,3.12,2.5,3.25,2.62,3.88,2.0,1.62,2.38,1.75,3.0,3.0,3.12,2.88,3.25,1.88,2.0,2.0,2.0,3.75,4.0,3.12,3.0,3.0,2.75,3.75,1.5,3.12,4.0,4.12,3.38,3.0,1.75,4.12,2.0,2.12,2.0,3.38,1.75,1.75,3.88,3.75,2.25,2.0,2.38,2.12,3.25,3.12,3.0,3.25,2.38,3.5,3.12,3.08,2.96,3.91,3.0,3.79,3.08,4.08,3.12,4.04,3.17,2.21,3.79,3.21,3.46,3.91,3.88,3.43,3.71,3.38,2.71,3.25,3.88,3.61,3.71,2.54,3.92,3.0,3.67,3.38,3.0,3.17,2.0,2.67,3.71,3.78,2.52,3.38,3.71,4.13,3.25,3.21,Chefs and Head Cooks,Food Preparation
35-1012,2.88,2.88,3.0,2.0,3.75,2.0,1.12,2.0,1.38,2.12,3.0,2.75,2.75,3.0,1.0,2.0,1.88,1.88,3.0,3.0,2.5,2.75,2.75,2.62,3.0,1.12,2.88,4.0,4.0,2.75,2.88,1.12,3.88,1.62,2.0,1.5,3.0,1.12,1.75,3.62,3.5,2.12,1.62,2.62,2.12,3.0,3.0,2.62,3.0,2.0,3.12,3.0,3.27,3.24,3.79,3.58,3.78,2.9,3.76,3.01,3.72,3.29,2.4,3.91,3.19,3.93,4.39,3.93,3.19,3.79,3.63,3.39,3.73,3.67,3.64,3.37,2.41,3.82,3.76,3.63,3.88,2.94,3.11,3.14,2.88,3.84,3.74,3.08,3.42,3.18,3.95,3.37,3.48,First-Line Supervisors of Food Preparation and Serving Workers,Food Preparation
35-2011,2.62,2.0,2.12,1.75,2.88,1.25,1.0,2.12,2.0,2.12,2.0,2.12,2.0,2.0,1.0,2.0,2.0,1.75,2.38,3.12,2.88,2.0,2.0,2.12,3.12,1.0,2.0,3.62,2.88,2.0,2.12,1.0,2.88,1.5,1.62,1.62,2.88,1.0,1.0,2.88,3.0,2.12,1.62,2.5,2.25,2.62,2.88,2.12,2.0,1.88,2.88,2.38,2.22,2.02,2.53,2.47,3.0,2.4,2.52,2.33,2.49,2.33,1.66,2.23,2.03,2.04,3.0,2.39,2.99,2.86,2.11,2.34,2.48,2.83,2.84,2.27,1.66,2.54,1.73,2.99,2.64,2.88,2.3,1.71,1.97,2.52,2.2,2.35,1.67,2.79,2.74,2.8,2.14,"Cooks, Fast Food",Food Preparation
35-2012,3.0,2.5,3.12,2.88,3.12,2.12,1.38,2.12,1.25,2.38,2.75,3.0,2.25,2.5,1.0,2.0,1.88,2.5,3.0,3.12,3.0,2.75,2.12,2.75,3.25,1.0,2.62,3.12,3.25,2.62,2.75,1.12,3.12,1.88,2.0,1.88,3.0,1.0,1.12,3.12,3.0,2.0,1.88,2.75,2.12,3.0,3.0,2.75,3.0,2.25,3.0,2.88,3.21,3.68,2.94,2.73,3.82,3.09,3.29,2.79,2.85,3.16,1.3,3.65,3.16,3.65,3.98,3.0,3.36,3.76,3.85,3.07,3.38,3.56,3.8,2.65,1.97,3.76,2.2,3.53,2.72,3.39,2.95,1.34,1.9,3.02,3.1,2.14,2.28,2.73,3.34,3.2,2.02,"Cooks, Institution and Cafeteria",Food Preparation
35-2013,3.0,1.88,3.0,2.75,3.12,2.0,1.38,2.12,2.0,2.0,2.75,3.12,2.5,3.25,1.0,2.0,2.0,2.0,3.0,3.12,3.12,2.0,2.12,2.88,3.38,1.0,2.25,3.0,3.12,3.0,2.62,1.0,3.25,1.88,2.0,1.88,3.0,1.0,1.0,2.88,3.0,2.12,1.0,2.0,2.88,2.38,3.0,2.88,2.62,2.38,3.0,2.88,2.36,2.77,2.5,3.0,2.73,2.62,2.69,2.8,2.23,2.85,1.27,3.92,3.28,3.28,3.92,2.65,3.19,3.4,2.77,1.96,3.0,3.65,3.44,3.46,2.42,3.96,3.15,3.62,3.12,3.08,2.04,1.24,1.65,2.77,3.16,3.08,1.76,3.73,2.65,3.32,2.54,"Cooks, Private Household",Food Preparation
35-2014,3.0,2.38,2.88,3.0,2.88,1.75,1.75,2.12,1.88,2.62,2.75,3.0,2.38,2.62,1.0,2.12,2.0,2.25,2.5,3.0,3.38,2.0,2.12,2.75,3.5,1.0,2.25,3.0,3.0,2.25,3.0,1.12,3.12,1.62,2.0,2.0,3.0,1.12,1.5,3.0,3.0,2.0,1.88,2.62,2.38,3.0,3.0,3.0,2.75,2.5,2.62,2.38,1.55,1.77,2.15,1.6,2.64,2.3,2.37,1.68,2.12,1.41,1.25,2.17,2.12,2.35,2.87,2.33,3.39,2.67,2.41,1.79,2.75,2.54,2.8,1.84,1.63,2.64,1.5,2.99,1.99,2.71,1.92,1.35,1.49,1.87,1.69,1.41,1.33,2.18,2.57,1.98,1.48,"Cooks, Restaurant",Food Preparation
35-2015,3.0,2.62,2.88,3.0,2.75,1.88,1.25,2.12,1.75,2.75,2.88,3.0,2.38,2.12,1.0,2.0,2.0,2.25,2.62,3.12,3.12,2.12,2.5,2.5,3.5,1.0,2.25,3.5,2.88,2.0,2.62,1.12,3.0,1.75,2.0,1.88,3.0,1.12,1.12,2.88,2.75,2.0,1.62,2.5,2.0,3.0,3.25,2.75,2.25,1.88,2.75,2.12,2.22,2.24,2.52,1.93,3.14,2.74,2.51,2.31,2.48,1.91,1.7,3.09,3.21,3.1,3.4,2.21,2.64,2.93,3.18,2.78,3.26,3.11,2.78,1.82,1.56,3.01,1.16,2.79,2.87,3.65,1.78,1.13,1.8,2.53,2.83,2.41,1.48,2.42,2.64,3.26,1.65,"Cooks, Short Order",Food Preparation
35-2021,2.88,2.0,2.62,2.0,2.62,2.0,1.25,2.0,1.75,2.5,2.38,2.88,2.0,1.88,1.0,2.0,1.88,1.88,2.5,2.75,2.88,1.88,1.88,2.12,3.0,1.0,2.0,3.0,2.88,1.88,2.0,1.12,2.62,1.38,1.62,1.25,2.62,1.0,1.75,2.88,2.88,2.0,1.5,2.5,2.25,2.12,3.0,2.25,2.0,1.88,2.25,1.88,2.38,2.52,3.07,1.79,3.26,2.42,2.81,2.16,2.97,2.43,1.64,3.4,3.37,3.59,3.94,3.38,3.24,2.9,3.01,1.61,2.53,3.66,3.19,2.16,2.14,3.25,1.93,3.43,2.63,2.53,2.22,1.73,1.5,1.97,2.16,1.77,1.71,2.26,3.2,2.43,1.88,Food Preparation Workers,Food Preparation
35-3011,3.12,3.0,2.88,2.5,3.0,2.12,1.0,2.12,1.38,2.62,2.88,3.0,2.75,2.75,1.0,2.75,2.12,2.0,3.0,3.25,3.12,2.25,3.0,2.75,3.25,1.0,2.5,3.75,3.88,2.88,2.75,1.12,3.0,1.75,1.75,1.75,3.0,1.12,1.25,3.12,3.25,2.12,1.75,2.5,2.25,2.88,3.0,2.62,2.5,2.0,3.0,3.0,2.7,3.44,3.33,3.12,3.49,2.11,3.46,2.7,3.16,3.2,1.54,3.99,3.77,3.31,3.74,3.45,3.65,3.41,3.62,2.39,3.61,3.45,3.23,3.55,1.9,3.4,2.61,3.36,4.07,2.94,2.72,1.9,1.97,3.29,3.0,3.28,2.56,3.33,3.66,3.22,2.57,Bartenders,Food Preparation
35-3023,2.87,2.5,2.375,2.5,2.565,1.75,1.06,2.19,1.62,2.375,2.44,2.685,2.375,2.31,1.0,2.125,1.94,2.315,2.37,2.935,2.875,2.06,2.375,2.375,3.125,1.0,2.31,3.375,3.31,2.25,2.375,1.125,2.87,1.815,2.25,1.56,2.75,1.125,1.435,3.25,3.19,2.31,1.375,2.37,2.185,3.0,2.94,2.31,2.065,2.06,2.56,2.375,2.26,2.9299999999999997,2.4699999999999998,2.5949999999999998,3.625,3.2800000000000002,2.745,2.5650000000000004,2.565,2.375,1.4300000000000002,3.37,2.42,2.435,3.435,2.3899999999999997,3.215,3.0,2.62,2.2750000000000004,2.84,3.01,3.075,2.265,1.565,2.96,1.7799999999999998,3.135,3.91,2.705,2.2750000000000004,1.95,2.0,3.21,2.4850000000000003,2.92,1.87,2.385,3.16,2.605,2.545,Fast Food and Counter Workers,Food Preparation
35-3031,3.0,2.62,2.62,2.12,3.0,1.75,1.38,2.5,1.88,2.75,2.75,2.88,2.25,2.12,1.0,2.88,2.12,2.0,2.75,3.0,3.0,2.12,2.62,2.5,3.0,1.0,2.0,3.88,3.75,2.0,2.0,1.12,3.12,1.12,1.5,1.0,2.88,1.12,1.75,3.75,3.75,2.0,1.62,3.25,2.75,3.25,3.25,2.25,2.25,1.12,2.88,2.62,2.32,3.16,2.43,2.35,3.62,2.17,3.06,1.95,2.96,1.32,1.12,3.16,2.57,3.05,3.27,2.38,3.67,3.88,2.79,2.65,3.47,2.65,2.78,2.04,1.32,2.56,1.59,3.76,3.99,2.33,2.08,1.74,1.29,3.03,1.79,3.05,1.48,2.75,2.42,3.09,3.0,Waiters and Waitresses,Food Preparation
35-3041,2.88,2.12,2.25,2.0,2.88,2.0,1.0,2.12,1.38,2.38,2.62,2.25,2.12,2.0,1.0,2.38,2.38,2.0,2.88,2.88,2.88,2.0,2.12,2.25,3.12,1.0,2.12,3.5,3.12,2.0,2.12,1.0,2.88,2.0,2.0,1.62,3.0,1.0,1.5,3.0,3.0,2.0,1.75,2.25,2.38,2.25,2.88,2.12,2.12,1.88,2.75,2.5,3.17,3.64,3.21,3.21,3.82,3.08,2.93,2.28,2.73,2.79,1.63,3.44,2.44,3.15,4.27,2.78,3.79,4.38,3.29,2.48,3.08,3.31,3.33,2.92,1.69,3.31,2.19,3.93,4.09,3.15,2.68,1.7,1.65,3.21,2.26,2.31,1.93,2.69,3.25,2.9,2.8,"Food Servers, Nonrestaurant",Food Preparation
35-9011,3.12,2.12,2.5,2.0,2.62,2.0,1.88,2.88,1.5,3.0,2.88,2.88,2.0,2.0,1.0,2.62,2.25,2.12,2.5,3.0,3.12,2.0,2.0,2.88,3.0,1.0,2.0,3.0,3.0,2.0,2.0,1.12,2.5,1.12,1.38,1.75,2.38,1.0,1.5,3.0,3.0,1.88,1.88,3.12,3.0,2.25,3.5,2.12,2.25,1.88,2.12,2.0,2.43,3.34,2.9,2.45,3.93,2.34,3.09,2.82,3.17,2.42,1.98,3.73,2.65,2.49,3.39,2.57,2.86,3.29,2.62,2.5,3.03,3.03,2.86,2.57,1.82,3.04,2.04,2.62,3.86,2.88,2.27,2.17,2.35,3.27,3.13,2.69,2.4,2.99,3.13,2.74,3.04,Dining Room and Cafeteria Attendants and Bartender Helpers,Food Preparation
35-9021,3.0,2.0,2.62,2.75,2.0,1.88,1.12,2.0,1.75,3.0,2.5,2.75,2.0,2.0,1.38,2.62,1.88,1.75,2.0,2.88,3.62,1.62,1.88,2.88,3.0,1.38,1.75,2.88,2.75,1.88,2.0,1.62,2.75,2.25,2.0,1.88,2.62,1.5,1.75,2.62,2.75,1.62,2.25,2.75,2.75,2.0,3.0,1.88,1.88,1.5,2.0,1.88,2.43,2.84,2.73,1.74,3.04,2.63,2.48,2.36,2.53,1.97,1.91,2.49,2.38,2.85,2.85,2.23,3.4,2.79,3.11,1.87,3.31,2.99,2.89,2.3,2.32,2.6,2.25,3.04,2.14,2.09,2.48,2.21,2.56,2.42,2.63,1.69,2.22,2.19,3.07,2.17,1.95,Dishwashers,Food Preparation
35-9031,2.0,2.12,2.62,1.88,3.0,1.88,1.0,1.75,1.25,1.88,2.88,2.25,2.12,2.0,1.0,2.12,2.0,1.88,3.0,2.88,2.12,2.0,2.12,2.0,3.0,1.0,2.0,4.0,4.0,1.88,2.0,1.25,3.0,1.12,1.12,1.12,2.88,1.0,1.38,3.12,3.25,2.12,1.5,2.0,2.0,2.88,2.88,1.88,2.0,1.12,3.0,2.38,2.57,3.32,2.79,2.83,3.17,2.74,3.17,2.15,2.67,2.61,1.55,3.96,3.11,2.59,3.86,2.19,3.22,3.66,3.45,2.22,3.72,3.2,3.58,2.42,1.34,2.84,1.64,3.7,3.61,2.74,2.14,1.75,1.33,3.58,2.01,2.77,1.93,2.15,2.77,2.56,2.09,"Hosts and Hostesses, Restaurant, Lounge, and Coffee Shop",Food Preparation
37-1011,2.75,1.88,3.12,2.5,3.12,2.0,1.12,2.25,1.38,2.25,3.0,2.5,2.62,2.75,1.25,2.12,2.0,1.88,3.0,3.25,3.0,2.12,2.12,2.5,3.25,1.5,2.5,3.62,3.88,2.62,2.5,1.5,3.25,1.75,1.88,1.75,2.62,1.38,1.75,3.25,3.25,2.12,1.75,2.5,2.75,2.25,2.88,2.5,2.12,1.88,3.0,3.0,3.24,4.13,4.19,2.43,4.55,3.24,4.44,3.36,4.09,3.47,2.63,4.06,3.44,3.77,4.2,4.37,3.64,3.85,4.37,3.8,3.55,4.11,3.73,4.04,2.56,3.89,3.84,3.51,3.69,3.61,3.59,3.05,2.78,3.78,3.91,3.32,3.67,3.28,4.27,3.74,3.74,First-Line Supervisors of Housekeeping and Janitorial Workers,Building & Grounds
37-1012,3.12,2.88,2.88,3.0,3.12,2.62,1.62,2.12,1.88,2.38,3.12,3.0,3.12,3.0,2.0,2.25,2.0,2.38,3.12,3.12,3.0,2.38,2.38,3.0,3.38,2.12,2.62,4.0,3.88,2.88,3.12,2.0,3.75,2.38,2.38,2.12,3.0,2.0,2.0,3.25,3.25,2.25,1.62,2.25,3.0,3.12,2.88,2.88,3.25,2.0,3.25,3.12,2.89,2.74,3.87,3.64,4.32,3.59,4.36,3.51,3.97,4.0,3.08,3.82,3.53,4.17,4.26,4.15,3.95,4.16,4.08,3.59,3.83,4.33,4.16,3.86,4.32,4.08,3.02,3.96,3.76,3.72,3.55,3.05,3.54,3.5,4.44,2.79,3.6,3.65,3.82,3.97,2.93,"First-Line Supervisors of Landscaping, Lawn Service, and Groundskeeping Workers",Building & Grounds
37-2011,3.0,2.0,2.62,2.62,2.75,2.0,1.25,2.12,1.5,3.0,2.75,2.75,2.12,2.12,1.5,2.75,2.25,2.0,2.5,2.88,3.0,1.5,1.88,2.88,3.25,1.0,1.5,3.0,3.0,2.12,2.12,1.0,3.0,2.0,2.0,1.75,2.88,1.0,1.25,2.88,2.75,2.0,1.75,2.75,3.0,2.12,3.25,2.12,2.25,1.88,2.25,2.25,2.73,2.97,2.95,2.17,4.15,2.78,3.34,3.26,3.52,3.1,1.69,3.0,2.88,3.17,3.63,2.76,3.6,3.41,3.73,2.95,3.02,3.72,3.47,3.08,2.32,3.88,2.33,3.78,2.82,3.22,2.84,2.69,2.87,3.07,3.3,2.21,2.39,3.33,3.29,3.05,2.76,"Janitors and Cleaners, Except Maids and Housekeeping Cleaners",Building & Grounds
37-2012,2.38,2.0,2.12,2.0,2.62,2.0,1.62,2.88,1.25,3.0,2.75,2.5,2.0,2.0,1.0,2.75,2.25,2.0,2.62,2.88,2.75,2.0,2.0,2.5,3.0,1.0,2.0,3.0,3.0,2.0,2.0,1.0,2.88,1.5,1.38,1.5,2.88,1.0,1.0,2.88,2.88,2.0,1.88,3.0,2.88,2.0,3.12,2.62,2.0,1.88,2.5,2.0,2.19,3.4,2.55,2.32,3.31,2.46,2.68,2.27,2.48,2.6,1.41,2.83,2.06,2.62,3.29,2.08,3.17,2.83,2.85,2.8,2.46,2.52,2.82,2.56,1.53,3.06,1.56,3.85,3.31,2.65,1.89,2.02,2.3,2.63,2.64,1.97,1.76,2.19,2.55,2.56,1.72,Maids and Housekeeping Cleaners,Building & Grounds
37-2021,3.0,2.5,3.25,3.0,3.62,2.88,1.25,2.25,1.62,3.0,3.5,2.88,3.25,2.88,2.12,2.88,2.88,2.88,3.5,3.25,3.0,2.75,2.12,2.88,4.0,2.25,2.75,3.75,3.75,2.75,2.88,2.25,3.62,2.25,2.5,2.25,3.0,2.12,2.62,3.75,3.62,2.38,2.0,2.62,2.88,3.0,3.0,3.0,3.0,2.12,3.25,3.62,2.86,2.5,2.53,3.87,4.0,2.74,2.48,3.09,2.75,3.64,1.72,3.69,3.18,3.53,4.3,2.6,3.53,4.29,4.15,2.78,3.12,4.05,3.79,2.74,4.2,3.59,2.7,3.75,3.89,3.32,2.51,1.86,2.73,3.25,3.53,3.25,1.97,3.36,2.93,3.74,2.5,Pest Control Workers,Building & Grounds
37-3011,3.12,2.25,2.38,3.12,2.75,2.62,1.75,2.75,2.12,3.12,2.88,2.75,2.62,2.0,2.0,2.75,2.5,2.12,2.75,2.88,3.38,1.5,2.0,3.62,3.0,1.75,1.88,2.88,2.75,2.0,2.38,2.0,3.0,2.62,2.5,2.25,2.88,1.88,2.12,2.88,2.88,2.12,2.12,3.0,3.12,2.0,3.25,2.38,3.0,1.62,2.25,1.75,2.28,3.31,3.14,1.62,2.83,3.79,2.96,2.49,2.69,1.95,1.27,3.65,2.47,3.22,3.6,1.94,3.9,3.41,3.45,1.73,2.66,3.44,2.75,1.89,3.34,3.44,1.56,3.62,2.26,2.4,1.67,1.56,3.39,2.24,3.08,2.04,1.58,3.38,2.65,3.55,1.25,Landscaping and Groundskeeping Workers,Building & Grounds
37-3012,3.38,2.38,3.0,3.38,3.25,3.0,1.12,2.25,1.5,2.38,2.88,2.88,2.5,2.5,2.0,2.25,2.0,2.38,3.0,3.0,3.12,2.25,2.0,3.12,3.5,1.88,2.88,3.25,3.12,2.38,2.5,1.88,3.25,2.75,2.5,2.25,3.0,2.0,2.12,3.0,3.25,2.25,1.88,2.12,3.0,2.62,2.88,2.88,2.75,2.0,3.12,2.62,2.82,2.85,3.08,3.65,3.66,3.48,2.93,3.03,2.67,3.95,1.83,3.49,3.31,3.55,4.08,2.74,4.01,4.01,3.89,2.91,3.33,3.74,4.18,2.99,4.31,3.61,2.79,4.02,4.01,3.33,2.78,1.94,3.49,3.15,3.39,3.23,2.22,3.09,3.2,3.53,2.31,"Pesticide Handlers, Sprayers, and Applicators, Vegetation",Building & Grounds
37-3013,3.75,3.0,2.88,4.0,3.25,3.12,1.75,3.38,1.75,3.75,3.25,3.12,3.0,2.5,2.0,3.0,3.25,2.62,3.12,3.0,3.88,2.0,1.88,3.88,3.5,1.75,1.88,3.62,3.12,2.25,2.5,2.5,3.88,3.0,3.88,2.88,3.38,2.12,3.0,3.0,3.0,2.0,2.88,3.25,3.75,2.88,3.5,2.75,3.12,2.62,2.62,2.5,2.56,3.08,2.77,2.44,3.43,3.88,2.75,2.92,2.42,2.11,1.97,2.74,3.15,3.6,4.11,2.7,4.01,3.83,4.74,2.91,3.44,3.83,3.96,2.42,4.56,2.83,1.89,4.22,2.74,2.92,2.26,1.9,3.41,2.58,3.03,2.25,1.65,3.07,3.28,3.45,1.44,Tree Trimmers and Pruners,Building & Grounds
39-1013,2.38,2.62,2.88,2.5,3.62,1.5,1.38,2.12,2.38,2.12,3.25,2.62,3.0,2.75,2.0,2.12,2.12,2.25,3.25,3.38,2.38,2.62,3.12,2.38,3.62,1.62,2.88,4.0,3.88,2.5,2.75,1.62,3.75,1.62,1.75,1.62,3.5,1.75,1.75,3.75,3.75,3.0,1.62,2.25,2.25,2.88,2.75,2.62,2.38,2.25,3.5,3.5,2.63,2.83,3.23,2.51,3.85,2.13,2.9,2.34,3.18,3.34,1.36,3.34,2.27,3.55,3.76,3.65,2.56,3.17,2.41,2.77,2.91,3.36,3.01,1.94,1.44,3.22,2.95,2.85,4.51,3.03,2.45,1.98,1.75,3.54,2.71,2.22,2.28,2.29,3.0,2.98,3.66,First-Line Supervisors of Gambling Services Workers,Personal Care
39-1022,2.12,2.5,3.0,1.62,3.5,1.75,1.0,2.0,1.5,2.0,2.88,2.0,2.62,3.0,1.0,2.0,1.88,2.0,3.12,3.12,2.0,2.12,2.0,1.88,3.25,1.0,2.0,4.0,4.0,3.0,2.5,1.0,3.88,1.0,1.0,1.25,3.0,1.0,1.0,3.75,3.75,2.0,1.0,2.12,1.88,2.88,2.62,2.0,2.12,2.0,3.75,3.25,3.27,3.27,3.53,3.53,4.26,2.43,3.35,3.18,3.1,4.06,1.76,3.53,3.31,4.02,4.48,3.36,2.86,4.24,3.9,3.39,3.59,4.06,3.84,2.67,2.3,3.32,3.87,2.75,3.46,3.51,2.7,2.03,1.85,3.42,3.46,2.84,3.54,3.07,3.71,3.62,4.14,First-Line Supervisors of Personal Service Workers,Personal Care
39-2011,2.88,2.62,3.0,2.75,3.12,2.88,1.12,2.62,1.38,2.88,3.0,2.88,2.88,3.12,1.75,3.0,2.12,2.62,3.0,3.25,3.0,2.0,2.38,3.0,3.0,1.75,2.0,3.38,3.62,3.12,2.88,2.0,3.75,2.25,2.62,2.75,3.0,2.0,2.0,3.25,3.12,2.62,2.5,3.0,2.88,2.75,3.0,2.38,2.62,2.12,3.0,3.0,2.59,3.1,3.4,3.67,3.85,1.68,3.17,3.31,2.93,3.53,1.36,3.84,2.54,2.96,3.68,2.83,3.36,3.82,2.54,3.59,3.65,4.18,3.3,2.69,2.55,3.5,3.01,4.13,3.99,2.69,3.59,1.33,1.45,3.23,3.3,3.3,2.13,3.91,4.03,3.32,2.62,Animal Trainers,Personal Care
39-2021,2.88,2.38,2.62,2.0,3.0,2.0,1.25,2.12,1.5,2.88,2.88,2.62,2.62,2.12,1.0,2.12,1.88,1.88,3.0,3.12,2.75,2.0,2.12,2.25,3.12,1.0,2.0,3.25,3.12,2.0,2.12,1.12,3.12,1.0,1.5,1.62,2.62,1.75,1.5,3.0,3.0,2.0,1.88,2.75,3.12,2.12,3.0,2.0,2.0,1.38,2.88,2.5,2.42,3.27,2.59,3.24,4.22,2.14,2.62,2.89,2.73,3.58,1.35,3.57,2.64,3.01,4.38,2.24,3.85,4.01,3.55,3.22,3.12,3.71,3.8,2.49,2.4,3.6,2.59,4.19,3.36,3.45,2.49,1.56,1.82,2.92,2.96,2.23,1.68,3.36,2.98,3.38,2.93,Animal Caretakers,Personal Care
39-3011,2.88,2.62,2.75,2.12,3.12,1.88,1.38,2.0,1.12,2.12,2.88,3.12,2.75,2.12,1.0,1.88,1.75,1.88,2.88,3.12,3.0,2.88,2.25,2.12,3.38,1.0,2.88,3.75,3.75,2.12,2.88,1.25,3.25,1.0,1.25,1.38,3.0,1.12,1.12,3.5,3.5,2.75,1.12,2.0,1.88,2.75,2.75,2.62,2.38,2.0,2.62,2.25,1.81,2.55,2.62,2.61,3.43,2.12,2.23,1.46,2.43,1.97,1.15,3.37,1.43,2.65,3.02,2.09,2.96,2.85,1.78,2.46,2.47,2.37,2.17,1.86,1.27,1.65,1.57,2.53,3.75,2.43,2.2,1.4,1.08,2.71,1.98,1.86,1.22,1.75,2.49,2.37,1.51,Gambling Dealers,Personal Care
39-3012,2.38,2.25,2.62,1.88,3.12,2.0,1.12,1.38,1.0,1.5,3.12,2.75,2.38,2.12,1.0,1.75,1.0,1.88,3.0,3.25,2.62,3.0,2.25,2.0,3.62,1.0,3.0,4.0,3.75,2.0,2.75,1.12,3.38,2.0,2.0,1.25,2.88,1.0,1.12,3.38,3.38,2.38,2.0,2.12,1.5,2.88,2.25,2.38,2.0,1.25,3.0,3.0,2.06,3.23,2.59,3.1,3.59,2.31,3.01,1.95,2.57,2.51,1.39,3.51,2.07,2.71,3.66,2.52,2.15,3.17,2.63,2.61,2.57,2.98,3.14,2.02,1.46,2.33,2.78,2.32,4.12,3.32,1.97,2.1,1.89,2.84,2.36,2.72,1.99,2.35,3.02,3.05,2.75,Gambling and Sports Book Writers and Runners,Personal Care
39-3021,3.0,2.75,2.88,3.12,2.75,1.88,1.0,1.88,1.25,2.0,4.0,3.0,2.75,2.0,1.75,2.0,1.38,2.75,2.75,3.0,3.0,1.38,1.88,2.62,3.88,1.88,1.75,3.12,3.12,2.0,3.0,1.62,3.12,2.62,3.0,1.75,3.0,1.75,1.5,3.0,3.0,2.0,1.5,1.88,2.0,2.75,2.0,3.0,2.62,1.62,3.0,2.62,2.07,1.92,2.37,2.39,3.82,3.58,2.44,1.6,1.89,2.16,1.86,2.73,1.96,2.36,3.59,2.29,3.02,3.04,3.74,1.8,2.59,3.16,3.36,2.08,1.22,2.77,2.08,2.65,3.15,2.74,2.19,3.15,2.8,2.2,2.83,1.53,1.67,1.95,3.01,2.98,4.14,Motion Picture Projectionists,Personal Care
39-3031,2.25,2.25,2.5,2.0,2.88,2.0,1.0,2.0,1.38,2.0,2.75,2.5,2.5,2.25,1.0,2.0,2.0,2.12,2.75,2.75,2.5,1.88,2.12,2.0,3.12,1.38,1.88,3.25,3.25,2.25,2.62,1.12,3.0,1.62,1.62,1.5,2.88,1.0,1.5,3.38,3.0,2.12,1.38,2.12,2.12,2.5,2.62,2.5,2.0,1.62,2.88,2.25,2.04,3.11,2.47,3.0,3.17,2.86,2.52,1.84,2.57,2.75,1.28,3.17,2.21,2.32,3.57,2.31,2.41,3.26,2.54,2.32,2.48,2.96,2.66,2.2,1.25,2.3,2.32,2.56,3.98,2.32,2.06,2.02,1.82,3.11,2.4,2.89,1.74,2.27,2.82,2.89,2.7,"Ushers, Lobby Attendants, and Ticket Takers",Personal Care
39-3091,2.75,2.25,2.25,2.62,2.75,2.0,1.0,1.88,2.0,2.0,2.75,2.0,2.0,2.0,1.62,2.0,2.0,2.12,2.75,2.88,2.62,2.12,2.0,2.5,3.0,1.0,2.12,3.75,3.75,2.0,2.12,1.12,3.5,1.5,1.5,1.75,2.88,1.12,1.5,3.88,3.38,2.12,1.38,2.12,2.0,2.25,2.75,2.0,2.12,1.88,2.75,2.62,2.38,3.13,2.79,3.06,3.64,2.14,2.47,2.69,3.07,2.88,1.56,3.33,2.07,3.12,3.87,2.12,2.73,3.26,3.68,2.89,3.23,3.36,2.64,1.92,1.66,3.11,2.55,3.37,4.45,3.33,1.93,1.67,1.74,2.78,2.85,3.24,1.91,3.55,3.34,3.0,3.24,Amusement and Recreation Attendants,Personal Care
39-3092,3.0,2.25,3.12,2.25,3.0,2.0,1.0,2.12,1.62,2.25,2.5,3.0,2.5,3.12,1.5,2.0,1.88,2.12,3.0,3.12,2.88,1.62,1.62,2.25,3.25,1.0,1.75,3.62,3.62,3.0,2.25,1.0,3.25,1.62,2.0,1.5,3.0,1.0,1.0,3.12,3.0,2.0,1.38,2.12,2.25,2.0,2.38,2.75,2.5,2.0,3.0,2.88,2.67,3.19,2.65,1.95,4.19,3.04,3.39,2.61,3.02,2.88,2.1,3.78,3.09,2.16,4.17,2.86,4.07,4.04,3.12,3.14,3.14,4.1,3.34,2.7,1.55,3.71,2.29,3.63,1.6,3.17,2.54,1.46,2.13,2.98,2.81,1.45,1.99,4.24,2.76,3.09,2.4,Costume Attendants,Personal Care
39-3093,2.12,1.5,2.0,2.0,2.75,1.0,1.0,1.5,1.0,2.25,2.12,2.0,1.75,2.0,1.0,2.0,1.88,1.25,2.62,2.75,2.0,1.25,1.62,2.0,2.88,1.0,1.38,3.38,3.25,1.75,1.75,1.0,2.88,1.0,1.0,1.0,2.25,1.0,1.12,3.38,3.5,1.75,1.5,2.12,2.0,2.0,2.88,2.0,1.5,1.0,2.75,2.75,1.7,2.7,2.18,2.46,2.98,2.05,2.59,1.48,2.39,1.4,1.24,3.87,1.74,2.29,3.87,1.82,2.89,3.0,2.27,1.79,3.19,2.69,2.81,2.25,2.14,2.36,1.42,3.08,3.79,2.11,1.87,1.59,1.6,2.96,1.75,1.69,1.69,2.32,2.16,2.38,1.46,"Locker Room, Coatroom, and Dressing Room Attendants",Personal Care
39-4011,3.38,2.12,2.75,3.0,3.25,2.5,1.0,1.88,1.5,2.25,2.88,3.0,2.75,2.75,2.0,2.0,2.0,2.12,3.12,3.25,3.12,2.0,2.0,2.88,4.0,2.0,2.0,3.62,3.38,2.38,2.38,2.0,3.62,2.0,2.0,2.0,2.88,2.0,2.0,3.25,3.38,2.0,1.62,2.0,2.88,2.38,3.0,3.0,3.12,2.0,3.0,3.0,2.96,4.55,2.5,3.85,3.82,3.27,3.06,2.96,2.53,4.41,1.64,3.84,3.08,4.04,4.16,2.11,4.3,3.93,3.37,2.83,3.52,4.3,3.8,2.72,3.63,3.7,3.18,3.68,3.9,3.95,2.07,1.63,2.11,2.88,3.14,2.23,1.7,3.27,2.82,4.0,3.35,Embalmers,Personal Care
39-4021,2.25,1.75,2.0,2.12,2.88,2.12,1.12,2.0,1.62,2.0,2.75,2.0,2.0,2.25,1.75,2.0,1.75,1.88,2.62,2.88,2.0,1.88,2.12,2.5,3.12,1.62,2.0,3.25,3.25,1.88,1.88,1.75,2.88,1.88,1.88,1.88,2.25,1.5,2.0,3.12,3.0,2.0,1.38,2.0,2.75,2.25,2.5,2.0,2.12,1.5,3.0,2.75,2.38,4.24,2.49,3.49,4.14,2.57,2.84,1.81,2.91,3.03,1.64,3.86,2.11,2.87,3.88,1.95,4.02,3.29,3.0,2.94,2.73,3.33,3.33,2.27,3.85,2.75,2.39,3.49,4.41,2.7,2.14,1.76,2.16,2.5,2.16,1.93,1.51,2.45,2.61,2.7,2.5,Funeral Attendants,Personal Care
39-4031,2.88,2.38,3.0,2.88,3.12,2.25,1.12,2.12,1.75,2.25,2.75,2.62,2.75,3.12,1.75,2.0,1.75,2.12,3.0,3.25,2.88,2.62,2.25,2.75,3.25,1.75,2.62,3.75,4.0,3.0,2.12,2.0,3.62,1.88,1.88,2.0,3.12,1.75,2.12,3.75,3.75,2.12,1.38,2.12,2.62,2.88,2.38,2.12,2.75,2.12,3.12,3.12,2.73,4.43,2.79,4.07,4.33,3.02,3.71,2.92,3.72,4.46,2.0,4.53,2.9,3.73,4.57,3.46,4.22,3.52,3.32,3.35,3.64,4.35,2.97,3.09,3.61,4.36,4.1,3.86,4.69,3.77,3.91,1.93,2.27,3.96,4.37,3.59,2.8,3.83,2.74,3.95,3.7,"Morticians, Undertakers, and Funeral Arrangers",Personal Care
39-5011,3.88,2.0,2.25,3.0,2.88,2.12,1.12,2.25,1.25,2.25,2.12,3.38,2.0,2.75,1.0,1.62,1.62,1.75,2.75,2.75,3.38,1.75,2.0,2.38,3.62,1.0,1.88,3.62,3.25,2.5,2.0,1.0,3.0,1.38,1.5,1.25,3.12,1.0,1.0,3.12,3.25,1.88,1.0,2.12,1.88,2.75,3.0,2.5,3.0,2.25,2.75,2.25,2.44,3.46,1.96,3.06,2.35,2.93,2.51,2.56,2.22,1.71,1.25,3.75,2.59,3.2,3.02,1.89,3.45,2.64,3.13,2.27,3.21,3.39,2.61,2.11,1.49,2.52,1.67,3.85,4.67,2.75,2.41,2.58,2.68,2.79,3.03,2.27,1.74,3.88,2.08,3.27,1.43,Barbers,Personal Care
39-5012,3.88,2.25,3.0,2.88,3.0,2.0,1.12,2.25,1.38,2.75,2.38,3.88,2.88,3.25,1.0,1.88,1.62,2.0,3.0,3.0,3.88,2.38,2.0,2.88,4.0,1.0,2.12,3.75,3.75,3.75,2.62,1.0,3.12,1.0,1.0,1.0,3.0,1.0,1.0,3.25,3.62,2.5,1.0,2.12,2.0,2.88,2.88,3.12,3.5,2.0,3.0,2.88,3.0,3.93,2.96,3.56,3.38,2.48,2.97,2.65,3.23,3.33,2.06,3.98,2.76,2.77,3.59,2.6,3.17,3.53,2.37,3.37,2.4,3.79,3.22,2.5,2.2,3.56,2.67,3.49,4.27,2.56,3.09,2.36,2.34,3.62,3.2,3.99,2.3,3.83,3.54,3.9,2.95,"Hairdressers, Hairstylists, and Cosmetologists",Personal Care
39-5091,3.88,2.38,3.25,2.38,3.25,2.12,1.5,2.25,1.5,2.5,3.12,3.75,2.75,3.5,2.12,1.88,2.0,1.88,3.0,3.38,3.62,2.25,2.25,2.38,4.12,1.0,2.25,4.0,3.88,3.5,2.75,1.0,3.38,1.0,1.0,1.0,3.38,1.0,1.0,3.12,3.38,2.38,1.62,2.0,2.0,2.5,2.88,3.88,3.62,2.12,3.5,3.12,2.48,3.62,3.1,3.05,4.43,1.71,3.52,2.9,3.5,3.43,1.75,4.6,2.71,2.75,4.38,3.1,3.35,3.24,3.15,2.52,3.33,4.24,3.9,3.29,1.9,3.95,3.24,3.19,2.86,2.95,2.95,1.52,1.65,3.38,3.81,2.57,2.58,4.57,3.43,3.7,2.57,"Makeup Artists, Theatrical and Performance",Personal Care
39-5092,3.12,2.0,2.5,2.88,2.5,1.62,1.0,1.5,1.0,1.0,2.38,3.12,2.12,2.25,1.0,1.0,1.0,2.0,2.62,2.62,3.0,1.38,1.75,2.25,3.5,1.0,1.75,2.88,3.0,2.62,2.0,1.0,2.75,1.25,1.12,1.12,2.88,1.0,1.0,2.88,3.0,2.0,1.0,1.12,1.38,2.62,1.5,2.75,2.5,1.38,2.5,2.12,1.4,2.97,2.37,2.13,2.25,2.25,2.31,1.78,1.75,2.24,1.71,3.2,2.1,2.16,2.66,2.03,2.08,2.69,2.33,2.24,2.66,2.09,1.74,2.29,1.84,2.48,1.78,2.45,3.45,1.68,2.52,1.92,1.76,3.01,2.45,2.43,1.86,2.67,2.19,2.73,2.0,Manicurists and Pedicurists,Personal Care
39-5093,3.12,1.62,2.5,2.38,2.75,1.5,1.25,2.38,1.0,2.38,2.25,2.88,2.25,1.88,1.0,1.5,1.38,1.75,2.62,2.62,3.0,1.62,1.62,2.25,3.12,1.0,1.62,3.62,3.38,2.0,1.88,1.0,2.75,1.0,1.0,1.0,2.75,1.0,1.0,3.25,2.88,1.75,1.25,2.25,2.25,2.5,2.75,2.38,2.0,1.75,2.62,2.5,2.41,3.53,2.54,2.9,3.75,2.31,3.05,2.39,2.47,2.34,1.7,3.3,2.82,2.21,3.07,2.76,2.76,3.19,3.14,2.73,2.65,2.86,3.76,2.12,1.54,3.28,2.32,3.18,3.65,2.74,2.5,1.68,1.47,3.18,2.82,3.0,2.23,2.78,2.85,3.25,1.75,Shampooers,Personal Care
39-5094,3.25,2.12,3.0,2.88,3.5,2.0,1.0,2.0,1.12,2.25,2.38,3.12,2.75,3.0,1.12,1.5,1.25,1.88,3.0,3.0,3.0,1.62,2.0,2.38,3.88,1.0,1.75,3.88,3.88,2.88,2.38,1.0,3.25,1.25,1.38,1.25,3.12,1.0,1.0,3.5,3.5,2.12,1.0,2.0,2.0,2.38,2.25,2.88,2.62,2.12,3.25,3.0,2.94,4.53,3.46,3.28,4.26,3.51,3.79,3.14,3.59,2.87,2.07,4.36,3.13,3.9,3.85,2.51,3.41,3.47,4.09,2.62,4.0,3.34,4.2,2.98,1.69,4.32,3.9,3.73,3.95,3.03,3.97,2.06,1.89,3.79,4.25,4.32,2.26,3.46,3.96,4.32,3.88,Skincare Specialists,Personal Care
39-6011,2.75,2.88,2.75,2.88,2.88,2.5,1.12,2.62,1.88,3.0,2.75,2.62,2.25,2.38,1.88,2.62,2.12,2.0,2.88,2.88,2.88,2.0,2.0,3.25,3.0,1.75,2.12,3.75,3.75,2.38,2.62,1.88,3.0,2.12,2.12,2.0,3.0,2.0,2.62,3.12,3.5,2.0,2.0,3.0,3.5,3.0,3.75,2.0,2.25,1.75,2.88,2.75,2.92,4.08,3.3,3.8,3.9,3.51,3.02,2.56,3.29,3.38,1.65,3.52,2.83,3.2,4.22,2.69,4.35,3.98,4.03,2.84,3.43,3.59,3.37,2.58,4.27,3.34,2.52,3.86,4.68,3.4,3.23,1.9,2.64,3.09,3.48,3.2,2.36,2.89,3.26,3.38,3.17,Baggage Porters and Bellhops,Personal Care
39-6012,1.5,2.12,2.88,1.0,3.5,1.5,1.0,1.25,1.38,1.0,2.62,1.5,2.38,3.0,1.0,1.5,1.38,2.0,3.0,3.12,1.12,2.0,2.62,1.38,3.0,1.0,2.0,4.12,4.12,3.0,2.0,1.12,3.5,1.0,1.0,1.0,2.88,1.0,1.38,3.88,3.88,2.25,1.0,1.38,1.62,2.75,2.0,2.0,1.88,1.75,3.0,3.0,2.9,3.86,3.32,4.18,3.95,1.68,3.43,2.77,3.23,3.77,1.5,4.35,3.0,3.27,4.59,3.41,2.09,3.73,2.57,2.91,3.62,4.1,3.09,2.41,2.0,3.82,3.14,2.36,4.18,3.27,3.45,1.5,1.36,3.27,3.45,3.05,2.59,3.9,3.38,3.95,3.73,Concierges,Personal Care
39-7011,1.5,2.0,2.38,1.38,2.88,1.62,1.0,1.5,1.12,1.25,3.12,1.38,2.25,2.25,1.25,1.88,1.75,1.88,2.88,2.88,1.5,2.0,2.75,1.38,3.0,1.12,2.0,4.0,4.12,2.25,2.0,1.0,3.0,1.0,1.0,1.0,2.88,1.12,1.88,3.88,3.12,2.0,1.38,2.0,1.5,2.75,2.25,2.0,2.0,1.25,3.12,2.88,2.39,2.67,2.48,4.0,3.62,1.61,2.66,2.36,2.27,2.63,1.12,3.94,2.3,2.62,4.23,1.97,1.97,3.99,2.33,3.29,2.34,3.14,2.66,1.66,1.88,2.32,1.83,2.22,4.29,2.94,1.89,1.46,1.2,2.27,2.82,1.92,1.39,2.94,3.15,3.29,2.39,Tour Guides and Escorts,Personal Care
39-7012,2.38,2.38,3.12,2.12,3.25,2.25,1.0,1.62,1.62,1.5,3.0,2.12,2.75,2.88,1.75,1.62,1.5,2.25,3.12,3.25,2.12,2.25,2.38,2.12,3.38,1.75,2.5,4.0,4.0,3.0,2.75,2.0,3.38,1.62,2.12,2.0,3.0,1.75,2.62,3.88,3.88,2.62,1.0,1.88,1.62,3.0,2.12,2.12,2.62,1.5,3.88,3.12,2.75,3.58,2.7,4.52,3.19,2.77,2.7,3.21,3.0,3.59,1.53,4.23,3.0,2.88,4.35,2.56,3.19,4.39,3.13,2.87,3.54,4.09,4.27,2.72,2.89,3.33,2.79,3.35,4.62,3.23,2.32,2.07,2.08,3.53,3.28,3.22,1.86,4.13,3.44,3.57,2.82,Travel Guides,Personal Care
39-9011,2.56,2.315,2.94,1.56,3.37,2.125,1.185,2.31,1.69,2.75,2.935,2.56,2.88,3.06,1.5,2.435,2.0,2.125,3.25,3.0,2.37,1.81,2.62,2.5,3.06,1.5,2.0,3.94,3.875,3.0,2.5,1.5,3.75,1.5,1.56,1.87,3.06,1.62,1.625,3.375,3.435,2.62,1.685,2.435,2.565,2.94,2.69,2.25,2.685,1.63,3.25,3.0,2.205,4.475,3.17,2.555,3.8,1.58,3.1900000000000004,2.855,2.77,3.185,1.325,3.8600000000000003,2.0949999999999998,2.85,3.69,2.735,3.05,3.295,2.9699999999999998,2.56,2.7,3.95,3.25,2.42,2.125,3.55,2.075,3.7199999999999998,2.405,2.7199999999999998,2.475,1.4649999999999999,1.4849999999999999,3.5300000000000002,3.5,2.0300000000000002,1.63,3.795,3.3200000000000003,3.285,1.82,Childcare Workers,Personal Care
39-9031,2.75,2.0,3.0,1.88,3.0,1.75,3.0,3.12,3.0,3.88,3.0,2.0,2.12,3.0,1.0,3.88,3.0,1.88,3.0,3.0,3.0,1.88,2.25,3.0,3.0,1.0,2.0,3.0,3.88,3.0,2.0,1.62,3.0,1.5,1.38,1.38,3.0,1.0,1.75,3.62,3.0,2.0,1.88,3.88,3.12,2.88,3.62,1.88,2.0,1.75,3.0,2.88,2.52,3.9,3.86,2.4,3.67,2.33,2.33,3.48,2.76,2.86,1.62,4.14,2.24,3.29,3.95,2.52,3.57,3.05,3.43,3.24,2.71,3.57,3.05,2.14,1.48,3.81,2.76,4.52,4.1,2.76,3.0,1.86,1.8,2.9,3.15,3.1,2.05,4.1,4.0,4.24,2.67,Exercise Trainers and Group Fitness Instructors,Personal Care
39-9032,2.0,2.25,3.12,1.62,3.25,2.0,1.12,2.12,1.88,2.12,3.12,2.0,2.62,3.12,1.25,2.88,2.12,2.0,3.0,3.12,1.75,2.25,2.0,2.5,3.62,1.0,2.12,4.0,4.0,3.12,2.62,1.0,3.62,1.0,1.62,1.38,3.0,1.0,1.0,3.88,3.62,2.62,1.62,2.88,2.38,3.0,2.75,2.12,2.62,1.62,3.38,3.12,3.51,3.71,3.64,3.61,4.38,2.47,3.99,3.72,3.96,4.01,1.67,4.18,3.26,3.79,4.56,3.31,3.06,3.62,3.28,3.54,3.72,4.18,4.13,3.76,2.48,4.16,3.57,3.65,3.92,4.0,3.56,2.41,2.34,3.88,4.3,3.14,3.36,4.52,3.71,4.05,3.86,Recreation Workers,Personal Care
39-9041,1.88,2.12,2.75,1.38,3.38,1.88,1.0,1.88,1.25,1.88,3.0,2.0,2.62,2.88,1.38,1.88,1.88,2.25,3.12,3.0,2.0,2.0,2.0,2.0,3.12,1.38,2.0,4.0,4.0,2.88,2.5,1.38,4.0,1.38,1.75,1.75,3.0,1.38,1.62,3.75,3.62,2.5,1.62,2.0,2.0,2.88,2.0,2.12,2.5,1.25,3.38,3.12,3.11,4.75,3.53,3.49,4.18,1.86,3.81,3.46,3.61,3.93,1.7,4.35,2.99,3.89,4.09,3.29,2.71,4.12,3.69,3.12,3.24,4.0,4.02,3.05,2.23,4.43,3.75,3.12,3.47,3.72,2.92,1.84,1.66,3.7,3.73,2.56,2.65,3.31,3.45,3.29,3.57,Residential Advisors,Personal Care
41-1011,2.25,2.12,3.0,1.88,3.12,1.5,1.0,2.12,1.5,2.0,2.88,2.5,2.88,3.0,1.0,2.0,2.0,2.38,3.0,3.12,2.38,2.62,2.75,2.38,3.12,1.0,2.88,3.88,3.88,3.0,2.62,1.0,3.25,1.38,1.38,1.5,3.0,1.12,1.25,3.88,3.75,2.62,1.5,2.0,2.0,2.75,2.5,2.5,2.38,2.0,3.0,3.0,3.17,3.12,3.89,3.67,3.82,2.28,3.81,2.73,3.59,2.95,1.17,3.81,2.46,3.17,3.8,3.67,2.9,3.73,2.39,3.01,3.16,3.93,3.35,2.59,1.64,3.56,3.14,2.8,4.08,2.89,2.78,1.57,1.44,3.89,3.44,3.28,3.08,2.67,4.09,3.13,3.24,First-Line Supervisors of Retail Sales Workers,Sales
41-1012,1.38,2.0,3.5,1.5,3.75,1.75,1.0,1.25,1.12,1.0,2.88,2.12,2.75,3.5,1.0,1.0,1.0,1.88,3.75,3.62,1.5,3.12,2.62,1.0,3.62,1.0,3.0,4.0,4.0,2.88,2.62,1.0,3.5,1.12,1.25,1.0,2.75,1.0,1.12,3.88,4.0,2.38,1.0,1.25,1.0,2.62,1.75,1.75,2.75,1.38,3.75,3.5,3.83,2.9,4.4,3.76,4.57,2.81,3.86,4.06,3.85,3.54,1.4,3.75,2.83,3.75,4.38,4.38,2.27,4.28,2.71,3.39,3.72,4.39,3.56,2.93,2.39,3.75,3.21,2.18,2.9,3.75,3.5,1.95,1.7,3.77,3.79,3.72,3.22,3.22,4.21,3.54,4.25,First-Line Supervisors of Non-Retail Sales Workers,Sales
41-2011,2.5,2.0,2.75,2.38,2.62,1.5,1.0,2.0,1.88,2.12,2.12,2.62,2.0,2.0,1.0,2.0,2.0,2.0,2.62,3.0,2.5,2.38,2.62,2.12,3.25,1.0,2.62,3.5,3.5,2.0,2.38,1.0,3.0,1.5,1.5,1.75,2.88,1.0,1.0,3.12,3.0,2.0,1.0,2.12,2.12,2.88,2.5,2.12,1.88,1.75,3.12,2.38,2.36,2.42,2.43,3.03,3.03,2.49,2.14,1.73,2.14,2.37,1.46,3.13,2.01,2.57,4.19,1.91,2.68,2.95,2.02,2.14,2.27,2.75,2.92,2.17,1.64,2.42,2.6,2.58,4.02,2.29,2.18,1.53,1.34,2.44,1.94,2.43,1.95,2.23,2.67,2.57,2.87,Cashiers,Sales
41-2012,3.0,2.75,2.88,2.12,3.0,2.0,1.12,2.0,1.12,2.12,2.88,3.0,2.62,2.25,1.0,2.0,2.0,2.5,3.0,3.25,2.88,3.12,2.25,2.0,3.38,1.0,3.12,3.5,3.38,2.0,3.0,1.0,3.25,2.0,2.0,1.75,2.88,1.62,1.12,3.12,3.25,2.12,1.62,2.0,2.0,2.75,2.5,2.25,2.12,2.12,3.12,2.88,2.89,3.14,3.31,2.85,4.02,2.67,3.21,2.3,3.38,3.4,2.63,3.87,2.49,3.95,4.08,3.17,2.84,3.26,3.12,2.87,3.3,3.72,3.23,2.81,1.77,3.45,3.06,3.01,4.4,3.83,2.83,2.68,2.65,3.96,2.81,1.98,1.93,2.23,3.42,3.4,3.78,Gambling Change Persons and Booth Cashiers,Sales
41-2021,2.12,2.25,2.75,2.38,2.88,2.0,1.0,2.0,1.38,2.12,2.88,2.38,2.75,2.62,1.5,2.0,2.0,2.12,2.88,3.12,2.0,2.62,2.38,2.38,3.38,1.5,2.88,4.0,3.88,2.25,2.75,1.62,3.12,2.0,2.0,2.0,3.0,1.62,1.5,3.62,3.62,2.12,1.5,2.0,2.0,2.12,2.38,2.0,2.0,2.12,3.25,3.0,2.97,3.19,2.91,3.39,3.84,2.66,2.69,2.96,2.97,4.23,2.03,3.18,2.84,2.78,3.44,2.54,2.89,3.76,3.36,3.03,3.27,3.77,3.18,2.97,3.42,3.19,2.55,2.67,4.44,4.1,2.47,2.45,2.71,3.37,2.35,3.52,2.08,3.21,3.03,2.87,3.7,Counter and Rental Clerks,Sales
41-2022,2.88,2.62,3.12,2.12,3.0,1.75,1.0,1.88,1.62,2.25,2.88,3.0,3.0,2.75,1.75,2.0,1.88,2.12,3.25,3.5,2.88,2.75,2.62,2.75,3.88,1.5,2.88,4.0,4.0,2.75,3.0,1.62,3.25,1.75,1.75,1.88,3.0,1.62,1.88,3.62,3.75,2.88,1.12,2.0,2.62,2.75,2.75,2.75,2.75,1.75,3.75,3.38,3.18,2.97,2.93,4.3,3.95,3.01,3.42,3.18,3.16,4.0,2.74,3.92,2.53,2.87,4.36,3.02,3.46,3.84,2.73,3.44,2.99,4.23,3.66,3.22,3.21,3.7,3.53,3.05,4.28,3.7,3.0,2.81,2.53,3.56,3.55,3.69,2.63,3.29,3.4,3.91,4.48,Parts Salespersons,Sales
41-2031,2.25,2.12,2.88,2.0,2.88,1.88,1.0,1.88,1.5,1.88,2.38,2.38,2.25,2.88,1.0,2.0,2.0,2.0,2.88,3.0,2.0,2.62,2.75,2.0,3.0,1.0,2.62,3.88,4.0,2.88,2.5,1.0,3.12,1.38,1.5,1.0,2.88,1.0,1.0,3.62,3.62,2.12,1.5,2.0,1.88,2.75,2.5,2.12,2.5,1.38,3.0,3.0,2.75,3.05,2.51,2.82,3.65,2.97,2.88,2.82,2.79,2.73,1.42,4.01,2.7,2.75,4.09,2.33,3.44,3.6,2.53,2.99,3.37,3.88,3.33,1.88,1.85,3.14,2.38,3.01,4.71,3.1,2.26,1.88,1.88,3.45,2.6,4.4,1.57,3.08,2.64,3.55,3.46,Retail Salespersons,Sales
41-3011,1.38,2.0,3.0,1.88,3.12,2.0,1.0,1.0,1.0,1.0,2.75,1.62,2.88,3.25,1.25,1.0,1.0,2.0,3.12,3.0,1.0,2.75,2.38,1.88,3.38,1.25,2.75,4.0,4.12,3.25,2.75,1.25,3.12,1.38,1.38,1.38,3.0,1.5,1.38,4.12,4.0,2.75,1.0,1.0,1.0,2.88,2.0,2.5,2.88,1.12,3.88,3.5,2.98,2.36,2.57,4.72,3.98,1.47,2.54,3.45,2.76,3.32,1.25,4.52,2.76,3.05,4.24,2.3,1.63,3.21,1.76,2.98,3.27,3.97,3.14,2.16,2.53,4.19,3.54,2.09,4.27,3.47,3.23,1.4,1.06,4.1,3.35,4.94,1.82,4.31,2.36,3.7,4.12,Advertising Sales Agents,Sales
41-3021,1.0,1.88,3.12,1.5,3.25,1.38,1.0,1.0,1.0,1.0,2.38,1.75,2.88,2.88,1.0,1.0,1.0,1.75,3.12,3.12,1.0,3.12,2.25,1.38,3.5,1.0,3.0,4.0,4.0,2.75,2.62,1.0,3.25,1.0,1.0,1.0,2.75,1.0,1.0,3.75,3.62,2.5,1.0,1.0,1.0,2.62,1.75,1.75,2.0,1.5,4.0,3.62,3.26,2.05,2.06,3.25,3.29,1.46,2.34,3.33,2.61,3.14,1.42,4.22,2.46,3.47,4.02,2.21,1.67,3.11,2.07,3.02,3.13,3.46,3.04,2.08,1.99,3.68,3.31,1.66,3.41,3.36,2.62,1.46,1.22,3.02,3.22,4.01,1.6,3.13,2.16,3.3,3.88,Insurance Sales Agents,Sales
41-3031,1.12,2.25,3.25,1.12,3.75,1.25,1.0,1.0,1.0,1.12,2.5,1.0,2.88,3.25,1.12,1.0,1.0,2.0,3.38,3.38,1.12,3.25,2.5,1.12,3.38,1.12,3.12,4.12,3.88,3.0,2.75,1.12,3.5,1.0,1.12,1.12,2.88,1.12,1.38,3.62,3.5,2.75,1.0,1.0,1.0,2.38,1.88,1.62,2.0,1.88,3.62,3.5,3.9,2.03,2.66,3.98,3.85,1.53,2.76,3.08,2.74,3.63,1.11,4.23,2.91,3.96,4.27,2.56,1.26,3.7,1.58,3.75,3.4,4.08,3.19,2.47,1.51,3.88,3.08,1.62,3.49,4.08,2.95,1.24,1.19,3.29,2.99,3.73,1.69,3.17,2.59,4.01,4.42,"Securities, Commodities, and Financial Services Sales Agents",Sales
41-3041,1.62,2.62,3.0,1.5,3.12,1.62,1.0,1.38,1.0,1.0,2.12,2.25,2.5,3.0,1.0,1.0,1.0,1.75,3.0,3.25,1.75,2.88,2.88,1.0,3.88,1.0,3.0,4.0,3.88,3.0,2.12,1.0,3.5,1.0,1.0,1.12,3.12,1.0,1.0,4.0,4.12,2.25,1.0,1.0,1.0,2.88,2.12,1.75,2.25,2.12,3.88,3.12,3.5,2.4,2.62,4.23,3.78,1.44,2.78,2.41,1.96,3.76,1.55,3.93,2.82,2.58,4.56,2.46,1.59,2.83,2.18,3.3,3.43,3.53,2.62,2.42,1.48,3.47,3.76,1.34,4.07,3.89,2.55,1.71,1.87,3.42,2.95,3.76,2.22,3.03,2.93,3.8,4.6,Travel Agents,Sales
41-4011,1.375,1.81,3.0,1.625,3.44,1.94,1.0,1.06,1.0,1.19,3.0,2.065,2.875,3.06,1.06,1.06,1.06,1.81,3.06,3.06,1.25,2.88,2.69,1.56,3.25,1.0,2.88,4.0,4.25,3.0,2.56,1.06,3.25,1.0,1.0,1.0,2.815,1.0,1.375,3.81,3.75,2.815,1.0,1.125,1.125,2.37,1.94,2.185,2.69,1.19,3.75,3.565,3.065,2.21,2.35,3.7,3.685,1.7349999999999999,2.9850000000000003,3.1550000000000002,2.6799999999999997,2.935,1.9849999999999999,4.1850000000000005,2.92,3.1950000000000003,4.12,2.06,1.755,3.2750000000000004,2.465,3.07,2.815,3.435,2.9299999999999997,2.01,2.12,3.7199999999999998,2.96,1.955,2.465,3.17,2.66,1.615,1.34,3.12,3.0549999999999997,3.9699999999999998,1.7399999999999998,2.8449999999999998,2.63,3.34,3.825,"Sales Representatives, Wholesale and Manufacturing, Technical and Scientific Products",Sales
41-4012,2.0,1.88,3.12,2.12,3.12,1.88,1.12,1.38,1.38,1.62,2.25,2.12,2.38,3.12,1.62,1.5,1.38,1.62,3.0,3.12,2.12,2.38,2.25,2.0,3.12,1.5,2.38,3.88,4.0,3.0,2.12,1.62,3.12,1.5,1.62,1.75,2.38,1.38,1.5,3.88,3.75,2.12,1.25,1.5,1.38,2.25,2.0,1.88,2.12,1.5,3.75,3.62,2.81,2.95,2.58,3.94,4.22,2.44,2.76,2.96,2.19,3.92,1.48,4.27,2.99,3.02,4.47,2.45,3.24,4.19,2.01,2.58,3.15,4.41,4.04,2.81,4.0,3.71,3.31,3.45,3.79,3.75,2.31,1.07,1.05,3.66,3.12,4.88,1.15,3.93,2.22,4.4,4.07,"Sales Representatives, Wholesale and Manufacturing, Except Technical and Scientific Products",Sales
41-9011,2.12,2.75,3.0,1.75,3.12,2.0,1.0,2.12,1.5,2.12,2.88,2.38,2.62,2.75,1.0,2.0,2.0,2.62,3.0,3.0,2.0,2.12,2.62,2.25,3.12,1.0,2.12,3.88,3.88,2.88,2.75,1.0,3.0,1.62,1.62,1.0,3.0,1.0,1.38,3.88,3.75,2.25,1.0,2.12,2.25,2.75,2.75,2.75,2.88,1.5,3.0,3.0,2.8,2.67,2.64,4.07,3.81,2.58,2.73,2.73,3.26,2.85,1.91,4.14,2.74,2.52,3.58,2.43,3.08,3.26,3.14,3.01,3.49,3.36,2.68,2.1,1.6,3.13,2.68,3.13,4.74,2.56,2.61,1.75,1.5,2.41,2.48,4.72,2.16,3.31,3.07,2.99,2.02,Demonstrators and Product Promoters,Sales
41-9012,1.88,1.38,2.38,1.0,2.0,1.38,1.5,2.0,1.25,2.62,2.25,1.38,1.62,2.25,1.5,2.75,2.75,1.25,2.25,2.12,1.5,1.62,1.75,2.62,2.38,1.0,1.62,2.88,2.75,2.5,1.38,1.25,2.25,1.12,1.25,1.5,2.62,1.0,1.62,2.75,2.75,1.25,1.25,2.25,1.88,2.12,2.75,2.25,2.12,1.0,2.25,2.38,1.26,1.87,1.33,1.67,2.42,1.26,1.9,1.5,1.63,2.26,1.22,3.16,1.25,1.5,2.82,1.49,2.29,2.11,1.57,1.74,1.84,1.99,1.74,1.24,1.26,2.63,1.6,4.43,2.55,1.85,1.64,1.21,1.21,1.6,2.97,1.82,1.31,3.52,1.53,2.06,1.38,Models,Sales
41-9021,1.12,1.75,2.62,1.38,3.62,1.75,1.0,1.0,1.0,1.0,2.62,1.25,2.25,2.75,1.0,1.0,1.0,1.5,3.25,3.0,1.12,2.88,2.0,1.38,3.62,1.0,2.12,4.0,4.0,2.5,2.12,1.0,3.38,1.0,1.12,1.12,2.38,1.0,1.38,3.62,3.62,2.0,1.0,1.0,1.0,2.12,2.12,1.75,2.0,1.75,4.0,3.5,3.74,2.52,2.86,3.79,3.61,1.69,3.01,3.22,2.48,3.74,1.29,4.32,3.05,3.72,4.38,2.6,1.47,3.75,2.72,3.02,3.41,3.75,3.2,2.81,2.26,3.81,3.8,1.62,3.17,3.71,3.21,1.6,1.19,3.53,3.0,3.78,2.27,3.73,2.79,4.28,3.9,Real Estate Brokers,Sales
41-9022,1.62,1.88,3.12,1.75,3.25,2.25,1.12,1.38,1.25,1.25,3.12,1.75,3.0,3.0,1.75,1.25,1.25,1.88,3.12,3.12,1.5,3.0,2.62,1.88,3.0,1.75,2.88,4.0,4.0,2.88,2.5,1.88,3.0,1.75,1.75,1.75,2.62,1.88,1.88,3.88,3.88,2.75,1.5,1.38,1.38,2.5,2.25,2.62,2.75,1.5,3.88,3.38,3.5,3.26,3.32,4.3,3.85,1.6,3.5,3.6,3.74,3.65,1.55,4.4,2.4,3.55,4.3,2.95,2.0,3.42,2.79,3.8,3.2,4.35,3.3,2.8,3.7,4.3,3.63,2.55,4.2,3.45,3.63,1.75,1.6,4.65,3.95,4.3,2.58,3.85,3.16,4.21,4.4,Real Estate Sales Agents,Sales
41-9031,1.88,2.0,3.62,1.75,4.0,2.12,1.0,1.0,1.0,1.0,2.75,2.12,2.88,3.62,1.0,1.0,1.0,1.88,4.0,3.75,1.88,3.12,3.0,1.38,3.62,1.0,3.25,4.0,4.12,3.38,2.75,1.0,3.75,1.0,1.0,1.0,2.88,1.0,1.0,4.12,4.0,3.0,1.0,1.0,1.0,2.62,1.75,2.5,2.88,1.5,4.0,3.88,3.55,2.0,2.54,4.44,3.96,1.7,2.51,3.25,2.34,3.3,2.23,4.0,4.07,3.62,4.4,2.44,1.42,4.21,1.75,3.42,3.15,3.85,2.23,1.83,1.82,3.63,2.86,1.54,2.59,3.39,3.52,1.9,1.58,2.99,2.67,4.32,1.61,3.95,3.34,3.87,4.19,Sales Engineers,Sales
41-9041,1.62,2.12,2.25,1.5,2.75,1.25,1.0,1.0,1.0,1.0,1.62,1.75,1.88,2.25,1.0,1.0,1.0,1.75,2.62,2.62,1.5,1.62,1.88,1.0,2.88,1.0,1.75,4.0,4.0,2.25,1.5,1.0,2.88,1.0,1.0,1.0,3.12,1.0,1.0,3.75,3.62,1.75,1.0,1.0,1.0,2.12,1.62,1.5,1.62,1.62,3.12,2.75,3.81,3.7,2.2,4.46,4.21,1.92,2.49,3.68,2.62,3.36,1.39,3.94,2.71,3.56,4.34,2.56,2.0,4.0,2.16,3.47,3.18,4.02,3.24,1.67,1.43,3.64,2.55,1.31,3.0,4.08,2.8,1.8,1.56,3.75,3.04,4.85,1.22,3.54,2.89,4.17,3.61,Telemarketers,Sales
41-9091,1.12,1.5,2.5,1.12,2.88,1.0,1.0,1.0,1.0,1.0,2.38,1.62,2.12,2.88,1.0,1.0,1.0,1.5,2.75,3.0,1.25,2.12,2.25,1.12,2.88,1.12,2.0,3.88,4.0,2.88,1.5,1.0,2.88,1.0,1.0,1.0,2.5,1.0,1.25,3.5,3.5,1.75,1.0,1.25,1.38,2.5,2.12,1.75,2.0,1.5,3.0,3.12,1.88,2.54,3.65,3.83,3.3,1.42,2.65,3.0,3.57,2.92,1.12,4.26,2.08,2.17,3.71,3.39,2.38,2.62,1.58,2.57,2.46,2.75,2.67,2.25,2.13,3.65,3.04,2.18,4.46,2.83,2.61,1.29,1.12,3.08,3.3,4.58,2.48,2.88,3.39,3.0,3.52,"Door-to-Door Sales Workers, News and Street Vendors, and Related Workers",Sales
43-1011,1.38,2.75,3.25,1.0,3.62,1.88,1.0,1.5,1.25,1.5,2.88,2.62,2.75,3.38,1.0,1.38,1.25,2.5,3.5,3.62,1.5,2.75,2.5,1.75,3.5,1.0,2.62,4.12,4.0,3.38,2.62,1.0,3.75,1.0,1.0,1.0,3.0,1.0,1.0,3.88,3.88,2.62,1.0,1.38,1.5,2.88,1.62,2.12,2.62,1.5,4.0,3.88,3.98,3.19,3.97,3.59,4.2,2.33,3.6,3.51,3.66,3.98,1.4,3.7,2.96,3.95,4.29,3.73,2.68,3.95,2.98,3.44,3.69,4.21,3.75,3.69,1.94,3.71,3.48,2.72,3.05,4.2,3.47,1.85,1.75,3.86,3.34,2.41,3.75,3.55,3.63,3.65,4.47,First-Line Supervisors of Office and Administrative Support Workers,Office & Admin Support
43-2011,2.12,2.75,2.5,2.0,3.0,1.12,1.0,1.38,1.0,1.0,2.75,2.38,2.25,2.0,1.0,1.0,1.0,2.12,3.0,3.0,2.0,1.88,2.25,1.5,3.38,1.0,1.88,4.12,4.12,2.0,2.75,1.0,2.88,1.0,1.12,1.62,3.12,1.0,1.0,4.0,4.0,2.38,1.0,1.0,1.0,2.62,1.75,2.0,1.88,1.88,3.0,3.0,2.35,2.54,2.02,2.92,4.04,1.17,1.9,1.53,2.72,3.25,1.16,3.14,1.62,3.44,4.48,1.93,1.3,4.17,1.88,2.07,2.49,2.9,2.95,2.18,1.17,2.11,3.7,1.35,3.96,3.25,1.93,1.46,1.17,2.67,2.03,1.31,1.57,1.87,2.18,3.07,3.79,"Switchboard Operators, Including Answering Service",Office & Admin Support
43-2021,2.0,2.5,2.5,2.0,2.88,1.5,1.0,1.5,1.0,1.0,2.0,2.62,2.5,1.88,1.0,1.0,1.0,2.12,2.88,2.75,2.0,2.0,2.0,1.0,3.0,1.0,1.88,4.0,4.12,1.88,2.25,1.0,3.0,1.62,1.88,1.5,3.0,1.0,1.0,4.0,4.0,2.12,1.0,1.0,1.0,2.0,1.88,1.88,1.62,1.62,3.0,2.75,2.83,3.19,2.76,3.31,3.91,2.09,1.91,2.71,2.29,4.04,1.64,3.49,2.67,3.09,4.49,2.17,1.75,3.28,2.47,3.57,3.25,2.87,2.87,1.8,1.36,3.09,2.47,1.99,4.11,4.06,2.31,2.29,1.51,2.83,2.68,1.63,2.28,2.37,3.28,3.86,4.38,Telephone Operators,Office & Admin Support
43-3011,1.38,2.12,3.0,1.38,2.88,1.5,1.0,1.12,1.0,1.0,2.5,2.12,2.38,2.5,1.0,1.0,1.0,2.12,2.88,2.88,1.38,2.62,2.12,1.0,3.25,1.0,2.75,3.75,3.75,2.5,2.62,1.0,3.0,1.0,1.0,1.0,3.0,1.0,1.0,3.62,3.62,2.0,1.0,1.0,1.0,2.25,1.38,2.0,2.12,1.25,3.62,3.5,2.8,2.32,2.5,3.13,3.9,1.43,2.3,2.77,2.83,3.92,1.16,3.58,2.61,2.91,3.65,2.88,1.98,3.3,2.56,2.74,2.85,3.42,3.18,2.31,1.05,3.95,3.47,2.14,2.5,3.05,2.24,1.21,1.15,3.66,2.62,1.86,1.55,2.41,2.98,3.1,4.16,Bill and Account Collectors,Office & Admin Support
43-3021,1.88,2.12,3.12,1.75,3.12,1.0,1.0,1.62,1.0,1.0,2.12,1.88,2.88,2.12,1.0,1.0,1.0,1.62,3.0,3.5,1.88,2.88,2.5,1.0,3.62,1.0,3.12,3.38,3.5,2.0,2.62,1.0,3.25,1.0,1.0,1.12,2.75,1.12,1.0,3.25,3.38,2.38,1.0,1.0,1.0,2.12,2.25,1.75,1.88,2.38,3.62,3.38,3.24,2.6,2.43,3.79,4.28,1.63,2.65,2.28,2.27,3.6,1.26,2.73,1.84,3.9,4.53,1.89,2.11,2.77,1.59,2.85,1.72,3.39,2.86,1.5,1.49,3.72,3.75,1.6,2.17,4.28,2.27,1.31,1.24,2.78,2.54,1.53,1.43,2.48,2.54,4.09,4.67,Billing and Posting Clerks,Office & Admin Support
43-3031,2.0,1.88,3.12,2.0,3.0,1.0,1.0,1.38,1.0,1.0,2.62,2.5,2.75,2.12,1.0,1.0,1.0,1.75,3.12,3.12,2.0,3.88,2.38,1.0,3.88,1.0,3.5,4.0,3.5,1.88,2.88,1.0,3.5,1.0,1.0,1.0,3.0,1.0,1.0,3.0,3.12,2.25,1.0,1.0,1.0,2.0,1.75,1.75,2.0,1.62,3.88,3.62,3.13,2.16,2.19,3.57,3.82,1.89,2.57,2.57,2.38,4.05,1.09,3.97,2.48,3.34,4.26,1.91,1.79,3.7,1.67,2.75,2.23,3.48,3.33,2.73,1.27,3.71,3.68,1.65,3.08,3.72,2.47,1.17,1.13,3.01,2.64,1.6,2.1,2.43,2.41,3.44,4.46,"Bookkeeping, Accounting, and Auditing Clerks",Office & Admin Support
43-3041,2.12,2.38,2.88,2.0,3.25,1.38,1.0,2.0,1.38,2.25,2.12,2.25,2.5,2.12,1.0,2.0,1.62,1.62,3.0,3.25,2.12,3.62,2.62,2.0,3.88,1.0,3.62,3.88,3.88,2.12,2.88,1.0,3.62,1.25,1.12,1.12,3.12,1.0,1.12,3.75,3.25,2.0,1.25,2.12,2.0,2.38,2.88,2.0,2.0,1.5,3.12,3.0,2.92,2.46,3.12,2.92,3.64,3.04,3.2,2.27,3.1,3.42,1.63,3.21,2.47,3.58,4.04,2.88,2.86,3.41,3.01,3.03,2.71,3.57,2.95,2.81,1.36,2.85,2.92,3.17,3.9,3.27,2.18,2.15,1.88,3.1,2.25,1.82,2.21,2.14,3.49,3.25,4.07,Gambling Cage Workers,Office & Admin Support
43-3051,1.88,2.0,2.88,1.5,3.12,1.0,1.0,1.38,1.0,1.0,2.12,2.0,2.75,2.12,1.0,1.0,1.0,2.0,3.12,3.38,2.0,3.5,2.12,1.0,3.75,1.0,3.38,3.88,3.62,2.12,2.88,1.0,3.25,1.0,1.0,1.0,3.0,1.0,1.0,3.0,3.0,2.0,1.0,1.0,1.0,2.0,2.0,2.0,2.0,1.75,3.88,3.75,3.45,2.9,1.77,2.81,4.0,1.86,2.07,2.25,2.72,3.86,1.33,3.59,2.04,3.73,4.25,1.96,1.78,3.49,1.69,3.02,2.52,3.62,2.95,1.69,1.43,3.65,4.19,1.69,1.66,4.32,2.32,1.36,1.33,2.7,2.49,1.63,2.18,2.73,2.8,3.7,4.37,Payroll and Timekeeping Clerks,Office & Admin Support
43-3061,1.62,2.0,3.0,1.0,3.5,1.0,1.0,1.5,1.25,1.5,2.12,1.62,2.25,2.88,1.0,1.0,1.0,1.88,3.5,3.75,1.62,3.12,2.0,1.5,3.88,1.0,2.5,4.0,4.0,2.38,2.75,1.0,3.5,1.0,1.0,1.0,2.88,1.0,1.0,3.62,3.38,2.12,1.0,1.0,1.5,2.5,1.75,2.0,2.0,1.5,3.88,3.75,3.61,2.91,2.89,3.69,4.25,2.23,2.52,3.13,2.05,3.43,1.57,3.93,2.41,3.23,4.19,2.64,2.54,3.69,2.28,2.74,2.79,3.67,3.32,3.1,1.57,3.53,3.73,2.31,2.38,3.97,2.66,1.75,1.44,3.13,3.47,2.33,2.06,2.71,2.7,3.86,4.48,Procurement Clerks,Office & Admin Support
43-3071,2.75,2.12,3.0,2.38,3.12,1.62,1.0,1.62,1.25,1.62,2.75,2.75,2.88,2.88,1.0,1.75,1.25,2.0,3.0,3.62,2.12,3.12,2.12,2.0,3.5,1.0,3.88,4.0,3.88,2.25,3.0,1.0,3.62,1.88,1.88,1.5,3.25,1.0,1.0,3.75,3.88,2.5,1.5,1.62,2.0,2.88,2.25,2.25,2.12,2.0,3.25,3.25,3.7,3.32,2.62,3.26,4.16,2.89,2.93,2.81,2.87,3.65,1.97,4.2,3.13,4.16,4.06,2.69,2.52,3.8,2.99,3.32,3.48,3.92,3.55,2.54,1.77,3.47,2.75,2.51,4.32,3.98,2.55,2.42,1.75,3.93,3.19,3.67,2.1,2.8,2.7,3.87,4.28,Tellers,Office & Admin Support
43-4011,2.0,2.12,2.88,2.0,3.25,1.62,1.0,1.0,1.0,1.0,2.62,2.88,2.88,2.62,1.0,1.0,1.0,2.0,3.12,3.5,2.0,3.12,2.5,1.0,3.75,1.0,3.12,4.0,3.88,2.62,2.75,1.0,3.38,1.0,1.0,1.0,3.12,1.0,1.0,3.62,3.62,2.62,1.0,1.0,1.0,2.75,1.12,2.0,2.12,1.25,3.75,3.62,3.3,2.05,2.12,3.99,3.2,1.3,1.99,2.23,2.17,3.08,1.01,3.78,2.69,3.71,4.3,1.69,1.41,3.38,1.68,2.76,2.19,3.55,2.7,1.64,1.05,3.33,2.95,1.55,1.94,4.09,2.24,1.01,1.02,2.55,2.05,2.38,1.13,2.07,2.37,3.45,4.19,Brokerage Clerks,Office & Admin Support
43-4021,1.12,1.88,3.0,1.0,3.25,1.25,1.0,1.12,1.0,1.0,2.5,1.75,2.75,3.0,1.0,1.0,1.0,1.62,3.12,3.25,1.12,2.62,2.12,1.0,3.62,1.0,2.75,3.75,3.62,2.88,2.5,1.0,3.38,1.0,1.0,1.0,3.0,1.0,1.0,3.38,3.12,2.62,1.0,1.0,1.0,2.25,1.75,1.75,2.0,2.0,4.0,4.12,3.27,2.73,2.25,3.75,4.13,2.0,2.46,2.54,2.54,3.98,1.27,3.76,2.62,2.71,4.07,2.22,1.98,3.54,2.2,2.94,2.55,3.63,3.14,2.3,1.46,3.98,4.0,1.93,3.08,3.92,2.42,1.53,1.24,2.75,2.72,1.78,1.54,2.53,2.54,3.3,4.52,Correspondence Clerks,Office & Admin Support
43-4031,2.12,2.0,3.12,1.88,3.38,1.0,1.0,1.75,1.0,1.0,2.5,2.12,2.88,2.5,1.0,1.0,1.0,1.88,3.25,3.38,2.12,2.5,2.5,1.0,3.62,1.0,2.5,3.88,3.75,2.25,2.38,1.0,3.38,1.0,1.12,1.25,2.88,1.0,1.0,3.38,3.5,2.38,1.0,1.0,1.0,2.5,2.25,1.88,1.88,2.75,3.5,3.38,3.27,2.73,2.64,3.71,4.11,2.23,2.66,2.49,2.77,4.02,1.52,3.73,2.22,3.63,4.28,2.35,2.1,3.26,2.27,2.99,2.37,3.5,3.33,2.28,1.29,3.64,3.64,1.85,4.15,4.06,2.52,1.73,1.48,3.11,2.97,1.31,1.91,2.53,3.17,3.8,4.62,"Court, Municipal, and License Clerks",Office & Admin Support
43-4041,1.12,2.12,2.75,1.0,3.25,1.5,1.0,1.75,1.0,1.0,2.12,1.12,2.75,2.25,1.75,1.0,1.0,1.62,3.25,3.0,1.25,2.62,2.12,1.0,3.5,1.0,2.62,3.62,3.5,2.12,2.38,1.0,3.5,1.0,1.0,1.0,2.62,1.0,1.12,3.25,3.25,2.5,1.0,1.0,1.0,2.25,2.12,1.62,1.88,2.12,3.5,3.12,3.66,2.62,3.08,4.37,4.33,1.23,3.18,2.85,3.44,4.16,1.21,4.08,3.01,3.28,4.53,2.41,1.2,3.19,1.43,3.46,2.59,3.68,2.29,3.0,1.17,3.83,3.33,1.83,3.44,4.1,1.97,1.21,1.05,3.75,2.6,3.05,2.02,2.3,3.5,3.92,4.42,"Credit Authorizers, Checkers, and Clerks",Office & Admin Support
43-4051,2.0,2.25,2.75,1.88,3.25,1.25,1.0,1.38,1.25,1.38,2.25,2.38,2.75,2.75,1.0,1.25,1.12,2.0,3.12,3.12,2.0,2.75,2.5,1.25,3.62,1.0,2.38,4.12,4.12,2.75,2.38,1.0,3.88,1.0,1.0,1.0,2.88,1.0,1.0,4.0,4.0,2.38,1.0,1.25,1.38,2.25,1.38,2.0,2.12,1.5,3.38,3.62,3.48,2.43,2.76,4.51,4.59,2.28,3.86,2.78,3.11,3.91,1.73,3.69,2.94,3.07,4.21,2.79,2.69,3.62,2.36,3.8,2.48,3.98,3.65,2.67,1.85,4.02,3.95,2.55,4.37,4.3,2.71,1.92,1.46,4.01,3.25,2.74,2.55,2.94,4.02,4.16,4.54,Customer Service Representatives,Office & Admin Support
43-4061,1.88,1.88,3.12,1.88,3.62,1.0,1.0,1.12,1.0,1.0,2.25,1.88,2.62,2.75,1.0,1.0,1.0,1.75,3.62,3.38,1.88,2.62,2.12,1.0,3.25,1.0,2.25,4.0,4.25,2.5,2.25,1.0,3.38,1.0,1.0,1.0,2.88,1.0,1.0,3.88,3.75,2.12,1.0,1.0,1.0,2.25,1.75,1.75,2.12,1.62,3.88,3.88,3.75,2.73,2.34,3.96,4.3,1.07,2.62,2.65,2.91,4.37,1.18,3.62,2.25,4.43,4.64,2.39,1.22,3.11,1.38,3.75,2.69,3.95,2.89,2.21,1.52,3.91,3.45,1.57,4.59,4.47,2.04,1.34,1.17,3.42,3.14,1.3,1.79,2.82,2.3,4.15,4.7,"Eligibility Interviewers, Government Programs",Office & Admin Support
43-4071,2.62,1.75,4.0,2.0,3.12,1.38,1.12,1.88,1.25,2.0,2.88,2.62,3.0,3.0,1.0,2.0,2.0,1.62,3.0,4.25,2.5,2.12,2.38,2.12,4.0,1.12,2.25,3.88,3.75,2.88,3.38,1.0,3.0,1.12,1.25,1.0,3.38,1.0,1.0,3.25,3.12,2.5,1.12,2.0,2.0,2.38,2.38,2.0,2.0,2.25,4.12,3.5,4.19,3.17,2.66,3.87,4.09,2.69,3.23,3.43,3.62,4.16,1.58,4.27,2.38,3.94,4.14,2.91,2.56,3.84,2.36,3.72,3.39,4.18,3.82,2.53,2.27,4.5,3.98,2.58,3.38,4.47,3.09,1.75,1.85,3.77,3.73,2.31,2.54,3.13,3.59,4.28,4.56,File Clerks,Office & Admin Support
43-4081,2.12,2.25,3.0,2.0,3.0,1.38,1.0,1.5,1.5,1.38,2.75,2.5,2.25,2.88,1.0,1.38,1.5,2.0,2.88,3.0,2.12,2.75,2.12,1.5,3.25,1.0,2.75,3.88,3.88,2.88,2.12,1.0,3.25,1.0,1.0,1.0,2.88,1.0,1.75,3.38,3.38,2.12,1.0,1.38,1.62,2.25,2.12,2.12,2.0,1.25,3.0,3.0,3.21,3.18,3.06,3.3,4.24,1.99,3.3,2.63,3.0,3.47,1.42,3.91,2.35,3.11,4.47,2.92,2.63,3.94,2.56,2.8,3.13,4.29,3.16,2.58,1.72,3.37,3.42,2.57,4.41,3.75,2.7,1.7,1.58,4.08,2.57,3.31,2.22,2.87,3.19,3.61,4.55,"Hotel, Motel, and Resort Desk Clerks",Office & Admin Support
43-4111,2.0,2.12,3.12,2.0,3.25,1.12,1.0,1.12,1.0,1.0,2.25,2.0,2.25,2.38,1.5,1.0,1.0,2.0,3.25,3.38,2.0,2.25,2.25,1.12,3.38,1.0,2.25,3.88,4.0,2.5,2.0,1.0,3.25,1.0,1.0,1.12,3.25,1.0,1.0,3.88,3.88,2.12,1.0,1.0,1.0,2.25,1.62,2.0,2.12,1.38,3.5,3.38,4.22,3.68,3.6,4.21,4.62,1.91,3.55,3.9,3.67,4.38,1.64,4.36,2.56,4.47,4.4,3.32,1.98,3.7,2.28,3.57,3.81,4.32,3.11,2.99,2.05,4.35,4.38,2.35,4.22,4.3,3.34,2.09,1.92,3.94,3.19,1.95,3.11,3.15,3.86,4.19,4.93,"Interviewers, Except Eligibility and Loan",Office & Admin Support
43-4121,2.25,2.12,3.0,2.0,2.88,1.38,1.0,2.0,1.12,2.12,2.62,2.5,2.75,2.12,1.0,2.0,2.0,2.0,2.88,3.38,2.0,2.0,2.5,2.0,3.25,1.12,2.0,3.38,3.62,2.12,3.0,1.12,3.12,1.0,1.0,1.0,3.0,1.0,1.88,3.12,3.12,2.12,1.0,2.0,2.12,2.88,2.62,2.0,2.38,1.62,3.62,3.0,2.71,3.31,2.86,2.76,4.12,1.88,2.76,2.39,2.47,3.45,1.2,4.15,2.28,2.73,4.19,2.27,4.04,3.2,2.25,2.82,2.82,3.24,3.81,2.84,1.06,3.26,3.23,2.59,3.86,3.81,2.05,2.12,1.09,2.92,2.97,1.51,1.56,3.09,2.57,4.11,4.65,"Library Assistants, Clerical",Office & Admin Support
43-4131,1.38,2.0,3.0,1.5,3.62,1.38,1.0,1.25,1.0,1.0,2.75,2.62,2.88,3.0,1.0,1.0,1.0,2.12,3.62,3.75,1.38,3.12,2.12,1.0,3.75,1.0,3.0,4.12,4.0,2.62,2.75,1.0,3.75,1.0,1.0,1.0,3.12,1.0,1.0,4.0,4.0,2.75,1.0,1.0,1.0,2.88,1.62,2.12,2.62,1.38,4.12,3.62,4.0,2.34,2.53,3.62,4.12,2.01,2.17,2.87,2.94,3.32,1.05,4.01,2.57,4.35,4.41,1.95,1.72,3.87,3.18,3.54,2.64,4.02,3.29,2.12,1.04,3.96,3.53,1.56,4.38,4.35,1.96,1.84,1.52,3.29,2.69,3.18,1.51,3.21,2.21,4.0,4.92,Loan Interviewers and Clerks,Office & Admin Support
43-4141,1.88,2.12,2.88,1.88,3.25,1.0,1.0,1.38,1.25,1.0,2.25,2.38,2.5,2.62,1.0,1.25,1.12,1.75,3.12,3.12,1.88,3.0,2.62,1.0,3.75,1.0,2.88,4.0,4.0,2.12,2.75,1.0,3.12,1.0,1.0,1.0,2.75,1.0,1.0,3.62,3.62,2.5,1.0,1.25,1.0,2.5,1.88,1.62,2.0,1.5,3.75,3.0,2.6,3.07,2.96,3.3,4.1,2.31,2.66,2.66,2.78,2.7,1.16,4.06,1.89,3.89,4.36,3.03,1.97,3.37,2.37,2.46,2.85,3.88,3.65,1.78,1.38,3.3,2.68,2.21,3.78,3.49,2.28,1.14,1.13,3.67,2.47,3.3,2.08,2.29,2.99,3.42,3.66,New Accounts Clerks,Office & Admin Support
43-4151,1.88,2.38,3.12,1.62,3.12,1.5,1.0,1.62,1.0,1.38,2.62,1.88,3.0,2.5,1.0,1.0,1.12,1.75,3.12,3.25,1.75,2.62,2.25,1.25,4.0,1.0,2.88,4.0,4.0,2.25,3.12,1.0,3.5,1.12,1.38,1.12,3.0,1.0,1.0,3.88,4.0,2.88,1.0,1.12,1.0,2.75,2.0,2.5,2.12,2.0,3.75,3.38,3.93,3.15,2.76,3.85,4.76,2.81,3.13,2.88,3.4,4.38,1.91,3.72,3.05,3.99,4.76,2.07,2.45,3.41,3.04,3.13,3.4,4.37,4.73,2.49,2.08,4.66,4.43,2.28,2.82,4.51,2.99,1.71,2.14,3.85,3.3,3.08,1.88,3.23,3.94,4.2,4.31,Order Clerks,Office & Admin Support
43-4161,1.0,1.88,3.12,1.0,3.25,1.25,1.0,1.38,1.0,1.0,2.75,1.75,2.75,2.88,1.0,1.0,1.0,1.75,3.0,3.25,1.0,2.0,2.12,1.0,3.62,1.0,2.0,4.0,4.0,2.5,2.5,1.0,3.38,1.0,1.0,1.0,2.62,1.0,1.0,3.75,3.5,2.25,1.0,1.0,1.0,2.62,1.62,1.75,2.0,1.38,3.88,3.75,3.5,3.29,2.83,4.0,4.65,2.03,2.95,3.09,2.79,4.35,1.27,4.55,2.64,4.1,4.43,2.45,2.05,4.07,2.27,3.52,3.03,3.96,4.07,2.85,1.43,4.69,4.35,2.16,2.93,4.47,2.86,1.6,1.32,3.43,3.34,2.53,3.2,2.72,2.96,3.88,4.64,"Human Resources Assistants, Except Payroll and Timekeeping",Office & Admin Support
43-4171,2.0,2.25,2.62,2.0,2.62,1.25,1.0,1.12,1.0,1.0,2.75,2.25,2.38,2.5,1.12,1.0,1.0,2.12,2.75,2.75,2.0,2.38,2.5,1.5,3.12,1.0,2.5,3.88,4.0,2.38,2.62,1.0,2.75,1.0,1.0,1.0,3.0,1.0,1.12,3.75,3.88,2.12,1.0,1.0,1.25,2.88,1.38,2.0,2.12,1.25,3.62,3.38,2.19,3.68,2.51,3.61,4.14,2.41,3.24,2.46,2.36,3.43,1.3,3.6,1.96,2.98,4.37,2.45,2.06,2.76,2.52,3.09,2.78,3.9,2.94,2.04,1.34,3.29,3.37,2.02,4.29,3.57,2.37,1.75,1.12,3.66,3.28,2.12,2.2,2.42,2.48,3.46,4.57,Receptionists and Information Clerks,Office & Admin Support
43-4181,2.38,2.25,3.0,2.12,3.12,1.38,1.0,2.0,1.25,1.75,2.88,2.88,2.88,2.88,1.62,2.0,1.88,2.25,3.0,3.62,2.12,2.62,2.38,2.12,3.38,1.0,2.38,4.0,4.12,2.75,2.75,1.0,3.12,2.0,2.0,1.38,3.0,1.0,1.12,4.0,4.0,2.62,1.12,2.12,2.38,2.88,2.25,2.25,2.12,1.5,3.62,3.12,3.39,3.69,2.46,4.11,4.25,2.95,2.85,2.01,2.64,3.79,1.28,4.29,3.32,4.42,4.65,2.7,3.87,4.38,3.66,3.7,2.92,4.42,4.03,2.13,2.15,3.27,3.23,4.12,4.72,3.75,2.93,1.5,1.29,4.08,2.31,2.67,1.53,2.64,3.06,4.08,4.83,Reservation and Transportation Ticket Agents and Travel Clerks,Office & Admin Support
43-5011,1.88,2.25,3.06,1.75,3.19,1.94,1.0,1.5,1.56,1.62,2.63,2.06,3.0,2.69,1.5,1.5,1.5,2.125,3.06,3.25,1.75,2.69,2.435,1.625,3.375,1.5,2.935,3.94,3.94,2.5,3.0,1.56,3.31,1.56,1.625,1.56,2.94,1.5,1.62,3.0,3.0,2.56,1.0,1.56,1.625,2.815,1.685,2.31,2.565,1.56,3.88,3.25,3.4749999999999996,2.685,2.865,3.66,3.665,3.2249999999999996,3.245,3.115,2.88,3.875,3.0549999999999997,3.6550000000000002,3.56,3.675,4.305,2.98,3.435,3.8950000000000005,3.395,3.44,3.765,4.055,3.875,2.77,2.9800000000000004,3.4400000000000004,2.9299999999999997,3.145,3.31,3.5700000000000003,3.04,2.73,2.975,3.6399999999999997,3.37,3.25,2.69,3.56,2.915,3.3049999999999997,3.705,Cargo and Freight Agents,Office & Admin Support
43-5021,3.0,2.5,3.12,3.0,3.0,3.0,1.62,2.38,1.75,2.75,3.25,3.12,2.25,2.12,2.5,2.62,2.0,2.12,3.0,3.12,3.12,2.12,2.12,3.25,3.25,2.0,2.0,3.62,3.62,2.25,3.0,2.12,3.12,2.75,2.75,3.0,2.88,1.88,2.75,3.12,3.25,2.0,2.25,2.75,2.88,2.88,2.88,2.25,2.38,1.88,3.25,3.12,2.56,2.59,1.41,2.83,3.64,2.68,1.34,1.41,1.39,3.99,1.26,3.35,2.32,3.0,4.16,1.41,3.61,3.25,2.01,2.34,2.46,2.66,3.01,2.08,3.98,2.7,1.85,3.13,2.7,2.68,1.64,1.74,1.87,2.29,2.32,1.35,1.79,2.09,1.76,2.54,1.82,Couriers and Messengers,Office & Admin Support
43-5031,2.12,3.12,3.0,2.12,3.75,2.0,1.0,1.38,1.38,1.88,2.62,2.5,3.0,3.0,1.12,1.5,1.5,2.75,3.5,3.75,2.25,2.0,2.88,2.0,3.25,1.0,2.0,4.25,4.38,2.75,3.0,1.0,4.0,1.38,2.5,2.12,3.88,1.0,1.25,4.12,3.88,3.0,1.38,1.5,1.62,3.25,2.12,2.25,2.25,2.0,3.75,3.25,3.59,4.21,3.54,4.78,4.39,2.54,3.21,3.61,3.3,4.77,1.47,3.81,3.33,3.6,4.63,3.03,2.19,4.11,3.35,4.14,3.22,4.41,3.72,2.68,2.02,3.96,4.02,1.99,4.38,4.49,2.96,2.65,2.2,3.9,3.28,2.38,3.3,3.17,3.65,4.37,4.89,Public Safety Telecommunicators,Office & Admin Support
43-5032,1.75,2.5,3.0,2.0,3.75,1.62,1.0,1.12,1.0,1.0,2.88,2.62,2.75,2.88,1.0,1.0,1.0,2.25,3.0,3.12,2.0,2.25,2.62,1.0,3.75,1.0,2.25,4.0,4.0,2.75,2.88,1.0,3.62,1.0,1.0,1.12,3.25,1.0,1.12,4.0,4.0,2.88,1.0,1.0,1.0,2.88,1.62,1.75,2.25,1.5,3.62,3.62,3.24,2.88,3.09,3.42,3.89,2.35,3.85,3.12,2.79,3.66,1.49,3.8,2.94,3.18,4.68,3.13,2.01,4.35,2.89,2.98,3.67,3.92,3.69,2.11,2.23,3.48,3.03,1.84,3.48,3.28,2.52,1.73,1.86,3.64,3.29,2.43,2.29,3.0,3.42,3.31,4.12,"Dispatchers, Except Police, Fire, and Ambulance",Office & Admin Support
43-5041,3.0,2.25,2.88,3.0,2.75,2.75,1.0,2.12,1.75,3.0,3.0,2.75,2.5,2.12,2.38,2.88,2.38,2.12,2.88,3.12,2.88,2.62,2.12,3.0,3.5,2.0,2.62,3.25,3.25,2.25,3.12,2.0,3.0,2.5,2.38,2.5,2.88,2.0,2.25,3.0,3.0,2.25,2.5,2.75,2.88,2.25,3.12,2.75,2.25,2.25,3.0,2.75,2.88,2.55,2.24,3.7,3.85,2.55,2.42,2.19,2.66,4.34,1.92,3.49,3.16,3.05,4.09,2.01,3.5,3.45,3.8,2.7,2.76,3.44,3.36,1.74,4.03,3.08,2.44,3.94,3.42,3.72,2.19,2.23,2.26,2.75,2.95,1.85,1.64,2.56,2.72,3.13,3.41,"Meter Readers, Utilities",Office & Admin Support
43-5051,3.0,2.5,3.12,2.25,3.12,2.0,1.0,2.12,1.62,2.75,2.88,3.0,2.62,2.0,1.25,2.12,1.88,2.12,3.0,3.12,3.12,3.0,2.25,2.5,3.5,1.0,3.0,4.0,3.88,2.0,3.0,1.0,3.0,1.62,1.62,1.25,3.0,1.0,1.12,3.38,3.38,2.75,1.88,2.5,2.75,2.75,3.12,2.12,2.12,1.88,3.38,2.88,2.98,2.53,2.6,3.61,3.83,2.55,2.77,2.26,2.77,3.47,1.57,3.59,2.93,3.84,3.98,2.31,3.72,3.95,2.7,3.41,3.16,3.4,3.23,2.38,2.22,3.28,2.9,3.32,4.0,3.65,2.84,1.88,1.76,3.05,2.41,3.3,2.03,2.55,2.99,3.61,3.66,Postal Service Clerks,Office & Admin Support
43-5052,3.0,2.38,3.0,2.88,2.75,2.38,1.5,2.12,1.75,2.88,2.75,2.88,2.75,2.0,2.0,2.25,2.0,2.0,2.75,3.12,2.88,1.62,2.12,2.88,3.12,2.0,1.75,3.0,2.88,2.0,2.75,2.0,3.0,2.12,2.0,2.12,2.88,2.0,2.25,3.0,3.0,2.0,1.75,2.75,2.88,2.5,3.0,2.0,2.0,2.0,3.0,2.25,1.67,1.89,1.88,3.35,2.91,1.49,1.5,1.61,1.51,2.67,1.23,2.95,2.07,2.34,3.48,1.55,3.94,2.9,2.26,1.94,2.2,2.6,2.7,1.36,4.21,2.55,2.22,4.08,3.46,2.41,1.78,1.4,1.61,2.34,1.58,2.13,1.25,1.72,2.16,2.48,1.74,Postal Service Mail Carriers,Office & Admin Support
43-5053,2.88,2.25,3.12,2.88,3.0,2.0,1.75,2.38,1.5,2.88,2.62,3.0,2.38,2.0,1.0,2.0,1.88,2.25,2.88,3.12,3.38,2.0,2.12,3.12,3.75,1.12,2.0,3.0,3.0,1.88,3.12,1.12,3.0,2.25,2.5,2.0,2.88,1.0,1.25,3.0,3.0,2.12,1.88,2.38,3.12,2.0,3.0,2.0,2.0,2.38,3.12,2.5,2.6,2.59,2.86,1.79,3.74,3.07,2.6,2.06,2.23,2.64,1.6,3.3,2.16,2.65,3.52,1.8,3.79,3.18,2.59,2.54,2.76,2.91,3.0,1.36,2.24,2.58,1.87,3.79,1.8,3.08,2.57,1.98,1.97,2.2,1.94,1.34,1.45,2.09,2.72,2.95,2.98,"Postal Service Mail Sorters, Processors, and Processing Machine Operators",Office & Admin Support
43-5061,2.0,2.12,3.12,2.0,3.5,2.0,1.0,1.75,1.0,1.5,2.88,2.25,2.75,2.75,1.0,1.38,1.38,2.12,3.0,3.88,2.0,2.62,1.75,1.5,3.62,1.0,2.75,3.88,3.75,2.5,3.0,1.0,3.75,2.0,1.75,1.5,3.25,1.0,1.12,3.0,3.38,2.38,1.5,1.5,1.5,2.62,2.0,2.12,2.5,1.88,3.62,3.5,3.57,2.29,2.31,2.63,4.28,2.11,3.34,2.72,2.44,3.49,2.05,3.15,2.84,3.41,4.08,2.3,2.13,3.75,2.68,3.23,2.87,3.73,3.75,2.86,1.93,3.62,3.05,1.99,1.63,3.84,2.45,1.68,1.36,1.76,3.35,1.66,1.52,3.04,2.38,3.06,4.35,"Production, Planning, and Expediting Clerks",Office & Admin Support
43-5071,3.12,2.25,3.0,2.62,3.0,2.25,1.25,1.88,1.75,2.75,2.88,2.88,2.5,2.75,2.0,2.0,1.88,2.0,3.0,3.25,3.0,2.25,2.12,2.75,3.75,2.0,2.38,3.12,3.25,2.12,3.0,2.0,3.25,2.12,2.0,2.0,3.0,2.0,2.0,3.0,3.0,2.12,1.88,2.25,2.75,2.12,2.88,2.75,2.38,2.12,3.0,3.0,2.62,2.51,2.92,2.61,4.22,3.08,3.1,2.58,2.74,3.87,1.84,3.28,2.78,3.27,4.3,2.8,3.87,3.47,3.21,3.35,3.16,3.27,2.8,2.79,3.32,3.67,3.05,3.83,2.86,3.33,2.6,2.11,2.16,3.18,3.31,2.68,2.4,2.84,3.39,3.59,3.25,"Shipping, Receiving, and Inventory Clerks",Office & Admin Support
43-5111,2.88,2.5,3.38,2.62,3.12,1.88,1.0,2.0,1.62,2.38,3.0,3.0,3.12,2.12,1.5,2.0,2.0,2.25,3.0,3.25,2.75,3.0,2.5,2.25,4.0,1.5,3.0,3.25,3.25,2.25,3.25,1.62,3.38,1.88,2.38,1.62,3.25,1.62,1.62,3.0,3.12,2.25,1.62,2.0,2.25,2.75,2.38,2.75,2.5,1.5,3.38,3.12,3.57,2.75,3.57,3.14,4.4,3.76,3.73,2.94,3.44,4.36,2.29,3.51,3.87,3.87,4.11,3.2,3.78,3.88,3.89,3.44,3.91,3.77,4.29,2.8,2.88,4.05,3.1,3.37,2.49,4.23,2.8,2.83,2.72,3.05,3.19,2.37,2.57,2.78,3.62,4.06,3.89,"Weighers, Measurers, Checkers, and Samplers, Recordkeeping",Office & Admin Support
43-6011,1.75,2.25,3.12,1.62,3.12,1.25,1.0,1.25,1.25,1.12,2.88,2.62,3.0,3.0,1.0,1.0,1.0,1.88,3.0,3.38,1.88,2.88,2.75,1.62,3.88,1.0,2.62,4.0,4.0,3.0,3.12,1.0,3.25,1.0,1.0,1.25,3.0,1.0,1.0,3.88,4.0,2.62,1.0,1.0,1.38,2.88,1.5,1.88,2.25,2.12,4.0,4.0,2.82,3.47,2.71,4.45,4.64,1.96,3.2,2.65,2.84,3.79,1.25,4.53,2.51,3.36,4.5,2.39,2.77,3.92,2.28,2.86,2.93,3.67,3.42,2.73,1.42,4.49,4.43,2.22,3.1,3.98,2.32,1.68,1.5,3.14,4.26,2.04,1.78,3.73,2.3,4.15,4.41,Executive Secretaries and Executive Administrative Assistants,Office & Admin Support
43-6012,2.0,2.25,3.0,2.0,3.0,1.38,1.0,1.38,1.0,1.0,2.75,2.0,2.12,2.75,1.0,1.0,1.0,2.0,2.88,3.12,2.0,2.12,2.12,1.0,4.0,1.0,2.12,4.0,3.88,2.62,2.38,1.0,3.0,1.0,1.0,1.0,3.12,1.0,1.0,3.75,3.75,2.12,1.0,1.0,1.0,2.5,2.0,2.0,2.25,2.12,4.0,3.88,3.91,3.12,2.79,3.82,4.41,2.08,2.79,2.79,2.6,3.98,1.19,4.09,2.48,2.99,3.87,2.41,2.28,3.76,2.72,3.38,2.72,3.76,3.93,1.49,1.42,4.19,4.48,2.26,2.93,4.26,2.23,1.52,1.21,2.52,3.82,1.65,2.0,3.12,2.95,3.72,4.33,Legal Secretaries and Administrative Assistants,Office & Admin Support
43-6013,2.0,1.88,3.0,1.88,3.12,1.12,1.0,1.25,1.0,1.0,2.12,2.75,2.12,2.12,1.0,1.0,1.0,1.62,3.12,3.12,2.0,2.12,2.12,1.0,3.38,1.0,2.12,4.0,4.0,2.0,2.12,1.0,3.0,1.0,1.0,1.0,2.88,1.0,1.0,3.75,3.75,1.88,1.0,1.0,1.0,2.88,1.5,1.88,2.0,1.5,4.0,3.12,3.51,4.09,2.58,3.56,4.23,2.42,3.55,2.99,2.8,3.98,1.48,4.01,2.45,3.75,4.25,2.35,2.49,3.31,2.35,3.5,3.27,4.02,2.9,3.08,1.68,3.87,4.1,2.07,4.29,4.36,2.87,1.74,1.49,3.42,3.93,3.11,2.67,2.98,2.89,3.89,4.46,Medical Secretaries and Administrative Assistants,Office & Admin Support
43-6014,2.0,1.88,3.0,1.88,3.0,1.0,1.0,1.12,1.0,1.0,2.25,2.12,2.0,2.5,1.0,1.0,1.0,1.88,3.0,3.62,2.0,2.0,2.12,1.0,3.88,1.0,2.12,4.0,4.0,2.0,2.25,1.0,3.12,1.0,1.0,1.0,3.0,1.0,1.0,3.75,3.75,2.0,1.0,1.0,1.0,2.88,1.75,2.0,2.12,2.12,4.0,4.0,2.79,3.17,2.26,3.47,4.17,2.1,2.59,2.39,2.41,3.59,1.39,3.76,2.41,3.49,4.16,1.71,2.07,3.43,1.99,2.66,2.64,3.26,3.19,2.17,1.63,3.77,4.06,2.14,2.87,3.45,2.15,1.59,1.31,2.89,3.1,1.58,1.76,3.0,2.49,3.1,4.38,"Secretaries and Administrative Assistants, Except Legal, Medical, and Executive",Office & Admin Support
43-9021,2.0,2.12,3.12,2.0,2.88,1.88,1.0,1.62,1.62,1.88,2.75,3.75,2.75,2.12,1.0,1.38,1.5,2.0,3.0,3.5,2.0,2.38,2.38,1.62,3.88,1.0,2.12,3.5,3.0,2.0,3.5,1.0,2.88,1.62,1.38,1.0,3.38,1.0,1.0,3.25,3.5,2.5,1.0,1.5,1.62,2.75,2.0,2.0,2.38,3.12,3.88,3.12,3.55,2.38,2.55,3.28,4.27,2.39,2.8,2.69,2.77,4.41,1.66,3.56,2.82,4.1,4.25,2.83,2.42,3.44,2.07,3.15,3.61,4.21,3.34,1.93,1.55,3.85,3.91,2.54,2.68,4.5,2.26,1.65,1.65,2.44,2.58,1.85,1.75,2.9,3.28,4.11,4.71,Data Entry Keyers,Office & Admin Support
43-9022,2.0,2.12,3.0,2.0,3.0,1.38,1.0,1.5,1.0,1.0,2.38,3.0,2.5,2.0,1.0,1.0,1.0,1.62,2.62,3.12,2.12,2.38,2.0,1.12,4.0,1.0,2.25,3.38,3.12,1.88,3.0,1.0,2.88,1.0,1.0,1.25,2.88,1.0,1.0,3.0,3.5,2.25,1.0,1.0,1.0,2.25,2.0,1.88,2.5,3.12,3.75,3.25,2.86,3.12,2.29,3.53,3.99,2.42,2.13,2.33,2.34,3.89,1.62,3.95,2.68,3.26,3.81,2.03,2.38,3.26,2.81,2.49,2.23,3.21,2.71,2.63,1.43,3.93,3.91,2.1,3.09,3.7,2.18,1.56,1.49,3.09,2.65,1.61,1.69,2.73,2.47,3.15,4.15,Word Processors and Typists,Office & Admin Support
43-9031,2.38,1.88,3.62,2.38,3.5,2.0,1.0,1.75,1.0,1.5,3.0,2.62,3.0,3.75,1.38,1.38,1.38,2.0,3.0,4.0,2.38,2.0,2.5,1.88,4.12,1.5,2.38,3.62,3.12,3.88,3.5,1.38,3.62,1.5,1.38,1.5,3.12,1.5,1.5,3.12,3.12,2.38,1.38,1.5,1.38,2.62,1.88,3.62,3.88,2.12,3.75,3.62,2.88,2.22,2.83,3.34,3.92,2.21,3.4,3.06,2.79,3.41,1.93,3.47,2.52,2.8,4.33,2.49,2.2,3.51,2.34,3.64,3.09,3.8,3.07,2.19,1.31,3.92,3.2,2.11,2.45,3.65,2.85,2.28,1.79,2.45,3.33,2.48,2.47,4.15,2.96,3.92,4.47,Desktop Publishers,Office & Admin Support
43-9041,1.88,2.25,3.12,1.88,3.38,1.25,1.0,1.62,1.0,1.12,2.62,2.0,2.62,2.38,1.12,1.0,1.0,2.0,3.12,3.38,1.88,2.62,2.38,1.25,3.5,1.0,2.62,3.62,3.5,2.25,2.75,1.12,3.25,1.25,1.25,1.25,2.88,1.12,1.25,3.5,3.5,2.38,1.25,1.12,1.12,2.62,2.12,2.12,2.0,1.88,3.62,3.38,3.01,2.62,2.07,3.77,4.08,1.61,2.19,2.15,2.54,4.07,1.04,3.75,2.16,4.02,4.2,1.65,1.66,3.45,2.11,3.38,2.53,3.63,3.21,1.68,1.15,3.52,3.54,1.54,2.6,4.11,2.21,1.15,1.02,2.96,2.13,1.94,1.23,2.24,2.66,3.62,4.42,Insurance Claims and Policy Processing Clerks,Office & Admin Support
43-9051,3.0,2.0,3.12,2.62,3.0,2.12,1.38,2.12,1.75,2.38,2.88,3.12,2.5,2.0,1.12,2.0,2.0,2.12,2.88,3.12,3.12,2.12,2.12,2.62,3.38,1.25,2.12,3.25,3.0,2.0,2.88,1.5,3.0,2.5,2.25,2.12,2.88,1.25,1.75,2.88,3.12,2.12,1.75,2.12,2.88,2.25,2.75,2.25,2.25,2.12,3.12,2.88,2.39,3.11,2.49,2.09,3.59,3.51,2.88,2.25,2.31,2.62,2.14,3.23,2.91,2.79,3.58,2.41,3.7,3.44,3.39,2.39,3.03,3.06,3.04,2.13,2.64,2.87,2.86,3.74,1.92,3.29,2.62,2.2,2.69,2.87,1.7,2.15,1.61,2.78,2.83,2.84,3.29,"Mail Clerks and Mail Machine Operators, Except Postal Service",Office & Admin Support
43-9061,2.0,2.12,3.0,2.12,3.0,1.5,1.0,1.38,1.0,1.0,2.75,2.38,2.62,2.75,1.0,1.0,1.0,2.0,3.0,3.12,1.88,2.75,2.12,1.38,3.38,1.0,2.62,3.75,3.88,2.12,2.62,1.0,3.12,1.0,1.0,1.0,3.0,1.0,1.0,3.38,3.38,2.12,1.0,1.0,1.38,2.88,1.75,2.12,2.12,1.5,3.75,3.62,2.87,2.61,2.24,3.47,4.03,2.08,2.47,2.1,2.32,3.54,1.31,3.53,2.42,3.22,3.89,1.98,2.08,3.31,2.51,2.37,2.54,3.09,3.02,2.3,1.84,3.44,3.72,2.17,2.95,3.53,1.68,1.6,1.56,2.51,3.07,1.51,2.06,2.61,2.52,3.16,4.25,"Office Clerks, General",Office & Admin Support
43-9071,3.0,2.75,2.75,2.88,2.75,2.38,1.0,2.0,1.38,2.38,2.75,2.88,2.5,2.12,1.12,2.0,2.0,2.5,2.75,3.25,2.75,2.75,2.0,2.38,3.62,1.0,2.75,3.12,3.12,2.12,2.75,1.12,3.0,2.62,2.25,1.75,3.0,1.12,1.0,2.88,2.88,2.0,1.62,2.12,2.12,2.62,2.5,2.62,2.75,2.12,3.62,2.88,2.58,2.35,2.58,2.92,3.46,3.41,3.25,2.54,2.61,2.78,1.77,3.24,2.78,2.49,3.72,2.49,3.16,2.94,2.77,2.39,3.17,3.06,3.1,2.82,1.86,3.55,3.0,2.88,2.78,3.29,2.21,2.79,2.35,2.72,2.75,2.15,1.92,3.26,2.67,3.25,3.99,"Office Machine Operators, Except Computer",Office & Admin Support
43-9081,1.88,1.62,2.5,1.38,3.12,1.0,1.0,1.38,1.0,1.0,1.75,2.0,2.5,2.0,1.0,1.0,1.0,1.5,2.75,3.0,1.88,2.0,2.0,1.0,3.88,1.0,1.38,3.75,3.5,1.88,3.12,1.0,3.25,1.0,1.12,1.0,2.88,1.0,1.0,3.0,3.0,2.12,1.0,1.0,1.0,1.88,1.62,1.75,2.12,1.38,4.38,3.62,3.11,1.49,1.28,1.93,3.22,1.16,1.59,1.51,1.89,3.26,1.26,3.81,1.74,3.26,4.36,1.25,1.65,3.76,1.33,2.67,1.77,2.89,2.37,1.27,1.0,3.45,1.82,1.19,1.4,4.09,1.38,2.0,1.0,1.19,2.57,1.28,1.25,2.31,1.32,3.54,4.1,Proofreaders and Copy Markers,Office & Admin Support
43-9111,1.5,2.12,3.38,1.38,3.62,1.25,1.0,1.5,1.0,1.0,2.75,2.12,3.25,3.12,1.0,1.0,1.0,1.75,3.75,3.75,1.5,4.62,2.88,1.0,3.75,1.0,4.0,3.88,3.75,3.0,3.0,1.0,3.12,1.0,1.0,1.0,3.25,1.0,1.0,3.5,3.5,3.0,1.0,1.0,1.0,2.38,1.5,2.0,2.75,1.5,4.0,3.88,4.43,2.34,3.1,3.48,4.38,1.56,3.07,2.62,3.1,3.8,1.37,4.1,3.03,3.54,4.49,2.41,1.46,3.37,1.38,4.08,2.06,3.85,2.35,1.9,1.15,4.22,3.01,1.65,2.7,4.37,3.0,1.22,1.16,2.63,2.87,1.97,1.88,2.81,2.93,3.87,4.78,Statistical Assistants,Office & Admin Support
45-1011,3.12,2.5,3.38,3.0,3.38,2.88,1.62,2.5,2.38,2.75,3.38,2.75,3.0,3.0,2.12,2.62,2.12,2.5,3.38,3.38,3.0,2.62,2.5,2.88,3.5,1.88,2.62,3.88,3.75,2.62,3.0,2.12,3.88,2.62,2.62,2.62,2.75,2.0,2.5,3.5,3.5,2.75,1.38,2.62,2.75,2.88,2.88,2.75,3.0,2.5,3.12,3.12,3.09,2.47,3.2,3.03,4.02,3.64,3.84,3.24,3.23,3.47,2.38,3.46,3.41,3.55,4.02,3.59,3.58,3.76,3.93,2.88,3.64,3.97,3.81,3.37,3.8,3.77,2.94,3.59,2.32,3.52,2.6,2.52,3.42,3.25,3.6,2.34,2.53,2.99,3.2,3.4,2.91,"First-Line Supervisors of Farming, Fishing, and Forestry Workers",Farming & Fishing
45-2011,2.62,3.0,3.12,2.38,3.88,2.25,1.0,2.0,1.0,2.12,3.5,2.62,3.5,2.75,1.75,2.0,1.88,2.38,3.88,3.12,2.5,2.5,2.12,2.5,3.88,1.62,2.38,3.88,3.75,2.62,3.25,1.88,4.0,2.12,2.12,1.88,3.0,1.75,2.0,3.5,3.25,3.12,2.0,2.0,2.0,2.75,2.25,2.88,2.75,1.88,3.62,3.12,3.16,2.53,2.66,3.82,4.45,2.34,2.86,2.12,2.79,4.46,1.42,4.02,3.04,4.43,4.31,2.46,2.99,4.25,3.9,3.58,3.81,3.97,3.77,2.08,3.36,3.9,3.07,3.44,3.28,3.66,2.84,2.11,1.9,3.55,3.01,2.23,1.97,2.68,3.59,3.79,3.93,Agricultural Inspectors,Farming & Fishing
45-2021,3.0,2.0,3.12,2.62,3.12,2.12,1.12,2.62,1.75,2.5,3.0,3.0,2.75,2.0,1.5,2.25,2.25,2.0,3.0,3.0,2.88,2.38,1.75,3.0,3.5,1.38,2.12,3.0,2.88,1.88,2.62,1.38,3.12,1.88,1.88,2.0,2.5,1.62,1.75,3.0,2.88,2.25,2.0,2.62,3.0,1.88,3.0,2.38,2.5,1.75,2.88,2.62,2.29,2.54,2.25,2.63,2.76,2.54,1.71,2.71,2.2,3.84,1.45,3.43,2.72,3.04,3.59,1.89,3.82,4.14,2.98,2.26,3.12,3.52,3.45,2.8,2.45,3.04,2.49,4.07,2.34,3.13,2.7,1.59,1.82,2.21,2.79,2.7,1.64,2.29,2.5,3.01,2.97,Animal Breeders,Farming & Fishing
45-2041,2.75,2.0,3.12,2.12,2.38,1.62,1.38,2.25,1.38,2.25,2.25,3.0,2.38,1.25,1.0,2.0,1.88,1.5,2.38,2.25,3.25,1.62,1.62,2.5,3.25,1.0,1.75,3.0,2.88,1.38,2.12,1.0,2.62,2.0,2.0,1.25,2.25,1.0,1.0,2.75,2.88,1.62,1.38,2.25,2.62,1.62,2.88,2.5,1.62,1.75,2.12,1.88,2.47,2.44,2.88,2.44,4.28,2.82,2.77,1.98,2.31,2.94,1.32,3.06,2.97,3.22,4.22,2.74,4.6,4.32,3.03,2.7,3.39,3.17,3.74,2.28,2.46,3.2,1.89,3.73,1.34,3.38,2.51,1.51,1.64,2.65,2.18,1.97,1.74,2.34,2.74,2.84,1.86,"Graders and Sorters, Agricultural Products",Farming & Fishing
45-2091,3.25,2.88,2.5,3.88,3.0,3.38,1.38,2.12,1.75,3.0,3.38,3.0,2.62,2.25,2.0,2.12,2.0,3.12,2.88,3.0,3.12,1.62,2.12,3.88,3.62,1.75,1.75,3.25,3.12,2.12,2.88,2.38,3.38,3.25,3.25,3.25,2.88,2.12,2.25,3.12,3.0,2.25,2.12,2.38,3.12,2.5,3.12,2.62,2.88,2.12,2.25,2.0,2.12,3.4,2.92,2.06,3.92,4.16,3.59,2.29,3.53,3.06,2.01,4.18,2.58,3.34,3.4,3.55,4.15,3.7,4.27,2.55,2.56,2.39,3.48,3.19,4.44,2.33,2.06,3.96,2.04,4.1,2.51,2.69,3.77,3.58,2.29,2.12,2.05,3.18,3.14,3.49,2.38,Agricultural Equipment Operators,Farming & Fishing
45-2092,3.88,2.25,2.88,3.88,3.0,2.5,2.62,3.5,3.38,3.75,3.12,3.62,2.62,2.62,2.0,3.12,3.0,2.25,2.88,2.75,3.75,2.25,2.12,3.75,3.5,1.75,2.12,3.12,3.25,2.62,2.38,2.12,3.0,3.5,3.25,2.75,2.75,1.88,2.62,3.0,3.0,2.38,2.38,3.5,3.62,2.5,4.0,2.38,2.75,2.5,2.62,2.88,3.27,2.77,2.95,3.19,3.67,3.58,3.01,3.11,2.91,3.02,2.2,3.31,3.23,3.32,3.79,2.72,3.86,3.75,3.48,2.86,3.19,3.47,3.19,3.05,3.56,3.31,2.57,4.04,2.88,3.12,2.84,2.42,3.4,2.76,2.97,2.66,2.16,3.08,3.31,3.57,2.64,"Farmworkers and Laborers, Crop, Nursery, and Greenhouse",Farming & Fishing
45-2093,3.38,2.5,3.0,3.62,3.38,2.88,1.5,2.38,1.88,2.75,3.12,3.12,3.0,2.5,2.0,2.88,2.12,2.5,3.12,3.12,3.12,2.12,2.12,3.12,3.25,1.88,2.12,3.38,3.0,2.62,2.88,2.12,3.75,2.62,2.75,2.75,3.0,1.88,2.5,3.12,3.0,2.38,2.0,2.62,3.12,2.62,3.25,2.62,2.75,2.25,3.0,2.62,3.05,2.76,2.5,2.83,3.64,3.46,3.09,2.9,3.2,3.53,1.96,3.38,3.36,3.27,3.53,3.0,3.73,3.6,3.38,2.57,3.54,3.97,3.98,3.02,3.77,3.21,2.82,3.99,3.08,3.32,2.22,2.21,2.8,2.65,3.03,2.37,1.95,2.71,3.22,3.31,2.5,"Farmworkers, Farm, Ranch, and Aquacultural Animals",Farming & Fishing
45-3031,3.38,2.75,3.0,3.25,3.25,3.25,2.12,3.12,2.5,3.12,3.75,2.88,3.5,2.75,2.88,2.62,2.62,3.0,3.38,2.88,3.25,2.0,2.38,3.25,3.5,2.62,2.12,3.25,3.25,2.75,2.88,2.75,3.38,2.88,3.12,2.75,2.88,2.75,4.25,3.0,2.88,2.88,2.0,2.88,3.62,2.62,3.5,3.0,2.75,2.75,2.5,2.38,2.68,2.89,2.84,2.53,2.68,3.53,2.89,3.11,2.47,3.26,2.16,2.89,2.89,3.44,3.68,2.84,3.68,3.63,4.15,2.42,3.11,3.84,3.47,2.89,4.11,3.47,2.61,4.1,2.72,3.26,2.47,2.74,3.37,2.79,2.95,2.53,1.84,3.68,3.0,3.72,2.47,Fishing and Hunting Workers,Farming & Fishing
45-4011,3.0,2.38,3.0,3.0,3.12,3.0,1.62,3.12,2.0,2.88,3.12,3.0,3.12,2.75,2.0,2.5,2.12,2.5,3.0,3.0,3.0,2.0,2.12,3.12,3.12,1.62,2.0,3.5,3.25,2.62,3.0,2.12,3.5,2.0,2.5,2.75,3.0,2.0,2.75,3.0,3.0,2.12,2.12,3.12,3.25,2.88,3.12,2.75,3.0,2.0,3.0,2.75,3.01,1.9,2.59,3.03,3.95,3.13,3.06,3.2,2.81,3.37,1.73,3.42,3.16,3.19,3.97,2.54,3.63,3.69,3.67,2.68,3.1,3.79,3.76,2.24,4.46,3.4,2.6,4.18,3.53,3.43,2.13,1.95,3.28,2.41,2.85,1.34,1.96,3.31,2.74,3.4,3.17,Forest and Conservation Workers,Farming & Fishing
45-4021,3.5,3.38,3.0,3.63,2.88,3.38,1.75,3.0,2.13,3.25,3.25,2.75,3.25,2.13,2.0,3.38,3.0,3.25,2.75,3.13,3.5,2.25,1.88,3.75,3.38,2.0,2.5,3.0,3.0,2.13,3.0,2.63,3.13,3.13,4.13,3.13,2.88,2.38,2.88,2.88,2.75,2.38,3.5,3.38,3.5,2.5,3.38,3.25,3.13,2.75,2.13,2.0,1.8,2.39,1.66,1.51,2.95,4.33,2.14,2.28,1.74,1.73,1.84,3.14,2.78,2.44,3.44,1.62,4.2,3.94,3.54,1.96,3.33,2.92,3.59,1.75,3.77,2.47,1.51,4.34,1.47,1.93,1.59,1.41,3.46,1.66,1.78,1.64,1.26,1.52,1.79,2.24,1.11,Fallers,Farming & Fishing
45-4022,3.75,2.88,3.0,4.0,2.88,3.62,1.12,2.25,1.5,2.88,3.5,3.0,2.88,2.0,2.25,2.12,2.0,2.88,2.88,3.0,3.12,2.38,2.0,3.75,3.25,2.5,2.38,3.0,3.0,2.12,3.12,2.75,3.5,3.5,3.88,3.5,3.0,2.12,3.0,2.88,2.88,2.12,2.25,2.0,2.88,2.12,3.0,3.12,3.12,2.12,2.62,2.25,2.44,3.5,3.06,3.14,3.9,4.62,3.19,3.37,3.52,2.61,2.0,3.78,3.81,3.99,4.23,3.05,3.76,3.63,4.02,2.69,3.35,3.89,3.76,3.19,4.67,3.32,1.98,3.26,2.09,2.48,3.24,2.68,4.35,2.71,2.78,2.03,1.68,3.16,2.74,3.26,2.44,Logging Equipment Operators,Farming & Fishing
45-4023,3.0,2.5,3.25,3.0,3.25,2.88,1.12,2.12,2.0,2.38,3.12,3.0,3.12,2.5,1.88,2.12,2.12,2.25,3.25,3.0,3.0,3.0,2.0,2.88,3.88,1.75,3.0,3.38,3.38,2.5,3.12,1.88,3.62,2.12,2.25,2.25,3.0,1.88,2.12,3.0,3.0,2.38,2.12,2.12,2.5,2.75,2.25,3.0,2.88,2.12,3.0,3.12,3.14,2.38,2.69,3.17,3.85,2.98,2.94,2.98,2.76,4.0,2.15,3.33,3.97,3.87,3.81,2.86,3.45,3.77,3.89,2.8,4.03,3.69,3.73,3.37,3.59,3.4,3.18,3.54,3.01,3.73,2.88,2.48,2.79,3.08,3.1,2.16,1.86,2.93,3.15,3.16,3.52,Log Graders and Scalers,Farming & Fishing
47-1011,3.0,2.5,3.0,3.0,3.5,2.5,1.25,2.0,1.75,2.31,3.185,2.875,2.94,2.94,2.06,2.13,2.31,2.5,3.315,3.5,3.06,2.875,2.25,2.815,3.56,1.75,2.815,3.94,3.875,2.88,2.94,2.12,3.685,2.0,2.25,2.125,3.06,1.88,2.125,3.25,3.12,2.435,1.75,2.12,2.315,2.94,2.5,2.875,3.125,1.88,3.565,3.25,2.9450000000000003,2.87,3.1799999999999997,3.85,4.075,3.54,4.055,3.2750000000000004,3.43,3.04,3.4050000000000002,3.825,3.42,3.975,4.26,3.6449999999999996,3.88,3.92,4.12,3.12,3.63,4.18,3.955,2.965,3.83,4.015000000000001,2.86,3.785,2.7750000000000004,3.6500000000000004,2.955,2.94,3.21,3.21,3.9,2.615,2.7750000000000004,3.335,3.4800000000000004,3.835,2.9749999999999996,First-Line Supervisors of Construction Trades and Extraction Workers,Construction
47-2011,3.75,3.0,3.0,4.0,3.88,2.88,1.12,2.75,1.88,3.0,3.0,3.75,3.0,3.0,2.0,2.62,2.88,2.88,3.5,3.0,3.75,2.12,2.0,3.62,4.0,1.88,2.12,3.12,3.0,2.12,3.0,2.0,3.88,2.88,3.0,2.75,3.0,2.0,2.25,3.0,2.88,2.38,1.62,2.88,3.0,2.75,3.0,2.75,3.0,2.0,3.0,3.0,3.0,2.23,2.05,2.82,3.49,3.13,2.75,2.53,2.37,2.95,3.04,2.88,3.02,3.34,3.94,3.09,3.4,3.68,3.96,2.25,3.35,3.76,3.11,2.75,3.71,3.33,2.59,3.71,2.21,3.18,2.06,2.85,4.13,2.22,3.34,1.85,1.81,2.72,2.56,3.55,3.15,Boilermakers,Construction
47-2021,3.75,2.62,3.0,3.0,3.0,2.75,1.88,3.62,2.12,3.88,3.0,3.25,2.88,2.25,2.12,3.0,3.12,2.62,3.0,3.25,3.75,2.75,2.0,3.62,3.75,2.0,2.88,3.0,3.0,2.62,2.88,2.0,3.12,2.25,2.88,2.12,3.0,2.0,2.12,2.88,2.88,2.12,2.12,3.0,3.75,2.88,4.0,2.88,3.62,2.0,3.0,2.25,2.88,2.43,3.05,2.64,3.91,3.25,3.86,3.3,3.42,2.72,2.92,3.31,3.47,3.58,4.09,3.24,4.15,3.9,4.13,3.22,3.4,3.84,4.04,3.09,3.74,3.8,2.06,3.88,2.29,3.34,2.64,1.54,3.2,2.94,3.89,1.85,1.76,3.07,3.24,3.42,1.77,Brickmasons and Blockmasons,Construction
47-2022,3.88,2.62,3.12,3.0,3.12,2.88,1.88,3.25,2.25,3.38,3.38,3.25,2.75,2.75,2.12,2.88,3.12,2.25,2.88,3.38,3.75,2.62,2.12,3.38,3.88,1.75,2.75,3.25,3.0,2.75,2.88,2.25,3.62,2.25,2.75,2.5,3.25,2.0,2.25,3.0,3.0,2.5,2.25,3.62,4.0,2.5,3.88,2.88,3.62,2.38,2.62,2.38,2.28,2.79,2.97,3.05,4.19,3.99,3.41,3.1,3.09,2.93,3.03,3.14,3.75,3.88,4.51,3.53,4.28,3.8,4.22,3.36,3.43,3.99,4.17,2.92,4.1,3.69,2.22,4.47,2.61,3.67,2.69,2.36,3.2,3.24,3.36,2.76,2.27,3.67,3.36,3.4,2.07,Stonemasons,Construction
47-2031,3.5,2.88,3.12,3.12,3.5,2.75,1.62,2.88,3.0,2.75,3.38,3.62,3.0,2.62,1.88,2.38,2.75,2.62,3.25,3.5,3.62,2.88,2.5,3.38,3.62,1.75,2.75,3.38,3.38,2.88,3.0,2.12,3.88,2.62,3.12,2.75,3.12,1.88,2.62,3.0,3.0,2.5,1.75,2.62,3.38,2.75,3.5,2.62,3.88,2.75,3.0,2.75,3.44,2.86,3.01,3.08,3.91,3.48,3.64,2.86,3.33,3.17,3.6,3.41,3.32,3.44,4.12,3.35,4.05,4.19,4.08,3.08,3.45,3.83,4.08,2.94,3.65,3.7,2.75,4.01,2.86,3.63,2.6,2.34,3.0,3.19,3.47,2.24,2.11,3.51,3.08,3.55,2.63,Carpenters,Construction
47-2041,3.25,2.25,2.75,2.88,3.0,3.0,1.5,3.0,1.75,3.62,3.0,3.12,2.88,2.5,2.0,2.88,2.75,2.38,2.88,3.0,3.25,2.88,2.12,3.12,3.5,1.62,2.88,3.0,3.12,2.25,2.75,2.0,3.62,1.88,2.12,2.0,3.0,1.75,2.25,2.75,3.25,2.0,2.62,3.12,3.5,2.75,3.62,2.88,3.25,2.25,2.62,2.38,2.46,1.92,2.65,3.26,3.67,3.39,2.92,2.6,2.51,1.96,2.95,2.88,3.61,3.04,4.14,2.71,4.47,3.42,3.9,2.34,3.33,3.72,3.58,2.31,3.43,3.2,1.73,4.59,2.94,2.96,2.33,1.78,2.54,2.39,2.96,1.9,1.81,3.02,3.1,3.48,1.35,Carpet Installers,Construction
47-2042,3.38,2.13,2.63,2.75,3.0,2.13,1.38,2.75,1.0,3.5,2.38,3.13,2.25,2.5,1.63,2.13,1.88,1.88,2.88,3.0,3.13,1.75,1.5,2.63,3.5,1.75,2.0,3.38,3.13,2.63,2.13,1.5,3.13,1.88,2.0,1.75,2.88,1.5,1.63,3.0,2.88,1.75,1.5,2.5,3.13,2.13,2.88,2.13,2.88,1.75,2.75,2.5,3.1,2.45,2.45,3.52,3.96,2.82,3.08,3.2,3.11,2.36,2.67,3.2,3.17,2.92,3.79,2.81,3.65,3.56,3.38,2.72,2.97,3.78,3.52,2.21,2.53,3.61,2.2,3.67,3.07,3.68,2.23,1.43,2.26,2.64,3.72,2.46,1.82,3.3,2.67,3.42,1.81,"Floor Layers, Except Carpet, Wood, and Hard Tiles",Construction
47-2043,3.75,2.12,2.75,3.62,2.75,2.62,1.5,3.0,1.62,3.12,2.75,3.25,2.38,2.12,1.62,2.88,2.25,1.75,2.75,2.88,3.62,2.0,2.12,3.62,3.25,1.62,2.12,3.12,3.0,2.0,2.62,1.88,2.75,2.75,3.0,2.38,3.0,1.62,2.0,2.75,2.88,2.0,2.5,3.25,3.12,2.12,3.62,2.5,2.88,2.75,2.38,2.12,2.8,2.83,3.12,3.29,4.05,4.09,3.61,3.2,2.93,2.95,2.59,3.38,3.6,3.45,4.19,3.29,4.01,4.07,4.31,3.39,3.24,3.9,4.33,3.3,3.49,3.61,1.94,4.08,3.74,3.69,2.96,2.66,3.68,3.09,3.37,2.67,2.16,3.45,3.72,3.66,2.01,Floor Sanders and Finishers,Construction
47-2044,3.12,2.12,3.12,3.0,3.0,2.62,1.25,2.5,1.38,3.5,3.12,3.12,2.5,2.62,1.88,2.75,2.88,2.0,3.0,3.25,3.12,2.75,2.12,3.12,3.62,1.5,2.62,3.12,3.0,2.75,2.75,1.75,3.38,1.88,2.5,2.5,2.88,1.62,2.25,3.0,3.0,2.25,2.0,3.12,3.12,2.12,3.38,3.0,3.75,2.12,2.88,2.5,2.61,2.49,2.55,2.73,3.7,2.9,2.89,2.7,2.48,2.33,3.27,2.92,3.48,3.36,4.27,2.65,3.87,3.6,3.81,2.6,3.45,3.65,3.65,2.31,2.98,3.57,1.92,3.93,2.25,2.87,2.15,2.08,2.71,2.39,3.14,2.11,1.44,3.59,3.02,3.19,1.32,Tile and Stone Setters,Construction
47-2051,3.5,2.62,3.12,3.5,3.25,3.0,1.88,3.25,2.12,3.38,3.12,3.12,2.75,2.12,2.38,3.0,2.5,2.25,3.0,3.25,3.88,2.38,2.0,3.62,3.62,1.75,2.25,3.12,3.12,2.12,2.88,1.88,3.25,3.0,3.0,2.5,3.12,1.75,2.38,3.0,3.12,2.12,2.88,3.25,3.12,2.25,3.75,2.75,3.25,2.25,2.12,2.12,2.77,2.67,3.09,2.6,3.67,4.17,3.77,2.98,3.49,3.04,2.36,2.98,3.36,3.26,4.22,3.31,4.32,4.14,4.3,2.55,3.64,4.08,3.9,2.91,3.61,3.72,2.33,4.21,2.23,3.37,2.56,1.93,3.32,2.95,4.18,2.66,2.72,3.05,2.96,3.38,2.01,Cement Masons and Concrete Finishers,Construction
47-2053,3.38,2.5,2.75,3.12,2.88,2.88,2.12,3.0,2.25,3.25,3.25,3.25,2.62,2.5,2.0,2.75,2.38,2.0,2.62,3.0,3.75,2.0,2.0,3.5,3.5,1.75,2.25,2.88,2.75,2.0,2.88,1.88,3.12,2.62,2.88,2.25,3.0,1.88,1.88,2.75,2.88,2.0,2.12,3.12,3.12,2.38,3.5,3.0,3.12,2.12,2.12,1.88,2.54,2.46,2.92,2.63,3.79,4.04,3.53,2.93,2.88,2.16,3.05,3.22,3.24,2.85,4.18,2.93,4.17,3.4,3.9,2.66,2.91,3.64,3.85,2.29,3.48,3.73,1.92,4.41,2.58,2.76,2.54,2.69,3.13,2.85,3.6,1.98,1.75,3.03,3.34,2.85,1.59,Terrazzo Workers and Finishers,Construction
47-2061,3.5,2.5,3.0,3.25,3.0,3.0,2.0,3.12,2.25,3.12,3.12,3.12,2.25,2.25,2.0,2.62,2.75,2.0,2.88,3.12,3.88,2.0,2.0,3.62,3.25,1.75,1.88,3.25,3.25,2.0,2.5,2.12,3.25,3.0,2.88,2.88,3.0,1.88,2.25,3.0,3.0,2.12,2.0,3.12,3.75,2.5,3.25,2.75,2.88,2.25,2.88,2.12,3.88,2.66,2.91,3.51,3.82,4.36,3.65,3.82,3.73,3.4,2.86,3.44,3.63,3.46,4.38,2.82,4.06,4.19,4.76,3.39,3.93,4.15,4.38,3.06,4.06,4.14,2.46,3.71,3.36,3.27,3.54,2.91,3.98,3.01,3.38,2.83,2.61,3.54,3.73,3.94,2.25,Construction Laborers,Construction
47-2071,3.0,2.62,2.75,3.75,3.0,3.0,1.75,2.38,1.88,3.0,3.12,2.88,2.5,1.75,2.12,2.62,2.12,2.75,2.75,3.0,3.0,2.0,2.0,3.38,2.88,1.75,2.0,3.0,3.0,1.88,2.75,2.25,3.62,3.25,3.25,3.0,3.0,1.88,2.88,3.0,3.0,2.0,2.12,2.75,3.12,2.88,3.12,2.38,3.0,2.25,2.38,1.88,2.69,3.08,3.22,3.49,3.55,4.4,2.71,2.59,3.17,2.52,2.0,2.98,3.28,3.62,3.43,3.31,3.38,3.48,4.36,2.26,3.92,3.63,3.65,2.32,3.96,3.09,2.19,3.92,2.43,2.72,2.57,2.52,3.59,2.18,3.12,1.85,2.2,3.19,3.49,3.64,2.16,"Paving, Surfacing, and Tamping Equipment Operators",Construction
47-2072,3.25,3.0,2.62,4.12,3.12,4.0,1.25,2.75,1.5,2.75,3.12,3.0,2.38,2.0,2.88,2.75,2.38,2.75,3.0,3.0,3.62,2.12,1.88,4.0,3.0,1.75,2.12,3.0,3.0,1.88,2.88,2.62,3.5,3.5,3.88,3.38,3.25,2.0,3.0,2.88,3.12,2.0,2.25,2.25,2.75,2.75,2.62,2.12,3.12,2.62,2.25,2.0,2.84,2.5,2.38,2.34,3.69,4.68,2.7,3.08,2.27,3.52,2.55,3.02,3.17,3.48,4.2,2.49,4.39,4.2,4.55,2.66,3.05,3.85,4.1,2.04,4.61,3.52,1.79,3.89,2.2,3.83,2.44,2.25,4.27,2.45,2.98,1.81,1.57,3.4,3.15,3.27,2.11,Pile Driver Operators,Construction
47-2073,3.25,3.0,2.88,4.12,3.0,4.0,1.0,2.12,1.75,2.88,3.62,3.0,2.75,2.25,2.25,2.0,2.0,3.0,3.0,3.0,3.12,2.12,2.12,3.88,3.88,2.12,2.0,3.12,3.0,2.12,3.12,2.38,3.25,3.5,3.38,3.25,3.0,2.12,2.88,3.0,3.0,2.12,1.88,2.12,3.0,3.0,2.75,3.0,3.12,2.0,2.88,2.25,3.57,3.1,3.35,3.61,3.98,4.63,3.61,3.49,2.86,3.04,3.0,3.68,3.81,4.08,4.47,2.94,3.95,4.26,4.4,3.47,3.62,4.49,4.58,2.79,4.61,3.87,2.93,3.86,3.71,3.59,2.65,2.52,4.15,3.26,3.8,2.69,2.04,3.09,3.19,3.56,2.45,Operating Engineers and Other Construction Equipment Operators,Construction
47-2081,3.62,2.12,2.75,3.12,3.0,2.75,1.5,2.88,2.25,3.62,3.0,3.25,2.62,2.5,2.0,2.88,3.5,2.0,2.88,3.12,3.62,2.38,2.0,3.12,3.62,1.75,2.12,3.12,3.25,2.25,3.0,1.88,3.0,2.25,2.75,2.0,3.12,1.75,2.25,2.62,3.0,2.12,2.12,3.12,3.25,2.5,3.62,2.5,3.25,2.0,2.88,2.38,2.23,2.52,2.46,2.17,3.23,2.55,3.09,2.34,2.51,1.89,3.08,2.67,2.65,2.59,3.67,2.49,3.71,2.84,3.32,2.2,2.7,3.0,2.89,2.16,2.55,3.13,1.83,3.61,1.82,2.53,2.01,1.7,1.98,1.95,2.5,1.68,1.52,2.67,2.91,2.32,1.37,Drywall and Ceiling Tile Installers,Construction
47-2082,3.12,2.12,2.75,2.88,2.75,2.12,1.38,2.0,1.88,3.12,2.5,2.88,2.12,2.12,2.0,2.5,2.62,2.12,2.75,2.75,3.12,1.5,2.0,3.12,3.38,1.75,1.62,3.0,2.88,2.0,2.12,2.12,2.75,2.0,2.12,2.0,2.62,2.0,2.0,2.88,2.88,1.88,1.75,2.75,2.38,2.25,3.12,2.38,2.38,1.0,2.5,2.0,1.61,2.34,2.14,2.38,3.26,2.75,2.74,2.44,1.92,1.45,1.33,2.52,2.49,2.44,3.29,2.27,2.87,2.84,3.68,2.05,2.51,2.89,3.04,1.7,3.15,2.66,1.48,3.58,2.0,2.17,2.18,1.08,2.37,2.04,2.69,2.05,1.42,2.48,2.75,3.07,1.07,Tapers,Construction
47-2111,3.62,2.88,3.25,3.12,3.88,3.0,1.25,2.5,2.25,3.5,3.25,3.75,3.25,3.0,2.25,2.88,3.0,2.62,3.88,3.75,3.25,3.0,2.88,3.0,4.0,2.0,3.0,3.75,3.38,2.88,3.0,2.0,4.0,2.0,2.88,2.62,3.12,2.0,2.12,3.0,3.0,2.75,2.25,2.75,2.75,2.88,3.38,3.62,3.38,2.75,3.38,3.0,3.67,2.71,3.3,3.72,4.63,3.21,4.22,3.27,3.6,3.38,3.48,4.32,3.64,3.86,4.46,3.75,4.28,4.16,4.21,3.49,3.95,4.15,4.43,3.52,3.97,4.5,2.55,4.71,2.95,3.54,3.2,3.49,3.63,3.37,3.65,2.59,2.31,3.74,3.91,4.36,2.36,Electricians,Construction
47-2121,3.88,2.12,3.0,3.12,3.0,2.88,1.25,2.5,1.75,3.0,3.0,3.0,2.25,2.38,2.0,2.75,3.0,2.12,3.0,3.12,3.25,2.25,2.0,3.38,3.75,2.0,2.25,3.0,2.88,2.25,2.25,2.0,3.25,2.12,2.25,2.0,3.0,1.88,2.0,3.0,3.0,2.0,1.75,2.62,3.12,2.25,3.38,2.75,3.0,2.0,3.0,2.25,2.84,3.13,3.08,3.31,3.95,3.53,3.18,2.95,2.9,2.89,3.26,3.34,3.03,3.41,4.28,2.97,4.17,4.06,4.35,2.78,3.26,3.69,3.64,2.16,3.58,3.69,2.32,4.02,3.16,3.31,2.71,2.14,2.82,3.06,3.23,2.2,1.99,3.47,3.43,3.4,2.01,Glaziers,Construction
47-2131,3.25,2.62,2.88,3.25,2.62,3.0,1.5,2.88,1.75,3.88,2.88,3.0,2.75,2.5,2.0,2.88,3.38,2.5,2.62,2.88,3.5,2.12,2.25,3.5,3.0,2.0,2.25,2.88,3.0,2.38,2.88,2.0,2.88,2.25,2.75,2.62,3.0,2.0,2.5,3.0,2.88,2.25,2.38,3.0,3.0,2.12,3.38,2.12,3.12,1.38,2.75,2.25,2.51,2.55,2.85,2.77,3.8,3.31,2.53,2.12,2.89,2.33,2.05,2.66,2.84,3.12,3.61,2.7,4.25,3.7,3.72,2.83,2.53,3.48,3.33,2.19,3.66,2.9,2.24,3.96,2.79,2.46,2.15,1.92,3.27,2.91,2.39,2.66,2.23,2.89,3.07,2.98,1.58,"Insulation Workers, Floor, Ceiling, and Wall",Construction
47-2132,3.12,2.5,3.0,2.88,3.0,2.62,1.62,2.5,1.62,3.25,2.75,3.0,2.62,2.25,1.88,3.0,3.12,2.5,2.88,3.12,3.12,2.12,1.75,3.12,3.12,1.62,2.12,3.12,3.12,2.25,2.62,1.75,3.25,2.12,2.12,2.0,3.12,1.88,2.12,2.88,2.88,2.12,1.75,2.75,3.12,2.5,3.38,2.62,2.88,1.75,2.75,2.38,2.52,2.71,3.08,2.89,4.08,2.93,3.53,2.88,2.71,2.41,1.99,3.44,3.11,3.23,3.64,3.22,4.48,3.56,3.87,2.74,3.15,3.98,4.09,2.87,3.34,3.85,2.23,4.43,1.95,3.02,2.34,1.66,2.35,2.79,3.46,2.01,1.85,3.32,3.54,3.39,1.85,"Insulation Workers, Mechanical",Construction
47-2141,3.75,2.0,2.12,2.75,3.0,2.12,1.25,2.88,1.25,3.0,2.88,2.88,2.0,2.0,1.75,3.0,3.0,1.75,2.75,2.88,3.12,2.0,1.88,3.0,3.38,1.62,2.0,3.0,3.0,2.0,2.0,1.75,2.75,1.88,2.0,2.0,2.88,1.75,2.0,3.0,2.88,2.0,1.62,2.88,2.88,2.12,3.12,3.0,2.88,1.88,3.0,2.0,2.96,3.31,2.73,3.88,3.95,2.96,3.91,4.07,2.96,3.32,2.19,3.31,3.38,3.16,3.94,3.66,3.92,4.09,4.16,2.97,3.34,4.32,3.93,2.37,3.54,4.35,1.63,4.52,3.37,3.16,2.56,1.64,2.95,3.29,3.75,1.78,1.6,3.54,4.05,3.17,1.62,"Painters, Construction and Maintenance",Construction
47-2142,3.5,1.88,2.62,3.12,2.88,2.5,1.25,2.38,1.12,3.38,2.88,3.25,2.12,1.88,1.75,2.88,3.25,1.75,2.88,3.12,3.62,1.88,1.62,3.38,3.62,1.62,1.88,3.0,2.88,2.0,2.62,1.62,2.88,2.0,1.62,2.0,2.75,1.5,1.88,2.88,2.75,1.88,2.25,2.75,2.62,2.38,3.25,2.75,2.88,1.12,2.5,2.25,1.9,2.19,2.49,2.9,3.31,2.42,2.78,2.35,2.54,2.27,1.56,3.48,2.94,2.43,2.82,2.65,4.07,2.91,3.71,2.3,2.97,3.19,2.96,2.29,3.7,2.93,2.02,4.43,2.78,2.34,1.89,1.68,2.07,2.52,2.96,2.15,1.64,2.65,2.67,3.04,1.91,Paperhangers,Construction
47-2151,3.5,2.0,2.88,3.5,2.88,3.0,1.25,2.25,2.12,3.0,2.88,3.0,2.25,2.0,2.0,2.38,2.25,2.0,2.75,3.0,3.0,2.0,2.0,3.0,3.0,2.0,2.0,3.25,3.0,2.0,2.75,2.0,3.0,3.0,3.0,2.0,3.0,2.0,2.25,3.0,3.0,2.0,1.75,3.0,3.25,2.0,3.0,2.0,3.0,1.62,2.88,2.62,2.56,2.84,3.11,3.01,3.7,3.7,2.83,2.65,2.79,2.19,2.7,3.49,2.65,2.66,4.04,2.57,3.83,3.5,3.57,2.71,2.7,3.0,3.35,2.2,3.6,3.1,2.16,3.57,2.59,2.39,2.28,1.92,2.57,2.44,2.65,2.02,1.93,2.67,2.86,2.71,2.1,Pipelayers,Construction
47-2152,3.25,2.69,3.125,3.0,3.25,2.685,1.63,2.875,2.44,3.25,3.25,3.37,3.125,2.75,2.0,2.685,2.88,2.56,3.19,3.185,3.25,2.56,2.375,2.935,3.56,1.88,2.625,3.435,3.25,2.69,2.94,2.0,3.565,2.185,2.625,2.315,3.185,1.94,2.5,3.0,3.19,2.69,1.69,2.625,2.94,2.75,3.19,3.065,3.185,2.5,3.19,2.81,2.925,2.44,2.995,2.995,3.95,3.375,2.9699999999999998,2.76,3.0599999999999996,3.06,3.1500000000000004,3.3449999999999998,3.075,3.275,4.175,2.7350000000000003,3.71,3.85,3.7649999999999997,3.21,3.31,3.69,3.71,2.27,3.385,3.62,2.1,3.9,2.875,3.56,2.695,2.64,3.0549999999999997,3.0549999999999997,3.2800000000000002,2.63,1.94,3.6550000000000002,3.435,3.495,2.5300000000000002,"Plumbers, Pipefitters, and Steamfitters",Construction
47-2161,3.62,2.5,2.88,3.0,2.88,2.5,1.5,3.12,1.88,3.5,2.88,3.0,2.62,2.62,2.0,3.0,3.25,2.38,2.75,3.0,3.62,2.12,2.0,3.25,3.75,1.88,2.0,3.0,3.12,2.75,2.62,2.0,3.12,2.62,2.75,2.0,2.88,2.0,2.0,3.0,2.88,2.12,2.5,3.12,3.25,2.12,3.5,3.0,3.12,2.38,2.75,2.5,3.0,3.06,3.08,2.89,3.51,3.32,3.64,2.93,2.83,2.7,2.34,3.37,2.93,3.53,4.24,3.28,3.88,3.57,3.72,2.72,3.42,3.72,3.18,3.0,3.43,3.03,2.24,4.01,3.33,2.87,2.35,1.99,2.97,2.79,2.64,2.28,2.08,3.31,3.14,3.2,2.23,Plasterers and Stucco Masons,Construction
47-2171,3.5,2.88,3.0,3.25,3.0,2.88,1.88,3.12,2.25,3.5,2.88,3.25,2.88,2.38,2.0,3.0,3.0,2.38,2.88,3.0,3.62,2.12,2.0,3.75,3.38,1.75,2.12,2.88,2.88,2.12,2.62,1.88,3.12,2.62,3.25,2.75,2.75,1.88,2.38,2.38,2.75,2.0,2.62,3.38,3.88,2.5,3.88,2.38,3.0,2.38,2.5,1.88,2.46,2.45,3.11,2.73,3.52,2.99,3.44,2.75,3.13,2.29,2.44,2.76,3.16,3.03,4.24,2.91,4.47,3.91,3.77,2.79,2.8,3.43,3.04,2.4,2.98,3.65,2.08,4.15,1.72,2.71,2.29,1.98,2.42,2.64,3.16,2.18,1.86,2.81,3.45,2.57,1.79,Reinforcing Iron and Rebar Workers,Construction
47-2181,3.5,2.75,2.75,3.12,3.0,2.88,1.88,2.5,2.25,3.75,3.12,3.12,2.62,2.25,2.38,3.38,4.0,2.25,3.0,3.0,3.5,2.0,2.0,3.5,3.62,1.75,2.12,3.38,3.0,2.25,2.88,1.88,3.75,2.75,2.88,2.88,3.0,2.0,2.0,2.88,3.0,2.12,2.75,3.25,3.12,2.88,3.75,2.5,3.0,2.12,2.62,2.12,2.46,2.71,3.62,3.25,3.85,3.39,3.48,2.91,3.32,2.77,2.71,3.12,3.66,3.4,4.0,3.42,4.22,3.99,4.08,3.23,3.16,3.61,4.06,2.99,3.61,3.46,2.55,4.3,2.93,3.03,2.37,2.32,3.39,3.45,3.12,3.02,2.25,3.31,3.49,3.54,2.16,Roofers,Construction
47-2211,3.38,3.0,3.12,3.12,3.12,3.0,1.5,2.5,2.0,3.0,3.0,3.25,3.12,2.5,1.88,2.62,2.5,2.25,3.0,3.25,3.38,3.0,2.12,3.38,3.62,1.62,3.0,3.12,3.12,2.5,3.0,1.88,3.12,2.88,3.0,2.75,3.25,1.75,2.38,3.0,3.0,2.12,2.25,2.88,3.12,2.75,3.12,2.5,3.62,2.5,3.12,2.5,3.05,3.0,4.18,4.27,3.96,3.17,3.76,3.23,3.89,3.88,3.48,4.31,3.71,4.1,4.7,3.95,3.78,4.25,4.44,2.54,3.52,3.59,4.42,3.41,4.19,3.77,3.17,3.76,3.81,3.52,3.67,3.34,3.52,3.92,3.26,3.59,2.93,3.3,4.24,3.55,2.5,Sheet Metal Workers,Construction
47-2221,4.0,3.38,3.0,3.88,3.12,3.75,1.25,3.62,2.12,3.75,3.62,3.62,2.88,2.88,3.0,3.12,3.75,3.25,2.88,3.38,4.0,2.25,2.0,4.12,4.0,2.0,2.75,3.25,3.12,2.75,3.0,2.5,3.75,3.5,3.5,3.12,3.75,2.12,2.62,3.12,3.12,2.0,2.62,3.5,4.12,3.0,3.88,2.88,4.0,2.62,3.0,2.25,2.28,2.52,2.5,2.39,3.99,3.84,3.01,2.91,3.14,1.93,2.73,3.13,2.96,3.5,4.06,2.78,4.39,3.71,4.24,2.63,3.04,3.74,3.2,1.62,3.92,3.68,1.96,4.16,1.72,2.67,2.02,1.52,2.47,2.35,3.06,1.7,1.53,2.96,2.78,3.07,1.39,Structural Iron and Steel Workers,Construction
47-2231,3.25,2.62,3.0,3.0,3.25,2.62,1.12,2.5,1.62,3.12,2.88,3.25,2.75,2.38,2.12,2.5,3.0,2.12,3.0,3.38,3.25,2.38,2.0,3.12,3.75,2.0,2.25,3.25,3.12,2.38,3.12,2.0,3.75,2.0,2.12,2.12,3.0,2.12,2.25,2.88,2.88,2.38,1.75,2.62,3.12,2.62,3.12,2.88,3.62,1.88,2.88,2.75,3.12,2.42,2.99,3.31,3.69,3.15,3.29,2.54,2.74,3.09,3.08,2.88,2.92,3.83,4.06,3.15,4.26,3.87,4.32,3.22,3.01,3.86,3.96,2.62,4.08,3.5,2.41,4.51,2.33,3.34,2.29,3.77,3.05,2.48,3.25,2.31,1.69,2.97,3.49,3.06,2.7,Solar Photovoltaic Installers,Construction
47-3011,3.38,2.88,2.88,3.0,3.0,3.0,2.0,3.0,2.0,3.25,3.25,3.0,2.75,2.0,2.25,2.88,3.0,2.38,2.62,3.12,3.25,2.38,1.88,3.5,3.38,1.62,2.12,3.0,2.88,2.0,2.88,1.88,2.88,2.88,2.88,2.38,2.88,1.75,2.5,2.62,2.88,2.12,3.0,3.0,3.5,2.62,3.62,2.75,3.12,2.75,2.25,2.0,2.94,2.7,2.5,2.52,3.74,3.8,3.26,2.92,3.2,2.13,3.04,2.78,3.33,3.34,4.26,2.75,4.42,3.98,4.23,2.67,3.55,4.09,3.97,1.89,3.93,3.65,1.45,4.05,2.05,3.17,2.11,2.02,2.67,2.2,3.35,1.81,1.6,3.16,3.23,3.35,1.43,"Helpers--Brickmasons, Blockmasons, Stonemasons, and Tile and Marble Setters",Construction
47-3012,3.25,2.88,3.0,3.0,3.0,3.0,1.38,2.88,2.0,3.12,2.88,3.0,2.38,2.25,2.0,2.62,2.62,2.75,3.0,3.0,3.25,2.12,2.12,3.12,3.38,2.0,2.38,3.0,3.0,2.5,2.38,2.0,3.12,2.62,3.0,2.25,3.0,2.0,2.12,3.0,3.0,2.0,2.38,2.75,3.12,2.38,3.0,2.5,3.0,2.0,2.25,2.25,2.75,2.57,2.53,2.55,3.79,3.69,3.04,2.8,2.89,2.16,2.92,2.72,3.0,3.43,4.1,1.96,4.37,3.58,4.19,2.99,3.13,3.98,3.2,1.84,3.93,3.51,1.98,4.45,2.04,2.89,1.77,3.12,3.37,2.56,2.7,1.37,1.84,3.55,2.52,3.47,1.86,Helpers--Carpenters,Construction
47-3013,3.38,2.5,2.88,3.25,3.12,2.5,1.38,2.62,2.0,3.38,2.88,3.38,2.5,2.25,2.0,2.88,3.0,2.0,2.88,3.12,4.0,2.25,2.12,3.25,4.0,1.88,2.25,3.12,3.12,2.25,2.38,2.0,3.25,2.0,2.5,2.25,3.12,1.5,2.0,3.0,3.12,2.0,1.88,2.5,2.88,2.5,3.25,3.25,3.0,2.25,2.38,2.38,4.05,3.69,3.36,3.35,4.14,4.13,3.95,3.5,3.36,3.61,3.77,3.68,3.61,4.02,4.2,3.44,4.2,4.09,4.35,3.25,3.89,4.51,4.13,3.22,3.91,4.12,2.77,4.29,3.62,4.24,3.5,4.17,3.66,3.7,3.65,3.42,2.56,3.81,3.8,4.01,2.74,Helpers--Electricians,Construction
47-3014,3.38,2.63,2.75,2.63,2.75,2.63,1.38,3.0,1.25,3.38,3.0,3.0,2.25,2.13,2.13,3.13,3.38,2.5,2.63,2.88,3.38,1.13,1.88,3.13,3.0,1.88,1.25,3.0,3.0,2.13,2.5,2.25,2.75,2.0,2.25,2.13,2.63,1.88,2.0,2.88,3.0,2.0,2.63,3.0,3.38,2.13,3.38,2.63,2.75,1.63,2.13,2.13,2.34,2.42,2.25,2.24,4.0,2.26,2.54,2.29,2.32,1.94,1.78,2.91,2.31,2.94,3.41,2.24,3.57,2.82,3.53,1.96,2.48,3.06,2.68,1.84,2.91,2.88,1.57,3.75,1.73,2.3,2.2,1.36,2.93,2.5,2.31,1.75,1.74,2.25,2.86,2.59,1.04,"Helpers--Painters, Paperhangers, Plasterers, and Stucco Masons",Construction
47-3015,3.38,2.0,2.88,3.0,2.88,2.75,1.62,2.62,1.62,3.25,2.5,3.0,2.12,2.12,1.88,2.62,2.62,2.12,2.75,3.0,3.75,2.25,2.0,3.38,3.25,1.75,2.12,3.25,3.0,2.12,2.0,1.88,3.25,2.0,2.25,2.12,2.75,1.75,2.0,2.88,3.0,2.0,2.12,2.75,3.0,2.12,3.25,2.0,3.12,2.0,2.12,2.0,2.38,3.14,2.4,2.63,3.45,3.75,3.18,3.21,2.52,2.26,2.66,3.39,3.33,4.12,4.1,3.16,4.05,3.91,4.29,2.81,3.51,3.79,3.3,2.83,3.26,3.42,2.4,3.98,3.08,3.08,3.03,2.28,3.45,2.63,3.05,2.27,1.9,3.99,2.69,3.63,2.11,"Helpers--Pipelayers, Plumbers, Pipefitters, and Steamfitters",Construction
47-3016,3.25,2.88,2.88,2.75,2.88,3.12,1.75,2.62,2.0,3.12,3.0,3.12,3.0,2.5,2.5,3.0,3.5,2.62,2.75,3.0,3.5,2.25,1.88,3.38,2.88,1.88,2.25,3.0,3.0,2.25,2.88,2.12,3.25,2.25,2.88,2.5,2.88,2.25,2.62,3.25,3.12,2.0,2.88,3.0,3.12,2.38,3.75,2.75,3.25,2.38,2.38,2.0,3.23,3.42,3.47,3.6,3.72,2.96,3.67,3.4,3.53,2.9,3.33,3.33,3.12,3.11,4.02,3.25,3.21,3.74,3.78,3.26,3.17,3.8,3.81,3.08,3.66,3.37,3.08,3.48,3.04,2.98,3.42,3.34,3.29,3.46,3.34,2.61,2.66,3.71,3.69,3.67,2.71,Helpers--Roofers,Construction
47-4011,2.375,2.185,3.185,2.5,3.815,2.25,1.0,1.94,1.375,2.25,3.06,2.315,3.185,3.19,1.94,2.0,2.125,2.125,3.875,3.25,2.315,3.25,2.685,2.31,3.75,1.875,3.19,3.94,4.0,2.875,3.0,1.94,3.87,1.875,1.875,1.88,3.0,2.0,2.12,3.25,3.25,2.94,1.315,1.94,2.06,2.88,2.25,2.81,3.0,1.75,4.0,3.94,3.915,2.38,3.125,4.175000000000001,3.8049999999999997,2.575,3.0949999999999998,2.96,3.06,4.045,2.73,3.575,3.29,4.16,4.41,2.835,2.6,3.565,4.285,3.9050000000000002,3.285,3.92,3.4699999999999998,2.54,3.495,3.735,3.41,3.225,3.49,3.8950000000000005,3.285,2.05,2.125,3.27,3.57,2.705,2.2,3.0149999999999997,3.34,4.1850000000000005,4.125,Construction and Building Inspectors,Construction
47-4021,3.5,2.38,3.12,3.25,3.75,2.75,1.25,2.25,1.62,3.38,2.88,3.5,3.12,2.88,1.88,2.5,3.12,2.62,3.5,3.38,3.62,2.38,2.38,3.12,3.5,1.62,2.12,3.62,3.25,2.75,2.88,1.75,3.75,2.62,3.12,2.75,3.0,2.0,2.12,2.75,3.0,2.25,2.0,2.38,2.62,2.62,3.12,2.88,3.25,2.25,3.12,3.12,3.31,2.58,2.74,2.75,3.47,4.35,2.74,3.1,2.87,3.5,3.57,3.27,2.76,4.1,4.27,2.45,3.46,3.88,4.22,2.67,2.85,4.0,3.79,2.86,3.66,3.53,2.41,3.89,2.65,3.68,2.53,4.03,4.38,2.48,3.21,2.1,1.24,2.51,3.26,3.57,3.34,Elevator and Escalator Installers and Repairers,Construction
47-4031,3.25,2.25,2.62,3.12,3.0,3.0,1.5,3.12,2.25,3.0,2.75,3.25,2.38,2.0,2.12,2.88,2.38,2.12,2.75,3.12,3.75,2.0,2.0,3.62,3.12,1.75,2.12,3.0,3.0,1.88,2.5,2.0,3.0,2.62,3.0,2.75,2.75,1.88,2.25,2.62,3.0,2.0,2.75,3.12,3.38,2.12,3.75,2.0,2.88,2.38,2.25,2.12,2.18,3.11,3.0,2.93,3.68,3.91,3.33,2.46,2.93,2.48,3.32,3.53,2.78,2.86,3.78,3.27,3.72,3.06,3.41,2.78,2.82,3.32,2.71,2.38,3.65,3.58,2.43,3.89,2.66,3.25,2.63,2.39,2.83,3.14,3.15,2.15,2.29,2.48,3.3,2.57,2.04,Fence Erectors,Construction
47-4041,3.5,2.88,3.5,3.75,3.5,2.88,1.12,2.38,1.75,3.12,3.0,3.0,3.0,2.88,2.12,2.38,2.38,2.88,3.38,3.38,3.25,2.38,2.62,3.38,3.62,2.0,2.5,3.88,3.62,2.75,3.0,2.0,4.0,2.75,2.88,2.75,3.12,2.0,2.12,3.25,3.5,2.75,1.75,2.25,3.0,2.88,2.88,2.88,3.25,2.0,3.25,3.5,3.24,2.91,2.84,3.22,4.07,3.16,3.21,3.05,3.49,3.51,2.92,3.67,3.29,3.8,3.95,2.95,3.83,3.7,3.91,2.77,3.45,3.28,3.77,2.9,3.11,3.32,2.97,3.91,2.68,3.49,3.01,2.72,3.08,2.89,3.24,2.69,2.49,3.03,2.99,3.57,2.6,Hazardous Materials Removal Workers,Construction
47-4051,3.38,3.25,3.0,3.88,3.0,3.0,1.0,2.88,1.62,3.12,3.12,3.12,3.12,2.12,2.25,2.75,2.12,2.88,3.0,3.12,3.25,2.12,2.0,3.88,3.25,1.88,2.12,3.38,3.12,2.12,3.0,2.0,3.38,3.0,3.12,3.12,3.12,2.12,2.75,3.0,3.0,2.25,2.75,3.12,3.38,3.0,3.12,2.62,3.12,2.12,2.62,2.5,3.11,3.94,2.85,3.74,4.39,3.68,3.84,2.97,3.91,3.1,2.74,4.38,2.93,3.33,4.15,3.23,2.88,3.8,4.24,3.07,3.34,3.68,4.01,2.78,4.03,4.26,3.29,3.6,4.04,3.06,2.97,2.19,2.5,3.72,2.91,3.81,2.71,3.41,3.45,3.32,3.01,Highway Maintenance Workers,Construction
47-4061,3.62,3.12,2.88,3.88,3.12,3.38,1.25,3.12,2.0,3.12,3.62,3.12,3.38,2.5,2.88,3.0,2.75,3.0,3.0,3.12,3.75,2.12,2.0,3.75,3.38,1.88,2.12,3.12,3.0,2.25,3.25,2.0,3.62,3.25,3.62,3.12,3.12,1.88,2.75,2.88,2.88,2.75,2.75,3.0,3.25,2.88,3.12,2.88,3.38,2.38,2.88,2.5,3.24,2.97,3.2,2.76,4.24,3.92,3.77,3.09,3.21,3.31,2.91,3.36,3.78,4.05,4.64,3.28,4.45,4.33,4.38,3.48,3.43,4.46,3.98,2.79,4.46,3.97,2.63,4.28,2.81,3.55,2.78,2.19,3.83,2.94,3.41,2.68,2.3,3.58,3.13,4.02,2.08,Rail-Track Laying and Maintenance Equipment Operators,Construction
47-4071,3.5,3.0,2.75,3.62,3.12,3.38,1.62,2.88,1.88,3.12,3.12,2.88,3.5,2.5,2.62,2.75,2.5,3.25,3.0,2.88,3.75,2.12,2.38,3.5,3.25,2.0,2.38,3.5,3.12,2.25,3.0,2.25,3.5,2.88,3.25,2.88,3.0,2.12,2.62,2.62,2.75,2.5,2.25,2.62,3.12,2.88,3.0,2.88,3.0,2.62,2.75,2.5,2.59,2.33,2.6,3.19,3.61,3.38,2.72,2.64,1.98,3.58,1.75,3.39,2.73,2.98,4.34,1.88,3.56,3.57,3.5,3.21,2.86,3.69,3.32,2.16,4.38,3.09,1.81,4.16,3.38,2.69,2.14,2.09,3.14,2.34,2.81,2.17,1.6,2.92,2.93,3.31,1.59,Septic Tank Servicers and Sewer Pipe Cleaners,Construction
47-4091,3.38,2.75,3.0,3.5,3.12,3.0,1.0,2.75,1.12,2.25,2.88,3.12,2.5,2.62,2.12,2.5,2.0,2.5,3.12,3.25,3.38,2.12,2.0,3.62,3.38,1.88,2.12,3.62,3.62,2.62,2.75,2.12,3.38,2.75,3.0,2.88,2.88,1.75,2.5,3.25,3.38,2.25,2.62,2.5,3.25,2.62,3.0,2.5,3.0,2.12,3.0,3.0,2.85,3.09,3.59,3.61,4.01,3.68,4.06,2.96,3.85,2.3,2.45,4.0,3.68,3.57,3.98,3.9,4.33,3.56,4.18,3.36,2.83,4.05,3.42,2.58,4.25,3.92,2.41,4.25,3.02,3.16,2.81,1.23,3.35,3.27,3.12,3.42,2.21,3.29,3.71,3.05,1.36,Segmental Pavers,Construction
47-4099,3.25,2.5,3.0,3.0,3.0,3.12,1.38,2.5,1.75,3.12,3.12,3.0,3.12,3.0,2.25,2.5,2.5,2.38,3.0,3.25,3.75,2.75,2.12,3.12,4.0,2.0,2.5,3.25,3.25,2.38,2.88,2.0,3.88,2.12,3.0,2.25,3.0,2.0,2.12,3.0,3.0,2.38,1.88,2.5,2.88,2.88,3.12,3.0,3.12,2.12,2.88,2.75,3.27,2.91,3.61,3.3,3.91,3.43,3.57,3.48,3.78,3.65,3.04,3.17,3.52,3.83,4.0,3.35,3.91,3.87,3.91,3.39,3.09,3.91,3.68,3.32,3.78,3.83,3.0,4.09,3.57,3.65,3.04,2.96,3.7,3.18,3.74,2.64,2.83,3.27,3.87,3.87,3.23,Weatherization Installers and Technicians,Construction
47-5011,3.75,3.5,3.0,3.88,3.38,3.5,1.25,2.75,1.25,3.63,3.38,3.25,3.38,2.38,2.88,3.25,3.38,3.5,3.25,3.13,3.75,2.38,2.38,4.0,3.25,2.0,2.63,3.25,3.38,2.25,3.25,2.38,3.63,3.13,3.75,3.25,3.38,2.38,2.63,3.38,3.25,3.0,3.13,3.5,3.63,2.88,3.5,3.13,3.25,2.75,2.75,2.75,2.29,2.45,3.15,3.09,3.67,4.45,3.25,2.3,2.96,3.33,2.11,3.06,2.78,2.61,3.44,2.64,3.98,3.6,4.2,2.66,2.76,3.56,3.64,2.62,3.51,2.86,2.53,3.87,2.02,2.68,2.4,2.54,4.19,2.52,2.28,2.02,2.32,2.44,3.03,2.95,2.42,"Derrick Operators, Oil and Gas",Construction
47-5012,3.75,3.13,3.13,4.0,3.38,2.88,1.0,2.5,1.13,2.63,2.75,3.5,3.0,2.5,2.13,2.63,2.75,2.75,3.38,3.63,3.75,2.5,2.25,3.75,3.88,2.13,2.63,3.63,3.63,2.5,3.13,1.88,4.0,3.38,3.13,2.63,3.38,1.75,2.25,3.13,3.13,2.5,2.0,2.38,2.88,2.88,2.75,2.88,3.0,1.88,3.13,3.25,2.92,3.07,3.4,2.72,4.16,4.45,3.61,2.98,3.44,3.62,2.6,3.23,3.52,3.77,4.15,3.61,4.34,4.18,4.56,3.31,3.67,4.08,3.88,2.86,4.02,3.17,3.07,4.24,1.98,3.62,3.03,2.81,4.12,2.82,3.09,2.6,3.01,3.23,3.89,3.33,1.64,"Rotary Drill Operators, Oil and Gas",Construction
47-5013,4.0,3.25,3.0,4.0,3.12,3.12,1.0,2.75,1.25,3.0,3.25,3.0,3.12,2.62,2.38,2.75,3.0,3.5,3.25,3.0,3.38,2.88,2.38,3.75,3.62,2.12,2.75,3.38,3.25,2.62,3.38,2.12,4.0,3.0,3.5,2.88,3.38,2.75,2.75,3.25,3.25,2.88,2.88,2.75,3.12,3.0,3.0,3.12,3.12,2.88,3.0,3.0,2.83,3.91,4.08,3.92,4.39,4.71,4.36,3.02,3.79,3.04,3.24,4.17,3.65,3.56,4.03,3.69,3.94,4.15,4.54,3.53,4.13,3.95,4.32,2.56,3.73,3.89,3.45,4.13,1.97,3.59,3.51,2.82,3.96,3.56,3.47,3.09,2.82,3.22,4.19,3.42,2.22,"Service Unit Operators, Oil and Gas",Construction
47-5022,3.75,3.5,2.88,4.12,3.0,4.0,1.12,2.75,1.12,2.5,3.75,3.5,3.0,2.0,2.88,2.25,2.12,3.25,3.0,2.88,3.88,2.12,2.0,4.12,3.62,2.62,2.12,3.12,3.12,2.0,3.0,3.38,3.12,3.75,3.88,3.75,3.0,2.88,3.62,3.0,3.12,2.88,3.0,2.62,3.0,3.0,2.88,3.0,3.0,2.88,3.0,2.88,2.88,3.21,3.45,2.74,4.07,4.39,3.55,3.35,3.14,3.13,2.96,3.44,3.47,3.88,4.08,3.28,4.2,3.89,4.38,2.9,3.35,3.99,4.05,2.49,4.62,3.53,1.73,3.93,2.46,3.4,2.84,2.66,3.73,2.97,3.26,1.99,1.52,3.39,3.56,3.37,1.92,"Excavating and Loading Machine and Dragline Operators, Surface Mining",Construction
47-5023,3.88,3.0,2.88,4.0,3.25,3.62,1.12,1.88,1.88,2.38,3.25,3.12,3.0,2.75,2.38,1.75,2.25,3.25,3.12,3.25,3.75,2.25,2.12,3.88,3.5,2.0,2.0,3.25,3.0,2.38,3.38,2.0,3.25,3.5,3.88,2.88,3.0,2.0,2.62,3.0,2.88,2.75,1.75,2.25,2.38,2.88,2.62,3.12,3.25,2.25,3.0,3.0,2.7,3.39,2.58,2.67,3.81,4.52,3.1,2.86,2.89,2.9,2.71,2.86,3.24,3.53,4.12,3.08,3.87,3.96,4.58,3.24,3.38,3.88,3.83,3.02,4.19,2.98,2.12,3.85,2.86,2.86,2.4,2.74,4.44,3.01,3.16,2.88,1.58,3.32,3.29,3.14,1.79,"Earth Drillers, Except Oil and Gas",Construction
47-5032,3.88,2.88,3.25,3.5,3.88,3.38,1.25,2.5,1.38,3.0,3.13,3.75,3.25,2.63,2.38,2.38,2.38,3.0,3.88,3.88,4.0,2.63,2.13,3.63,4.0,2.0,2.63,3.88,3.75,2.88,3.25,2.0,4.0,2.88,3.63,2.63,3.38,2.13,2.13,3.25,3.13,2.38,2.38,2.38,3.0,3.0,3.0,3.5,3.13,1.88,3.0,2.88,3.38,2.71,3.42,3.54,3.79,3.88,3.71,3.04,3.5,4.29,2.75,3.25,3.83,4.29,4.33,3.5,4.21,4.17,4.21,3.0,3.79,4.42,4.17,3.42,3.92,3.88,3.5,4.25,2.96,3.75,2.88,2.46,3.21,3.0,3.67,2.33,2.39,3.5,4.04,4.17,2.42,"Explosives Workers, Ordnance Handling Experts, and Blasters",Construction
47-5041,3.88,3.0,3.0,4.0,3.12,3.5,1.5,2.75,1.88,3.12,3.38,3.0,3.12,2.38,2.62,2.62,2.0,3.5,3.12,3.0,3.38,1.88,2.12,3.75,3.62,2.62,1.88,2.88,3.12,2.12,3.12,2.25,3.75,3.62,3.75,3.12,3.5,2.62,2.75,2.88,2.88,2.62,2.25,2.75,3.0,3.0,3.12,3.0,3.0,2.25,2.38,2.25,3.09,2.99,2.69,1.89,3.89,4.35,3.19,2.8,3.11,2.34,2.4,2.95,2.83,3.62,3.67,2.66,3.57,3.58,4.02,2.54,2.91,4.1,3.59,2.27,4.15,3.27,1.37,3.2,1.49,2.84,2.65,3.31,3.93,2.25,2.76,1.72,1.58,2.92,3.63,3.42,1.85,Continuous Mining Machine Operators,Construction
47-5043,4.0,3.0,2.88,4.12,3.0,3.75,1.88,2.88,2.12,3.88,3.12,3.0,2.88,2.25,2.75,2.88,3.12,3.0,2.88,3.62,3.88,2.0,2.12,3.75,3.75,2.5,2.0,3.0,3.0,2.12,2.75,2.62,3.75,3.25,3.75,3.38,3.5,2.62,2.88,3.0,3.12,2.0,2.38,3.12,3.62,3.0,3.25,2.75,3.0,2.88,2.62,2.12,2.53,3.04,2.9,1.77,3.9,4.4,3.31,2.56,2.62,2.8,2.35,1.98,2.84,3.46,4.04,3.07,4.05,4.22,4.53,3.16,3.05,3.73,4.35,2.66,4.42,3.19,1.25,3.56,1.08,3.3,2.71,3.51,4.22,2.07,2.52,1.48,1.36,2.37,3.8,3.49,1.42,"Roof Bolters, Mining",Construction
47-5044,3.25,3.0,3.0,3.75,2.88,3.12,1.12,2.5,1.62,3.0,3.0,2.88,2.75,2.12,2.25,2.38,2.12,2.88,2.88,3.0,3.25,2.0,2.0,3.38,3.25,2.25,2.0,3.0,3.0,2.0,3.12,2.38,3.25,3.25,3.38,2.75,3.12,2.0,2.75,3.0,3.0,2.12,2.25,2.75,2.75,3.12,3.12,2.88,3.0,1.88,2.75,2.12,2.09,2.25,2.58,1.81,3.46,3.97,2.85,2.36,2.75,2.28,1.96,2.66,2.59,3.16,3.65,2.43,3.37,3.9,4.05,2.3,2.69,2.81,3.57,2.11,4.4,2.52,1.87,3.28,1.52,2.56,2.2,2.52,3.53,2.27,2.03,1.83,1.75,2.48,2.91,2.49,1.53,"Loading and Moving Machine Operators, Underground Mining",Construction
47-5051,3.88,2.38,2.88,3.5,2.88,2.88,1.12,3.0,1.25,3.12,2.5,3.0,2.75,1.88,1.88,2.62,2.62,2.38,2.75,2.88,3.25,1.88,2.0,3.62,3.25,1.88,2.0,3.0,2.88,2.0,2.75,1.88,3.0,2.88,2.88,2.75,2.88,1.62,2.25,2.88,2.88,2.0,2.5,3.12,3.5,2.5,3.38,2.88,3.0,2.25,2.38,2.12,2.39,2.67,2.12,1.72,3.1,3.61,2.66,2.35,2.36,2.3,2.02,2.88,2.63,2.89,3.0,2.06,3.84,2.93,3.5,2.12,3.03,2.82,3.33,1.5,3.4,2.68,1.63,3.75,1.39,2.55,2.1,1.55,3.04,2.0,2.22,1.59,1.61,2.5,2.73,2.7,1.64,"Rock Splitters, Quarry",Construction
47-5071,3.25,3.0,2.88,3.25,3.0,3.0,1.5,2.5,2.0,3.25,3.25,3.0,3.0,2.0,2.12,2.62,3.0,3.0,2.75,3.12,3.75,2.0,2.0,3.75,3.5,2.0,2.0,3.12,3.0,2.0,2.88,2.12,3.5,3.0,3.0,2.75,3.0,2.12,2.0,2.88,3.0,2.25,2.38,3.12,3.25,2.88,3.25,2.62,3.0,2.12,2.25,2.0,2.73,3.19,3.16,3.14,3.6,4.28,3.66,2.94,3.26,3.45,2.6,3.62,3.0,3.25,4.03,3.15,3.7,3.88,4.48,2.68,3.39,3.75,3.91,2.95,4.53,3.92,2.21,4.23,2.56,3.41,2.92,2.49,3.54,2.99,3.8,2.53,1.69,3.47,3.22,3.36,1.97,"Roustabouts, Oil and Gas",Construction
47-5081,3.88,3.12,2.88,3.75,3.12,3.38,1.5,3.0,1.88,3.12,3.62,3.38,3.0,2.5,2.75,3.0,3.0,3.12,3.0,3.25,4.0,2.25,2.5,3.75,3.62,1.88,2.12,3.25,3.0,2.38,3.12,2.38,3.62,3.38,3.75,3.12,3.25,2.25,3.0,2.88,3.0,2.5,2.62,3.12,3.62,2.75,3.5,2.75,3.12,2.38,2.75,2.25,3.71,3.85,3.88,3.25,4.46,4.74,3.58,3.97,3.63,3.75,3.17,3.43,3.88,4.37,4.11,3.46,4.75,3.86,4.4,3.97,3.52,4.23,4.2,3.98,4.7,3.66,2.55,4.36,2.26,3.85,3.2,3.4,4.55,3.44,3.4,2.58,2.35,3.43,3.44,3.56,2.21,Helpers--Extraction Workers,Construction
49-1011,3.0,3.0,3.12,3.0,3.88,2.88,1.0,2.0,1.38,2.12,3.25,3.0,3.25,3.0,2.0,2.0,2.0,3.0,3.88,3.75,3.0,2.88,2.88,2.88,3.88,2.0,3.0,4.0,4.0,2.75,3.12,2.0,3.75,2.25,2.75,2.12,3.25,2.5,1.88,3.75,3.75,2.88,1.75,2.0,2.25,2.75,2.88,2.75,3.12,2.12,4.0,3.12,3.56,2.98,3.46,3.47,4.15,3.62,3.98,3.73,3.99,3.91,3.43,3.24,3.86,4.22,4.22,3.96,3.55,3.91,3.99,3.51,3.68,4.31,4.3,3.26,4.0,4.23,3.19,3.25,2.27,3.67,3.3,3.42,3.68,3.08,3.87,2.77,3.33,3.71,3.79,3.9,3.82,"First-Line Supervisors of Mechanics, Installers, and Repairers",Installation & Repair
49-2011,3.12,2.12,3.0,3.12,3.12,2.12,1.0,2.0,1.38,2.5,2.75,3.5,2.75,2.88,2.0,2.0,2.0,2.12,3.12,3.38,3.12,1.88,2.38,2.75,3.88,1.75,2.0,3.75,3.62,2.75,2.88,1.88,3.62,2.0,2.0,2.0,3.0,2.0,2.12,3.5,3.5,2.38,1.75,2.0,2.12,2.88,2.38,3.0,3.38,2.0,3.5,3.0,3.0,1.9,2.15,4.29,3.14,2.78,1.86,2.24,1.78,2.76,2.27,2.65,2.31,2.4,3.91,2.13,3.07,3.42,4.0,2.34,2.13,4.37,3.22,2.64,3.43,3.03,2.62,2.26,2.93,2.47,2.44,4.63,3.86,2.64,2.71,1.99,1.27,3.19,2.61,3.83,4.11,"Computer, Automated Teller, and Office Machine Repairers",Installation & Repair
49-2021,3.38,2.62,3.12,3.12,3.38,2.62,1.75,2.12,2.12,3.12,3.0,3.25,2.75,2.88,2.0,2.38,2.75,2.5,3.12,3.38,3.25,2.75,2.88,2.88,3.88,2.0,2.38,3.25,3.12,2.38,3.12,2.0,3.88,2.12,2.38,2.38,3.0,2.0,2.25,3.12,3.25,2.38,1.75,2.12,2.88,2.5,2.88,2.88,3.0,2.5,3.12,3.0,3.37,2.84,3.22,3.86,4.36,3.41,3.61,3.19,3.09,3.95,3.6,3.54,3.4,4.12,4.25,3.22,4.13,4.48,4.47,3.87,3.68,4.58,4.07,2.48,4.21,4.12,3.17,4.05,3.16,4.17,3.22,4.21,3.38,3.16,3.73,2.83,2.12,3.81,3.52,4.43,4.01,"Radio, Cellular, and Tower Equipment Installers and Repairers",Installation & Repair
49-2022,3.75,3.0,3.12,3.25,3.5,3.0,1.12,2.38,1.5,3.12,3.25,3.62,3.38,3.0,2.38,3.0,3.0,2.88,3.5,3.5,3.62,2.88,3.0,3.38,3.88,2.12,2.38,3.88,3.38,2.75,3.25,1.88,3.88,2.25,2.75,2.75,3.12,2.0,2.5,3.38,3.38,3.0,2.0,2.75,3.0,2.88,3.0,3.88,3.25,2.12,3.12,2.88,3.44,2.97,2.46,3.61,4.07,2.84,2.77,2.58,2.49,3.36,2.41,3.5,2.66,3.04,4.41,1.98,3.64,3.96,3.69,3.37,3.45,4.4,3.53,1.79,4.13,3.76,2.33,3.47,3.84,3.71,2.85,3.62,2.73,2.92,2.48,2.53,1.35,3.39,3.31,4.01,4.44,"Telecommunications Equipment Installers and Repairers, Except Line Installers",Installation & Repair
49-2091,3.38,2.38,3.0,3.38,3.62,2.0,1.0,2.0,1.5,2.25,2.88,3.62,2.88,2.88,1.5,2.0,2.0,2.88,3.62,3.75,3.25,2.5,2.38,2.75,3.75,1.5,2.25,3.75,3.5,2.88,3.0,1.5,3.75,2.0,2.12,2.12,3.0,1.5,1.62,3.12,3.12,2.25,1.0,2.0,2.12,2.62,2.38,3.0,3.25,2.0,3.88,3.62,3.57,2.62,2.99,3.14,4.03,3.69,3.19,2.71,3.06,4.4,3.35,3.6,2.85,4.12,4.35,2.69,3.55,3.66,3.98,3.28,3.4,4.16,3.7,2.53,2.95,3.63,2.69,3.38,2.14,3.74,3.19,4.33,3.57,2.5,2.97,2.31,1.83,3.21,3.78,4.39,4.15,Avionics Technicians,Installation & Repair
49-2092,3.62,3.0,3.0,3.12,3.25,3.0,1.12,2.38,1.88,3.0,2.88,4.0,3.12,2.88,2.12,2.12,2.0,3.25,3.25,3.5,3.75,2.75,2.75,3.12,3.88,1.75,2.5,3.12,3.0,2.75,3.12,1.88,3.88,3.0,3.12,2.75,3.0,2.12,2.0,2.88,2.88,3.12,2.38,2.38,2.88,2.75,2.88,3.25,3.25,2.75,3.12,2.88,3.25,2.57,3.45,3.33,4.13,4.09,3.44,2.96,3.27,3.85,3.31,3.34,3.77,3.91,4.31,3.01,3.86,4.33,4.12,3.37,3.27,3.88,4.15,2.75,3.63,4.02,2.88,3.84,1.85,4.06,2.84,4.24,4.24,2.62,3.46,2.44,2.03,3.45,3.46,3.45,2.92,"Electric Motor, Power Tool, and Related Repairers",Installation & Repair
49-2093,4.0,2.38,3.0,3.25,3.12,2.62,1.0,2.12,1.75,3.25,3.0,3.38,2.88,2.38,1.62,2.12,2.38,2.38,3.12,3.25,3.62,2.25,2.0,3.25,4.0,1.62,2.25,3.25,3.0,2.38,2.5,1.62,3.75,1.88,2.25,2.0,3.0,1.62,1.62,3.0,2.88,2.12,1.38,2.0,2.12,2.5,2.88,3.38,3.0,2.0,3.0,2.88,3.55,2.34,2.99,2.54,4.26,4.12,3.41,2.98,2.79,3.2,3.08,2.99,3.4,3.5,3.75,2.86,3.91,3.55,4.2,2.65,3.34,4.01,3.72,2.36,3.56,3.52,2.38,3.73,2.37,3.68,3.1,3.31,3.44,2.28,2.69,2.06,1.83,3.51,3.31,3.69,3.74,"Electrical and Electronics Installers and Repairers, Transportation Equipment",Installation & Repair
49-2094,3.75,2.62,3.12,3.0,3.75,2.62,1.0,2.12,1.62,2.88,3.0,3.62,3.25,3.0,1.5,2.0,2.12,2.88,3.12,3.88,3.62,2.88,2.75,2.62,3.88,1.5,2.75,3.75,3.12,3.0,3.25,1.5,3.88,2.5,2.62,2.25,3.0,1.62,1.5,3.0,3.0,2.62,1.62,2.0,2.75,2.25,2.25,3.25,3.25,2.5,3.12,3.0,3.67,2.44,3.06,2.56,3.83,3.72,2.55,3.02,2.27,4.12,3.33,3.65,3.41,3.58,4.05,2.78,3.46,4.09,4.05,3.03,3.45,4.23,3.9,2.1,2.32,3.57,2.25,3.19,1.5,3.46,2.54,4.44,3.69,2.37,2.73,1.85,1.69,3.47,3.71,3.59,4.16,"Electrical and Electronics Repairers, Commercial and Industrial Equipment",Installation & Repair
49-2095,3.75,2.75,3.0,3.25,3.12,2.62,1.0,2.0,1.62,2.75,3.0,3.25,3.12,2.62,2.0,2.25,2.5,2.38,3.12,3.5,3.12,2.88,2.75,2.62,3.88,2.0,2.75,3.75,3.62,2.75,3.12,2.0,3.75,2.0,2.25,2.12,3.0,2.0,2.0,2.88,2.88,2.5,1.75,2.0,2.12,2.5,2.88,3.25,3.0,2.25,3.62,3.12,3.83,2.68,3.1,2.45,3.83,3.91,2.72,2.51,2.04,4.04,3.41,3.4,3.02,3.98,4.25,2.47,3.4,4.36,4.32,3.09,3.44,4.28,4.18,2.69,3.37,3.45,2.8,3.61,1.65,3.85,2.8,4.41,3.94,2.47,2.95,1.6,1.46,3.21,3.25,4.09,3.93,"Electrical and Electronics Repairers, Powerhouse, Substation, and Relay",Installation & Repair
49-2096,3.88,3.0,3.12,3.38,3.62,2.38,1.12,2.0,1.62,3.62,2.88,3.88,3.0,3.0,2.0,2.0,2.0,3.0,3.5,3.25,3.5,2.25,2.0,3.25,3.88,2.0,2.25,3.5,3.38,2.88,2.88,2.0,3.62,2.0,2.62,2.12,3.5,2.5,2.0,3.0,3.0,2.62,1.75,2.0,2.62,3.0,3.12,3.75,3.62,2.0,3.12,2.88,3.57,2.78,3.41,3.33,3.48,2.89,3.34,3.17,2.97,3.34,3.25,3.45,3.21,3.28,4.75,3.48,4.38,4.56,3.57,3.49,3.64,4.57,3.72,1.87,3.82,3.76,2.58,3.67,3.4,3.79,3.69,3.47,2.73,2.8,3.07,3.07,1.74,3.79,3.58,4.51,3.96,"Electronic Equipment Installers and Repairers, Motor Vehicles",Installation & Repair
49-2097,3.12,2.75,3.12,3.0,3.25,2.62,1.0,2.25,1.38,2.75,3.25,3.62,3.0,2.75,2.0,2.25,2.12,3.12,3.12,3.25,3.25,2.5,2.5,2.62,3.62,1.62,2.38,3.25,3.12,2.75,2.88,2.0,3.5,1.88,1.88,2.0,3.0,2.38,2.12,3.12,3.12,2.5,1.75,2.12,2.5,2.38,2.62,3.25,3.5,1.88,3.0,2.88,3.47,2.12,2.53,3.66,3.48,2.93,3.07,2.87,2.92,3.26,2.65,3.46,3.44,3.29,4.25,3.07,3.73,3.94,3.89,3.07,3.25,4.09,3.59,2.51,2.64,3.84,2.8,2.78,3.41,3.81,3.02,3.66,2.32,3.31,3.03,3.2,1.92,3.66,3.06,4.36,4.19,Audiovisual Equipment Installers and Repairers,Installation & Repair
49-2098,3.38,2.62,3.12,3.0,3.38,2.38,1.25,2.12,1.62,3.12,3.0,3.12,2.88,2.62,2.0,2.12,2.5,2.62,3.25,3.38,3.38,2.12,2.12,3.12,3.5,1.75,2.12,3.75,3.5,2.62,3.0,1.88,3.75,1.88,2.12,2.12,2.88,2.0,2.12,3.12,3.12,2.12,1.5,2.25,2.38,2.62,2.88,2.88,3.12,2.0,3.0,3.0,3.45,1.98,2.6,4.26,4.06,2.8,2.78,3.19,2.16,3.59,2.82,3.41,3.11,3.64,3.91,2.78,4.0,4.2,4.1,3.19,3.38,4.1,3.29,1.79,3.61,3.63,2.39,4.1,3.14,3.74,2.37,4.36,3.02,2.55,3.15,1.98,1.69,3.26,3.02,4.25,4.01,Security and Fire Alarm Systems Installers,Installation & Repair
49-3011,3.75,3.12,3.25,4.0,3.88,3.0,1.5,2.5,1.62,3.12,3.38,4.0,3.75,2.88,2.0,2.38,2.5,3.62,3.88,4.0,4.0,2.75,2.88,3.88,4.12,2.0,2.5,3.62,3.75,2.88,3.38,2.0,4.5,2.88,3.0,3.0,3.25,2.12,2.25,3.12,3.0,3.0,2.12,2.5,3.0,2.75,3.25,3.38,3.5,2.5,4.12,3.25,3.73,2.88,3.3,2.99,4.27,3.52,3.26,3.36,3.01,4.63,3.02,3.34,3.54,4.6,4.55,3.0,4.18,4.23,4.6,3.49,4.0,4.55,4.01,2.86,4.22,3.83,2.9,4.03,2.26,3.98,2.75,3.85,4.31,3.04,3.47,2.68,1.91,3.45,3.45,4.44,3.44,Aircraft Mechanics and Service Technicians,Installation & Repair
49-3021,3.5,3.0,3.12,3.12,2.88,2.75,1.88,2.62,2.25,3.0,2.88,3.25,3.0,2.88,2.0,2.5,2.5,2.88,2.88,3.25,3.38,2.12,2.0,3.12,3.25,2.0,2.12,3.25,3.12,2.88,2.88,2.0,3.25,2.12,2.75,2.12,3.12,2.0,2.0,3.0,3.12,2.12,2.38,2.62,3.0,2.25,3.0,3.25,3.38,2.5,3.0,2.25,3.05,2.52,3.03,2.6,3.79,3.05,2.8,3.37,2.64,2.73,2.75,2.99,3.16,3.8,4.06,2.73,3.65,3.89,3.86,2.6,3.26,4.05,3.75,2.79,3.93,3.88,2.31,3.49,2.72,3.79,2.52,2.7,3.48,2.7,3.45,2.17,1.96,3.72,3.25,4.1,2.83,Automotive Body and Related Repairers,Installation & Repair
49-3022,3.0,2.38,2.62,3.0,3.0,2.88,1.38,2.12,1.12,3.0,2.88,3.0,2.12,2.12,2.62,2.25,1.88,2.12,2.88,3.0,3.12,1.88,1.88,3.12,3.5,1.75,2.0,3.0,3.0,2.0,2.5,1.88,3.0,1.88,2.0,1.88,2.75,1.75,1.88,2.75,3.0,2.0,2.25,2.5,3.12,2.5,2.88,2.75,3.0,2.0,2.62,2.5,1.86,1.48,1.75,2.65,3.12,2.66,2.16,1.71,2.08,2.29,1.46,2.9,2.44,2.91,3.43,1.8,4.09,3.09,2.72,2.31,2.71,3.0,2.73,1.56,3.29,3.04,2.2,4.22,3.4,2.55,2.14,1.79,2.33,2.59,2.49,2.16,1.31,3.03,2.33,3.41,2.05,Automotive Glass Installers and Repairers,Installation & Repair
49-3023,3.62,3.0,3.0,3.62,3.88,2.75,1.88,2.75,2.5,3.38,2.75,3.75,3.25,2.88,2.0,2.12,2.12,2.88,3.75,3.38,3.88,2.12,2.88,3.25,3.75,1.88,2.25,3.38,3.12,2.62,3.25,2.12,3.75,2.5,2.75,3.0,3.25,2.38,2.38,2.88,2.88,2.88,1.5,2.5,2.88,3.12,3.0,3.0,3.38,2.75,3.25,2.62,3.28,2.41,2.93,3.04,3.4,3.54,2.56,2.86,2.54,2.94,2.52,3.23,2.98,3.56,4.6,2.53,4.0,3.95,3.95,3.46,3.52,4.13,3.56,2.25,4.47,3.39,2.25,3.59,2.83,2.98,2.84,3.63,4.15,2.81,2.57,2.66,1.86,3.07,2.87,4.23,3.65,Automotive Service Technicians and Mechanics,Installation & Repair
49-3031,3.88,3.12,2.88,3.75,3.62,3.12,1.25,2.25,1.88,3.5,3.0,3.88,3.12,2.75,2.0,2.25,2.75,3.75,3.12,3.38,3.88,2.0,2.12,3.62,4.0,2.0,2.0,3.12,3.12,2.62,3.0,2.0,3.62,2.62,3.0,2.75,3.0,2.62,2.0,2.88,3.0,2.12,2.25,2.75,3.0,2.88,3.38,3.0,3.25,2.25,2.88,2.62,3.78,2.77,2.89,2.35,3.7,4.04,2.54,3.06,2.3,3.69,3.14,3.11,3.17,3.57,4.26,2.3,3.95,4.26,4.39,2.85,2.9,4.1,3.91,2.26,4.22,3.32,2.94,4.02,1.93,3.54,3.27,4.11,4.62,2.07,2.66,2.04,1.58,3.15,2.84,4.01,3.6,Bus and Truck Mechanics and Diesel Engine Specialists,Installation & Repair
49-3041,3.75,3.25,3.0,4.0,3.75,3.0,1.12,2.88,2.25,3.62,3.0,4.0,3.38,2.88,2.12,2.38,2.38,3.38,3.5,3.5,4.0,2.62,2.88,4.0,3.88,1.88,2.5,3.38,3.25,2.12,3.12,2.0,3.88,2.88,3.0,3.0,3.25,2.62,2.25,3.12,3.25,3.0,2.0,2.75,3.25,2.62,3.25,3.25,3.88,3.0,3.38,3.0,3.08,2.73,2.65,3.71,3.82,3.95,2.54,2.47,2.44,4.0,3.15,3.65,2.64,2.91,4.14,2.25,4.08,3.94,4.19,3.51,3.45,3.79,3.53,2.56,4.07,3.76,2.67,3.81,3.64,2.95,2.85,4.13,4.61,2.99,2.54,2.85,2.44,3.28,2.72,3.83,3.81,Farm Equipment Mechanics and Service Technicians,Installation & Repair
49-3042,3.75,3.0,3.12,4.0,3.38,2.88,1.38,2.88,2.25,3.88,3.12,3.88,3.25,2.75,2.62,2.88,2.75,3.0,3.25,3.38,4.0,2.88,2.62,3.62,3.88,1.88,2.75,3.0,3.0,2.75,3.25,2.0,3.75,3.12,3.38,3.0,3.12,2.38,2.5,3.0,3.0,2.88,2.38,2.38,3.25,2.88,3.12,3.12,3.5,2.88,3.12,2.75,3.56,2.88,2.79,2.98,3.85,4.21,2.97,3.18,2.71,3.98,3.39,3.61,3.3,3.34,4.16,2.82,4.22,3.94,4.41,3.37,3.71,4.24,3.89,2.59,4.46,3.73,2.53,4.01,2.47,3.76,3.08,3.78,4.64,2.84,3.11,2.46,2.23,3.72,3.18,3.68,3.44,"Mobile Heavy Equipment Mechanics, Except Engines",Installation & Repair
49-3043,3.88,2.88,3.0,3.88,3.12,2.75,1.25,2.88,1.75,3.25,3.12,3.62,3.25,2.88,2.38,3.0,3.0,3.0,3.0,3.12,3.88,2.12,2.25,3.75,3.62,2.0,2.25,2.88,2.88,2.75,3.38,2.12,3.5,2.62,3.5,2.62,3.0,2.75,2.0,2.88,3.0,2.62,2.25,3.0,3.5,2.5,3.5,3.0,3.12,2.25,2.75,2.75,3.06,2.88,2.93,2.48,3.6,3.64,2.62,2.97,2.78,3.29,2.73,3.04,2.9,3.51,4.02,2.65,3.9,3.78,4.24,2.39,3.12,3.78,3.81,2.39,3.94,3.69,2.16,3.58,1.86,3.05,2.64,2.5,3.58,2.36,2.95,1.76,1.76,3.2,3.59,3.27,2.15,Rail Car Repairers,Installation & Repair
49-3051,3.75,2.88,3.0,3.62,3.75,3.0,1.0,2.25,2.12,3.12,3.0,3.62,3.0,2.38,2.0,2.0,2.0,3.25,3.75,3.25,3.75,2.12,2.12,3.25,3.5,1.88,2.12,3.25,3.25,2.38,2.88,1.88,3.88,2.25,2.75,2.38,3.0,2.25,2.0,2.88,3.12,2.25,1.75,2.5,3.0,2.38,3.12,2.75,3.12,2.12,2.75,2.75,3.46,2.1,2.32,2.94,3.45,3.67,2.34,2.43,2.28,3.07,2.49,3.39,3.11,2.87,4.03,2.23,4.1,3.82,3.7,2.74,2.8,3.9,3.32,2.72,4.11,3.2,2.63,3.89,3.1,3.21,2.49,3.39,4.01,2.02,2.8,2.49,1.69,2.82,2.46,3.98,2.97,Motorboat Mechanics and Service Technicians,Installation & Repair
49-3052,3.75,3.12,3.12,3.62,3.88,2.75,1.25,2.25,1.88,3.12,2.62,3.88,2.88,3.12,1.62,2.25,1.88,3.75,3.88,3.12,3.88,2.12,2.38,3.12,3.75,1.62,2.25,3.75,3.25,3.0,2.38,1.38,3.62,2.0,2.38,2.88,3.12,2.25,2.0,3.0,3.0,2.12,1.88,2.12,3.12,2.88,3.12,2.25,3.12,2.0,3.0,2.75,3.74,2.83,2.48,3.49,4.08,4.19,2.79,3.61,2.98,3.41,3.3,3.32,3.19,3.78,4.3,2.68,4.22,4.17,4.34,3.2,3.74,4.47,4.34,3.0,4.51,3.96,2.0,4.03,3.39,3.72,2.98,3.74,4.34,2.81,3.62,2.45,1.71,3.68,3.05,4.19,3.77,Motorcycle Mechanics,Installation & Repair
49-3053,3.75,3.0,3.0,3.5,3.25,2.75,1.12,2.12,1.62,3.12,2.62,3.88,3.0,2.75,1.75,2.0,1.88,3.0,3.0,3.25,3.62,2.12,2.25,3.12,3.62,1.75,2.0,3.12,3.0,2.62,2.75,1.88,3.25,2.38,2.88,2.62,3.0,2.12,1.88,2.88,2.75,2.25,1.88,2.12,3.0,2.62,2.75,2.5,3.38,2.62,2.62,2.75,3.26,2.81,2.94,2.87,3.45,3.68,2.81,2.88,2.33,3.45,2.54,3.17,3.48,3.38,3.89,2.37,3.92,3.99,4.01,2.88,3.69,4.06,3.6,2.43,3.63,3.27,2.67,3.77,2.94,3.33,2.59,2.73,4.65,2.83,2.66,2.98,2.32,2.93,3.24,4.41,3.71,Outdoor Power Equipment and Other Small Engine Mechanics,Installation & Repair
49-3091,3.75,2.12,3.0,3.12,3.0,2.62,1.25,2.38,1.88,3.0,2.75,3.88,2.88,2.75,1.5,2.0,2.0,2.12,3.0,3.62,3.75,2.12,2.38,2.88,3.88,1.38,2.25,3.38,3.5,2.75,2.75,1.5,3.62,2.12,2.25,1.62,3.0,1.38,1.5,3.5,3.38,2.5,2.0,2.0,2.88,2.75,2.88,2.62,3.88,2.62,3.0,2.88,2.52,4.17,2.56,3.08,4.1,3.41,2.99,2.73,2.9,3.86,1.84,3.54,2.6,2.28,4.27,3.77,4.24,4.05,3.74,2.7,3.51,3.94,2.82,2.77,2.38,3.67,2.61,3.58,4.68,2.74,3.46,1.92,4.06,3.22,3.35,4.73,2.27,2.83,3.1,4.53,2.89,Bicycle Repairers,Installation & Repair
49-3092,3.12,2.88,3.0,3.5,3.12,2.62,1.0,2.12,1.88,3.0,2.88,3.62,3.0,2.62,1.88,2.12,2.62,2.75,3.0,3.12,3.88,2.0,2.0,3.0,4.0,1.62,2.0,3.5,3.62,2.62,3.0,1.88,3.75,2.0,2.5,2.38,2.88,2.0,2.12,3.12,3.0,2.5,1.5,2.0,2.88,2.0,3.0,2.88,3.0,2.12,3.0,2.75,2.94,2.79,2.16,2.53,3.41,3.54,1.95,2.31,2.06,3.1,2.53,3.35,3.21,2.83,4.3,1.94,3.75,3.98,3.21,3.1,2.96,3.79,3.43,2.65,3.6,2.78,2.53,3.63,2.78,3.26,2.69,3.52,3.55,2.07,2.41,2.05,1.82,3.06,2.43,3.63,2.67,Recreational Vehicle Service Technicians,Installation & Repair
49-3093,3.0,2.25,2.75,3.0,3.0,2.75,1.12,2.5,1.88,3.38,2.88,3.0,2.38,2.25,2.0,2.38,2.12,2.38,3.0,3.0,3.62,2.0,2.0,3.62,3.38,2.0,2.0,3.0,3.0,2.12,2.38,2.0,3.12,2.75,2.88,2.75,2.88,2.0,2.12,3.0,2.88,2.0,2.5,2.75,3.5,2.38,3.75,2.75,2.5,2.25,2.88,2.38,3.49,2.68,3.03,2.81,3.96,3.4,3.04,2.78,2.38,2.53,2.22,2.99,3.55,3.41,4.09,2.39,3.96,3.59,3.91,2.72,3.44,3.63,3.76,2.51,4.08,3.19,2.33,3.72,3.45,3.26,2.67,2.12,3.15,2.52,2.54,3.01,2.0,3.07,3.21,3.18,2.57,Tire Repairers and Changers,Installation & Repair
49-9011,3.88,2.5,2.88,3.12,3.0,3.0,1.25,2.62,1.88,3.38,2.88,3.38,2.88,2.88,2.0,3.0,3.0,2.75,3.0,3.12,3.88,2.25,2.25,3.12,3.75,2.0,2.0,3.25,3.12,2.62,2.75,2.0,3.62,2.0,2.75,2.12,2.88,2.0,2.25,3.12,3.12,2.75,2.25,2.88,3.38,2.5,3.62,3.0,3.0,2.12,3.12,3.0,2.73,2.73,2.44,3.44,3.53,3.12,3.11,2.31,2.51,2.83,2.8,3.14,3.05,3.4,3.92,2.55,3.84,3.7,3.76,2.63,2.71,3.69,3.41,2.09,4.2,3.18,2.52,4.16,3.5,3.02,2.74,3.07,3.56,2.9,3.12,2.94,1.93,3.31,3.25,3.34,2.12,Mechanical Door Repairers,Installation & Repair
49-9012,3.38,2.75,3.12,3.0,3.38,2.88,1.5,2.12,1.5,3.12,2.88,3.12,3.0,2.88,2.62,2.25,2.75,2.62,3.12,3.38,3.25,2.25,2.0,3.12,3.62,1.75,2.12,3.62,3.5,2.88,3.0,1.75,3.62,1.88,2.5,2.38,3.0,2.0,1.88,3.0,3.12,2.12,1.88,2.12,2.38,2.62,2.38,2.75,3.0,2.12,3.12,3.12,3.43,3.0,2.92,3.12,4.23,3.33,2.97,2.92,2.76,3.89,3.07,3.48,3.22,3.96,4.09,3.04,3.87,3.69,4.32,2.99,3.27,4.08,4.11,2.44,3.82,3.74,2.28,3.67,2.37,3.55,2.59,3.3,4.4,2.57,3.23,2.3,1.5,3.13,3.36,3.9,3.52,"Control and Valve Installers and Repairers, Except Mechanical Door",Installation & Repair
49-9021,3.62,2.75,3.25,3.12,3.75,2.62,1.62,2.5,2.25,3.25,3.0,3.62,3.12,2.75,1.88,2.38,2.5,3.0,3.5,3.25,3.5,2.38,2.75,3.25,3.88,2.12,2.25,3.62,3.25,2.75,3.0,2.12,3.88,2.0,2.62,2.38,2.88,2.12,2.12,3.25,3.0,2.62,1.75,2.62,3.12,2.75,3.0,3.62,3.38,2.5,3.12,2.88,3.25,2.85,3.33,3.46,3.64,3.57,3.17,2.9,2.8,3.26,2.91,3.61,3.26,3.73,4.1,3.2,4.01,3.86,4.04,3.15,3.42,4.03,3.7,2.92,3.73,3.34,2.24,4.08,2.86,3.49,2.7,3.32,3.65,3.24,3.17,2.97,2.2,3.43,3.38,3.76,2.72,"Heating, Air Conditioning, and Refrigeration Mechanics and Installers",Installation & Repair
49-9031,3.88,2.88,2.75,3.0,3.12,2.5,1.12,2.0,1.62,3.25,2.75,3.75,3.0,3.0,1.88,2.25,2.0,2.75,3.0,3.25,3.75,2.38,2.0,3.0,3.75,2.0,2.62,3.62,3.75,2.88,2.88,2.0,3.75,2.0,2.12,2.12,3.0,2.0,2.0,2.88,3.0,2.38,1.62,2.75,3.0,2.88,3.0,3.0,3.25,2.12,3.12,3.0,3.29,2.09,2.64,3.57,3.36,2.34,2.75,2.58,2.69,3.32,2.25,3.22,2.94,2.91,4.07,2.53,4.03,3.77,3.47,2.76,3.04,3.98,3.28,2.74,4.11,3.38,2.56,3.78,4.07,3.35,2.4,3.21,3.58,2.6,3.18,2.77,2.24,2.77,3.22,4.06,2.93,Home Appliance Repairers,Installation & Repair
49-9041,3.75,3.12,3.0,3.88,3.12,2.88,1.5,2.38,1.5,3.12,2.88,3.88,2.88,2.88,2.0,2.75,2.75,3.5,3.0,3.5,3.88,2.38,2.5,3.62,3.88,1.75,2.12,3.0,3.0,2.62,3.0,2.0,3.88,2.88,3.75,3.0,3.25,2.75,2.0,2.88,3.0,2.88,2.5,2.62,3.12,2.75,3.12,2.75,3.25,2.88,3.12,2.75,3.31,2.92,2.96,2.61,3.77,3.84,3.15,2.95,2.55,3.51,3.17,3.02,3.24,3.29,3.97,2.77,3.65,4.11,3.99,3.27,2.97,4.21,4.1,2.44,3.84,3.36,2.37,3.56,1.22,3.34,2.65,3.12,4.07,2.35,2.77,1.63,1.25,3.51,3.41,3.86,3.42,Industrial Machinery Mechanics,Installation & Repair
49-9043,4.0,2.62,2.88,3.25,3.0,2.75,1.0,2.12,2.0,3.12,2.88,3.0,3.0,2.75,2.0,2.12,2.12,2.75,3.0,3.0,3.38,2.0,2.0,3.12,3.38,2.0,2.0,2.88,3.0,2.25,3.0,2.0,3.62,2.5,2.88,2.12,3.0,2.0,2.0,2.88,2.88,2.0,1.75,2.25,3.0,2.75,3.0,3.0,3.12,2.25,2.75,2.88,2.95,2.66,2.79,1.95,3.75,4.17,2.68,2.87,2.67,3.55,2.89,3.18,2.6,3.26,4.07,2.79,3.71,3.92,4.18,3.16,2.54,3.92,3.52,2.08,3.51,3.64,2.48,3.62,1.48,2.72,2.61,3.7,4.34,2.36,2.99,1.93,1.76,3.31,3.2,3.41,3.03,"Maintenance Workers, Machinery",Installation & Repair
49-9044,3.88,3.0,3.0,3.88,3.12,2.88,1.25,3.0,2.12,3.75,3.12,3.88,3.12,2.62,2.62,2.88,3.0,3.25,3.12,3.75,4.12,2.75,2.5,3.88,4.0,2.0,2.75,3.38,3.12,2.62,3.12,2.0,3.62,3.0,3.12,3.0,3.0,2.12,2.5,3.0,3.0,2.62,1.88,2.62,3.75,2.88,3.75,2.88,3.88,2.62,2.88,2.75,3.43,3.18,3.82,3.05,4.27,4.23,3.64,2.86,3.45,4.09,4.0,3.59,3.0,4.14,4.32,3.73,4.45,4.23,4.55,3.32,3.1,4.24,4.05,3.09,3.82,4.05,2.64,4.27,2.23,3.73,3.24,2.41,4.77,3.27,3.86,2.73,2.48,3.41,4.05,3.82,2.76,Millwrights,Installation & Repair
49-9045,3.63,2.88,2.88,3.38,3.0,2.63,1.13,2.25,1.13,3.5,2.88,3.0,2.63,2.25,2.25,2.75,3.25,2.63,3.0,2.88,3.38,2.13,1.75,3.38,3.5,1.88,2.13,3.38,3.13,2.25,2.88,1.88,3.13,2.63,2.88,2.38,3.13,1.75,2.13,2.88,3.0,2.25,2.13,2.63,2.75,2.5,3.25,2.63,2.88,1.88,2.75,2.63,2.76,2.63,2.83,1.99,3.55,3.12,2.92,2.37,2.57,2.63,2.66,2.76,2.8,3.21,3.66,2.21,4.26,3.8,3.58,2.72,2.68,3.73,3.05,2.29,3.68,3.42,1.93,4.03,1.34,3.07,2.47,1.64,2.92,2.4,2.94,1.78,1.94,2.75,3.32,3.09,1.71,"Refractory Materials Repairers, Except Brickmasons",Installation & Repair
49-9051,4.0,2.75,3.0,3.75,3.75,3.0,1.75,2.38,1.62,3.12,3.38,3.62,3.12,2.75,2.62,2.88,3.12,2.75,3.5,3.62,3.62,2.0,2.12,4.0,4.0,1.75,2.0,3.62,3.0,2.5,3.0,2.12,4.0,3.0,3.12,3.12,3.0,2.0,2.88,3.0,3.0,2.5,1.88,3.12,3.12,2.75,3.12,3.0,3.12,2.0,2.88,2.62,2.16,2.81,3.25,2.93,3.73,4.37,3.08,3.13,2.76,2.22,2.25,3.13,3.07,3.31,4.3,3.05,4.41,4.09,4.38,2.98,2.96,4.29,3.83,1.74,4.67,3.2,1.8,4.6,3.0,3.13,2.59,2.98,3.18,2.6,2.78,1.8,2.18,2.82,3.44,3.02,2.05,Electrical Power-Line Installers and Repairers,Installation & Repair
49-9052,3.38,2.62,2.88,3.0,3.12,2.75,1.75,2.38,1.75,3.38,3.0,3.0,3.0,2.5,2.0,2.62,2.88,2.38,3.0,3.12,3.25,2.0,2.0,3.25,3.62,1.88,2.25,3.62,3.62,2.5,3.0,2.0,3.38,2.0,2.62,2.62,3.0,2.0,2.25,3.0,2.88,2.25,1.88,2.38,3.0,2.88,3.12,2.75,3.0,2.0,3.0,2.88,3.49,3.39,2.73,3.82,3.84,3.33,2.91,3.13,3.0,3.45,2.53,3.34,3.11,3.41,3.79,2.81,4.01,3.99,3.68,3.05,2.97,4.03,3.9,2.23,4.2,3.57,2.46,4.43,3.72,3.54,2.78,3.28,3.01,2.99,3.12,3.29,1.87,3.41,3.51,3.88,3.88,Telecommunications Line Installers and Repairers,Installation & Repair
49-9061,3.38,2.0,2.88,3.0,3.12,2.5,1.0,1.25,1.38,1.5,3.0,3.62,2.75,2.38,1.0,1.0,1.0,2.25,3.12,3.12,3.25,2.38,2.5,2.38,3.88,1.0,2.62,3.0,3.0,2.75,2.88,1.0,3.38,1.38,1.5,1.88,3.12,1.0,1.0,3.0,3.0,2.5,1.0,1.0,2.0,2.38,2.12,3.0,3.75,1.38,3.25,2.38,2.71,1.79,1.95,2.74,2.86,2.45,2.25,2.34,1.48,2.42,2.47,2.86,3.02,2.31,3.7,2.09,2.78,3.55,3.57,2.02,3.05,3.68,3.03,2.2,1.12,3.3,2.32,2.22,2.76,2.59,2.45,4.11,3.47,2.24,2.52,2.46,1.32,3.43,2.27,3.59,3.57,Camera and Photographic Equipment Repairers,Installation & Repair
49-9062,3.25,2.38,3.0,3.12,3.38,2.5,1.0,2.0,1.75,3.0,2.75,3.62,3.0,2.75,2.0,2.0,2.0,2.88,3.25,3.25,3.25,2.75,2.88,2.88,3.75,2.0,2.88,3.12,3.0,2.5,3.0,2.0,3.75,2.0,2.25,2.25,3.0,1.88,2.0,3.0,3.0,2.88,1.62,2.0,2.38,2.25,2.88,3.12,3.25,2.25,3.25,3.0,3.39,2.58,2.44,3.35,3.77,2.92,2.5,2.41,2.2,4.0,2.66,3.72,3.17,4.09,4.26,2.02,3.59,3.66,4.2,3.01,3.31,4.41,3.96,2.05,3.09,4.06,2.75,3.2,2.23,3.47,2.43,4.61,4.38,2.12,2.97,2.14,1.18,2.78,2.64,4.05,3.78,Medical Equipment Repairers,Installation & Repair
49-9063,4.0,3.75,3.12,3.75,3.5,2.25,1.25,2.25,2.12,2.12,3.0,4.0,3.38,2.75,1.5,2.0,2.0,4.38,3.38,3.12,4.0,2.0,2.62,3.0,4.0,1.38,2.0,3.0,3.0,2.62,2.88,1.38,3.62,2.12,2.25,2.12,3.25,2.0,1.5,2.75,2.88,3.0,1.62,1.88,2.5,2.62,2.38,2.88,3.62,2.38,3.0,2.62,2.32,2.05,2.45,3.0,2.5,2.73,1.95,2.36,1.73,2.86,2.32,3.64,3.18,3.05,3.95,1.9,3.73,3.55,3.5,2.36,3.71,4.23,3.18,2.95,2.64,3.55,2.75,3.23,3.5,2.91,2.5,2.0,3.32,2.29,3.45,2.77,1.45,3.73,2.77,3.32,2.73,Musical Instrument Repairers and Tuners,Installation & Repair
49-9064,4.0,2.0,3.12,4.0,2.88,2.5,1.0,1.25,1.12,1.38,2.88,4.12,2.75,2.75,1.0,1.0,1.0,2.38,2.88,3.38,3.5,2.0,2.12,2.5,4.0,1.0,2.0,3.0,3.0,2.62,2.75,1.0,3.25,2.0,2.0,1.75,3.0,1.0,1.0,2.88,2.75,2.0,1.0,1.0,1.75,2.25,1.88,2.62,3.25,2.0,3.0,2.5,3.71,2.19,1.73,2.79,2.2,3.59,1.74,2.79,1.38,2.86,3.42,2.83,3.94,2.99,3.67,1.54,3.15,4.06,3.93,2.46,3.93,3.95,4.11,3.36,2.03,3.32,2.53,2.16,3.75,2.85,2.09,2.99,4.33,2.57,2.99,2.96,1.03,3.18,1.75,3.44,2.1,Watch and Clock Repairers,Installation & Repair
49-9071,3.88,2.88,3.12,3.38,3.25,2.88,1.75,2.0,2.12,3.12,3.0,3.25,3.12,2.38,2.0,3.0,3.0,3.0,3.12,3.88,3.88,2.38,2.12,3.25,3.88,2.0,2.38,3.25,3.38,2.38,3.0,2.0,3.75,2.12,2.62,2.25,3.12,2.0,2.0,3.12,3.12,2.88,1.88,2.88,3.0,2.5,3.0,3.0,3.38,2.0,3.0,3.12,3.5,2.93,2.8,3.39,4.36,4.06,3.13,2.77,2.97,3.67,3.25,3.37,3.5,3.99,4.25,2.68,4.16,4.16,4.48,3.19,3.28,4.55,4.0,2.75,4.17,4.09,2.68,3.77,2.95,3.61,2.46,3.87,4.32,3.17,3.45,2.33,2.03,3.93,3.28,4.02,3.43,"Maintenance and Repair Workers, General",Installation & Repair
49-9081,3.62,3.0,3.12,3.25,3.62,2.88,1.75,3.12,1.62,3.12,3.12,3.75,3.12,2.75,2.12,2.88,3.12,2.88,3.25,3.25,3.62,2.12,2.75,3.25,3.75,1.62,2.12,3.75,3.25,2.75,3.12,2.0,4.0,2.25,3.0,2.88,3.12,2.0,2.0,3.0,3.0,2.75,1.88,3.0,3.0,2.88,3.12,2.88,3.25,2.25,3.25,3.0,3.82,3.24,3.16,2.38,4.15,4.63,3.39,3.27,3.47,3.99,2.77,3.21,3.42,4.11,4.2,3.23,4.47,4.0,4.66,3.17,3.26,4.33,3.89,2.69,4.28,4.11,3.14,4.46,1.39,4.01,2.83,4.8,4.87,2.83,3.08,1.76,1.97,3.07,4.01,3.92,3.89,Wind Turbine Service Technicians,Installation & Repair
49-9091,3.38,2.12,2.75,3.38,3.12,2.5,1.25,2.12,1.5,2.75,2.88,3.62,2.88,2.12,1.88,2.0,1.88,2.12,3.12,3.25,3.62,2.0,2.0,3.25,3.38,1.75,2.5,3.12,3.12,2.0,2.62,1.75,3.12,1.88,1.88,2.38,3.0,1.88,1.88,2.88,2.88,2.12,1.88,2.0,2.75,2.62,2.38,2.75,3.12,2.0,3.0,2.75,2.64,1.92,1.86,2.2,3.09,2.45,1.65,1.93,1.87,3.22,2.31,2.65,2.69,3.06,3.24,1.41,3.19,2.74,2.94,2.1,2.92,3.25,3.25,2.83,3.11,2.68,1.49,3.34,3.07,3.08,1.65,2.98,3.42,2.2,2.37,2.54,1.16,2.32,2.03,2.95,2.86,"Coin, Vending, and Amusement Machine Servicers and Repairers",Installation & Repair
49-9092,4.0,2.88,3.12,3.88,3.62,3.25,1.5,3.0,2.12,3.5,3.25,3.75,3.25,3.0,2.38,3.0,3.0,2.88,3.5,3.62,3.75,2.12,2.12,3.88,3.62,2.62,2.25,4.12,4.0,3.0,3.38,2.38,4.0,2.88,3.12,3.0,3.12,2.12,3.0,3.12,3.62,2.75,2.0,3.12,3.25,3.12,3.12,3.12,3.12,2.0,3.25,3.0,2.76,3.32,3.21,3.3,4.15,3.73,3.5,3.13,3.15,3.64,2.48,3.22,3.05,3.78,4.12,3.33,4.18,4.04,4.19,2.96,3.09,4.17,3.87,2.96,3.9,3.48,2.67,4.4,2.83,3.05,2.73,2.63,3.61,2.71,3.27,2.18,2.43,3.24,3.73,3.58,2.33,Commercial Divers,Installation & Repair
49-9094,4.0,2.38,2.88,3.62,3.38,2.88,1.0,2.25,2.0,3.0,2.88,3.88,3.0,2.62,2.0,2.12,2.0,2.62,3.12,3.38,3.5,2.5,2.25,3.0,4.0,1.88,2.25,3.25,3.5,2.25,3.0,1.88,3.38,2.0,2.38,2.12,3.0,2.0,2.0,3.0,3.0,2.5,1.62,2.12,2.62,2.12,3.0,2.75,3.62,2.62,3.0,3.12,3.38,2.88,3.23,3.77,3.85,3.96,3.58,3.19,2.96,3.88,3.08,3.65,3.27,4.08,4.38,3.2,4.15,3.88,3.88,3.32,3.46,4.27,3.27,3.46,4.12,3.85,3.54,3.81,4.31,3.42,3.31,3.42,4.15,3.35,3.81,3.35,2.92,3.92,3.46,4.12,3.58,Locksmiths and Safe Repairers,Installation & Repair
49-9095,4.0,3.0,3.38,4.25,3.38,3.63,1.63,3.0,2.0,3.63,3.5,3.88,3.25,3.25,2.63,3.38,3.38,3.0,3.13,3.38,4.0,2.63,2.88,4.38,3.75,2.38,2.63,3.5,3.38,3.13,3.13,2.5,3.88,3.25,3.88,3.5,3.25,2.38,3.13,3.25,3.38,2.75,3.13,3.5,3.63,3.13,3.75,3.38,3.75,3.38,3.0,3.0,2.53,3.05,4.0,4.22,4.48,4.65,4.47,3.01,4.28,3.48,3.29,4.23,2.99,4.58,4.3,4.53,4.57,3.93,4.73,4.19,3.94,4.61,3.77,3.62,4.61,4.35,3.68,4.6,4.07,3.15,3.47,2.62,4.21,3.6,4.43,3.25,3.16,3.57,3.74,4.27,2.16,Manufactured Building and Mobile Home Installers,Installation & Repair
49-9096,3.0,3.0,3.0,3.38,3.0,3.38,1.12,2.25,1.75,3.12,3.25,3.0,2.75,2.38,2.25,3.0,3.0,2.88,3.0,3.25,3.12,1.5,2.0,3.38,3.38,2.0,1.62,3.25,3.0,2.38,3.0,2.0,3.75,2.5,3.12,2.75,3.0,2.0,2.25,3.0,3.12,2.0,1.88,2.88,3.12,2.75,3.25,2.75,3.12,2.25,3.0,2.38,3.04,2.75,2.55,2.39,4.14,3.74,2.52,2.79,3.33,3.68,3.12,3.37,3.28,3.52,4.04,2.23,4.1,3.77,4.24,2.91,3.13,3.67,3.56,2.18,2.98,3.35,1.68,4.05,1.77,3.53,2.37,2.92,3.23,2.43,2.6,2.06,1.38,2.84,3.14,3.41,2.35,Riggers,Installation & Repair
49-9097,3.75,3.0,2.88,3.75,3.25,3.0,1.0,2.62,1.38,2.88,3.5,3.62,3.62,2.0,2.5,2.62,2.62,3.0,3.25,3.12,3.62,2.5,2.75,3.5,3.25,2.0,2.5,3.0,3.0,2.0,3.12,2.12,3.75,2.12,3.25,2.75,3.0,2.12,2.62,3.0,3.0,2.75,2.38,2.75,2.88,2.88,3.0,3.62,3.62,2.5,2.88,2.88,2.49,2.55,2.5,2.35,3.38,3.07,2.83,2.67,2.38,3.09,2.63,3.02,1.9,3.6,3.56,2.04,3.25,3.19,3.79,2.63,2.45,3.22,3.07,1.6,3.57,3.48,2.38,3.32,1.57,2.83,2.35,3.03,3.77,2.14,2.88,2.01,1.73,2.24,2.8,3.15,2.69,Signal and Track Switch Repairers,Installation & Repair
49-9098,3.5,2.88,2.88,3.5,3.12,2.62,1.75,2.88,2.0,3.12,2.88,3.25,3.0,2.0,2.0,2.75,2.88,2.5,2.88,3.12,3.62,2.0,2.12,3.38,3.5,1.62,2.0,3.12,3.0,2.0,2.88,1.88,3.0,1.88,2.88,2.12,3.0,2.0,2.12,2.88,3.0,2.0,2.38,3.0,3.12,2.62,3.12,2.88,3.0,2.12,2.5,2.12,3.06,2.53,2.98,2.95,3.89,3.56,2.92,3.29,3.0,2.99,2.83,3.66,3.14,3.62,3.87,2.59,3.76,3.45,4.46,2.0,3.19,4.16,3.65,1.9,3.49,3.57,1.96,4.06,1.9,3.18,2.47,3.57,4.21,2.51,2.98,2.11,2.01,2.97,2.72,3.57,2.1,"Helpers--Installation, Maintenance, and Repair Workers",Installation & Repair
49-9099,3.38,2.88,3.0,3.25,3.75,2.88,1.38,2.12,1.75,3.12,3.0,3.0,3.25,2.75,2.0,2.38,2.62,2.75,3.12,3.25,3.0,2.88,2.62,3.12,3.88,2.0,2.88,3.12,3.12,2.75,3.62,2.0,3.75,2.88,3.0,2.62,3.25,2.12,2.12,3.0,3.12,2.75,2.0,2.38,2.62,3.0,3.0,3.12,3.25,2.12,3.0,3.12,3.48,2.94,3.38,2.54,4.33,4.26,3.59,3.0,3.33,3.8,3.23,3.3,3.6,3.76,4.43,2.66,4.17,4.05,3.92,3.34,3.2,4.42,3.88,2.8,4.23,4.02,2.41,3.94,1.53,3.32,2.95,3.41,3.94,2.61,3.41,1.95,2.06,3.23,3.3,3.96,3.54,Geothermal Technicians,Installation & Repair
51-1011,3.0,2.5,3.25,2.88,3.75,2.12,1.0,2.0,1.38,2.0,3.0,2.88,3.0,3.12,1.88,2.0,2.0,2.12,3.62,3.25,3.0,3.0,2.12,2.62,3.25,1.62,2.88,4.0,4.0,3.12,3.12,2.0,4.0,2.25,2.5,2.25,3.0,2.0,2.0,3.75,3.75,2.75,1.62,2.0,2.12,2.88,2.25,2.25,3.12,2.0,3.75,3.62,3.64,2.54,3.97,2.89,4.34,3.85,3.66,3.21,3.66,3.55,2.93,3.64,3.07,3.94,4.43,4.14,3.25,3.96,4.19,3.08,3.74,4.47,4.2,3.69,3.0,3.87,3.36,3.07,1.97,3.94,3.27,3.08,3.22,3.52,3.76,2.6,3.13,3.63,3.86,3.66,3.73,First-Line Supervisors of Production and Operating Workers,Production
51-2011,3.12,3.0,3.0,3.12,3.12,2.75,1.25,2.75,1.75,3.12,2.75,3.5,2.88,2.88,2.0,2.25,2.5,2.88,3.0,3.38,3.38,2.25,2.0,3.0,3.62,2.0,2.25,3.12,3.0,2.38,3.0,2.0,3.75,2.5,2.5,2.0,3.0,2.0,2.0,3.0,3.12,2.25,2.0,2.5,2.88,2.62,2.88,2.88,3.38,2.12,3.12,2.88,3.35,2.51,2.72,3.0,3.72,4.18,3.04,2.97,2.8,3.83,3.16,3.65,3.43,3.62,3.93,2.94,3.79,3.36,3.88,2.75,3.39,3.66,3.98,2.78,2.8,3.75,2.65,3.21,1.83,3.45,2.52,2.92,2.74,2.46,3.15,2.33,2.36,3.72,3.33,3.76,3.06,"Aircraft Structure, Surfaces, Rigging, and Systems Assemblers",Production
51-2021,3.75,2.0,2.75,3.25,3.0,2.5,1.12,2.12,1.62,2.25,2.88,3.12,2.62,2.0,1.5,1.88,1.88,2.5,2.88,2.88,3.38,1.75,2.0,2.88,3.25,1.25,1.88,3.0,3.0,1.75,2.75,1.5,3.12,2.12,2.75,2.12,3.12,1.25,1.5,3.0,3.0,2.0,1.62,1.88,2.38,2.0,2.38,2.12,2.38,1.75,2.88,2.38,2.69,2.65,3.17,1.93,3.04,3.35,2.59,2.78,2.89,2.41,2.08,3.16,3.13,3.33,4.0,2.19,3.79,3.75,4.13,2.79,3.39,3.61,3.65,2.16,1.95,3.24,2.04,3.7,2.02,3.21,2.48,2.14,2.36,2.25,2.91,1.92,1.85,2.57,3.11,3.11,2.42,"Coil Winders, Tapers, and Finishers",Production
51-2022,3.38,2.5,2.88,3.0,3.0,2.25,1.0,1.88,1.12,2.25,2.75,3.75,2.5,2.62,1.12,1.75,1.62,2.25,3.12,3.25,3.38,2.0,2.0,3.0,4.0,1.12,2.0,3.5,3.12,2.12,2.88,1.0,3.0,2.12,2.25,2.0,2.88,1.38,1.5,2.88,3.0,2.12,1.62,1.88,2.75,2.12,2.75,3.0,3.12,2.12,3.12,2.75,3.03,2.47,3.01,2.23,3.73,3.45,3.02,3.12,3.15,3.21,3.01,3.0,3.05,3.81,4.03,2.68,3.76,3.42,3.56,2.86,2.88,3.82,3.65,2.5,2.11,3.37,2.78,3.26,2.26,2.99,2.73,2.9,2.5,2.58,2.59,2.05,2.04,2.73,3.32,3.26,2.77,Electrical and Electronic Equipment Assemblers,Production
51-2023,3.62,2.38,3.0,3.25,3.12,2.12,1.0,2.0,1.5,2.12,3.0,3.62,3.0,2.12,1.0,1.88,1.88,2.75,3.0,3.25,3.5,2.12,2.12,2.75,3.62,1.0,2.0,3.0,3.0,2.0,2.88,1.0,3.25,2.0,2.25,1.88,2.88,1.25,1.0,3.0,3.0,2.25,1.12,2.12,2.38,2.25,2.75,3.0,3.12,2.0,3.0,2.88,3.06,2.34,2.37,2.06,3.17,3.51,2.37,2.4,2.73,3.12,2.56,3.08,3.22,3.95,4.04,2.16,3.35,3.99,4.12,2.44,3.4,3.28,4.06,2.38,2.17,2.93,2.38,3.11,1.46,3.13,2.22,2.75,2.54,1.99,2.47,1.94,1.85,2.61,2.4,3.43,2.98,Electromechanical Equipment Assemblers,Production
51-2031,3.88,2.62,3.0,3.12,3.0,2.88,1.12,2.25,1.12,3.12,2.88,3.5,3.0,2.25,2.0,2.0,2.0,2.75,3.0,3.12,3.62,2.0,2.12,3.12,3.38,1.88,2.0,3.0,2.88,2.25,3.0,2.0,3.12,2.25,2.75,2.12,3.0,2.0,2.0,3.0,3.0,2.0,2.12,2.75,3.12,2.88,3.0,2.75,3.25,2.0,3.0,2.25,2.71,2.57,2.64,1.76,3.58,4.3,2.71,2.42,2.79,2.82,2.4,3.37,2.86,3.54,3.77,2.25,4.32,3.57,4.0,2.38,2.98,3.4,3.3,1.98,3.13,2.63,1.6,3.88,1.71,3.12,2.59,2.75,3.15,2.17,2.42,2.27,1.85,3.01,2.85,3.28,2.86,Engine and Other Machine Assemblers,Production
51-2041,3.25,2.38,3.0,3.12,3.0,2.62,1.88,2.0,2.12,2.38,2.88,3.0,2.12,2.12,2.0,2.12,2.12,2.0,2.88,3.0,3.12,2.25,2.0,3.12,3.25,1.75,2.12,2.88,3.0,2.0,2.38,1.75,3.0,2.5,2.75,2.25,3.0,1.62,2.0,2.88,2.62,2.0,1.75,2.0,3.12,2.75,3.0,2.12,3.12,1.88,2.88,2.38,2.73,2.66,3.14,1.72,4.17,4.11,3.34,2.76,2.89,2.98,3.42,2.99,2.69,3.58,3.91,2.55,4.02,3.72,4.05,3.07,3.19,3.87,3.57,2.37,2.97,3.54,2.33,3.92,1.66,3.68,2.67,2.36,3.29,2.49,2.57,1.66,1.84,3.24,3.71,3.88,2.47,Structural Metal Fabricators and Fitters,Production
51-2051,3.62,2.88,3.0,3.12,3.0,2.88,1.25,2.88,1.75,3.25,2.88,3.0,3.12,2.75,2.0,2.88,2.25,2.75,3.0,3.25,3.12,2.38,2.0,3.62,3.62,2.0,2.5,3.25,3.0,2.62,3.0,2.0,3.62,2.88,2.88,2.62,3.12,2.0,2.0,3.0,3.0,2.0,2.25,3.0,3.12,2.25,3.62,3.12,3.25,2.5,3.0,2.62,2.87,2.27,2.85,1.71,3.63,3.64,2.96,2.96,3.08,3.39,2.18,3.27,3.17,3.3,4.07,2.81,3.62,3.73,4.12,2.9,3.63,3.87,3.67,2.31,2.86,3.04,2.3,3.63,2.01,2.9,2.67,2.03,2.92,2.44,2.73,1.89,1.86,2.98,3.5,2.89,1.93,Fiberglass Laminators and Fabricators,Production
51-2061,3.88,2.38,3.0,3.12,3.0,2.75,1.0,1.0,1.0,1.0,2.5,4.0,2.75,2.38,1.62,1.0,1.0,2.75,2.88,3.12,3.38,2.25,1.88,2.75,3.5,1.62,2.0,3.12,3.0,2.25,2.5,1.62,3.38,2.12,2.25,2.38,2.75,1.62,1.62,2.88,2.88,2.12,2.0,1.0,1.88,2.5,1.25,3.0,3.12,2.25,2.62,2.62,3.11,2.16,2.42,2.53,3.49,3.59,1.84,2.87,1.94,2.59,2.73,3.04,2.75,2.78,3.36,2.38,3.87,3.36,3.73,2.57,3.09,3.72,3.04,1.86,2.87,3.13,1.82,2.42,2.67,2.77,2.6,2.8,4.07,2.47,2.66,2.76,1.33,3.3,2.72,3.2,2.74,Timing Device Assemblers and Adjusters,Production
51-2092,3.12,2.5,3.0,3.0,3.12,2.12,1.0,2.12,1.5,2.62,3.0,3.25,2.38,2.38,1.38,2.12,2.0,2.38,3.0,3.25,3.75,2.0,2.12,2.75,3.25,1.5,2.0,3.12,3.0,2.25,2.88,1.5,3.12,2.5,2.88,1.75,3.0,1.5,1.62,3.12,3.12,2.0,1.88,2.12,2.88,2.88,3.0,2.62,3.0,2.0,3.0,3.0,3.05,2.49,3.23,1.72,3.6,3.76,2.99,2.52,2.71,2.93,2.68,3.5,3.51,3.21,4.39,2.79,4.38,4.21,4.16,2.59,3.41,3.69,4.21,1.92,2.16,3.43,2.02,3.49,1.69,3.07,2.5,2.43,2.58,2.38,2.85,1.91,1.76,2.54,3.4,3.13,2.88,Team Assemblers,Production
51-3011,3.0,2.38,3.0,3.0,3.0,2.0,1.5,2.0,1.12,2.12,2.75,3.0,2.88,2.75,1.0,2.0,1.88,2.62,2.88,3.0,3.0,2.25,2.0,2.75,3.75,1.0,2.25,3.25,3.12,2.75,3.0,1.0,3.12,2.0,2.12,1.75,3.0,1.0,1.0,3.0,3.12,2.12,1.88,2.12,2.12,2.5,2.75,3.12,2.88,2.0,3.0,2.5,2.46,2.79,2.96,1.96,3.33,2.57,2.61,2.44,2.13,2.3,1.45,2.85,2.69,2.82,3.87,2.72,2.79,3.59,3.82,2.33,3.21,3.21,4.05,1.99,1.76,3.38,1.77,2.84,2.48,2.59,1.78,1.51,1.41,2.7,2.57,2.0,1.54,2.84,3.24,2.59,2.36,Bakers,Production
51-3021,3.25,2.88,3.12,3.12,2.75,2.62,1.38,2.5,1.5,2.75,2.88,3.0,2.75,2.25,1.5,2.0,2.0,2.62,2.75,3.12,3.5,2.5,2.0,2.88,3.5,1.38,2.62,3.12,3.12,2.12,2.75,1.5,3.12,2.62,2.88,2.5,3.0,1.38,1.5,3.0,3.0,2.25,2.38,2.62,2.88,2.88,3.0,3.0,2.88,2.75,2.88,2.12,2.85,2.94,3.38,2.84,3.55,3.57,3.29,2.71,3.35,3.07,2.15,3.5,3.33,3.25,3.8,3.02,3.51,3.57,3.74,2.41,3.27,3.55,3.36,2.77,2.52,3.53,2.51,3.69,3.96,3.2,3.06,2.43,2.67,3.36,3.1,3.67,2.64,2.89,3.45,3.18,2.5,Butchers and Meat Cutters,Production
51-3022,3.38,2.38,2.75,3.25,2.75,2.5,1.12,2.5,1.75,2.5,2.88,3.0,2.38,2.0,1.5,2.12,2.12,2.5,2.75,3.0,3.12,2.12,2.12,3.0,3.25,1.62,2.12,3.0,3.12,2.0,2.5,1.62,3.0,2.75,2.88,2.0,3.12,1.62,1.62,3.0,3.0,2.12,1.75,2.38,2.38,2.0,3.12,2.75,3.0,2.5,2.38,2.62,3.37,3.16,3.52,2.41,3.89,3.71,3.3,2.44,3.27,3.32,2.03,3.46,3.49,3.45,4.25,2.95,4.19,4.23,4.09,3.09,3.64,3.84,3.69,2.73,2.72,3.79,2.26,3.69,2.2,3.89,2.54,2.6,2.7,3.05,2.99,2.48,2.55,2.83,3.64,3.6,2.08,"Meat, Poultry, and Fish Cutters and Trimmers",Production
51-3023,3.75,2.25,2.75,3.12,2.62,2.12,1.5,2.62,2.0,2.88,2.25,3.38,2.0,1.88,1.38,2.12,2.12,2.12,2.62,2.75,3.25,1.88,1.88,2.88,3.25,1.0,2.0,3.0,2.88,1.88,2.25,1.0,2.88,2.25,2.75,2.12,2.62,1.0,1.0,2.62,2.75,1.88,2.0,2.5,3.12,2.0,3.12,2.0,2.12,2.38,1.88,1.88,2.21,2.1,2.46,1.74,3.2,3.0,2.34,2.42,2.43,2.36,1.21,2.58,2.34,2.7,3.41,2.14,3.72,3.29,3.57,2.4,2.62,2.95,3.53,2.4,1.68,2.64,2.0,3.56,1.99,2.53,2.04,1.85,2.59,1.98,2.18,1.65,1.59,2.25,2.81,2.39,1.5,Slaughterers and Meat Packers,Production
51-3091,3.12,3.0,3.12,3.12,2.88,2.0,1.0,2.0,1.5,2.88,2.88,3.0,3.0,2.12,1.5,2.0,2.0,3.0,2.75,3.12,3.0,1.5,2.0,3.0,3.75,1.5,1.88,3.12,3.0,2.12,3.12,1.5,3.25,3.0,2.75,2.12,3.12,1.75,1.38,3.0,3.12,2.12,1.88,2.62,2.38,2.12,3.0,3.0,2.88,2.12,2.75,3.0,3.6,2.63,3.12,2.4,3.94,3.95,3.31,3.01,2.99,3.43,2.27,3.37,3.2,3.59,4.02,3.15,3.51,3.75,3.83,3.07,2.85,4.0,4.14,2.77,3.09,3.32,2.8,3.55,2.6,3.54,3.1,2.94,2.97,2.84,2.9,2.29,2.36,2.77,3.57,3.04,3.38,"Food and Tobacco Roasting, Baking, and Drying Machine Operators and Tenders",Production
51-3092,2.88,3.0,3.0,3.12,2.88,2.0,1.0,1.88,1.5,2.88,2.25,2.88,2.75,2.25,1.5,2.0,1.88,2.88,2.88,3.62,3.0,2.25,2.12,2.25,3.62,1.62,2.38,3.25,3.0,2.0,3.0,1.38,3.12,2.12,2.5,2.12,3.0,2.0,2.0,2.88,3.0,2.12,1.75,2.12,2.38,2.12,2.88,2.38,2.38,2.0,3.12,2.75,3.33,2.74,2.65,1.79,4.28,4.42,2.87,2.62,2.54,4.33,1.76,3.29,3.73,3.76,3.83,2.19,3.89,4.06,4.16,3.23,3.73,4.02,4.44,1.97,3.27,3.18,1.95,3.73,1.94,3.56,2.4,2.15,2.49,2.3,2.58,1.78,1.6,2.86,3.19,3.26,3.48,Food Batchmakers,Production
51-3093,3.0,2.62,2.75,3.12,2.88,2.12,1.12,2.0,1.62,2.5,2.38,3.0,2.38,2.0,1.38,2.0,2.0,2.75,2.88,3.12,3.0,2.0,2.0,2.75,3.25,1.38,2.25,3.38,2.88,2.0,2.75,1.38,3.62,2.75,3.0,1.62,3.12,1.5,1.38,2.88,2.88,2.0,1.88,2.25,2.75,2.25,2.62,2.62,2.25,2.0,3.38,2.75,3.14,1.83,2.71,1.58,4.0,4.14,2.09,2.3,2.07,4.2,1.73,2.44,3.84,3.65,4.15,1.73,3.96,4.05,4.1,3.45,3.61,3.61,4.16,2.51,2.43,3.43,1.85,3.59,1.27,3.44,2.56,1.84,2.28,2.02,2.35,1.41,1.7,2.34,3.35,3.35,2.59,Food Cooking Machine Operators and Tenders,Production
51-4021,3.12,3.0,2.88,3.75,3.0,2.88,1.5,2.62,2.0,2.88,3.0,3.0,3.12,2.0,1.75,2.62,2.38,2.38,2.88,3.12,3.62,2.12,2.0,3.62,3.38,1.75,2.5,3.0,2.88,2.25,3.0,2.0,3.38,3.38,3.62,2.88,3.0,1.88,1.88,3.0,3.0,2.38,2.38,3.0,3.12,2.5,3.25,3.0,3.0,2.62,2.88,2.12,3.06,2.26,3.17,1.96,4.0,4.66,3.15,2.6,3.21,3.39,2.14,3.32,3.23,3.61,4.0,2.87,3.82,3.71,3.95,2.26,3.01,4.25,3.9,1.82,2.66,3.88,2.89,3.93,1.49,3.41,3.13,1.91,2.58,2.27,2.62,1.56,1.61,2.9,3.35,3.25,3.05,"Extruding and Drawing Machine Setters, Operators, and Tenders, Metal and Plastic",Production
51-4022,3.25,3.0,2.75,3.25,3.0,2.25,1.12,2.12,1.75,2.38,2.5,3.0,2.75,2.25,1.88,2.0,2.0,2.75,3.0,3.25,3.0,2.12,2.0,3.0,3.5,2.0,2.12,3.38,3.25,2.25,3.0,2.0,3.25,3.0,3.12,2.25,3.0,1.88,2.0,2.88,2.88,2.12,2.0,2.12,2.62,2.25,2.75,2.25,3.0,2.38,3.25,2.88,2.77,2.64,2.99,1.53,4.07,4.22,2.67,2.63,2.84,3.25,2.54,3.17,2.74,3.35,4.2,2.65,4.08,4.04,3.81,2.86,3.39,3.73,3.83,1.84,3.76,3.26,2.11,3.88,1.18,3.16,2.48,2.48,3.35,2.38,2.65,1.58,1.35,3.41,3.33,3.34,3.16,"Forging Machine Setters, Operators, and Tenders, Metal and Plastic",Production
51-4023,3.5,3.12,2.88,3.88,3.25,3.0,1.12,2.5,1.62,2.62,3.12,3.25,3.0,2.25,1.75,2.5,2.0,2.88,3.12,3.25,3.62,2.5,2.62,3.62,3.88,1.88,2.38,3.12,3.25,2.25,3.25,2.12,4.0,3.75,3.88,3.25,3.12,1.88,2.12,3.12,3.12,2.62,2.88,3.0,3.25,2.62,3.12,2.62,3.0,2.88,3.12,2.88,3.35,2.76,3.0,1.93,3.95,4.5,2.98,2.78,3.04,3.52,3.09,3.15,3.23,3.59,4.49,2.71,4.24,3.97,4.42,2.53,3.02,4.37,3.89,2.71,4.05,3.44,2.33,3.38,2.2,3.61,2.8,3.14,3.68,2.38,2.73,2.37,2.09,3.0,3.85,3.63,3.21,"Rolling Machine Setters, Operators, and Tenders, Metal and Plastic",Production
51-4031,3.75,2.62,2.75,3.75,3.0,3.0,1.0,2.25,1.88,2.75,3.0,3.0,3.0,2.0,1.88,2.0,1.88,2.12,3.0,3.25,3.25,2.0,2.0,3.0,3.75,1.62,2.0,3.0,3.0,2.0,3.0,2.0,3.0,3.0,3.25,2.75,3.12,2.0,2.0,3.0,3.0,2.0,1.88,2.62,3.0,2.25,3.0,2.5,3.0,2.0,3.0,2.38,2.86,2.37,2.3,1.67,3.32,3.78,1.88,2.01,2.14,3.37,1.77,2.84,2.09,2.98,3.5,1.91,3.85,3.82,3.64,2.14,3.26,3.85,3.55,1.81,2.74,2.75,1.94,3.47,1.74,2.98,1.98,1.9,3.33,1.9,2.01,1.61,1.42,2.7,2.53,2.63,2.4,"Cutting, Punching, and Press Machine Setters, Operators, and Tenders, Metal and Plastic",Production
51-4032,3.38,2.75,3.0,3.5,3.0,2.62,1.0,2.0,2.0,2.25,3.0,3.25,2.88,2.62,2.0,2.0,2.0,2.75,3.0,3.25,3.25,2.62,2.0,2.88,3.38,2.0,2.62,3.12,3.0,2.12,3.0,2.0,3.25,3.12,3.25,2.25,3.25,2.0,2.0,2.88,2.88,2.0,1.62,2.12,2.88,2.38,2.88,2.62,3.12,2.25,3.12,3.0,3.54,1.78,2.67,1.42,3.98,4.75,1.82,2.68,1.68,3.88,3.33,2.94,2.63,3.58,4.38,2.5,3.88,3.59,3.89,3.47,3.01,3.88,3.8,1.4,2.83,2.89,1.87,3.28,1.08,3.61,2.01,3.2,2.95,1.89,2.2,1.37,1.06,3.31,3.19,3.55,3.84,"Drilling and Boring Machine Tool Setters, Operators, and Tenders, Metal and Plastic",Production
51-4033,3.5,3.0,2.88,4.0,3.12,3.12,1.12,2.38,1.75,2.62,3.12,3.12,3.12,2.25,1.38,2.12,2.12,2.75,3.0,3.12,3.75,2.75,2.12,3.5,3.75,1.25,2.5,3.0,3.0,2.0,3.25,1.5,3.62,3.25,3.62,2.62,3.12,1.62,1.75,2.62,2.75,2.88,2.38,2.25,3.12,2.25,3.12,2.5,3.12,3.0,3.12,2.25,2.54,2.59,2.77,2.07,3.66,4.46,2.57,2.6,2.91,4.17,2.37,3.4,2.98,3.17,3.77,2.5,4.35,3.8,3.78,2.82,3.38,3.42,4.02,2.84,2.46,3.31,2.4,3.23,1.61,3.24,2.69,2.78,3.3,2.61,2.4,2.04,1.55,2.34,3.25,3.52,2.98,"Grinding, Lapping, Polishing, and Buffing Machine Tool Setters, Operators, and Tenders, Metal and Plastic",Production
51-4034,3.75,2.62,2.88,3.75,3.0,2.75,1.25,2.12,2.12,2.75,2.88,3.25,2.75,2.12,1.75,2.12,2.12,2.38,2.88,3.0,3.12,2.38,2.0,3.12,3.5,1.88,2.25,3.12,3.0,2.0,3.0,2.0,3.12,3.12,3.12,2.12,3.0,1.88,1.88,2.75,2.75,2.0,1.75,2.12,2.88,2.0,3.0,2.0,3.12,2.12,3.0,2.38,3.51,2.53,3.19,2.69,3.52,4.07,3.11,3.35,2.86,3.13,3.79,3.11,3.01,4.09,3.57,3.77,3.48,3.77,4.13,3.39,3.57,4.04,4.25,2.96,3.44,3.53,2.28,3.41,2.23,3.28,2.37,3.17,3.92,3.13,3.45,2.32,2.79,3.58,3.85,3.42,4.0,"Lathe and Turning Machine Tool Setters, Operators, and Tenders, Metal and Plastic",Production
51-4035,3.38,2.75,2.75,3.38,3.12,2.38,1.0,2.25,2.0,2.62,2.75,3.12,2.88,2.62,1.38,2.12,2.0,2.25,3.0,3.12,3.62,2.75,2.12,3.25,3.62,1.62,2.62,3.12,3.0,2.25,2.88,1.75,3.25,2.62,3.25,2.5,3.12,1.75,1.88,2.75,3.0,2.12,1.75,2.38,2.88,2.38,3.12,2.25,3.12,2.38,3.0,2.62,3.12,2.57,2.8,1.94,3.78,4.74,2.81,2.38,2.2,3.32,2.93,2.77,2.94,3.72,3.66,2.5,3.98,3.32,4.1,3.1,3.08,4.19,4.19,2.09,3.08,3.11,1.54,3.6,1.24,3.86,2.14,2.82,3.55,2.15,2.45,1.52,1.61,3.06,3.24,3.47,3.47,"Milling and Planing Machine Setters, Operators, and Tenders, Metal and Plastic",Production
51-4041,3.62,2.75,3.0,3.5,3.25,2.62,1.62,2.25,1.88,2.75,2.88,3.62,3.0,2.62,1.62,2.12,2.0,2.62,3.0,3.12,3.62,2.88,2.25,3.12,3.25,1.5,2.75,3.12,3.0,2.62,3.0,1.75,3.25,3.12,3.0,2.62,3.25,1.88,2.0,3.0,3.0,2.38,2.0,2.25,2.5,2.62,2.75,2.38,3.12,2.75,3.0,2.75,2.91,2.04,2.77,1.95,3.68,4.69,2.95,2.51,2.67,3.12,3.35,2.98,2.87,3.27,4.31,2.43,3.64,3.88,4.25,2.68,3.26,3.68,3.88,2.62,2.8,3.41,1.91,3.23,1.4,3.52,2.58,2.29,3.75,2.66,2.86,2.03,1.78,2.91,3.53,3.39,3.36,Machinists,Production
51-4051,3.62,3.0,2.88,3.88,3.12,3.12,1.38,2.75,1.88,3.12,2.88,3.0,3.0,2.0,3.0,2.62,2.0,3.12,3.0,3.25,3.75,2.5,2.5,3.25,3.75,2.0,2.5,2.88,3.0,2.12,3.12,2.0,3.75,3.12,3.62,3.0,3.38,2.12,2.38,2.88,2.88,2.12,2.38,2.75,3.12,2.88,3.0,3.0,2.88,2.5,2.88,2.75,3.05,2.56,3.01,1.8,3.54,3.43,3.28,2.65,2.49,3.36,2.06,3.21,3.45,3.36,4.05,3.18,4.07,4.02,3.95,2.77,3.39,3.57,4.1,2.36,3.27,3.36,2.23,3.79,1.49,3.2,2.64,2.78,3.22,2.55,2.97,1.77,1.9,2.96,3.23,3.28,2.57,Metal-Refining Furnace Operators and Tenders,Production
51-4052,3.75,2.5,3.0,3.5,2.88,2.75,1.0,2.0,2.12,2.75,2.88,3.0,2.88,2.0,2.0,2.0,2.0,2.5,2.75,2.88,3.5,2.0,2.0,3.12,3.12,2.0,2.0,3.0,2.75,2.0,3.12,2.0,3.0,2.75,3.12,2.38,3.0,2.0,2.0,2.75,2.88,2.0,1.75,2.5,2.88,2.5,3.0,2.88,2.75,2.0,2.75,2.0,2.61,2.09,3.22,1.68,3.67,4.05,3.06,2.42,2.8,3.11,1.69,3.45,2.68,2.98,3.24,2.53,3.76,3.69,3.37,2.86,3.27,3.2,3.63,2.51,3.55,2.74,2.11,4.06,1.41,3.16,2.06,2.43,3.38,2.38,2.63,1.83,2.17,2.45,3.26,3.06,2.66,"Pourers and Casters, Metal",Production
51-4061,3.62,3.0,3.0,3.62,3.38,2.62,1.25,2.12,2.12,2.38,3.0,3.62,2.88,2.75,1.75,2.0,2.0,2.38,3.0,3.5,3.62,2.75,2.0,3.25,4.0,1.62,2.5,3.38,3.0,2.62,3.0,1.75,3.38,3.0,3.38,2.88,3.25,1.75,1.88,2.88,2.88,2.25,1.75,2.25,3.0,2.62,3.0,2.75,3.75,2.88,3.5,3.0,2.99,2.12,1.79,1.98,3.49,4.11,1.82,2.68,1.8,2.72,3.12,2.33,3.3,3.2,3.83,1.74,3.56,3.8,4.43,2.6,3.87,3.56,3.86,1.85,2.88,2.9,1.58,2.81,1.33,2.98,1.94,2.77,3.21,1.82,2.66,1.45,1.13,3.8,2.23,3.52,3.0,"Model Makers, Metal and Plastic",Production
51-4062,3.5,2.75,3.0,3.25,3.12,2.38,1.25,2.12,1.88,2.38,2.88,3.12,2.62,2.88,1.75,2.12,2.0,2.62,3.0,3.12,3.25,2.38,2.0,2.88,3.88,1.75,2.38,3.0,3.0,2.62,2.88,1.75,3.25,2.12,2.75,2.12,3.12,1.75,1.75,3.0,3.0,2.12,1.62,2.12,2.12,2.62,2.38,2.88,3.25,2.12,3.0,2.75,2.56,1.68,2.57,1.94,3.67,4.4,2.13,3.1,1.81,2.5,3.58,2.65,2.5,3.12,3.83,2.66,2.97,3.54,3.68,2.39,2.93,3.65,3.38,2.3,2.63,3.73,2.03,3.12,1.14,3.3,2.68,2.7,3.12,2.06,2.75,1.27,1.45,3.39,3.33,3.45,3.15,"Patternmakers, Metal and Plastic",Production
51-4071,3.5,3.0,2.88,3.0,2.88,2.62,1.75,2.88,2.12,2.88,2.88,3.38,2.5,2.0,2.0,2.5,2.0,2.12,2.62,3.0,3.62,2.0,2.0,3.25,3.25,1.5,2.0,3.0,2.88,2.0,2.75,2.0,3.12,2.88,3.12,2.12,3.0,1.75,2.0,2.62,2.75,2.0,1.75,2.88,3.5,2.12,3.75,2.5,3.0,2.0,2.12,2.0,2.25,2.18,2.25,1.65,3.63,3.52,2.41,2.35,2.51,3.13,1.69,2.57,3.04,3.28,3.73,2.25,4.39,3.73,3.75,2.09,3.55,3.17,3.79,2.41,3.22,3.03,2.13,4.28,1.46,2.97,2.23,1.69,2.62,2.55,2.33,1.54,1.8,2.29,2.86,2.51,1.7,Foundry Mold and Coremakers,Production
51-4072,3.75,3.0,3.12,3.38,3.25,2.62,1.25,2.88,2.25,2.62,2.88,3.12,3.0,2.12,2.0,2.62,2.25,2.88,3.0,3.25,3.62,2.25,2.0,3.38,3.25,1.5,2.25,3.12,3.12,2.12,3.25,1.5,3.12,3.12,3.12,2.62,3.0,1.75,1.75,3.12,3.0,2.62,2.0,2.88,3.12,2.38,3.12,2.62,3.0,2.5,3.12,2.75,2.74,2.47,2.74,1.44,3.73,4.57,2.88,2.34,2.51,2.88,1.92,3.04,2.82,3.24,3.83,2.53,4.12,3.73,3.84,2.79,3.27,3.52,3.69,1.63,2.96,3.26,1.97,3.53,1.14,2.95,1.98,2.47,3.12,1.91,2.67,1.46,1.47,2.38,2.87,2.92,2.59,"Molding, Coremaking, and Casting Machine Setters, Operators, and Tenders, Metal and Plastic",Production
51-4081,3.88,3.0,3.0,3.88,3.0,2.25,1.0,2.0,1.5,3.0,3.12,3.12,3.0,2.88,2.0,2.0,2.0,3.0,3.0,3.25,3.75,2.5,2.12,3.12,3.88,1.88,2.38,3.12,2.88,2.62,3.0,2.0,3.62,3.0,3.12,2.38,3.12,2.0,2.0,3.0,3.12,2.25,1.62,2.12,2.88,2.88,2.88,2.88,3.38,2.12,3.12,2.88,4.07,2.89,3.59,2.26,3.84,4.37,3.22,3.5,3.17,3.89,2.33,3.57,4.13,4.33,4.42,2.51,4.18,4.4,4.36,3.12,4.06,4.32,4.26,2.16,2.85,3.7,3.17,3.87,1.85,4.21,2.81,3.89,3.77,2.62,3.5,1.85,2.13,3.73,3.57,3.98,3.55,"Multiple Machine Tool Setters, Operators, and Tenders, Metal and Plastic",Production
51-4111,3.25,2.25,3.25,3.38,3.12,2.75,1.5,2.12,1.5,2.12,2.88,3.38,2.5,2.88,1.75,2.0,1.75,2.12,3.0,3.25,3.38,3.0,2.0,3.12,3.75,1.62,2.25,3.12,3.12,2.75,2.88,1.62,3.62,2.62,2.88,2.38,3.25,1.62,1.88,3.0,3.0,2.12,1.88,2.12,2.25,2.25,2.62,2.38,3.75,2.12,3.0,2.88,2.74,1.9,2.58,1.74,3.78,3.75,2.65,2.75,2.47,2.85,3.68,2.5,2.92,3.45,4.47,2.36,3.52,3.49,3.54,3.13,3.28,4.1,3.75,2.28,2.65,3.57,1.92,2.92,1.0,3.05,2.67,2.18,3.71,1.99,2.62,1.79,1.37,3.77,3.24,3.62,3.48,Tool and Die Makers,Production
51-4121,3.62,2.62,2.88,3.12,3.0,2.75,1.62,2.12,2.12,2.5,2.88,3.25,2.88,2.38,2.25,2.0,2.12,2.25,2.88,2.88,3.12,2.12,1.88,2.62,3.38,1.75,2.0,3.0,2.75,2.12,2.75,1.88,3.25,2.62,2.62,2.5,3.0,1.88,2.0,2.5,2.62,2.25,1.25,2.25,2.62,2.38,2.88,2.62,2.88,2.0,2.38,1.75,2.49,2.36,2.4,1.51,3.03,2.9,2.2,2.43,2.02,2.07,2.22,2.6,2.7,2.82,3.76,1.78,3.49,3.57,3.65,2.29,2.5,2.96,3.4,1.92,2.62,2.67,1.78,3.31,1.35,2.49,1.92,1.76,2.36,1.8,2.36,1.55,1.74,2.65,2.56,2.63,2.14,"Welders, Cutters, Solderers, and Brazers",Production
51-4122,3.25,2.88,3.0,3.62,3.0,2.75,1.38,2.5,2.12,3.0,3.0,3.0,2.88,2.12,2.12,2.0,2.12,2.62,3.0,3.12,3.25,2.0,2.0,3.12,3.75,1.88,2.0,2.88,3.0,2.12,3.0,2.0,3.12,3.0,3.0,2.25,3.12,1.75,1.88,3.0,3.0,2.12,1.62,2.12,2.88,2.12,3.0,2.25,3.25,2.0,2.88,2.5,3.03,2.83,2.87,2.16,3.64,4.14,2.39,3.06,2.88,2.97,3.0,2.48,3.0,3.47,4.09,2.74,3.77,4.0,4.02,2.86,3.39,3.61,3.93,2.58,3.66,2.85,2.26,3.23,1.83,3.22,2.95,3.0,3.59,2.53,2.55,2.04,2.13,3.59,3.1,3.48,2.62,"Welding, Soldering, and Brazing Machine Setters, Operators, and Tenders",Production
51-4191,3.75,3.0,3.0,3.38,3.12,3.0,1.25,2.88,1.75,3.0,3.0,3.25,3.12,2.0,2.12,2.88,2.12,2.88,2.88,3.25,3.5,2.75,2.12,3.62,3.5,1.75,2.62,3.0,3.12,2.0,3.25,2.12,3.5,3.12,3.62,3.0,3.25,2.0,2.12,3.12,3.12,2.38,2.12,3.25,3.38,2.5,3.38,2.88,3.12,2.5,3.0,2.88,2.55,2.05,3.14,1.41,3.74,4.2,2.41,2.34,2.4,3.44,2.1,3.31,3.34,3.31,3.67,2.41,4.25,4.06,3.6,2.69,3.39,3.46,3.36,1.62,3.85,2.81,2.25,4.16,1.78,2.93,2.46,2.45,2.84,2.41,2.74,1.73,1.25,2.44,3.2,2.87,3.3,"Heat Treating Equipment Setters, Operators, and Tenders, Metal and Plastic",Production
51-4192,3.75,3.0,3.0,3.0,3.25,2.62,1.38,2.25,1.62,2.75,3.0,3.25,3.12,2.75,1.88,2.0,2.0,2.0,3.0,3.38,3.5,3.12,2.0,3.0,3.88,1.62,3.0,3.0,3.0,2.5,3.12,1.75,3.5,2.0,2.5,2.0,3.12,1.75,2.0,2.88,2.75,2.25,1.75,2.12,2.62,2.5,3.0,2.75,3.75,2.12,3.12,2.88,3.17,3.01,3.23,2.5,4.03,4.02,3.35,2.99,3.22,2.66,3.58,3.51,3.29,3.52,4.31,3.09,4.18,3.85,4.16,3.37,3.47,3.66,3.4,2.49,3.39,3.56,2.41,3.72,2.3,3.58,2.87,2.85,3.0,2.91,3.41,2.76,2.18,3.46,3.06,3.55,2.18,"Layout Workers, Metal and Plastic",Production
51-4193,3.25,2.75,3.0,3.38,3.0,2.62,1.12,2.0,1.62,2.88,2.75,3.0,3.0,2.38,1.5,2.12,2.0,2.62,3.0,3.0,3.25,2.0,2.0,3.12,3.38,1.5,2.0,3.25,3.12,2.25,3.0,1.5,3.25,2.25,2.25,2.0,3.0,1.62,1.62,3.12,3.0,2.12,1.88,2.5,3.0,2.38,3.0,2.62,2.5,2.0,2.88,2.75,2.95,2.5,3.04,2.18,4.2,4.02,2.68,2.37,2.67,3.11,1.44,2.95,2.77,3.26,3.75,2.99,4.3,4.02,3.94,2.85,3.83,4.06,4.11,1.84,3.66,3.13,1.82,2.98,1.62,3.09,2.56,1.72,2.58,2.58,3.0,1.9,1.48,3.25,3.62,3.24,2.11,"Plating Machine Setters, Operators, and Tenders, Metal and Plastic",Production
51-4194,4.0,3.0,3.0,3.88,3.0,2.75,1.0,2.5,1.88,2.38,2.88,3.88,3.25,2.38,1.38,2.0,1.88,3.0,2.88,3.0,3.88,2.88,2.5,3.0,3.75,1.38,2.88,2.88,2.88,2.38,3.25,1.5,3.38,3.12,3.12,2.25,3.38,1.5,1.5,2.62,2.75,2.5,1.75,2.0,3.0,2.62,2.88,2.88,3.38,2.62,3.12,2.5,2.74,2.38,2.42,2.17,3.42,4.56,2.45,2.61,1.92,3.29,2.3,2.95,3.46,3.25,4.21,2.31,3.93,3.63,4.02,2.34,3.47,3.61,3.66,2.14,2.36,3.73,2.01,3.68,1.53,3.1,2.18,2.38,3.48,2.67,2.32,2.04,1.54,3.07,3.01,3.02,3.18,"Tool Grinders, Filers, and Sharpeners",Production
51-5111,2.88,2.12,3.12,3.0,3.0,2.0,1.0,1.25,1.0,1.38,2.5,2.88,3.0,2.62,1.0,1.0,1.0,1.88,3.25,3.12,2.75,2.25,2.0,1.62,3.75,1.0,2.0,3.12,3.12,2.62,3.0,1.0,3.25,2.0,1.88,1.62,3.0,1.0,1.0,3.0,3.0,2.12,1.0,1.0,1.38,2.0,1.5,3.25,3.25,2.0,3.12,2.88,2.92,2.1,2.94,3.02,4.15,3.41,3.25,2.7,2.89,3.08,2.65,3.26,3.47,2.94,4.33,2.97,2.49,3.51,3.42,3.23,3.22,4.16,3.65,2.45,1.74,3.75,2.5,2.28,2.04,3.39,2.83,2.53,2.41,2.6,3.49,1.65,1.69,3.98,3.29,4.16,4.6,Prepress Technicians and Workers,Production
51-5112,3.25,2.62,3.0,3.5,3.12,2.5,1.12,1.88,1.38,2.88,3.0,3.12,3.0,2.62,1.25,2.0,1.88,2.5,3.0,3.12,3.25,2.0,2.12,3.12,4.0,1.0,2.0,3.12,3.12,2.38,3.0,1.25,3.38,2.88,2.88,2.5,3.12,1.25,1.38,3.12,3.12,2.12,1.88,2.25,3.0,2.5,2.88,3.0,3.12,2.25,3.12,2.75,3.32,3.2,3.29,3.08,3.69,4.64,3.36,2.78,2.88,3.1,2.83,3.51,3.14,3.4,4.24,3.54,3.95,3.51,3.76,2.81,3.35,4.34,3.94,3.52,3.9,4.17,2.51,3.5,2.99,3.68,2.76,3.52,3.91,3.31,4.0,2.79,2.43,3.53,3.78,3.48,3.35,Printing Press Operators,Production
51-5113,3.38,2.62,2.88,3.12,3.25,2.5,1.5,2.62,2.38,2.75,2.75,3.5,2.88,2.5,1.75,2.25,2.25,2.5,3.12,3.0,3.38,2.0,2.38,3.0,3.5,1.75,2.0,3.38,3.38,2.38,2.88,2.0,3.5,2.75,2.88,2.12,3.12,1.88,2.0,3.25,3.12,2.38,1.38,2.5,2.75,2.5,3.12,2.75,3.25,2.12,3.12,2.88,2.97,2.5,3.02,2.39,3.62,4.29,3.05,2.57,2.87,2.83,2.07,3.07,3.3,3.31,4.21,2.61,4.04,3.76,3.7,3.31,3.61,3.93,4.19,2.11,2.76,3.58,2.42,3.61,2.03,3.3,2.44,2.69,3.52,2.44,2.62,1.88,1.45,3.05,3.22,3.03,2.83,Print Binding and Finishing Workers,Production
51-6011,3.25,2.25,2.75,3.0,2.75,2.0,1.25,2.25,1.75,2.38,2.25,2.88,2.38,2.12,1.0,2.25,2.12,2.0,2.75,2.88,3.0,1.62,1.75,2.88,3.0,1.0,1.62,3.0,3.0,2.0,2.38,1.0,2.88,2.25,2.25,1.75,2.75,1.0,1.0,2.88,3.0,2.0,1.62,2.25,2.25,2.25,2.88,2.75,2.38,1.5,2.75,2.0,1.97,3.1,2.71,2.18,3.49,3.62,2.89,2.09,2.98,1.71,2.0,3.33,2.64,2.74,3.02,2.77,3.74,3.24,3.31,1.99,2.74,2.89,3.17,2.72,2.04,3.64,1.98,3.65,2.53,2.55,2.54,2.5,2.57,2.68,2.87,2.05,2.28,2.07,3.06,2.1,1.99,Laundry and Dry-Cleaning Workers,Production
51-6021,3.38,2.12,2.25,3.25,2.5,2.38,1.62,2.75,1.62,2.88,2.5,3.12,2.12,2.0,1.0,2.12,1.88,2.12,2.38,2.5,3.62,1.62,1.88,3.12,3.25,1.0,1.62,2.5,2.25,1.88,2.25,1.0,2.62,2.88,3.0,2.25,2.5,1.0,1.0,2.0,2.25,1.88,2.38,2.62,2.5,1.62,3.0,2.25,2.12,2.25,1.88,1.88,2.14,2.98,2.43,1.47,3.33,3.9,2.15,2.58,2.15,2.18,1.97,1.83,2.55,2.72,3.55,1.93,3.79,2.73,3.36,2.32,2.68,2.83,2.83,2.26,2.28,3.25,1.23,3.79,2.19,2.5,2.06,2.23,2.77,2.42,3.03,1.74,1.31,2.74,2.38,2.56,2.06,"Pressers, Textile, Garment, and Related Materials",Production
51-6031,3.75,2.12,2.88,3.5,3.0,2.75,1.12,2.12,1.38,2.25,2.75,3.25,2.75,1.88,1.0,2.0,1.88,2.25,2.88,3.12,3.62,2.0,1.88,3.12,3.38,1.0,2.0,2.88,2.88,1.75,2.88,1.0,3.0,3.12,3.0,2.25,2.88,1.0,1.12,2.5,2.62,2.0,1.75,2.12,2.12,2.0,2.12,3.0,3.0,2.5,2.62,2.0,2.09,2.26,2.34,1.61,3.19,3.38,2.35,2.27,2.15,2.18,2.45,2.67,2.65,2.67,3.24,2.13,3.57,3.25,3.42,2.45,2.54,2.74,2.87,2.15,2.33,2.95,2.04,2.9,1.67,2.63,2.15,1.96,2.6,2.24,1.94,1.65,1.6,2.39,2.87,2.56,1.86,Sewing Machine Operators,Production
51-6041,3.25,2.25,3.0,3.0,3.0,2.12,1.12,2.25,2.0,2.12,2.75,3.25,2.25,2.25,1.38,1.88,1.88,2.38,3.0,3.0,3.0,2.0,1.75,2.88,3.5,1.38,2.0,3.0,2.88,2.25,2.25,1.38,3.12,2.25,2.75,2.0,3.0,1.5,1.38,3.0,3.0,2.0,1.25,2.0,2.25,2.0,2.62,2.75,3.0,2.12,2.75,2.25,2.78,2.78,2.64,2.25,3.37,3.76,2.41,2.53,2.93,2.22,2.41,3.28,3.41,3.71,3.59,2.4,3.73,3.49,3.95,2.84,3.61,3.65,3.8,2.81,2.52,2.79,2.42,3.47,2.41,3.04,2.35,1.22,2.55,2.88,2.18,2.42,2.25,3.3,3.03,2.72,2.36,Shoe and Leather Workers and Repairers,Production
51-6042,3.62,2.12,2.88,3.62,2.75,2.62,1.12,2.0,1.38,3.0,2.88,3.12,2.62,2.25,1.62,2.0,2.0,2.62,2.75,2.75,3.12,2.0,2.12,3.0,3.88,1.25,2.0,2.88,3.0,2.12,3.0,1.25,3.0,2.88,3.0,2.25,3.0,1.38,1.5,2.75,2.88,2.0,1.12,2.12,2.5,2.0,2.88,2.75,2.88,2.25,2.75,2.0,2.49,2.84,3.29,2.44,4.04,3.82,3.46,3.26,3.31,3.12,3.18,3.72,3.41,3.1,3.08,3.15,4.11,3.06,3.77,2.96,3.54,3.28,3.4,2.96,2.78,3.72,2.6,3.04,2.37,3.23,3.23,2.51,2.88,3.04,2.88,2.48,2.73,3.15,3.61,3.64,2.97,Shoe Machine Operators and Tenders,Production
51-6051,4.0,2.0,3.12,3.25,2.75,2.62,1.25,1.5,1.12,1.5,2.75,4.12,2.5,2.5,1.0,1.0,1.25,1.88,2.38,3.12,4.12,2.0,2.0,3.0,3.75,1.0,2.0,2.62,2.5,2.38,2.62,1.0,2.88,2.25,2.0,1.88,2.75,1.0,1.25,2.38,2.5,2.0,1.0,1.12,2.0,2.0,1.88,3.0,3.12,2.5,2.0,2.0,2.45,3.59,2.0,1.53,3.15,4.1,1.59,2.65,1.37,1.45,1.79,2.25,2.72,2.61,3.27,1.2,3.3,3.24,3.88,2.34,3.02,3.63,3.06,1.48,1.3,3.64,1.44,2.21,1.95,2.98,1.68,2.24,2.2,1.75,3.11,1.35,1.06,3.05,2.64,3.21,2.53,"Sewers, Hand",Production
51-6052,3.88,2.0,3.0,3.5,2.62,2.0,1.0,2.0,1.38,2.0,2.5,3.88,2.62,2.88,1.0,1.75,1.38,2.0,2.62,3.0,3.12,1.88,2.0,2.88,3.75,1.0,2.0,3.62,3.0,3.0,2.62,1.0,2.88,2.62,2.38,1.75,2.88,1.0,1.12,3.0,3.0,2.12,1.0,2.0,2.0,2.12,2.25,2.88,3.88,2.25,2.88,2.75,2.15,2.11,1.63,2.51,2.66,3.82,1.85,2.89,2.0,2.16,1.88,2.31,2.46,2.75,3.05,1.99,2.68,3.15,3.03,2.3,3.19,3.33,2.31,2.28,2.21,3.57,1.56,2.88,3.03,2.46,1.92,1.25,2.58,2.83,2.94,2.46,1.07,3.55,1.98,3.24,1.4,"Tailors, Dressmakers, and Custom Sewers",Production
51-6061,3.62,2.62,3.0,3.62,3.12,2.25,1.25,2.25,1.62,2.5,3.0,3.12,3.0,2.5,1.5,2.12,2.0,2.38,3.0,3.12,3.25,2.38,2.0,2.88,3.38,1.62,2.5,3.12,3.0,2.38,3.12,1.62,3.0,3.12,3.0,2.25,3.12,1.62,1.88,2.75,3.0,2.5,2.12,2.5,3.0,2.5,3.0,3.25,3.0,2.62,2.75,2.5,3.22,2.22,2.41,1.58,3.42,3.89,2.29,2.5,2.35,2.6,1.98,2.34,2.88,3.29,4.08,2.11,4.0,3.59,4.11,2.98,2.96,3.65,3.91,1.82,3.06,3.23,2.08,3.42,1.63,3.25,1.93,1.77,2.7,2.31,2.85,1.47,1.39,2.69,2.86,3.56,2.99,Textile Bleaching and Dyeing Machine Operators and Tenders,Production
51-6062,3.62,3.12,3.0,3.12,3.0,3.0,1.5,2.25,1.62,2.88,2.88,3.12,2.88,2.0,1.75,2.12,1.88,2.88,2.88,3.25,3.25,2.0,2.12,3.12,3.12,1.5,2.0,3.0,3.0,2.0,3.0,1.88,3.12,3.0,3.12,3.0,3.12,2.0,1.75,3.0,2.88,2.12,2.0,2.75,3.12,2.0,3.12,2.88,3.0,2.25,2.75,2.12,2.67,2.4,2.77,1.9,3.78,3.94,2.88,2.32,2.79,3.06,2.53,3.13,3.57,3.35,3.95,2.89,3.69,3.92,3.84,2.73,3.15,3.51,4.11,2.58,2.67,3.14,2.63,3.6,1.37,3.18,2.2,2.68,3.11,2.38,2.67,1.76,1.61,2.73,3.16,2.7,3.05,"Textile Cutting Machine Setters, Operators, and Tenders",Production
51-6063,3.88,3.0,2.75,3.62,2.88,2.0,1.25,1.88,1.38,2.88,2.38,3.62,2.75,2.0,1.25,2.0,1.88,2.5,2.75,2.88,3.25,2.0,2.0,3.5,3.12,1.0,2.0,3.12,3.0,2.12,2.88,1.0,3.12,2.62,3.0,2.38,3.12,1.25,1.12,2.88,2.88,2.0,1.75,2.75,2.62,2.12,3.25,2.88,3.0,2.25,2.75,2.5,3.08,2.6,2.46,1.93,4.1,4.15,2.97,2.4,2.7,3.21,1.99,3.09,3.09,3.43,3.98,2.59,3.72,3.69,3.69,2.56,3.48,3.46,3.87,1.89,2.0,3.22,2.08,3.83,2.07,3.3,2.84,3.06,3.06,2.39,2.71,2.46,1.94,2.9,3.14,3.32,2.61,"Textile Knitting and Weaving Machine Setters, Operators, and Tenders",Production
51-6064,3.62,3.0,3.0,3.5,2.88,2.88,1.62,2.62,1.62,3.12,3.0,3.38,3.0,2.0,1.38,2.88,2.0,2.88,2.75,2.88,3.38,2.0,2.12,3.25,3.25,1.0,2.0,2.75,3.0,2.0,3.0,1.38,3.12,3.0,3.38,2.62,3.12,1.12,1.38,3.0,2.88,2.38,2.38,2.88,3.12,2.12,3.25,3.0,3.0,3.0,2.38,2.12,2.54,2.2,2.18,1.79,3.67,3.43,2.06,2.41,2.25,2.7,2.22,2.35,3.46,3.13,3.8,2.32,3.72,3.46,3.64,2.47,3.06,3.4,3.28,1.97,2.43,2.72,1.7,3.04,1.54,2.69,2.0,2.08,3.29,2.0,2.16,1.46,1.39,2.42,3.04,2.62,2.43,"Textile Winding, Twisting, and Drawing Out Machine Setters, Operators, and Tenders",Production
51-6091,3.38,3.0,3.0,3.75,3.12,2.62,1.12,2.5,1.62,2.88,2.75,3.38,3.0,2.38,2.0,2.0,2.0,2.62,3.12,3.12,3.25,2.25,2.0,3.25,3.5,1.88,2.0,3.38,3.12,2.25,3.0,2.0,3.75,3.12,3.25,2.88,3.0,2.0,2.0,3.0,2.88,2.12,2.12,2.12,2.75,3.0,3.0,2.62,3.0,2.5,3.0,2.62,3.42,2.4,2.97,1.61,3.78,4.38,2.63,2.54,2.84,3.65,1.87,2.71,3.31,3.65,4.42,2.92,3.89,4.16,4.16,2.83,3.84,3.88,4.41,2.09,4.06,2.85,1.97,3.48,1.45,3.75,2.37,2.11,3.11,2.45,2.66,1.45,2.08,2.85,3.33,3.29,2.67,"Extruding and Forming Machine Setters, Operators, and Tenders, Synthetic and Glass Fibers",Production
51-6092,3.12,2.12,3.38,3.0,3.62,2.5,1.0,2.0,1.12,2.0,3.12,3.5,3.12,3.25,1.0,2.0,2.0,2.12,3.25,3.75,3.12,3.62,2.25,2.88,4.0,1.0,3.5,3.38,3.62,3.75,3.25,1.0,3.25,2.0,2.0,1.75,3.25,1.0,1.0,3.12,3.12,2.62,1.12,2.0,2.12,3.0,2.38,3.0,4.0,2.25,3.62,3.12,3.4,2.42,2.54,2.82,4.19,2.59,2.94,3.18,2.82,3.54,2.96,3.41,3.53,3.32,4.42,2.53,3.06,4.01,3.58,3.41,3.17,3.85,4.16,2.06,1.72,3.47,2.49,3.15,1.24,3.73,2.61,1.83,1.71,2.17,2.95,1.88,1.64,3.92,3.04,3.68,3.73,Fabric and Apparel Patternmakers,Production
51-6093,4.0,2.62,3.0,3.75,3.0,3.0,1.25,2.88,2.25,3.12,2.88,4.0,3.0,2.88,2.0,2.75,2.25,2.5,2.88,3.12,4.0,2.5,2.0,3.75,3.88,1.88,2.62,3.0,3.0,3.0,2.88,1.88,3.25,2.5,2.62,2.5,3.0,2.0,2.0,3.0,2.88,2.5,1.75,2.5,3.0,2.25,3.12,3.75,3.62,2.12,3.25,2.62,2.67,2.39,2.83,2.93,3.13,3.18,3.31,2.89,2.47,2.15,2.52,2.98,3.65,3.24,3.83,2.57,3.99,3.47,3.86,2.27,3.57,3.62,3.27,2.88,2.61,3.49,2.82,3.7,2.95,3.07,2.56,1.72,2.69,2.92,3.17,3.21,2.12,3.5,2.76,3.24,2.29,Upholsterers,Production
51-7011,3.88,3.0,3.0,3.75,3.12,3.0,1.25,2.88,2.0,3.0,3.0,3.88,2.88,2.88,1.75,2.88,2.12,3.0,3.0,3.12,3.88,2.88,2.12,3.62,3.88,1.75,2.75,3.0,3.0,2.88,3.0,1.75,3.25,2.75,3.25,3.0,3.0,1.88,2.12,2.88,3.0,2.62,2.62,2.75,3.25,2.38,3.62,2.88,3.5,2.62,3.12,2.75,3.23,2.09,2.12,2.48,3.42,4.13,2.47,2.55,2.45,2.26,2.78,2.78,3.84,3.37,4.18,2.09,4.13,3.6,3.74,3.06,3.36,3.87,3.37,2.45,2.82,3.21,2.47,3.9,3.24,3.31,1.7,2.53,3.11,2.68,2.86,2.88,1.32,3.36,2.55,3.01,1.88,Cabinetmakers and Bench Carpenters,Production
51-7021,3.75,2.75,3.12,3.5,3.0,2.5,1.25,3.12,1.75,2.88,3.0,3.12,3.12,2.5,1.62,2.62,2.12,2.75,3.12,3.0,3.62,2.0,2.0,3.12,4.0,1.38,2.0,3.12,3.12,2.88,3.0,1.38,3.12,2.5,2.38,2.25,3.25,1.5,1.38,2.88,3.0,2.5,2.38,2.88,3.25,2.12,3.25,3.88,3.38,2.75,3.0,2.25,2.71,2.92,2.82,2.46,3.64,2.88,3.02,2.93,2.78,2.58,1.97,3.53,3.23,3.6,4.09,2.85,3.81,3.72,3.89,2.78,3.64,3.98,3.69,2.74,2.23,3.48,2.26,3.71,2.37,3.16,2.83,1.63,2.68,2.95,2.78,2.07,2.36,3.64,3.17,3.64,2.55,Furniture Finishers,Production
51-7031,3.75,2.62,3.12,3.5,3.0,2.5,1.0,2.12,1.5,2.62,2.88,3.75,3.0,2.88,1.62,2.0,2.0,2.62,3.0,3.38,3.5,2.62,2.0,3.12,3.88,1.5,2.62,3.38,3.12,3.12,3.0,1.75,3.38,2.25,3.0,2.25,3.0,1.62,1.75,3.0,3.0,2.25,1.62,2.12,2.62,2.62,2.62,2.62,3.38,2.5,3.25,2.62,3.1,2.61,3.33,2.0,3.78,4.21,2.75,2.87,2.49,2.96,3.37,3.68,3.31,3.14,3.9,1.93,4.22,3.46,4.08,3.54,3.36,3.72,3.6,1.3,3.01,3.66,1.85,4.1,1.23,3.75,2.84,1.97,3.7,2.4,2.9,2.57,1.09,3.84,3.19,3.37,2.1,"Model Makers, Wood",Production
51-7032,3.88,2.75,3.12,3.88,3.12,3.0,1.25,2.38,1.38,2.25,2.88,3.38,2.88,2.88,1.62,2.0,1.88,2.38,2.88,3.25,4.0,3.0,2.0,3.12,3.75,1.5,2.75,3.12,3.0,2.88,3.0,1.88,3.12,2.88,3.5,2.88,3.12,1.75,1.62,3.0,3.0,2.12,2.5,2.12,3.12,2.38,3.0,2.75,3.25,2.62,3.0,2.75,3.43,1.86,2.57,3.05,3.42,4.23,2.6,3.33,2.02,2.38,4.46,2.86,3.15,3.15,4.13,2.06,3.87,3.4,3.83,2.88,3.79,4.17,3.73,2.6,3.12,3.7,1.93,4.05,1.39,3.58,1.97,2.15,3.4,1.97,2.58,1.73,1.35,4.34,2.65,3.47,3.07,"Patternmakers, Wood",Production
51-7041,3.38,2.88,2.88,3.62,3.0,3.0,1.38,2.12,1.38,2.5,3.0,3.25,2.75,1.88,1.62,2.12,1.88,2.25,3.0,2.75,3.38,2.0,1.88,3.12,3.38,1.62,2.12,2.88,2.88,1.88,2.88,2.0,3.25,3.25,3.25,2.5,3.12,1.75,1.88,2.88,2.62,1.88,2.0,3.12,3.0,1.88,3.12,2.75,2.88,2.12,2.5,2.12,1.93,2.17,2.45,1.68,3.41,4.11,2.23,2.16,2.64,2.19,1.98,2.77,3.08,2.69,3.38,2.47,4.11,3.45,3.65,2.33,2.89,2.76,3.12,2.1,3.27,2.55,1.75,3.7,1.39,2.37,2.23,1.93,3.27,2.34,2.54,1.48,1.56,2.47,3.17,2.51,1.98,"Sawing Machine Setters, Operators, and Tenders, Wood",Production
51-7042,3.12,3.12,3.0,3.5,3.0,2.88,1.62,3.0,1.88,3.0,3.12,3.12,3.0,2.0,1.5,2.38,2.12,2.5,2.88,3.0,3.5,2.0,2.0,3.25,3.62,1.38,2.38,3.38,3.0,2.0,3.12,1.62,3.25,3.0,3.62,2.62,3.12,1.75,1.75,2.88,3.0,2.75,2.62,2.5,3.25,2.25,3.25,2.62,3.12,2.62,2.88,2.0,2.34,2.02,2.19,1.42,3.41,4.0,2.45,2.05,2.35,2.47,1.93,2.34,2.89,2.77,3.61,1.88,3.9,3.03,3.79,2.02,3.02,3.23,3.17,1.8,2.29,2.63,1.32,3.51,1.3,3.02,1.99,2.13,2.59,1.84,1.94,1.47,1.26,2.67,2.45,2.56,2.01,"Woodworking Machine Setters, Operators, and Tenders, Except Sawing",Production
51-8011,2.88,3.0,3.12,2.88,3.88,2.25,1.0,1.0,1.0,1.0,3.12,2.88,3.38,3.0,1.75,1.12,1.12,3.0,3.88,4.0,2.38,3.0,2.75,2.62,3.88,1.0,2.88,4.0,4.0,3.0,3.88,1.12,4.12,2.0,2.88,2.62,3.38,1.0,1.12,3.5,3.25,2.88,1.0,1.0,1.0,3.0,1.88,3.0,2.88,2.0,4.0,3.62,3.94,1.94,3.09,2.5,4.33,4.14,3.52,2.36,3.03,4.39,2.03,3.29,3.36,4.73,4.52,3.05,1.94,4.51,4.04,3.27,3.13,4.18,4.52,1.93,2.21,3.58,3.48,2.29,1.54,4.29,2.68,2.26,2.17,2.3,2.95,1.41,1.5,2.58,3.51,4.26,3.64,Nuclear Power Reactor Operators,Production
51-8012,2.0,2.38,3.0,2.38,3.75,2.0,1.0,1.38,1.0,1.38,3.0,2.0,3.0,2.88,1.38,1.0,1.5,2.0,3.88,3.5,2.0,2.75,2.0,1.62,3.62,1.12,2.75,3.88,3.88,2.62,3.12,1.12,4.0,1.62,2.0,1.88,3.0,1.12,1.62,3.12,3.0,2.75,1.38,1.38,1.25,2.62,1.88,2.62,3.0,1.62,3.75,3.62,4.31,2.1,2.38,4.11,4.34,2.73,3.45,2.58,2.19,4.26,1.89,3.18,3.49,4.48,4.72,2.36,1.41,4.59,3.1,3.26,2.83,4.73,4.5,3.35,1.4,3.74,3.14,1.49,2.34,4.27,2.59,2.05,1.38,2.54,3.28,1.39,1.51,2.9,3.28,3.88,4.47,Power Distributors and Dispatchers,Production
51-8013,3.08,2.9166666666666665,2.9599999999999995,3.5,3.5833333333333335,2.6233333333333335,1.0833333333333333,2.1666666666666665,1.79,2.6666666666666665,3.1633333333333336,3.0,3.0400000000000005,2.706666666666667,2.04,2.2066666666666666,2.3733333333333335,2.8766666666666665,3.2900000000000005,3.4599999999999995,3.08,2.3766666666666665,2.4133333333333336,3.0400000000000005,3.8366666666666664,2.0,2.4166666666666665,3.5400000000000005,3.3333333333333335,2.5833333333333335,3.293333333333333,2.04,3.8766666666666665,2.706666666666667,3.0,2.6666666666666665,3.2466666666666666,2.08,2.04,3.0400000000000005,3.0866666666666664,2.7099999999999995,1.7066666666666668,2.29,2.4566666666666666,2.9599999999999995,2.6266666666666665,3.0,3.1266666666666665,2.1666666666666665,3.206666666666667,3.0400000000000005,3.4499999999999997,2.736666666666667,2.99,2.39,3.8666666666666667,4.25,2.856666666666667,2.67,2.84,3.75,2.546666666666667,3.2266666666666666,3.0533333333333332,3.7099999999999995,3.983333333333333,2.8533333333333335,3.3633333333333333,3.9233333333333333,3.9800000000000004,3.1566666666666667,3.063333333333333,3.9933333333333336,4.08,2.6933333333333334,3.686666666666667,3.1966666666666668,2.52,3.3966666666666665,1.8933333333333333,3.56,2.6166666666666667,3.0666666666666664,3.7866666666666666,2.5166666666666666,2.9233333333333333,2.0466666666666664,1.7566666666666666,3.1833333333333336,3.3833333333333333,3.3233333333333337,3.2900000000000005,Power Plant Operators,Production
51-8021,3.12,3.12,3.12,3.12,3.25,2.38,1.0,2.12,1.62,2.5,3.0,3.12,2.88,2.62,2.0,2.12,2.0,2.88,3.25,3.25,3.12,2.12,2.25,3.12,3.88,1.5,2.12,3.62,3.5,2.38,3.25,2.12,3.75,2.38,3.12,2.5,3.12,2.0,2.12,3.0,3.0,2.38,1.62,2.12,2.75,2.75,2.5,2.75,2.88,2.12,3.12,3.0,3.57,3.14,3.52,2.75,4.02,4.18,3.63,3.44,3.53,3.85,2.83,3.26,3.54,3.76,4.05,2.86,3.62,4.04,4.45,3.12,3.71,4.28,4.07,2.82,3.67,3.88,2.54,3.65,2.3,4.0,2.75,3.2,4.41,3.08,3.51,2.21,2.36,3.63,3.63,3.88,3.67,Stationary Engineers and Boiler Operators,Production
51-8031,3.0,2.88,2.88,3.12,3.5,2.5,1.0,2.0,1.62,2.75,3.0,2.88,3.0,2.62,2.0,2.12,2.0,2.25,3.12,3.12,3.0,2.62,2.0,2.75,3.62,1.75,2.75,3.75,3.75,2.0,3.0,2.0,3.12,2.62,2.88,2.75,3.12,2.0,2.12,3.0,3.0,2.12,1.62,2.0,2.0,2.75,3.0,2.88,2.88,2.0,3.5,3.0,4.08,2.54,3.38,3.25,4.0,3.83,3.22,3.29,3.12,4.33,2.67,3.22,3.25,4.46,4.0,3.25,3.17,4.12,4.21,3.29,3.38,4.13,4.38,3.54,4.09,3.67,3.13,3.33,3.35,4.17,3.25,3.54,3.92,2.83,3.48,2.08,2.83,2.92,3.83,3.67,3.54,Water and Wastewater Treatment Plant and System Operators,Production
51-8091,3.38,3.25,3.0,3.5,3.62,2.5,1.0,2.0,1.5,2.62,3.5,3.0,3.12,2.38,2.0,2.12,2.5,3.38,3.12,3.5,3.12,2.75,2.62,2.88,3.75,1.38,2.88,3.62,3.62,2.12,3.5,1.5,3.75,2.88,3.25,2.38,3.75,1.5,1.62,3.12,3.12,2.88,1.88,2.38,2.62,2.88,2.75,3.12,2.75,2.75,3.25,3.12,3.08,1.88,2.43,1.39,3.71,4.19,2.99,1.58,2.43,3.58,1.44,2.85,2.98,4.04,4.62,2.28,3.52,4.36,3.84,3.17,2.46,3.83,4.55,2.23,2.39,2.33,2.38,3.58,1.33,3.12,2.28,1.87,3.09,2.13,1.87,1.52,1.33,1.73,4.04,3.15,3.6,Chemical Plant and System Operators,Production
51-8092,3.0,3.5,3.0,3.0,3.25,2.75,1.0,2.0,1.5,2.25,3.25,3.0,3.25,2.88,2.12,2.0,2.12,3.0,3.0,3.12,3.0,2.75,2.12,2.88,3.75,2.0,2.75,3.25,3.0,2.25,3.88,2.0,3.62,3.0,3.12,2.75,3.38,2.0,2.12,3.0,3.0,2.62,1.75,2.12,2.25,3.0,2.62,3.0,3.0,2.25,3.12,3.12,3.85,2.75,2.83,2.69,3.98,3.93,3.02,3.02,2.53,4.05,2.89,3.1,3.54,4.13,4.3,2.63,2.8,4.34,4.07,3.34,3.35,4.33,4.34,3.18,3.09,3.34,2.85,3.05,1.93,3.85,3.17,3.42,3.37,2.3,3.06,1.86,1.91,3.0,3.49,3.91,3.61,Gas Plant Operators,Production
51-8093,3.0,3.38,3.12,3.12,3.25,2.75,1.0,2.0,1.62,2.88,3.0,3.0,3.75,2.38,2.12,2.38,2.75,3.38,3.12,3.75,3.0,2.88,2.62,3.0,3.75,2.0,2.75,3.12,3.12,2.38,3.75,2.0,3.62,2.88,3.0,2.5,3.5,2.0,2.38,3.0,3.25,2.75,1.88,2.38,2.62,2.88,2.75,3.0,3.0,2.62,3.12,3.0,2.99,2.27,3.11,2.38,4.01,4.1,2.99,2.12,2.92,3.6,1.92,3.4,3.37,3.4,3.88,2.43,3.53,4.09,4.24,2.75,3.14,3.63,4.15,1.86,3.39,3.4,2.07,3.93,1.32,3.28,2.5,2.36,3.19,2.08,2.51,1.85,1.4,2.29,3.07,3.12,2.81,"Petroleum Pump System Operators, Refinery Operators, and Gaugers",Production
51-8099,3.38,3.12,3.12,3.5,3.38,2.62,1.5,2.62,2.75,3.0,3.0,3.25,3.12,2.75,2.25,2.62,2.75,3.0,3.38,3.38,3.38,2.75,2.5,3.25,3.38,1.88,2.75,3.5,3.5,2.5,3.38,2.12,3.38,3.12,3.38,2.75,3.38,2.5,2.38,3.38,3.5,2.62,1.0,2.38,2.62,3.12,3.0,3.38,3.0,2.38,3.5,3.25,3.76,2.86,3.05,2.34,4.48,4.18,2.64,2.77,3.17,4.37,2.05,3.63,3.36,3.61,4.29,3.0,3.73,4.19,4.12,3.55,3.41,4.25,4.52,2.58,3.95,3.42,2.81,3.74,1.91,3.98,2.6,3.03,3.4,2.85,2.61,2.0,1.95,2.69,3.54,3.55,3.72,Biofuels Processing Technicians,Production
51-9011,3.12,3.0,3.0,3.75,3.25,2.75,1.25,2.12,1.88,2.62,3.38,3.0,3.12,2.5,2.0,2.12,2.5,2.62,3.12,3.38,3.25,2.75,2.62,3.38,3.75,1.75,2.38,3.75,3.75,2.25,3.5,2.0,3.75,3.12,3.25,2.75,3.12,1.75,2.12,3.12,3.12,2.62,1.88,2.25,2.88,2.88,2.88,3.0,3.0,2.0,3.62,3.25,3.67,3.07,3.38,2.35,4.13,4.2,3.45,2.39,3.4,3.89,2.12,3.87,3.43,3.82,4.33,2.98,3.61,4.04,4.21,3.72,3.05,4.25,4.45,2.74,3.7,3.38,2.84,3.65,1.83,3.7,3.05,2.6,2.92,2.74,2.59,2.01,2.1,2.59,3.87,3.36,3.46,Chemical Equipment Operators and Tenders,Production
51-9012,3.38,2.88,3.0,3.12,3.0,2.75,1.12,2.5,1.75,3.0,3.0,3.0,3.12,2.25,2.38,2.5,3.0,3.0,3.0,3.38,3.0,2.62,2.38,3.12,3.88,2.0,2.62,3.12,3.0,2.12,3.75,2.0,3.5,3.0,3.25,2.5,3.12,2.12,2.0,2.88,3.0,2.5,2.12,2.62,3.12,2.5,3.0,3.0,3.0,2.5,2.88,2.62,3.04,2.21,2.62,1.58,3.92,3.65,2.68,2.26,2.14,3.17,1.54,2.54,2.62,3.45,3.93,2.18,3.61,3.95,3.86,2.44,2.9,3.61,3.96,2.52,2.97,2.86,2.24,3.5,1.54,3.29,2.17,2.4,2.96,2.35,2.27,1.69,1.95,2.81,3.11,2.87,3.18,"Separating, Filtering, Clarifying, Precipitating, and Still Machine Setters, Operators, and Tenders",Production
51-9021,3.5,3.12,3.0,3.62,3.0,2.75,1.75,2.62,2.0,3.0,2.88,3.12,3.12,1.88,1.75,2.5,2.25,3.0,3.0,2.88,3.62,2.25,2.0,3.5,3.5,1.75,2.38,3.0,3.0,1.88,3.12,2.0,3.25,3.5,3.5,3.0,3.0,2.0,2.25,3.0,3.0,2.62,1.88,2.75,3.12,2.62,3.12,3.0,3.0,2.62,3.0,2.62,2.62,2.62,2.48,1.5,3.81,3.73,2.7,2.09,2.61,3.48,1.6,3.1,2.8,3.36,3.77,1.94,3.63,3.36,3.57,2.8,2.6,3.38,3.97,2.62,2.95,3.15,2.57,3.24,1.16,3.18,2.64,2.22,2.88,2.13,2.48,1.5,1.5,2.06,2.87,3.17,3.02,"Crushing, Grinding, and Polishing Machine Setters, Operators, and Tenders",Production
51-9022,4.0,2.88,3.0,3.75,2.88,2.62,1.0,2.25,2.0,2.88,2.75,3.75,3.0,2.75,2.0,2.0,2.12,2.75,2.62,3.12,3.62,2.0,2.0,3.25,3.75,2.0,2.0,3.12,3.0,2.75,3.0,2.0,3.12,3.0,2.88,2.75,3.12,2.0,2.0,3.12,3.12,2.12,1.75,2.0,2.88,2.5,3.0,3.0,3.0,2.75,2.75,2.5,3.29,3.28,3.85,2.6,4.24,4.87,3.0,3.89,2.36,2.68,3.57,4.19,3.91,3.97,4.29,2.35,4.88,3.97,4.63,3.87,3.6,4.8,4.54,3.52,4.22,4.17,2.3,4.9,2.02,3.91,4.12,2.34,4.46,3.29,3.6,2.33,2.02,4.8,3.59,4.22,3.22,"Grinding and Polishing Workers, Hand",Production
51-9023,3.25,2.75,3.12,3.12,3.0,2.62,1.38,2.38,1.62,2.62,3.12,3.0,2.88,2.38,1.75,2.0,2.12,2.5,3.0,3.12,3.25,2.0,2.0,3.12,3.38,1.5,2.12,3.12,3.0,2.0,3.12,1.88,3.12,3.0,3.12,3.0,3.12,2.0,2.0,3.0,2.88,2.25,1.88,2.38,3.0,2.88,3.0,3.0,2.62,2.62,3.12,2.88,2.51,2.89,3.17,2.05,4.06,4.31,3.09,2.35,3.02,3.89,2.28,3.24,2.68,3.41,4.41,2.98,4.14,3.46,3.62,3.03,2.56,3.4,4.14,2.02,3.96,3.5,2.08,4.22,1.87,2.81,2.47,2.59,3.65,2.25,2.81,1.89,2.05,2.66,3.75,2.86,2.54,"Mixing and Blending Machine Setters, Operators, and Tenders",Production
51-9031,3.12,2.0,3.0,3.0,2.75,2.0,1.12,2.12,1.88,2.38,2.75,2.88,2.5,2.0,1.38,2.0,2.0,2.12,2.62,3.12,3.5,2.0,2.0,2.88,3.38,1.0,2.0,3.0,2.88,2.0,2.62,1.0,2.75,2.38,2.62,1.75,2.88,1.0,1.25,2.88,3.0,2.0,1.75,2.0,3.0,2.0,2.75,2.62,2.62,2.0,2.75,2.25,2.66,2.77,2.8,1.93,3.43,3.17,2.84,2.76,2.63,2.54,2.09,3.24,3.6,3.0,3.33,2.29,3.67,3.17,3.15,2.17,3.22,2.91,3.14,2.05,2.37,3.15,3.07,3.53,1.88,3.13,2.82,2.36,2.38,2.46,2.17,2.2,2.58,2.41,2.94,2.65,2.01,"Cutters and Trimmers, Hand",Production
51-9032,3.75,2.88,3.12,3.88,3.25,3.12,1.62,2.5,1.88,3.12,2.88,3.88,2.88,2.62,1.62,2.38,2.0,2.25,3.0,3.25,3.62,2.5,2.12,3.38,3.88,1.75,2.38,3.38,3.0,2.0,3.12,1.88,3.62,3.25,3.38,3.0,3.25,1.75,1.88,2.88,2.88,2.75,1.88,2.88,3.12,2.12,3.12,2.5,3.38,2.88,3.12,2.88,3.12,2.94,3.24,1.84,3.7,4.18,3.21,2.82,2.94,3.32,2.13,3.11,3.21,3.41,3.69,3.03,4.16,3.58,3.9,2.88,3.23,3.63,3.93,2.68,3.4,2.84,2.67,3.91,1.94,3.43,3.22,2.56,3.04,3.07,2.64,2.09,2.44,2.74,3.6,2.85,2.83,"Cutting and Slicing Machine Setters, Operators, and Tenders",Production
51-9041,3.62,3.25,3.12,3.25,3.12,3.0,1.75,2.62,1.75,2.88,3.25,3.25,2.75,2.12,1.88,2.5,2.0,3.0,3.0,3.25,3.38,2.25,2.0,3.12,3.38,1.25,2.12,3.12,3.12,2.12,3.75,1.5,3.38,3.75,3.75,3.0,3.12,1.75,1.88,3.0,3.0,2.38,2.38,3.12,3.12,2.5,3.12,2.88,3.12,2.62,3.12,2.62,3.16,2.62,2.8,1.56,3.99,4.42,2.81,2.38,2.66,3.87,2.19,3.01,3.01,3.35,4.09,2.77,3.85,3.93,4.08,3.01,3.27,3.92,4.09,1.93,2.65,2.9,2.53,3.84,1.5,3.86,2.6,3.05,3.44,2.35,2.67,1.87,1.68,2.86,3.42,3.36,3.66,"Extruding, Forming, Pressing, and Compacting Machine Setters, Operators, and Tenders",Production
51-9051,3.25,2.75,2.88,3.5,3.0,2.12,1.0,2.25,1.5,2.75,2.25,2.75,2.25,2.12,1.62,2.12,2.62,2.0,3.0,3.12,3.0,2.0,1.75,3.0,3.25,1.62,2.12,3.38,3.12,2.0,3.0,1.38,3.62,2.38,3.12,2.12,3.12,1.5,2.0,3.12,3.25,1.75,1.88,2.12,2.88,2.25,3.0,2.12,2.25,2.0,3.38,2.88,3.44,2.73,2.62,1.59,4.06,4.34,3.13,2.67,2.58,3.43,1.66,2.96,2.94,3.19,4.13,2.73,4.19,4.26,4.28,2.65,3.91,4.08,4.17,2.26,3.73,3.27,1.63,3.89,1.46,3.79,1.95,2.45,2.81,2.54,2.69,1.78,1.56,2.59,3.06,3.62,2.79,"Furnace, Kiln, Oven, Drier, and Kettle Operators and Tenders",Production
51-9061,3.0,2.75,3.12,2.62,3.0,2.0,1.0,2.12,2.0,2.5,2.88,3.0,3.25,2.38,1.5,2.0,2.12,2.12,2.88,3.12,3.0,2.5,2.12,2.5,3.5,1.5,2.25,3.5,3.62,2.25,3.38,1.5,3.25,2.12,2.5,2.12,3.0,1.5,1.62,3.0,3.0,2.25,1.62,2.0,2.38,2.38,2.38,2.88,3.0,2.0,3.12,2.88,3.38,2.81,2.88,2.36,4.25,3.31,2.32,2.47,2.89,4.25,2.51,2.96,3.3,3.9,4.09,2.54,3.7,4.28,4.33,2.56,3.77,3.99,4.37,2.08,2.77,3.38,3.18,3.55,1.95,3.61,2.43,2.63,2.33,2.79,2.57,2.42,1.82,2.87,3.0,3.7,3.29,"Inspectors, Testers, Sorters, Samplers, and Weighers",Production
51-9071,3.5,2.06,3.12,3.0,3.06,2.375,1.06,1.5,1.375,1.435,2.44,3.62,2.935,2.69,1.06,1.125,1.125,2.0,2.88,3.0,3.0,2.375,1.94,2.19,4.0,1.12,2.5,3.125,3.06,2.81,2.625,1.19,3.125,1.875,1.94,1.69,2.875,1.06,1.19,3.0,3.0,2.19,1.25,1.125,1.75,2.315,1.625,3.19,3.06,2.12,2.88,2.56,2.47,2.21,2.455,2.785,2.92,3.46,2.16,2.665,2.31,3.08,2.3,3.38,3.52,2.94,3.5949999999999998,2.075,3.265,3.425,3.5199999999999996,2.215,3.585,3.67,3.5,3.0549999999999997,1.7349999999999999,3.315,2.475,2.255,2.9000000000000004,2.865,2.305,1.9500000000000002,2.73,2.355,2.71,3.1100000000000003,1.6150000000000002,3.99,2.625,3.1900000000000004,2.5,Jewelers and Precious Stone and Metal Workers,Production
51-9081,3.88,2.62,3.12,3.88,3.38,2.12,1.0,1.5,1.38,1.62,2.75,4.0,3.0,2.88,1.38,1.0,1.0,2.75,3.0,3.38,3.25,2.0,2.12,2.75,4.0,1.38,2.0,3.12,3.0,2.62,3.0,1.38,3.38,2.12,2.38,1.88,3.25,1.38,1.88,3.12,3.12,2.25,1.0,1.0,2.0,2.38,2.12,3.0,3.62,2.12,3.25,2.75,3.65,2.81,3.23,3.19,3.79,3.79,3.26,3.51,3.21,3.57,2.8,3.69,3.29,3.76,4.24,2.95,3.47,3.86,3.69,3.42,3.96,4.1,3.94,3.07,2.65,3.99,2.64,2.41,1.95,4.04,3.04,3.04,2.75,3.05,3.5,2.63,2.18,4.34,3.71,4.02,2.94,Dental Laboratory Technicians,Production
51-9082,3.75,2.88,3.0,3.38,3.75,3.0,1.0,2.38,1.62,2.25,2.88,3.62,2.88,2.88,1.0,2.0,2.0,3.0,3.5,3.62,3.5,2.88,2.38,3.38,3.88,1.0,2.75,3.88,3.75,3.0,2.88,1.0,3.88,2.12,2.75,2.38,3.0,1.0,1.0,3.5,3.5,2.62,1.0,2.0,2.62,2.88,3.0,3.0,3.75,2.5,3.25,3.0,3.04,3.31,2.56,2.76,3.7,3.44,3.13,2.79,2.8,3.22,2.43,3.12,3.59,3.3,4.05,2.56,3.29,3.63,3.87,3.15,3.29,3.87,3.61,2.73,1.83,3.67,1.99,3.22,3.13,3.4,2.59,2.29,2.54,2.58,2.99,1.85,1.72,3.58,3.08,3.3,2.59,Medical Appliance Technicians,Production
51-9083,3.62,2.38,3.0,3.5,3.38,2.88,1.0,1.62,1.62,2.0,2.88,3.62,3.0,2.12,1.0,1.75,1.25,2.12,2.88,3.12,3.5,2.12,2.0,2.88,3.75,1.0,2.12,2.88,2.88,2.12,3.0,1.0,3.25,3.0,3.0,1.75,3.12,1.0,1.0,2.88,3.0,2.25,1.75,2.12,2.0,2.25,2.38,3.0,3.12,3.0,3.0,2.88,2.88,2.81,2.25,2.04,3.05,3.39,2.71,2.18,2.53,2.98,1.8,3.25,2.53,3.09,3.71,2.39,3.41,3.14,3.04,2.75,3.21,3.21,3.27,2.04,1.5,3.14,2.61,2.34,2.48,2.98,2.13,2.7,2.36,2.52,2.64,2.15,1.67,2.28,2.74,3.29,3.34,Ophthalmic Laboratory Technicians,Production
51-9111,3.25,2.88,2.88,3.12,2.88,2.25,1.12,2.12,1.62,2.62,2.88,3.0,3.0,2.25,1.88,2.0,2.12,2.88,2.88,3.0,3.12,2.12,2.0,3.0,3.12,2.0,2.12,3.12,3.12,2.12,3.12,2.0,3.12,3.0,3.0,2.5,3.0,2.0,2.0,3.0,3.0,2.12,2.25,2.5,2.75,2.88,3.0,2.5,3.0,2.5,2.88,2.62,3.4,3.02,2.98,2.18,3.63,3.44,3.05,2.82,2.63,3.11,2.28,2.99,3.08,3.65,3.7,2.87,3.79,3.79,3.82,2.77,3.42,3.64,3.96,1.96,3.33,3.33,2.51,3.47,1.91,3.61,2.7,2.26,2.92,2.72,2.95,2.36,2.1,3.22,3.51,3.39,2.85,Packaging and Filling Machine Operators and Tenders,Production
51-9123,3.5,2.0,2.5,2.62,2.75,2.25,1.12,2.0,1.5,2.38,2.25,3.0,2.25,2.12,1.38,2.0,2.0,2.0,2.75,2.88,3.25,2.0,2.0,2.62,3.62,1.0,2.0,3.0,3.0,2.25,2.0,1.0,3.0,1.38,1.5,1.75,2.5,1.0,1.25,2.88,2.75,2.12,1.38,2.0,2.12,2.0,2.5,3.38,2.25,1.75,2.88,2.12,2.3,2.62,2.71,2.17,4.16,2.24,1.9,2.94,2.42,2.09,1.43,2.89,3.06,3.36,3.54,1.98,3.81,4.13,3.62,2.52,2.74,3.25,3.56,3.28,1.41,2.92,1.72,2.94,2.21,3.53,2.08,1.5,2.06,2.27,2.99,1.4,1.38,2.82,3.41,3.02,1.47,"Painting, Coating, and Decorating Workers",Production
51-9124,3.75,2.88,2.88,3.75,3.0,2.62,1.5,3.0,1.62,3.0,3.25,3.25,3.12,2.12,1.75,2.5,2.25,2.62,2.88,3.0,3.62,2.0,2.0,3.0,3.88,1.62,2.0,3.0,2.88,2.0,3.12,2.12,3.0,2.88,2.88,2.75,3.0,1.75,2.12,2.62,2.62,2.38,1.88,2.88,2.62,2.0,3.12,3.75,3.12,2.5,2.75,2.62,3.25,2.76,2.84,2.11,3.2,3.65,2.68,2.98,2.88,3.07,2.4,2.58,3.34,3.66,4.27,2.43,3.56,4.21,4.15,2.82,3.48,3.72,4.02,3.04,2.86,3.47,2.37,3.07,1.54,3.58,2.74,2.83,3.42,2.77,2.57,2.29,2.09,2.43,3.4,3.4,2.59,"Coating, Painting, and Spraying Machine Setters, Operators, and Tenders",Production
51-9141,3.5,2.38,2.88,3.25,3.25,2.38,1.0,2.13,1.0,2.13,2.63,3.25,2.75,2.38,1.63,2.13,1.75,2.25,3.25,3.13,3.13,2.0,2.25,3.13,3.63,1.63,2.0,3.38,3.25,2.38,3.0,1.63,3.13,2.75,2.38,2.38,2.75,1.63,1.5,2.88,2.88,2.0,1.75,2.25,2.75,2.25,2.63,2.88,3.0,2.0,3.5,3.13,3.1,2.99,3.05,1.65,3.92,4.23,3.21,2.49,3.01,3.05,2.22,3.51,3.02,3.55,4.01,2.53,4.18,3.8,3.63,2.95,3.7,3.29,4.01,2.09,2.69,3.78,1.89,4.08,1.85,3.2,2.0,2.78,2.62,2.04,2.59,2.08,1.94,2.94,3.58,3.54,3.75,Semiconductor Processing Technicians,Production
51-9151,3.25,2.5,3.0,3.25,3.25,2.12,1.12,2.12,2.12,2.62,2.75,3.0,3.25,2.5,1.0,1.88,1.88,2.12,3.12,3.25,3.12,2.38,2.38,2.38,3.75,1.25,2.5,3.62,3.5,2.75,3.12,1.0,3.12,2.38,2.5,1.75,3.25,1.0,1.12,3.12,3.0,2.5,1.12,2.38,2.25,2.88,2.5,3.62,3.12,2.0,3.38,3.0,2.72,2.33,2.69,3.25,3.18,4.24,2.35,2.71,1.96,2.75,1.73,3.68,3.13,2.6,4.19,2.57,2.72,3.53,3.75,2.2,3.24,3.93,3.06,3.0,1.07,3.89,2.77,2.57,3.95,2.69,2.64,3.24,3.61,2.88,2.88,3.16,2.02,3.59,3.14,3.69,4.39,Photographic Process Workers and Processing Machine Operators,Production
51-9161,3.75,3.25,3.12,3.5,3.12,3.0,1.25,2.25,1.5,2.5,2.88,3.25,3.12,2.88,1.75,2.12,2.0,3.38,3.0,3.62,3.25,2.75,2.75,3.12,3.75,1.75,3.0,3.25,3.0,2.75,3.25,2.12,3.62,3.12,3.5,2.88,3.12,2.62,2.12,3.0,3.0,3.0,2.25,2.38,2.88,2.75,3.12,3.0,3.25,2.88,3.0,2.88,3.23,2.21,2.96,1.89,3.85,4.6,2.31,2.69,2.36,3.21,3.25,3.08,3.28,3.77,3.83,2.83,3.83,4.01,4.29,2.72,3.55,3.84,4.07,2.1,2.85,3.66,1.85,3.33,1.4,3.44,2.79,3.16,3.61,2.82,2.85,1.7,1.5,2.82,3.21,3.29,3.79,Computer Numerically Controlled Tool Operators,Production
51-9162,3.0,2.75,3.12,3.0,3.0,2.62,1.0,1.88,1.62,2.12,2.88,3.0,2.88,2.88,1.25,2.0,1.88,2.62,3.0,3.88,2.88,3.5,2.5,2.88,4.0,1.12,3.0,3.0,3.0,2.75,3.75,1.38,3.88,2.12,2.88,2.0,3.12,1.25,1.5,3.0,3.0,2.88,1.5,2.0,2.0,2.75,2.5,2.5,3.12,2.0,3.0,3.0,3.27,2.58,2.67,2.73,3.86,3.99,2.54,3.21,2.45,3.58,3.62,3.57,3.24,3.37,4.04,2.43,3.53,4.0,3.79,2.91,3.15,4.23,3.89,2.26,3.27,3.6,2.44,2.86,2.0,3.7,2.91,2.98,3.74,2.12,3.2,1.96,1.31,3.72,3.21,3.82,4.79,Computer Numerically Controlled Tool Programmers,Production
51-9191,3.62,3.0,3.12,3.5,3.12,3.0,1.5,3.0,1.88,3.25,2.88,3.38,3.0,1.88,1.75,2.88,2.12,2.75,3.0,3.12,3.62,2.5,2.12,3.25,3.5,1.75,2.38,3.25,3.12,2.0,3.25,2.0,3.38,3.38,3.25,2.88,3.12,1.88,1.88,3.0,3.0,2.25,2.25,3.12,3.62,2.75,3.5,2.75,3.12,2.75,3.12,2.75,2.58,2.36,2.53,1.31,3.89,4.6,3.02,2.48,3.12,3.38,1.49,3.05,3.46,3.47,4.2,2.22,4.44,4.11,4.36,2.72,4.0,3.48,4.04,1.57,3.99,3.68,2.07,4.17,1.13,3.25,2.08,2.62,3.42,1.97,2.56,1.73,1.56,2.2,3.35,2.92,2.84,Adhesive Bonding Machine Operators and Tenders,Production
51-9192,3.12,2.88,3.0,3.12,2.75,2.62,1.12,2.0,1.5,2.88,2.75,3.0,2.38,2.0,1.88,2.62,2.0,2.25,2.75,3.12,3.0,2.0,2.0,3.0,3.25,1.5,2.0,2.88,2.75,1.88,3.12,1.5,2.88,2.5,2.38,2.12,2.88,1.5,1.62,2.75,2.88,2.12,1.88,2.75,2.62,2.38,3.0,2.38,2.38,2.0,2.25,2.25,2.9,2.86,2.68,1.67,4.24,4.05,2.85,2.28,2.83,4.36,1.79,3.85,3.11,3.82,4.23,2.32,4.13,3.73,4.41,2.98,3.57,4.13,4.23,2.41,3.7,3.38,2.55,4.04,1.93,3.99,2.43,2.42,3.18,3.09,2.74,2.17,1.98,2.32,3.3,3.38,3.42,"Cleaning, Washing, and Metal Pickling Equipment Operators and Tenders",Production
51-9193,3.25,2.75,3.0,3.12,3.5,2.62,1.12,2.25,1.62,2.88,2.88,3.12,2.75,2.88,2.0,2.12,2.25,2.25,3.0,3.0,3.12,2.38,2.12,3.0,3.75,1.75,2.75,3.0,3.12,2.38,3.25,1.88,3.62,3.0,3.12,2.25,2.88,1.75,1.88,3.0,3.0,2.25,2.25,2.88,3.12,2.38,3.12,2.88,2.75,2.62,3.0,3.0,2.65,2.72,2.98,2.28,3.99,4.5,2.72,2.78,2.8,4.06,2.58,3.3,3.23,3.93,4.18,2.87,3.68,3.81,4.21,3.19,3.47,3.93,4.19,2.77,3.22,3.47,3.01,3.78,2.02,3.19,2.7,3.11,3.66,2.68,2.86,2.29,2.08,2.59,3.7,3.38,3.37,Cooling and Freezing Equipment Operators and Tenders,Production
51-9194,3.75,2.0,3.0,3.75,3.0,2.5,1.0,2.0,1.5,2.25,2.75,3.25,2.75,3.0,1.5,2.0,2.12,2.25,3.0,3.0,3.25,2.0,2.12,2.88,3.88,1.5,2.0,3.38,3.25,2.62,2.88,1.5,3.12,2.62,2.5,2.12,3.25,1.5,1.62,3.12,3.12,2.0,1.0,2.12,2.25,2.12,2.62,2.75,3.12,2.0,3.0,2.62,3.43,2.95,2.7,2.9,3.56,3.94,2.41,2.6,2.47,3.16,3.04,3.16,3.22,3.39,4.14,2.47,3.65,3.69,3.25,2.95,3.61,3.46,3.57,2.27,2.73,3.71,2.15,3.25,2.33,3.44,2.38,2.38,3.62,2.47,3.17,2.36,1.64,3.52,3.25,3.25,3.44,Etchers and Engravers,Production
51-9195,3.815,2.3449999999999998,3.0300000000000002,3.56,3.0300000000000002,2.5324999999999998,1.28,2.5,1.91,2.8775,2.815,3.565,2.7175000000000002,2.75,1.8725,2.0300000000000002,2.0324999999999998,2.2175000000000002,2.9699999999999998,3.06,3.625,2.1875,2.1275,3.3125,3.5925000000000002,1.625,2.2175000000000002,3.0300000000000002,2.9074999999999998,2.75,2.9074999999999998,1.685,3.0,2.9074999999999998,2.9375,2.5300000000000002,3.215,1.5625,1.81,2.7824999999999998,2.9375,2.0,1.78,2.5300000000000002,2.875,2.5324999999999998,3.0025,2.9375,3.3425000000000002,2.5,2.88,2.5275,2.9000000000000004,2.34,2.45,2.1125,3.5025000000000004,4.07,2.5675,2.8025,2.2775,2.785,2.335,2.9875,3.1275,3.2425,3.8275,2.2925,4.105,3.305,3.7375,2.63,3.0974999999999997,3.4825,3.5325,2.42,3.1425,3.2575000000000003,2.0575,3.895,2.19,3.0025,2.1675,2.3575,3.11,2.3049999999999997,2.7375,2.15,1.63,3.4050000000000002,2.7800000000000002,3.035,2.725,"Molders, Shapers, and Casters, Except Metal and Plastic",Production
51-9196,3.25,2.88,2.88,3.25,3.0,2.62,1.25,2.12,1.88,2.88,2.38,3.12,2.88,2.25,1.88,2.0,2.0,2.88,2.88,3.12,3.12,2.0,2.0,2.75,3.38,1.38,2.12,3.0,3.0,2.25,2.75,1.5,3.25,3.0,3.0,1.88,3.12,1.75,1.62,2.75,2.88,2.0,1.75,2.12,2.5,2.75,2.88,2.62,2.75,2.12,2.75,2.5,2.35,3.27,3.24,2.07,3.96,4.42,3.07,3.02,3.5,3.59,2.35,3.83,3.27,3.21,4.0,2.91,4.33,3.67,4.22,3.01,3.67,3.67,4.18,2.48,2.36,3.54,2.75,3.59,1.77,3.14,2.84,2.47,3.29,2.65,2.64,1.85,2.18,3.13,3.51,3.22,2.33,"Paper Goods Machine Setters, Operators, and Tenders",Production
51-9197,3.62,3.0,2.5,3.62,2.88,2.38,1.12,2.75,1.62,3.25,2.62,3.5,2.62,2.12,1.75,2.75,2.12,2.25,2.88,2.75,3.75,2.0,2.0,3.62,3.5,1.62,2.0,3.0,2.88,2.0,2.75,1.75,3.0,3.5,3.12,2.75,3.12,1.75,1.88,2.75,3.0,2.0,2.38,3.0,3.12,2.0,3.5,2.5,2.88,2.38,2.5,2.0,2.92,2.58,2.58,2.05,3.8,4.19,3.04,2.84,3.29,3.34,1.96,3.21,3.35,3.54,4.17,2.89,4.34,4.0,4.37,3.07,3.64,3.8,4.04,2.71,3.42,3.81,2.3,4.1,2.46,3.4,2.8,2.02,3.33,2.84,2.99,2.2,1.66,3.04,3.05,3.68,2.98,Tire Builders,Production
51-9198,3.12,2.75,2.88,3.25,2.88,2.88,1.38,2.62,1.88,3.0,2.88,3.12,2.25,1.88,1.75,2.25,2.0,2.5,2.75,3.12,3.25,2.0,2.0,3.12,3.5,1.75,2.0,3.0,3.0,1.88,3.0,2.0,3.12,2.25,2.75,2.12,2.88,1.75,1.88,2.62,2.88,2.12,2.0,3.0,3.25,2.25,3.25,2.5,2.75,2.12,2.88,2.0,2.71,2.77,2.45,2.27,3.51,3.98,2.39,2.45,2.53,2.71,2.56,3.06,2.73,3.15,3.63,2.23,4.16,3.7,3.52,2.76,3.27,3.03,3.48,2.28,3.1,2.92,2.16,4.03,2.1,3.28,2.25,2.53,3.32,2.32,2.37,2.12,2.33,2.33,2.59,2.99,2.62,Helpers--Production Workers,Production
53-1041,3.0,3.12,3.12,2.88,3.62,3.0,1.75,2.62,1.75,3.0,3.62,2.75,3.25,3.0,2.25,2.62,2.12,2.88,3.12,3.25,3.0,2.88,2.5,3.5,3.5,1.75,2.88,4.0,4.0,2.88,3.38,2.0,3.88,3.0,3.0,2.5,3.5,1.88,2.12,3.25,3.38,3.0,2.25,2.62,3.25,3.25,3.12,2.88,3.25,2.12,3.12,3.12,3.1,3.04,3.68,3.58,4.36,3.56,4.11,2.93,3.78,3.6,1.81,3.75,3.34,4.2,4.39,4.05,4.04,3.98,3.93,3.18,3.37,4.21,3.92,3.21,3.96,3.99,3.51,3.5,3.64,3.67,2.58,2.61,2.34,3.45,3.78,2.38,2.7,3.15,3.7,4.07,3.86,Aircraft Cargo Handling Supervisors,Transportation
53-1042,2.5,2.565,3.125,2.5,3.62,2.375,1.25,1.56,1.375,1.625,2.81,2.62,2.685,2.88,1.815,1.56,1.5,2.0,3.38,3.31,2.625,2.5,2.185,2.315,3.315,1.75,2.565,3.94,3.94,2.62,2.5,1.935,3.44,2.0,2.06,2.0,3.12,1.81,2.0,3.75,3.75,2.375,1.685,1.56,2.185,2.69,2.435,2.06,2.565,1.685,3.565,3.12,3.535,2.965,3.79,3.935,4.4,2.675,3.7,3.69,3.77,3.95,2.125,3.7649999999999997,3.38,3.8149999999999995,4.325,3.8,3.04,3.5,3.5300000000000002,3.3,4.02,4.3149999999999995,3.875,3.425,3.0700000000000003,4.17,3.465,2.505,2.92,3.81,2.9299999999999997,2.115,2.46,3.775,4.025,3.0700000000000003,2.935,3.4400000000000004,3.715,3.93,4.135,"First-Line Supervisors of Helpers, Laborers, and Material Movers, Hand",Transportation
53-1043,2.75,2.38,3.12,2.38,3.62,2.5,1.0,1.5,1.12,1.88,3.25,2.5,3.12,3.0,1.62,2.0,1.75,2.25,3.5,3.38,2.38,2.88,2.25,2.5,3.5,1.62,3.0,4.0,4.0,3.0,2.88,2.0,3.75,2.12,2.12,2.12,3.12,1.88,2.0,3.38,3.38,2.75,1.62,2.0,2.12,3.0,2.25,2.5,2.88,2.0,3.75,3.5,3.69,3.17,3.99,3.7,4.44,3.41,4.41,3.32,4.43,4.14,1.77,3.89,2.88,3.9,4.72,4.33,3.54,3.78,3.97,3.72,3.98,4.16,3.91,2.9,3.62,3.95,3.89,2.42,3.19,3.63,3.26,1.9,3.54,3.65,3.66,2.82,3.38,3.45,3.78,3.77,3.96,First-Line Supervisors of Material-Moving Machine and Vehicle Operators,Transportation
53-2011,4.0,3.25,3.0,4.62,4.12,4.12,1.0,1.88,1.5,2.5,4.25,3.12,4.0,3.0,3.62,1.75,2.0,3.75,4.0,4.0,3.5,3.12,3.12,4.0,4.25,3.38,3.25,4.0,4.0,2.88,4.12,3.88,4.75,4.12,4.25,4.88,4.0,2.88,4.0,3.75,3.75,3.38,2.75,1.62,2.12,4.0,2.12,3.62,3.38,2.75,4.0,3.12,3.97,2.57,3.21,2.72,4.0,4.3,2.22,2.71,3.09,3.52,1.5,2.89,3.5,4.69,4.66,2.79,2.73,4.88,4.83,3.73,3.46,4.73,4.71,2.64,4.65,3.52,1.97,2.04,2.7,4.46,2.36,2.15,1.72,3.21,2.41,1.53,1.53,2.64,2.97,4.45,3.54,"Airline Pilots, Copilots, and Flight Engineers",Transportation
53-2012,3.25,3.12,3.12,4.12,4.0,4.0,1.0,2.12,1.75,2.25,4.0,2.88,3.5,3.0,3.12,2.0,1.88,3.12,4.0,4.0,3.38,2.88,2.5,3.88,4.12,2.75,2.62,4.0,4.0,3.0,4.12,3.0,4.12,3.88,4.0,4.0,4.0,2.5,3.88,3.75,3.75,3.12,1.88,2.0,2.12,3.62,2.5,3.0,3.25,2.25,3.88,3.38,4.59,3.1,2.79,4.16,4.46,4.84,3.49,4.21,3.66,4.42,2.55,3.87,3.79,4.66,4.41,3.14,3.02,4.7,4.91,3.65,4.08,4.75,4.53,3.49,4.92,4.37,2.85,3.47,3.76,4.65,2.78,3.96,4.35,3.11,3.48,2.24,2.78,3.95,4.17,4.1,3.07,Commercial Pilots,Transportation
53-2021,2.5,3.5,3.62,2.88,4.38,2.62,1.0,1.0,1.0,1.12,4.12,2.88,4.25,3.38,2.12,1.0,1.0,2.88,4.25,4.0,2.38,3.12,3.0,1.38,4.12,2.12,3.0,4.62,4.62,3.38,4.12,1.62,4.75,1.5,1.75,1.62,4.5,1.75,1.88,4.12,4.0,4.25,1.0,1.0,1.0,4.12,1.75,3.0,3.5,1.12,3.88,3.38,4.0,2.21,3.59,3.19,4.21,2.31,2.87,3.09,2.76,3.32,1.52,3.12,3.33,3.91,4.54,2.46,1.76,4.6,2.94,3.15,2.74,4.85,4.24,1.87,1.27,3.91,1.99,1.48,3.63,4.18,2.43,1.4,1.16,2.69,2.53,1.5,1.73,3.92,4.12,4.11,3.46,Air Traffic Controllers,Transportation
53-2022,2.38,3.0,3.12,2.75,4.12,2.62,1.0,1.75,1.38,1.88,3.62,2.25,3.25,2.88,2.25,1.75,1.88,2.62,3.75,3.62,2.62,2.62,2.25,2.25,3.62,2.25,2.25,4.0,4.0,2.88,3.25,2.12,4.12,1.88,2.25,2.38,3.25,2.0,2.38,3.75,3.25,2.88,1.62,1.88,1.88,3.0,2.38,2.75,3.0,1.88,4.0,3.62,3.34,2.94,3.55,3.6,4.39,3.35,3.67,3.13,3.53,4.31,1.9,3.73,2.96,4.56,4.31,3.3,3.17,4.42,4.72,3.19,3.8,4.3,4.21,2.68,4.67,3.91,3.54,3.11,3.5,3.72,2.95,2.32,2.35,3.57,3.2,2.11,3.09,2.93,3.73,4.27,3.77,Airfield Operations Specialists,Transportation
53-2031,2.88,3.25,3.0,2.0,3.62,2.0,1.0,2.12,1.62,3.12,3.12,2.75,3.0,2.75,1.5,2.88,3.0,2.88,3.12,3.25,2.88,2.0,2.12,2.75,3.75,1.25,2.12,3.88,4.0,2.88,3.12,1.12,3.75,1.62,2.12,2.25,3.12,1.12,1.25,4.0,3.88,2.75,2.0,2.75,2.88,2.88,3.0,2.5,2.12,1.5,3.0,2.88,2.99,4.06,2.2,2.71,3.34,2.27,3.06,2.42,2.41,2.87,1.19,3.51,2.92,3.98,4.26,2.27,4.04,4.09,3.89,2.57,3.61,4.25,4.04,2.23,1.65,3.4,1.82,3.97,4.81,3.53,2.2,1.34,1.37,4.05,3.35,2.57,1.56,2.86,2.7,3.75,2.81,Flight Attendants,Transportation
53-3011,3.12,2.5,3.0,3.0,3.25,3.0,1.0,2.38,1.62,2.88,3.12,2.88,3.0,2.75,1.88,2.75,2.12,2.62,3.12,3.12,3.0,2.0,2.0,3.12,3.25,2.12,2.12,3.88,3.75,2.12,3.0,2.12,3.88,2.88,3.12,3.12,3.0,1.88,3.12,3.12,3.25,2.75,2.5,2.25,3.12,3.12,3.0,2.5,2.88,1.5,3.12,2.88,2.98,4.41,2.61,2.95,3.53,3.01,2.49,2.75,2.84,4.25,2.11,3.64,2.66,3.39,4.29,2.33,3.63,3.9,4.06,3.74,3.35,3.36,3.65,3.08,4.3,3.23,2.5,3.96,4.21,3.63,2.55,3.06,3.25,2.88,2.83,2.33,2.38,3.41,3.18,3.69,3.09,"Ambulance Drivers and Attendants, Except Emergency Medical Technicians",Transportation
53-3031,3.0,2.38,3.0,3.0,3.0,2.62,1.0,2.12,1.5,2.5,3.0,3.0,2.75,2.12,2.0,2.25,2.12,2.25,3.0,3.0,2.88,2.5,2.12,2.88,3.25,2.0,2.62,3.75,3.75,2.38,2.88,2.38,3.12,2.5,2.5,2.0,2.88,2.0,2.62,3.12,3.12,2.0,1.75,2.25,3.0,2.75,3.0,2.62,2.25,2.0,3.0,2.88,2.73,1.95,1.92,3.02,3.73,2.56,2.1,2.22,2.35,3.24,1.29,2.8,2.32,3.1,3.94,2.25,4.57,3.55,3.0,2.57,2.87,2.83,3.63,1.86,4.58,3.68,1.79,4.36,3.92,3.01,2.19,1.41,1.7,2.11,2.83,2.86,1.34,2.87,1.82,2.67,2.41,Driver/Sales Workers,Transportation
53-3032,3.0,3.0,3.0,3.88,3.12,3.5,1.75,2.38,1.75,2.75,4.12,2.88,3.0,2.0,3.0,2.38,2.25,3.0,2.88,3.0,3.0,2.0,2.0,3.88,3.5,3.0,2.0,3.12,3.0,1.88,2.88,3.0,3.62,3.88,3.75,3.88,3.25,2.62,3.88,3.0,3.0,2.38,2.5,2.5,3.0,3.0,2.88,2.62,3.0,2.62,3.0,2.5,2.48,2.23,2.22,3.26,3.72,2.95,2.19,2.12,2.06,3.28,1.64,2.76,3.11,3.67,4.29,1.99,3.14,3.87,4.44,2.03,2.97,3.09,3.88,2.06,4.62,2.94,1.88,3.46,2.85,3.04,1.92,1.94,3.31,2.55,2.61,1.72,1.62,2.49,2.34,2.99,2.82,Heavy and Tractor-Trailer Truck Drivers,Transportation
53-3033,2.88,2.5,2.88,3.12,3.12,3.0,1.38,2.25,1.5,3.0,3.62,2.88,2.38,2.38,2.5,2.62,2.0,2.5,3.0,3.0,3.12,2.12,2.0,3.62,3.25,2.38,2.12,3.12,3.12,2.12,3.0,2.62,3.25,2.88,3.12,3.0,2.88,2.0,3.5,3.0,3.0,2.12,1.88,3.12,3.12,2.75,3.12,2.75,2.88,1.88,3.0,2.75,2.88,3.25,2.83,3.35,4.21,3.3,2.23,3.08,2.4,3.71,2.74,2.68,2.9,3.41,3.75,2.71,4.54,4.11,4.36,3.08,3.21,3.7,3.74,2.27,4.41,3.48,2.09,4.39,3.36,3.62,2.6,2.08,3.58,3.28,3.15,2.74,1.59,2.72,3.07,3.65,2.17,Light Truck Drivers,Transportation
53-3051,3.12,3.25,2.5,3.38,3.0,3.5,1.38,2.25,1.75,2.12,4.0,2.25,2.75,2.25,2.75,2.12,1.88,2.88,2.88,3.12,2.88,1.88,2.38,3.38,3.75,2.62,2.25,3.25,3.12,2.25,2.88,3.38,3.5,3.12,3.5,3.12,3.12,2.62,3.25,3.25,3.5,2.75,1.75,2.0,2.12,3.12,2.5,3.12,2.62,2.5,2.75,2.75,2.69,3.73,2.16,1.96,3.54,2.8,2.48,2.22,2.34,3.51,2.14,3.51,3.07,3.32,3.92,2.77,2.16,4.04,4.32,2.52,3.05,3.76,4.05,1.86,4.21,3.02,1.67,2.51,2.91,2.92,2.24,1.92,2.5,3.07,3.31,1.33,1.88,2.77,2.88,3.08,1.83,"Bus Drivers, School",Transportation
53-3052,3.12,3.12,2.5,3.88,3.0,3.75,1.12,2.0,1.62,2.5,4.12,2.75,2.88,1.88,3.0,1.88,1.75,2.88,2.75,3.0,2.88,2.0,2.5,3.75,3.5,3.0,2.0,3.25,3.25,2.0,2.88,3.25,3.5,3.5,3.62,3.62,3.38,2.25,3.62,3.25,3.25,2.5,2.0,1.88,2.12,3.25,2.5,2.88,2.75,2.0,3.12,2.75,2.77,3.52,2.73,3.54,4.12,3.07,2.16,2.49,2.22,3.32,1.5,3.41,3.05,3.29,3.99,2.0,2.68,3.84,4.15,2.85,3.02,3.85,3.83,1.71,4.73,2.64,1.75,2.99,4.2,3.23,2.46,1.73,2.28,3.19,2.62,1.72,1.42,2.53,3.53,3.44,2.48,"Bus Drivers, Transit and Intercity",Transportation
53-3053,3.12,3.0,2.62,3.5,3.12,3.38,1.25,2.0,1.62,2.5,4.0,2.62,2.75,2.5,2.62,2.12,1.88,2.75,3.12,3.12,2.75,1.75,2.38,3.5,4.0,3.0,2.38,3.38,3.12,2.5,3.0,3.12,3.38,3.25,3.25,3.0,3.25,2.62,3.25,3.25,3.25,2.38,1.5,2.0,2.12,3.12,2.75,2.5,2.38,1.88,2.88,2.62,2.59,4.35,3.22,3.14,4.2,2.53,2.79,2.8,2.9,3.82,2.16,3.21,2.82,3.87,4.44,2.22,2.65,4.04,4.2,2.28,3.19,3.68,3.99,2.45,4.8,3.44,2.87,3.38,3.89,2.84,3.02,2.44,3.18,3.32,3.35,1.83,2.06,2.83,2.94,3.63,2.83,Shuttle Drivers and Chauffeurs,Transportation
53-4011,3.12,3.62,2.75,4.0,3.25,3.88,1.0,2.12,1.5,2.25,4.38,3.0,3.62,2.12,3.0,2.0,2.12,3.38,3.5,3.62,3.38,2.5,2.25,3.75,3.88,2.75,2.5,3.75,3.75,2.0,3.75,2.88,3.88,3.62,3.88,4.0,4.0,2.62,3.12,3.25,3.38,2.88,2.38,2.12,2.5,3.25,2.75,3.0,3.0,2.75,3.25,3.0,3.75,2.53,3.06,2.33,4.12,4.63,3.24,2.93,2.63,3.58,1.88,2.98,3.74,4.23,4.32,3.05,3.62,4.5,4.49,3.4,3.05,3.89,4.16,2.48,4.42,3.08,2.17,3.31,2.3,3.93,2.36,2.63,2.87,2.43,2.93,2.07,1.97,2.69,3.43,3.1,2.32,Locomotive Engineers,Transportation
53-4013,3.38,3.12,2.88,3.75,3.25,3.25,1.12,2.38,1.75,2.88,3.88,3.0,3.12,2.62,2.75,2.62,2.88,2.88,3.0,3.12,3.38,2.0,2.12,3.25,3.62,2.0,2.0,4.0,3.62,2.0,3.12,2.88,4.0,3.38,3.75,3.62,3.38,2.5,3.0,3.5,3.25,2.62,2.62,2.25,3.0,3.0,3.12,3.62,3.12,2.75,3.0,2.75,3.09,2.45,3.73,3.07,4.13,4.42,3.76,2.76,3.12,4.09,2.03,3.45,3.81,4.34,4.42,3.15,4.06,4.32,4.42,3.18,3.5,4.22,4.0,2.62,4.45,3.56,2.72,3.7,2.66,3.58,3.28,2.51,3.53,2.82,3.09,2.18,2.17,2.97,3.34,3.73,2.79,"Rail Yard Engineers, Dinkey Operators, and Hostlers",Transportation
53-4022,3.62,3.12,2.88,3.75,3.25,2.75,1.38,2.75,2.62,2.88,3.62,3.0,3.12,2.38,2.38,2.75,2.38,3.0,3.25,3.25,3.38,2.0,1.88,3.38,3.75,2.62,2.25,3.62,3.25,2.5,3.5,2.25,3.5,3.38,3.5,3.38,3.0,2.12,2.5,3.25,3.38,2.75,1.88,2.5,2.75,3.0,3.0,3.12,3.0,2.62,3.25,2.88,2.75,2.24,2.91,2.3,3.75,3.71,2.98,2.57,2.55,3.25,1.52,3.1,3.25,3.98,4.29,2.59,3.6,4.22,4.12,3.1,2.98,3.62,4.1,1.77,3.75,3.1,2.01,3.49,2.31,3.23,2.21,1.92,2.46,2.25,2.53,1.5,1.33,2.47,3.0,3.77,1.92,"Railroad Brake, Signal, and Switch Operators and Locomotive Firers",Transportation
53-4031,2.88,3.12,3.12,3.12,3.38,3.0,1.0,2.0,1.0,2.5,3.62,2.75,3.0,2.62,2.25,2.5,2.75,2.88,3.38,3.5,2.75,2.38,2.25,2.88,3.62,1.88,2.38,3.88,4.0,2.62,3.12,2.25,3.88,2.88,3.25,2.62,3.12,1.88,2.5,3.62,3.62,2.75,2.5,2.5,2.62,3.0,2.75,2.75,3.12,1.88,3.25,3.12,2.77,2.62,2.6,2.49,3.98,3.34,3.12,2.42,2.24,3.85,1.87,3.06,2.64,3.72,4.37,2.39,3.64,3.97,4.18,2.59,2.56,3.22,3.59,1.97,2.74,3.53,2.57,3.9,2.48,2.97,2.15,1.52,1.76,2.31,2.51,1.51,1.75,2.16,2.83,3.51,3.2,Railroad Conductors and Yardmasters,Transportation
53-4041,3.62,3.75,3.0,4.12,3.62,3.5,1.0,2.12,2.0,2.25,3.75,3.0,3.5,2.0,2.75,2.38,2.0,3.0,3.0,3.25,3.5,2.38,2.12,3.88,3.75,2.75,2.62,3.38,3.62,2.0,3.62,2.75,3.75,3.75,3.88,3.62,3.62,2.75,2.88,3.38,3.0,2.62,2.38,2.0,2.38,3.25,2.38,3.0,2.88,2.62,3.0,2.75,2.7,3.09,2.82,3.26,4.02,3.69,2.07,2.21,1.73,3.03,1.74,3.0,2.54,3.76,4.43,2.17,2.58,4.52,4.15,2.24,3.05,3.93,3.83,1.62,4.63,2.69,1.79,3.42,4.38,3.31,1.93,3.17,3.1,2.89,2.38,1.48,1.87,2.07,3.02,3.72,2.16,Subway and Streetcar Operators,Transportation
53-5011,3.62,3.62,3.0,3.88,3.12,3.75,1.12,2.88,1.88,3.12,4.0,3.0,3.25,2.38,3.0,2.88,3.12,3.25,3.12,3.12,3.5,2.5,2.25,3.62,3.25,2.62,2.25,3.75,3.12,2.38,3.75,2.75,3.75,3.0,3.12,2.88,3.25,3.0,3.0,3.12,3.12,2.62,2.5,3.0,3.12,3.0,3.0,3.38,3.12,2.62,3.0,2.88,3.72,3.47,3.07,2.74,3.92,4.46,2.75,2.78,2.76,3.25,1.9,2.79,4.05,3.53,4.49,3.61,4.23,4.57,4.75,2.47,3.43,4.24,4.59,2.53,3.87,3.1,2.72,3.95,2.35,3.85,2.5,2.63,4.24,3.03,3.06,1.64,1.47,3.51,3.76,3.49,2.28,Sailors and Marine Oilers,Transportation
53-5021,3.62,3.12,3.25,3.62,3.75,3.38,1.75,2.62,2.62,3.0,3.75,3.12,3.38,2.75,3.25,2.38,3.12,2.88,3.5,3.5,3.38,2.5,2.62,3.25,3.62,2.5,2.5,3.88,3.88,2.75,3.5,2.62,3.75,3.25,3.25,3.12,3.25,2.62,3.75,3.62,3.5,3.0,1.62,2.38,2.88,3.25,3.12,3.0,3.25,2.38,3.62,3.38,3.21,3.03,3.41,3.36,3.83,4.11,3.4,3.0,3.18,3.5,2.19,3.55,3.35,3.71,4.11,3.48,3.65,4.24,4.4,3.01,3.56,4.2,4.0,2.66,4.55,3.46,2.84,3.7,2.81,3.52,2.88,2.99,3.63,3.05,3.26,2.47,1.92,3.25,3.65,3.85,2.85,"Captains, Mates, and Pilots of Water Vessels",Transportation
53-5022,3.62,3.5,2.88,4.0,3.38,3.25,1.0,2.38,1.62,2.5,3.75,3.12,3.12,2.62,3.12,2.12,2.62,3.0,3.0,3.0,3.62,2.0,2.62,3.5,3.25,2.75,2.0,3.12,3.5,2.62,3.62,3.0,3.62,3.12,3.25,3.25,3.38,2.62,3.88,3.5,3.12,2.5,2.25,2.12,3.0,3.25,3.0,3.0,3.0,2.25,2.75,2.62,2.61,2.37,2.46,3.54,3.92,4.0,3.1,2.59,2.79,3.67,2.32,3.21,3.08,3.1,3.49,2.83,2.77,4.32,4.11,2.82,3.57,3.82,4.0,2.02,4.58,2.51,2.19,3.16,3.4,3.03,2.04,3.09,3.7,3.16,2.27,1.61,1.76,2.68,3.23,2.36,2.38,Motorboat Operators,Transportation
53-5031,3.12,3.12,3.12,3.62,4.0,2.5,1.38,2.0,2.0,3.0,3.0,3.12,3.12,3.0,2.0,2.12,2.12,3.12,3.25,3.25,3.12,2.62,2.38,3.12,3.62,1.88,2.75,4.0,4.0,3.0,3.0,2.25,4.0,3.0,3.12,3.0,3.12,2.38,2.25,3.5,3.38,2.88,1.5,2.5,3.0,3.0,3.0,2.88,3.12,2.38,3.62,3.12,3.84,3.21,2.98,3.21,3.97,4.34,3.24,3.19,2.82,3.45,3.0,3.69,3.25,4.03,4.26,3.13,3.86,4.59,4.26,3.36,3.65,4.47,4.28,2.94,4.17,3.94,2.69,3.76,2.69,3.87,3.07,3.83,4.66,3.06,3.78,2.16,2.23,3.22,3.6,3.62,2.79,Ship Engineers,Transportation
53-6011,3.0,3.12,2.88,3.12,2.88,2.62,1.0,2.12,1.88,2.12,3.12,2.62,2.75,2.0,2.88,2.0,2.12,3.0,2.88,3.25,2.62,2.0,2.25,2.88,3.25,2.25,2.12,3.0,3.0,2.25,3.0,2.25,3.0,2.75,3.0,2.62,3.12,2.75,2.0,3.0,3.0,2.12,2.0,2.0,2.12,2.62,2.38,2.38,2.5,2.12,2.88,2.75,2.32,2.53,3.16,2.84,4.0,4.11,2.79,2.0,2.42,3.89,1.68,3.05,1.95,3.26,3.74,2.37,2.53,2.89,3.53,2.05,2.06,3.21,3.42,2.11,2.95,2.58,3.16,2.84,3.37,3.0,2.53,2.32,2.37,2.63,2.47,1.53,1.89,1.84,3.63,3.0,2.63,Bridge and Lock Tenders,Transportation
53-6021,2.75,2.12,2.5,3.0,3.0,3.0,1.12,2.0,1.88,2.88,3.5,2.5,2.75,2.0,2.38,2.75,1.88,2.0,3.0,3.0,2.88,2.5,2.12,3.0,3.38,2.75,2.62,3.38,3.38,2.0,2.88,2.75,3.25,1.88,2.88,2.62,3.0,2.0,3.12,3.25,3.38,2.12,2.12,2.75,2.5,2.5,2.88,2.88,2.88,2.0,2.62,2.62,2.08,2.98,2.15,3.14,3.55,2.85,2.69,1.95,2.14,3.19,1.42,3.48,2.84,2.73,3.34,2.16,3.13,3.17,3.13,2.78,2.64,3.06,2.65,1.77,3.28,2.96,2.38,2.76,3.81,2.54,1.92,1.71,1.71,2.4,1.98,1.89,1.71,2.22,2.58,2.44,2.16,Parking Attendants,Transportation
53-6031,3.12,2.75,2.75,3.25,3.12,2.88,1.0,2.38,1.75,3.12,3.0,3.25,2.75,2.25,1.88,2.5,2.25,2.75,2.75,3.12,3.25,2.38,2.12,3.12,3.25,1.75,2.25,3.38,3.38,2.12,2.75,2.0,3.0,1.88,2.88,2.62,2.88,2.12,2.25,3.0,3.12,2.38,1.88,3.12,3.12,2.75,3.25,2.88,3.0,2.5,2.88,2.62,3.25,2.69,2.74,3.84,3.44,4.06,2.61,3.05,2.17,3.13,2.32,3.1,3.2,3.27,4.22,2.53,3.74,3.64,3.56,2.65,3.03,3.87,3.32,2.33,3.86,3.08,2.39,3.59,3.82,3.5,2.55,2.83,3.24,2.53,3.07,2.84,2.38,3.03,2.88,3.6,2.41,Automotive and Watercraft Service Attendants,Transportation
53-6041,2.5,2.25,3.12,2.25,3.38,2.38,1.0,1.62,1.62,1.62,3.12,2.75,3.12,3.0,2.0,1.5,1.5,2.25,3.75,3.12,2.12,3.0,2.25,2.25,3.25,2.0,3.0,3.88,3.88,3.0,3.12,2.0,3.88,2.0,2.25,2.0,3.12,2.0,2.12,3.38,3.38,2.38,1.5,1.62,1.62,2.38,1.62,2.75,3.12,1.62,3.62,3.12,3.66,1.89,2.08,3.51,3.82,3.11,3.09,2.93,2.53,3.75,2.76,3.29,2.86,3.53,4.31,2.57,3.22,3.74,3.35,3.11,2.7,3.9,3.68,2.13,3.47,3.54,2.78,3.33,3.27,3.88,2.86,2.88,2.37,2.89,3.1,1.8,1.77,3.06,2.56,3.6,3.98,Traffic Technicians,Transportation
53-6051,2.706666666666667,2.8733333333333335,3.1266666666666665,2.75,3.5833333333333335,2.75,1.0,1.92,1.5033333333333332,2.46,3.2133333333333334,2.38,3.206666666666667,2.6266666666666665,1.96,2.04,2.08,2.8333333333333335,3.58,3.2099999999999995,2.5,2.46,2.25,2.6266666666666665,3.8333333333333335,1.8766666666666667,2.3766666666666665,3.8333333333333335,3.5866666666666664,2.5,3.1266666666666665,2.0833333333333335,3.9166666666666665,2.1266666666666665,2.2066666666666666,2.0,3.1233333333333335,1.92,2.1666666666666665,3.3333333333333335,3.2533333333333334,2.67,1.4133333333333333,2.2066666666666666,2.1233333333333335,2.7900000000000005,2.54,2.7866666666666666,3.1266666666666665,2.04,3.4166666666666665,3.33,3.1233333333333335,2.066666666666667,2.486666666666667,3.1133333333333333,3.856666666666667,2.5433333333333334,2.5066666666666664,2.4066666666666667,2.4499999999999997,3.9566666666666666,2.1633333333333336,3.4466666666666668,3.1266666666666665,4.2700000000000005,4.376666666666667,2.1333333333333333,2.8866666666666667,4.086666666666667,4.363333333333333,3.4466666666666668,3.3533333333333335,3.9299999999999997,3.5066666666666664,2.2133333333333334,3.4066666666666663,3.456666666666667,2.64,3.3699999999999997,2.39,3.3333333333333335,2.8733333333333335,2.35,2.7566666666666664,2.856666666666667,3.0700000000000003,2.1033333333333335,1.6666666666666667,3.0,2.9299999999999997,3.736666666666667,3.2633333333333336,Transportation Inspectors,Transportation
53-6061,2.38,2.62,2.88,2.38,3.38,2.38,1.0,2.0,2.12,2.12,2.75,2.12,2.75,2.0,1.5,2.38,2.25,2.5,3.0,2.75,2.38,2.25,2.12,2.5,2.88,1.5,2.25,3.75,3.75,2.25,2.5,1.5,3.5,1.38,1.75,2.0,3.0,1.38,1.5,3.62,3.62,2.12,1.62,2.38,2.38,2.75,2.62,2.62,2.25,1.38,3.0,2.62,2.07,3.78,2.32,2.19,3.36,1.69,2.08,1.87,2.81,1.79,1.37,3.81,1.81,1.91,3.82,2.48,2.34,3.23,2.6,1.63,1.99,3.1,2.67,1.87,2.25,2.78,1.87,2.6,2.75,2.31,1.84,1.81,1.83,3.73,1.83,1.76,1.47,2.15,2.34,2.45,1.39,Passenger Attendants,Transportation
53-7011,3.12,2.88,2.88,3.75,3.5,3.0,1.25,2.0,1.88,2.38,3.12,3.0,3.12,2.5,2.5,2.12,2.12,3.0,3.38,3.0,3.12,2.0,2.12,3.38,3.25,2.0,2.0,3.75,3.5,2.12,3.25,2.0,3.62,3.0,2.5,2.88,3.25,2.0,2.0,3.12,2.88,2.25,1.75,2.12,3.12,2.88,3.0,2.75,3.0,2.0,2.88,3.0,2.92,3.11,2.78,2.75,3.91,4.15,3.21,2.76,2.88,2.99,2.28,3.41,3.41,3.49,4.21,2.62,3.89,4.21,4.18,2.73,3.39,3.57,4.17,2.32,3.76,3.61,2.55,3.84,2.17,3.17,2.78,2.42,3.03,2.69,2.88,2.16,2.1,3.03,3.07,2.97,2.64,Conveyor Operators and Tenders,Transportation
53-7021,3.62,2.88,2.75,4.12,3.0,3.88,1.0,2.25,1.25,2.88,3.88,3.0,2.88,2.38,3.0,2.12,2.5,2.88,2.88,3.0,3.5,2.38,2.12,4.0,3.38,2.0,2.25,3.12,3.25,2.38,3.12,2.75,3.62,3.75,3.75,3.5,3.5,2.5,3.0,3.12,3.12,2.12,2.25,2.12,2.75,3.0,2.88,3.12,3.12,2.5,2.88,2.88,2.99,2.25,2.83,2.64,3.87,4.27,3.52,2.82,3.19,2.83,2.55,3.15,3.38,3.67,3.97,2.64,4.0,3.94,4.24,3.03,3.27,3.95,3.81,2.32,4.25,3.16,2.14,3.52,2.36,3.2,2.46,2.45,3.9,2.42,2.89,2.19,1.53,3.04,2.75,3.56,2.49,Crane and Tower Operators,Transportation
53-7031,3.38,3.0,2.62,4.0,2.75,3.5,1.12,2.25,1.25,2.12,3.25,3.12,2.88,2.38,2.5,2.12,2.12,3.12,2.62,3.0,3.38,2.0,2.0,3.75,3.25,1.75,2.0,2.88,2.88,2.0,2.88,2.25,3.25,2.75,3.38,2.88,3.12,1.88,2.62,3.0,3.0,2.12,2.25,2.25,2.88,2.5,2.88,2.5,2.75,2.38,2.38,2.38,2.55,2.25,2.7,2.42,3.64,4.23,2.96,2.62,2.74,2.99,1.63,3.39,2.61,3.47,3.72,2.67,3.94,3.26,3.97,3.05,2.65,3.61,3.75,2.28,3.21,2.77,1.96,3.54,2.18,2.62,2.15,1.76,3.76,2.01,1.8,1.96,1.77,2.7,2.82,3.17,1.57,Dredge Operators,Transportation
53-7041,3.63,3.0,3.0,3.63,3.38,3.63,1.13,2.0,1.13,3.13,3.25,3.13,2.75,2.63,2.5,2.38,3.13,3.25,3.25,3.13,3.38,2.13,2.5,3.5,3.5,2.0,2.38,3.38,3.38,2.5,3.25,2.5,3.88,3.25,3.63,3.0,3.38,2.75,2.75,3.25,3.38,2.5,2.63,2.38,2.63,2.63,2.63,2.88,3.25,2.38,2.88,2.5,2.75,2.91,2.76,1.53,4.07,4.1,2.75,3.19,2.99,3.22,2.49,2.8,3.0,2.77,4.13,3.65,4.14,3.82,3.94,3.52,3.59,3.65,4.09,2.88,4.12,3.92,1.48,2.96,1.66,3.5,2.1,2.63,4.24,2.47,2.32,1.81,1.38,2.49,3.62,2.91,2.32,Hoist and Winch Operators,Transportation
53-7051,3.12,3.12,2.38,4.0,3.12,3.25,1.62,2.25,1.88,2.88,3.75,3.0,2.62,2.12,1.88,2.5,2.25,2.75,2.75,3.12,3.5,2.12,1.88,3.88,3.12,1.75,2.12,3.0,3.0,1.88,3.12,3.0,3.25,3.38,3.25,3.62,3.12,2.12,3.12,2.75,2.75,2.0,1.88,2.5,3.12,2.88,3.12,2.75,3.12,2.12,2.38,2.5,3.12,2.89,3.46,2.67,3.75,3.53,3.24,2.57,2.88,3.64,2.39,3.27,3.09,3.71,3.83,2.94,4.4,4.19,4.44,3.04,3.4,4.05,3.77,2.94,4.53,3.99,2.78,4.14,2.48,3.25,2.92,2.74,3.28,2.9,3.7,3.09,2.78,3.13,3.37,3.28,3.28,Industrial Truck and Tractor Operators,Transportation
53-7061,2.88,2.12,2.38,3.0,2.88,2.38,1.62,2.38,1.5,3.25,2.38,3.0,2.25,1.88,1.88,2.75,2.0,1.62,2.5,2.75,3.25,1.62,2.0,3.12,3.62,1.75,1.88,2.88,2.75,1.62,2.25,1.88,3.0,2.12,2.12,2.25,2.25,1.38,2.12,2.62,2.75,2.0,2.0,3.0,2.25,2.12,3.0,2.38,2.25,2.0,2.0,2.0,2.78,3.09,3.16,2.95,3.62,3.04,2.76,2.84,3.25,3.07,2.23,3.43,2.65,2.84,3.53,3.09,3.81,3.26,3.6,2.72,2.71,3.58,3.23,2.85,3.52,3.18,2.78,3.87,3.18,3.3,2.85,2.73,2.81,2.84,3.17,2.48,2.68,2.89,3.41,2.97,2.52,Cleaners of Vehicles and Equipment,Transportation
53-7062,3.25,2.25,3.065,3.31,2.81,2.875,1.69,2.625,1.685,2.87,3.0,3.065,2.62,2.06,1.94,2.56,2.06,2.19,2.685,3.0,3.435,1.94,2.0,3.44,3.31,2.0,1.94,3.12,3.06,2.0,2.685,2.06,2.94,3.0,3.0,2.63,3.06,1.875,2.06,2.75,2.88,2.25,2.44,2.87,3.38,2.37,3.375,2.69,2.565,2.12,2.815,2.685,2.5599999999999996,2.76,3.415,2.27,4.115,3.27,3.12,2.625,3.29,2.665,1.56,2.205,2.95,3.085,4.01,2.865,4.015,3.6799999999999997,4.105,2.545,2.985,3.035,3.24,2.4050000000000002,3.355,3.5549999999999997,2.145,3.75,2.43,2.955,1.9749999999999999,1.62,2.26,2.625,2.83,2.485,1.92,2.575,3.6,2.825,2.075,"Laborers and Freight, Stock, and Material Movers, Hand",Transportation
53-7063,3.75,2.75,2.88,3.5,2.62,2.5,1.25,2.38,1.62,2.5,2.75,2.88,2.88,2.0,1.38,2.12,2.0,2.5,2.62,3.0,3.0,2.25,2.12,2.88,3.12,1.38,2.25,3.0,3.12,2.0,2.88,1.38,3.0,3.25,3.25,2.12,2.88,1.38,1.38,2.88,2.88,2.0,2.25,2.25,3.0,2.62,2.88,2.5,2.5,2.75,2.62,2.75,2.11,2.44,2.31,1.47,3.26,3.87,2.31,1.82,2.43,2.99,1.6,2.9,2.9,2.96,3.48,1.84,4.03,3.3,3.34,2.1,2.71,2.91,3.22,1.76,2.36,2.46,1.92,3.43,1.34,2.73,2.11,1.76,2.57,1.99,2.05,1.39,1.43,2.03,2.61,2.39,2.3,Machine Feeders and Offbearers,Transportation
53-7064,2.75,2.12,2.38,2.38,2.62,2.5,1.5,2.5,1.38,2.75,2.12,2.75,2.12,1.88,1.5,2.0,1.88,1.88,2.5,2.75,3.0,2.0,2.0,3.0,3.25,1.5,2.0,3.0,2.88,1.62,2.38,1.75,3.12,2.12,2.0,1.88,2.75,1.5,1.88,2.62,3.0,2.0,2.0,2.5,3.0,1.88,3.12,2.12,2.25,2.12,2.12,2.0,3.37,3.35,3.44,2.5,3.63,3.22,3.18,2.9,3.21,2.84,2.77,3.53,3.5,3.17,4.64,2.89,4.33,4.2,4.26,2.97,3.28,3.69,4.2,2.56,2.51,3.25,2.59,3.45,2.31,2.97,2.63,2.7,3.12,2.89,2.73,2.41,2.29,2.73,3.58,3.42,2.75,"Packers and Packagers, Hand",Transportation
53-7065,3.0,2.38,2.88,2.38,2.62,2.62,1.62,2.75,2.25,3.12,2.62,2.62,2.25,2.5,1.75,2.62,2.5,2.12,2.62,3.0,3.12,2.0,2.38,3.0,3.62,1.62,2.38,3.38,3.12,2.25,2.62,1.88,2.88,2.12,1.88,2.12,3.0,1.75,2.0,3.12,3.0,2.38,1.25,2.62,3.0,2.5,3.25,2.62,2.5,2.0,3.12,2.5,2.65,2.78,2.73,2.93,3.81,2.71,2.84,2.18,2.95,3.0,1.47,3.39,2.55,2.5,3.79,2.5,3.83,3.44,2.7,2.33,2.93,3.12,3.03,2.44,2.55,3.31,2.43,3.73,3.32,2.96,2.1,1.76,1.8,2.59,2.23,2.64,1.69,2.6,2.95,2.92,3.05,Stockers and Order Fillers,Transportation
53-7071,3.88,3.0,3.0,3.5,3.12,2.62,1.0,2.0,1.75,2.38,3.12,3.88,3.12,2.75,2.0,2.0,2.12,2.88,3.12,3.25,3.88,2.12,2.25,3.62,3.62,2.0,2.25,3.12,3.12,2.5,3.38,2.0,3.75,3.0,3.25,2.75,3.12,2.0,2.0,3.0,2.88,2.88,1.75,2.0,2.25,3.0,2.88,2.88,2.75,2.0,3.12,3.0,3.68,2.54,2.98,3.04,4.1,4.4,3.04,3.04,3.01,4.48,2.38,2.48,3.36,4.21,4.38,3.28,3.76,4.34,4.18,2.77,3.64,4.28,4.23,2.99,4.24,3.66,2.75,3.99,2.34,3.9,2.42,3.82,4.47,2.6,2.51,1.9,1.84,3.12,3.73,4.05,3.85,Gas Compressor and Gas Pumping Station Operators,Transportation
53-7072,3.12,3.0,3.0,3.38,3.12,3.0,1.0,2.88,1.38,3.0,3.12,3.0,3.12,2.38,2.0,2.62,2.75,3.0,3.0,3.25,3.12,2.88,2.12,3.12,3.88,1.88,2.88,3.75,3.62,2.12,3.75,2.0,3.75,3.0,3.0,2.62,3.12,2.0,2.12,3.0,3.0,2.62,2.38,2.62,3.0,2.38,3.0,3.0,3.0,2.62,3.12,3.25,3.96,3.09,2.86,2.74,4.4,3.86,2.65,3.58,2.82,3.94,3.15,3.0,3.91,3.78,4.23,2.68,3.61,4.61,4.9,3.62,3.62,4.1,4.47,3.02,4.3,4.05,2.52,3.84,1.8,3.91,2.78,3.17,4.22,3.19,3.44,2.15,2.18,3.41,3.15,3.99,2.69,"Pump Operators, Except Wellhead Pumpers",Transportation
53-7073,3.0,2.25,2.88,3.25,3.12,2.12,1.62,2.38,1.75,2.5,2.88,2.75,2.38,2.12,1.88,2.25,2.5,2.0,3.12,3.25,3.12,2.12,2.12,3.25,3.5,1.62,2.12,2.88,3.0,2.12,3.12,2.0,3.88,2.25,3.25,3.0,2.75,1.75,2.12,3.0,3.0,2.12,1.88,2.75,3.12,2.25,3.0,2.0,2.75,2.12,2.88,2.62,3.7,3.04,3.16,2.72,4.09,4.1,2.84,2.87,3.24,4.28,2.35,3.38,3.69,3.67,3.54,2.88,3.25,4.06,4.34,3.04,3.0,3.97,4.11,3.19,4.12,3.83,2.53,3.83,2.47,3.79,2.81,2.74,3.9,2.78,3.31,2.21,1.94,3.34,3.48,3.31,3.53,Wellhead Pumpers,Transportation
53-7081,3.25,2.75,2.75,2.88,2.62,2.75,1.0,2.62,1.88,3.0,3.0,2.75,2.38,1.75,2.75,2.62,2.38,2.75,2.5,2.88,3.12,1.0,2.0,3.38,3.0,2.38,1.0,3.0,2.88,1.5,2.38,2.5,2.88,2.62,3.12,2.62,2.75,2.0,2.38,2.88,2.88,2.0,2.12,2.75,3.25,2.62,3.12,2.88,2.5,1.62,2.5,2.5,1.61,1.69,2.1,2.39,3.26,3.15,2.15,1.58,2.38,2.22,1.45,2.56,1.92,3.01,3.17,1.92,3.66,2.52,3.38,1.36,2.28,2.45,3.13,1.39,4.33,2.25,1.72,3.7,2.33,1.8,1.72,1.21,2.95,1.49,1.71,1.02,1.0,1.57,1.69,2.17,1.55,Refuse and Recyclable Material Collectors,Transportation
53-7121,3.38,3.0,2.88,3.88,2.88,3.62,1.38,2.75,1.75,3.12,3.75,3.12,3.0,2.62,2.75,2.75,3.0,3.0,2.88,3.0,3.75,2.5,2.0,3.88,3.5,2.0,2.62,3.25,3.12,2.38,3.62,2.25,3.62,3.75,3.62,2.75,3.12,2.0,2.75,3.12,3.12,2.5,2.38,3.12,3.62,3.0,3.12,2.75,3.0,2.12,3.0,3.0,3.85,2.87,3.07,2.61,4.26,3.85,3.29,3.2,2.93,4.24,2.1,3.07,3.79,4.16,4.4,2.91,4.13,3.99,4.56,3.29,3.98,4.24,4.62,2.56,4.15,3.83,2.54,4.12,1.92,4.28,2.72,2.49,3.54,2.91,3.55,1.99,1.93,3.44,3.45,3.84,2.82,"Tank Car, Truck, and Ship Loaders",Transportation
