AREA,AREA_TITLE,AREA_TYPE,NAICS,NAICS_TITLE,I_GROUP,OWN_CODE,OCC_CODE,OCC_TITLE,O_GROUP,TOT_EMP,EMP_PRSE,JOBS_1000,LOC_QUOTIENT,PCT_TOTAL,H_MEAN,A_MEAN,MEAN_PRSE,H_PCT10,H_PCT25,H_MEDIAN,H_PCT75,H_PCT90,A_PCT10,A_PCT25,A_MEDIAN,A_PCT75,A_PCT90,ANNUAL,HOURLY,YEAR,PRIM_STATE,PCT_RPT,MAJOR_SOC,MAJOR_TITLE
99,U.S.,1,0,Cross-industry,cross-industry,1235,11-1011,Chief Executives,detailed,205890,0.8,,,,93.2,193850.0,0.4,29.95,54.23,88.68,,,62290.0,112790.0,184460.0,,,,,2019,,,11,Management Occupations
99,U.S.,1,0,Cross-industry,cross-industry,1235,11-1021,General and Operations Managers,detailed,2400280,0.3,,,,59.15,123030.0,0.2,21.66,31.57,48.45,75.69,,45050.0,65660.0,100780.0,157430.0,,,,2019,,,11,Management Occupations
99,U.S.,1,0,Cross-industry,cross-industry,1235,11-1031,Legislators,detailed,52280,2.2,,,,,49440.0,1.3,,,,,,17690.0,19070.0,29270.0,75520.0,100470.0,True,,2019,,,11,Management Occupations
99,U.S.,1,0,Cross-industry,cross-industry,1235,11-2011,Advertising and Promotions Managers,detailed,25100,3.0,,,,68.22,141890.0,1.3,29.77,41.51,60.34,84.59,,61930.0,86330.0,125510.0,175940.0,,,,2019,,,11,Management Occupations
99,U.S.,1,0,Cross-industry,cross-industry,1235,11-2021,Marketing Managers,detailed,263680,0.8,,,,71.73,149200.0,0.3,34.14,46.98,65.79,89.1,,71010.0,97710.0,136850.0,185320.0,,,,2019,,,11,Management Occupations
99,U.S.,1,0,Cross-industry,cross-industry,1235,11-2022,Sales Managers,detailed,402600,0.6,,,,68.12,141690.0,0.3,28.76,40.94,60.89,85.5,,59810.0,85150.0,126640.0,177830.0,,,,2019,,,11,Management Occupations
99,U.S.,1,0,Cross-industry,cross-industry,1235,11-2030,Public Relations and Fundraising Managers,detailed,79160,1.3,,,,63.77,132630.0,0.6,31.15,40.76,55.86,77.52,,64790.0,84780.0,116180.0,161230.0,,,,2019,,,11,Management Occupations
99,U.S.,1,0,Cross-industry,cross-industry,1235,11-3010,Administrative Services and Facilities Managers,detailed,307280,0.5,,,,51.23,106550.0,0.3,26.54,34.72,46.61,61.65,79.96,55210.0,72220.0,96940.0,128230.0,166330.0,,,2019,,,11,Management Occupations
99,U.S.,1,0,Cross-industry,cross-industry,1235,11-3021,Computer and Information Systems Managers,detailed,433960,0.6,,,,75.19,156390.0,0.3,42.06,54.38,70.37,89.24,,87480.0,113110.0,146360.0,185610.0,,,,2019,,,11,Management Occupations
99,U.S.,1,0,Cross-industry,cross-industry,1235,11-3031,Financial Managers,detailed,654790,0.6,,,,70.93,147530.0,0.3,32.87,44.38,62.45,87.49,,68370.0,92310.0,129890.0,181980.0,,,,2019,,,11,Management Occupations
99,U.S.,1,0,Cross-industry,cross-industry,1235,11-3051,Industrial Production Managers,detailed,185790,0.9,,,,55.34,115110.0,0.3,31.27,39.62,50.71,65.81,84.65,65050.0,82400.0,105480.0,136880.0,176070.0,,,2019,,,11,Management Occupations
99,U.S.,1,0,Cross-industry,cross-industry,1235,11-3061,Purchasing Managers,detailed,72100,0.8,,,,61.73,128400.0,0.4,34.35,44.5,58.23,73.51,92.98,71450.0,92560.0,121110.0,152890.0,193400.0,,,2019,,,11,Management Occupations
99,U.S.,1,0,Cross-industry,cross-industry,1235,11-3071,"Transportation, Storage, and Distribution Managers",detailed,132040,0.9,,,,49.67,103320.0,0.4,26.85,34.64,45.46,59.84,77.17,55850.0,72050.0,94560.0,124460.0,160500.0,,,2019,,,11,Management Occupations
99,U.S.,1,0,Cross-industry,cross-industry,1235,11-3111,Compensation and Benefits Managers,detailed,16900,1.9,,,,64.52,134210.0,0.7,33.59,43.96,58.78,78.83,,69870.0,91430.0,122270.0,163980.0,,,,2019,,,11,Management Occupations
99,U.S.,1,0,Cross-industry,cross-industry,1235,11-3121,Human Resources Managers,detailed,154800,0.7,,,,62.29,129570.0,0.3,32.84,42.38,56.11,75.27,98.9,68300.0,88150.0,116720.0,156560.0,205720.0,,,2019,,,11,Management Occupations
99,U.S.,1,0,Cross-industry,cross-industry,1235,11-3131,Training and Development Managers,detailed,38510,1.2,,,,59.36,123470.0,0.4,31.12,40.73,54.5,73.24,94.27,64720.0,84720.0,113350.0,152340.0,196070.0,,,2019,,,11,Management Occupations
99,U.S.,1,0,Cross-industry,cross-industry,1235,11-9013,"Farmers, Ranchers, and Other Agricultural Managers",detailed,5060,5.1,,,,38.63,80360.0,2.3,18.04,25.9,34.21,47.72,63.83,37530.0,53870.0,71160.0,99260.0,132760.0,,,2019,,,11,Management Occupations
99,U.S.,1,0,Cross-industry,cross-industry,1235,11-9021,Construction Managers,detailed,293380,0.9,,,,50.48,105000.0,0.4,26.99,34.57,45.8,60.6,79.23,56140.0,71900.0,95260.0,126040.0,164790.0,,,2019,,,11,Management Occupations
99,U.S.,1,0,Cross-industry,cross-industry,1235,11-9031,"Education and Childcare Administrators, Preschool and Daycare",detailed,52360,1.7,,,,25.81,53690.0,1.0,14.83,17.99,23.18,29.85,39.71,30850.0,37420.0,48210.0,62090.0,82590.0,,,2019,,,11,Management Occupations
99,U.S.,1,0,Cross-industry,cross-industry,1235,11-9032,"Education Administrators, Kindergarten through Secondary",detailed,271020,0.8,,,,,100340.0,0.8,,,,,,63070.0,76650.0,96400.0,121500.0,148630.0,True,,2019,,,11,Management Occupations
99,U.S.,1,0,Cross-industry,cross-industry,1235,11-9033,"Education Administrators, Postsecondary",detailed,144880,1.1,,,,54.04,112400.0,0.7,26.59,33.89,45.87,64.94,93.31,55320.0,70490.0,95410.0,135070.0,194090.0,,,2019,,,11,Management Occupations
99,U.S.,1,0,Cross-industry,cross-industry,1235,11-9039,"Education Administrators, All Other",detailed,44550,2.2,,,,44.3,92150.0,1.0,22.17,29.46,41.08,55.76,70.28,46110.0,61280.0,85450.0,115990.0,146190.0,,,2019,,,11,Management Occupations
99,U.S.,1,0,Cross-industry,cross-industry,1235,11-9041,Architectural and Engineering Managers,detailed,194250,1.0,,,,73.52,152930.0,0.3,44.48,55.61,69.63,86.16,,92510.0,115670.0,144830.0,179220.0,,,,2019,,,11,Management Occupations
99,U.S.,1,0,Cross-industry,cross-industry,1235,11-9051,Food Service Managers,detailed,235470,1.2,,,,28.76,59820.0,0.5,15.97,20.32,26.6,34.27,44.73,33210.0,42260.0,55320.0,71270.0,93040.0,,,2019,,,11,Management Occupations
99,U.S.,1,0,Cross-industry,cross-industry,1235,11-9071,Gambling Managers,detailed,4450,3.5,,,,40.72,84700.0,1.2,22.67,28.29,36.04,47.0,65.7,47160.0,58840.0,74970.0,97770.0,136650.0,,,2019,,,11,Management Occupations
99,U.S.,1,0,Cross-industry,cross-industry,1235,11-9081,Lodging Managers,detailed,38340,2.4,,,,30.56,63570.0,1.1,15.09,19.24,26.17,36.12,50.83,31380.0,40010.0,54430.0,75130.0,105720.0,,,2019,,,11,Management Occupations
99,U.S.,1,0,Cross-industry,cross-industry,1235,11-9111,Medical and Health Services Managers,detailed,394910,0.6,,,,55.37,115160.0,0.3,28.28,36.91,48.55,64.19,90.86,58820.0,76770.0,100980.0,133520.0,189000.0,,,2019,,,11,Management Occupations
99,U.S.,1,0,Cross-industry,cross-industry,1235,11-9121,Natural Sciences Managers,detailed,67720,4.8,,,,69.93,145450.0,2.0,31.76,45.65,62.07,84.86,,66050.0,94940.0,129100.0,176510.0,,,,2019,,,11,Management Occupations
99,U.S.,1,0,Cross-industry,cross-industry,1235,11-9131,Postmasters and Mail Superintendents,detailed,13850,0.4,,,,37.6,78220.0,0.1,31.43,33.73,36.97,41.49,45.62,65370.0,70160.0,76900.0,86300.0,94880.0,,,2019,,,11,Management Occupations
99,U.S.,1,0,Cross-industry,cross-industry,1235,11-9141,"Property, Real Estate, and Community Association Managers",detailed,220750,1.3,,,,34.48,71720.0,0.9,14.92,20.02,28.25,40.59,62.1,31030.0,41630.0,58760.0,84430.0,129160.0,,,2019,,,11,Management Occupations
99,U.S.,1,0,Cross-industry,cross-industry,1235,11-9151,Social and Community Service Managers,detailed,156460,1.5,,,,35.05,72900.0,0.5,19.82,25.23,32.28,42.39,54.08,41220.0,52480.0,67150.0,88180.0,112480.0,,,2019,,,11,Management Occupations
99,U.S.,1,0,Cross-industry,cross-industry,1235,11-9161,Emergency Management Directors,detailed,10060,1.4,,,,39.68,82530.0,0.8,19.44,25.99,35.86,49.68,67.9,40430.0,54050.0,74590.0,103330.0,141230.0,,,2019,,,11,Management Occupations
99,U.S.,1,0,Cross-industry,cross-industry,1235,11-9171,Funeral Home Managers,detailed,9400,3.3,,,,45.78,95220.0,3.6,21.21,27.42,36.71,53.52,77.82,44120.0,57020.0,76350.0,111310.0,161870.0,,,2019,,,11,Management Occupations
99,U.S.,1,0,Cross-industry,cross-industry,1235,11-9198,"Personal Service Managers, All Other; Entertainment and Recreation Managers, Except Gambling; and Managers, All Other",detailed,472060,0.5,,,,57.07,118710.0,0.3,25.67,37.07,53.19,70.99,91.99,53380.0,77100.0,110630.0,147660.0,191340.0,,,2019,,,11,Management Occupations
99,U.S.,1,0,Cross-industry,cross-industry,1235,13-1011,"Agents and Business Managers of Artists, Performers, and Athletes",detailed,17060,12.4,,,,46.72,97170.0,4.0,17.93,24.32,35.45,57.9,91.07,37300.0,50590.0,73740.0,120430.0,189420.0,,,2019,,,13,Business and Financial Operations Occupations
99,U.S.,1,0,Cross-industry,cross-industry,1235,13-1020,Buyers and Purchasing Agents,detailed,421280,0.7,,,,33.5,69680.0,0.3,18.38,23.69,30.95,40.69,51.69,38230.0,49280.0,64380.0,84630.0,107510.0,,,2019,,,13,Business and Financial Operations Occupations
99,U.S.,1,0,Cross-industry,cross-industry,1235,13-1031,"Claims Adjusters, Examiners, and Investigators",detailed,287960,1.4,,,,33.15,68940.0,0.4,19.76,24.53,32.11,39.93,48.27,41100.0,51030.0,66790.0,83050.0,100400.0,,,2019,,,13,Business and Financial Operations Occupations
99,U.S.,1,0,Cross-industry,cross-industry,1235,13-1032,"Insurance Appraisers, Auto Damage",detailed,13750,5.5,,,,31.85,66240.0,0.9,21.36,25.69,30.42,37.41,45.06,44430.0,53430.0,63270.0,77810.0,93720.0,,,2019,,,13,Business and Financial Operations Occupations
99,U.S.,1,0,Cross-industry,cross-industry,1235,13-1041,Compliance Officers,detailed,317600,0.6,,,,35.03,72850.0,0.2,18.71,24.54,33.2,43.88,52.86,38920.0,51050.0,69050.0,91260.0,109950.0,,,2019,,,13,Business and Financial Operations Occupations
99,U.S.,1,0,Cross-industry,cross-industry,1235,13-1051,Cost Estimators,detailed,210000,0.9,,,,34.31,71350.0,0.3,18.93,24.66,31.37,41.38,53.53,39380.0,51300.0,65250.0,86080.0,111350.0,,,2019,,,13,Business and Financial Operations Occupations
99,U.S.,1,0,Cross-industry,cross-industry,1235,13-1071,Human Resources Specialists,detailed,633040,0.5,,,,32.58,67760.0,0.2,17.88,22.81,29.77,39.15,50.93,37180.0,47450.0,61920.0,81430.0,105930.0,,,2019,,,13,Business and Financial Operations Occupations
99,U.S.,1,0,Cross-industry,cross-industry,1235,13-1074,Farm Labor Contractors,detailed,160,10.8,,,,29.84,62060.0,7.9,16.3,18.58,29.77,39.1,46.15,33900.0,38640.0,61910.0,81330.0,95990.0,,,2019,,,13,Business and Financial Operations Occupations
99,U.S.,1,0,Cross-industry,cross-industry,1235,13-1075,Labor Relations Specialists,detailed,75580,1.9,,,,34.55,71870.0,1.4,9.24,21.59,33.18,45.55,59.8,19230.0,44920.0,69020.0,94740.0,124380.0,,,2019,,,13,Business and Financial Operations Occupations
99,U.S.,1,0,Cross-industry,cross-industry,1235,13-1081,Logisticians,detailed,182050,1.0,,,,37.83,78680.0,0.4,21.16,27.44,35.94,46.27,57.88,44020.0,57080.0,74750.0,96240.0,120400.0,,,2019,,,13,Business and Financial Operations Occupations
99,U.S.,1,0,Cross-industry,cross-industry,1235,13-1111,Management Analysts,detailed,709750,0.7,,,,45.94,95560.0,0.4,23.9,30.8,40.99,54.7,74.19,49700.0,64060.0,85260.0,113770.0,154310.0,,,2019,,,13,Business and Financial Operations Occupations
99,U.S.,1,0,Cross-industry,cross-industry,1235,13-1121,"Meeting, Convention, and Event Planners",detailed,117610,1.6,,,,26.39,54880.0,0.7,13.75,18.1,24.33,31.67,41.53,28590.0,37640.0,50600.0,65860.0,86390.0,,,2019,,,13,Business and Financial Operations Occupations
99,U.S.,1,0,Cross-industry,cross-industry,1235,13-1131,Fundraisers,detailed,81660,1.5,,,,30.21,62830.0,0.8,16.12,21.13,27.87,36.84,48.27,33530.0,43940.0,57970.0,76620.0,100410.0,,,2019,,,13,Business and Financial Operations Occupations
99,U.S.,1,0,Cross-industry,cross-industry,1235,13-1141,"Compensation, Benefits, and Job Analysis Specialists",detailed,89300,1.8,,,,33.58,69840.0,0.6,19.3,24.04,31.04,39.86,50.77,40140.0,50000.0,64560.0,82920.0,105600.0,,,2019,,,13,Business and Financial Operations Occupations
99,U.S.,1,0,Cross-industry,cross-industry,1235,13-1151,Training and Development Specialists,detailed,312450,0.7,,,,31.56,65640.0,0.3,15.71,21.48,29.43,39.08,50.1,32680.0,44680.0,61210.0,81290.0,104200.0,,,2019,,,13,Business and Financial Operations Occupations
99,U.S.,1,0,Cross-industry,cross-industry,1235,13-1161,Market Research Analysts and Marketing Specialists,detailed,678500,0.7,,,,34.41,71570.0,0.4,16.51,22.5,30.67,43.07,58.96,34350.0,46800.0,63790.0,89580.0,122630.0,,,2019,,,13,Business and Financial Operations Occupations
99,U.S.,1,0,Cross-industry,cross-industry,1235,13-1198,"Project Management Specialists and Business Operations Specialists, All Other",detailed,1279390,0.5,,,,38.57,80220.0,0.3,19.2,26.02,35.37,47.67,61.74,39930.0,54110.0,73570.0,99150.0,128420.0,,,2019,,,13,Business and Financial Operations Occupations
99,U.S.,1,0,Cross-industry,cross-industry,1235,13-2011,Accountants and Auditors,detailed,1280700,0.6,,,,38.23,79520.0,0.3,21.39,26.88,34.4,45.36,59.83,44480.0,55900.0,71550.0,94340.0,124450.0,,,2019,,,13,Business and Financial Operations Occupations
99,U.S.,1,0,Cross-industry,cross-industry,1235,13-2020,Property Appraisers and Assessors,detailed,56320,2.7,,,,30.58,63610.0,1.2,14.98,20.18,27.41,37.82,50.26,31160.0,41980.0,57010.0,78670.0,104540.0,,,2019,,,13,Business and Financial Operations Occupations
99,U.S.,1,0,Cross-industry,cross-industry,1235,13-2031,Budget Analysts,detailed,51460,1.0,,,,38.61,80300.0,0.4,24.15,29.35,36.8,46.53,56.02,50230.0,61040.0,76540.0,96780.0,116510.0,,,2019,,,13,Business and Financial Operations Occupations
99,U.S.,1,0,Cross-industry,cross-industry,1235,13-2041,Credit Analysts,detailed,73930,2.2,,,,40.83,84930.0,1.1,20.88,26.6,35.41,48.97,70.11,43430.0,55320.0,73650.0,101860.0,145840.0,,,2019,,,13,Business and Financial Operations Occupations
99,U.S.,1,0,Cross-industry,cross-industry,1235,13-2052,Personal Financial Advisors,detailed,210190,1.5,,,,57.35,119290.0,1.1,20.65,27.78,42.24,74.27,,42950.0,57780.0,87850.0,154480.0,,,,2019,,,13,Business and Financial Operations Occupations
99,U.S.,1,0,Cross-industry,cross-industry,1235,13-2053,Insurance Underwriters,detailed,100050,2.3,,,,37.33,77640.0,0.8,20.37,25.72,33.67,45.38,59.77,42360.0,53510.0,70020.0,94390.0,124320.0,,,2019,,,13,Business and Financial Operations Occupations
99,U.S.,1,0,Cross-industry,cross-industry,1235,13-2061,Financial Examiners,detailed,64550,2.3,,,,44.39,92330.0,1.4,20.91,28.3,38.99,54.82,76.06,43500.0,58860.0,81090.0,114030.0,158200.0,,,2019,,,13,Business and Financial Operations Occupations
99,U.S.,1,0,Cross-industry,cross-industry,1235,13-2071,Credit Counselors,detailed,32110,2.8,,,,24.15,50230.0,0.9,15.23,17.91,22.09,28.11,36.9,31670.0,37250.0,45950.0,58470.0,76740.0,,,2019,,,13,Business and Financial Operations Occupations
99,U.S.,1,0,Cross-industry,cross-industry,1235,13-2072,Loan Officers,detailed,308370,1.2,,,,36.64,76200.0,0.6,15.65,21.56,30.42,44.69,63.79,32560.0,44840.0,63270.0,92960.0,132680.0,,,2019,,,13,Business and Financial Operations Occupations
99,U.S.,1,0,Cross-industry,cross-industry,1235,13-2081,"Tax Examiners and Collectors, and Revenue Agents",detailed,53760,0.5,,,,29.31,60960.0,0.3,15.91,20.05,26.39,36.95,48.93,33090.0,41700.0,54890.0,76850.0,101780.0,,,2019,,,13,Business and Financial Operations Occupations
99,U.S.,1,0,Cross-industry,cross-industry,1235,13-2082,Tax Preparers,detailed,66670,2.8,,,,23.82,49550.0,1.4,10.46,13.68,20.71,30.32,41.86,21750.0,28450.0,43080.0,63070.0,87060.0,,,2019,,,13,Business and Financial Operations Occupations
99,U.S.,1,0,Cross-industry,cross-industry,1235,13-2098,"Financial and Investment Analysts, Financial Risk Specialists, and Financial Specialists, All Other",detailed,458510,0.9,,,,45.27,94160.0,0.6,22.71,29.74,39.22,52.56,75.07,47230.0,61850.0,81590.0,109330.0,156150.0,,,2019,,,13,Business and Financial Operations Occupations
99,U.S.,1,0,Cross-industry,cross-industry,1235,15-1211,Computer Systems Analysts,detailed,589060,1.0,,,,46.23,96160.0,0.4,26.53,33.65,43.71,56.31,71.0,55180.0,70000.0,90920.0,117120.0,147670.0,,,2019,,,15,Computer and Mathematical Occupations
99,U.S.,1,0,Cross-industry,cross-industry,1235,15-1212,Information Security Analysts,detailed,125570,1.8,,,,50.1,104210.0,0.5,27.79,36.27,47.95,61.85,76.37,57810.0,75450.0,99730.0,128640.0,158860.0,,,2019,,,15,Computer and Mathematical Occupations
99,U.S.,1,0,Cross-industry,cross-industry,1235,15-1221,Computer and Information Research Scientists,detailed,30780,3.6,,,,61.28,127460.0,1.4,33.65,44.85,59.06,74.05,91.24,69990.0,93290.0,122840.0,154020.0,189780.0,,,2019,,,15,Computer and Mathematical Occupations
99,U.S.,1,0,Cross-industry,cross-industry,1235,15-1231,Computer Network Support Specialists,detailed,185430,1.3,,,,33.1,68860.0,0.5,18.75,23.63,30.51,40.01,51.17,38990.0,49160.0,63460.0,83230.0,106420.0,,,2019,,,15,Computer and Mathematical Occupations
99,U.S.,1,0,Cross-industry,cross-industry,1235,15-1232,Computer User Support Specialists,detailed,647330,0.8,,,,27.19,56550.0,0.4,15.54,19.39,25.13,32.72,42.53,32330.0,40340.0,52270.0,68060.0,88470.0,,,2019,,,15,Computer and Mathematical Occupations
99,U.S.,1,0,Cross-industry,cross-industry,1235,15-1241,Computer Network Architects,detailed,152420,1.5,,,,55.34,115110.0,0.5,31.14,41.01,54.18,68.56,80.96,64770.0,85290.0,112690.0,142610.0,168390.0,,,2019,,,15,Computer and Mathematical Occupations
99,U.S.,1,0,Cross-industry,cross-industry,1235,15-1244,Network and Computer Systems Administrators,detailed,354450,0.8,,,,42.51,88410.0,0.2,25.18,31.47,40.15,51.11,63.71,52370.0,65460.0,83510.0,106310.0,132520.0,,,2019,,,15,Computer and Mathematical Occupations
99,U.S.,1,0,Cross-industry,cross-industry,1235,15-1245,Database Administrators and Architects,detailed,125460,1.1,,,,46.21,96110.0,0.4,24.91,32.86,45.07,58.12,71.18,51800.0,68340.0,93750.0,120880.0,148060.0,,,2019,,,15,Computer and Mathematical Occupations
99,U.S.,1,0,Cross-industry,cross-industry,1235,15-1251,Computer Programmers,detailed,199540,1.6,,,,44.53,92610.0,1.4,24.11,31.62,41.61,53.91,67.43,50150.0,65760.0,86550.0,112120.0,140250.0,,,2019,,,15,Computer and Mathematical Occupations
99,U.S.,1,0,Cross-industry,cross-industry,1235,15-1256,Software Developers and Software Quality Assurance Analysts and Testers,detailed,1406870,0.8,,,,53.66,111620.0,0.7,30.88,39.63,51.69,65.54,79.13,64240.0,82430.0,107510.0,136320.0,164590.0,,,2019,,,15,Computer and Mathematical Occupations
99,U.S.,1,0,Cross-industry,cross-industry,1235,15-1257,Web Developers and Digital Interface Designers,detailed,148340,1.4,,,,39.6,82370.0,3.3,19.01,25.73,35.46,49.47,68.31,39550.0,53520.0,73760.0,102900.0,142080.0,,,2019,,,15,Computer and Mathematical Occupations
99,U.S.,1,0,Cross-industry,cross-industry,1235,15-1299,"Computer Occupations, All Other",detailed,393160,0.9,,,,44.43,92410.0,0.5,21.05,30.1,42.57,56.38,70.4,43780.0,62620.0,88550.0,117260.0,146440.0,,,2019,,,15,Computer and Mathematical Occupations
99,U.S.,1,0,Cross-industry,cross-industry,1235,15-2011,Actuaries,detailed,22260,3.8,,,,58.16,120970.0,1.1,31.18,39.04,52.09,71.5,93.08,64860.0,81210.0,108350.0,148720.0,193600.0,,,2019,,,15,Computer and Mathematical Occupations
99,U.S.,1,0,Cross-industry,cross-industry,1235,15-2021,Mathematicians,detailed,2630,7.6,,,,51.57,107280.0,1.8,27.94,36.62,50.5,61.47,77.92,58100.0,76170.0,105030.0,127860.0,162060.0,,,2019,,,15,Computer and Mathematical Occupations
99,U.S.,1,0,Cross-industry,cross-industry,1235,15-2031,Operations Research Analysts,detailed,99680,1.8,,,,43.56,90600.0,0.5,23.4,30.18,40.78,54.17,67.69,48670.0,62780.0,84810.0,112680.0,140790.0,,,2019,,,15,Computer and Mathematical Occupations
99,U.S.,1,0,Cross-industry,cross-industry,1235,15-2041,Statisticians,detailed,39090,2.2,,,,46.0,95680.0,0.8,25.33,32.92,43.83,57.11,70.56,52690.0,68480.0,91160.0,118790.0,146770.0,,,2019,,,15,Computer and Mathematical Occupations
99,U.S.,1,0,Cross-industry,cross-industry,1235,15-2098,"Data Scientists and Mathematical Science Occupations, All Other",detailed,30810,3.1,,,,48.35,100560.0,1.0,25.34,33.7,45.33,60.16,75.99,52720.0,70090.0,94280.0,125140.0,158060.0,,,2019,,,15,Computer and Mathematical Occupations
99,U.S.,1,0,Cross-industry,cross-industry,1235,17-1011,"Architects, Except Landscape and Naval",detailed,105850,1.8,,,,43.06,89560.0,0.9,23.41,30.1,38.82,50.77,66.16,48700.0,62600.0,80750.0,105600.0,137620.0,,,2019,,,17,Architecture and Engineering Occupations
99,U.S.,1,0,Cross-industry,cross-industry,1235,17-1012,Landscape Architects,detailed,20280,4.5,,,,35.56,73970.0,1.1,20.35,26.25,33.35,43.31,53.98,42320.0,54600.0,69360.0,90090.0,112290.0,,,2019,,,17,Architecture and Engineering Occupations
99,U.S.,1,0,Cross-industry,cross-industry,1235,17-1021,Cartographers and Photogrammetrists,detailed,11300,2.6,,,,33.55,69790.0,0.8,20.03,25.17,31.47,40.89,49.7,41670.0,52340.0,65470.0,85050.0,103380.0,,,2019,,,17,Architecture and Engineering Occupations
99,U.S.,1,0,Cross-industry,cross-industry,1235,17-1022,Surveyors,detailed,45220,1.9,,,,32.66,67920.0,0.7,17.36,22.96,30.49,40.44,50.41,36110.0,47750.0,63420.0,84120.0,104850.0,,,2019,,,17,Architecture and Engineering Occupations
99,U.S.,1,0,Cross-industry,cross-industry,1235,17-2011,Aerospace Engineers,detailed,63200,3.4,,,,57.32,119220.0,0.8,34.83,43.86,56.01,69.97,80.11,72450.0,91240.0,116500.0,145530.0,166620.0,,,2019,,,17,Architecture and Engineering Occupations
99,U.S.,1,0,Cross-industry,cross-industry,1235,17-2021,Agricultural Engineers,detailed,1550,10.6,,,,47.26,98290.0,12.4,22.76,29.4,38.81,49.62,77.38,47330.0,61140.0,80720.0,103210.0,160950.0,,,2019,,,17,Architecture and Engineering Occupations
99,U.S.,1,0,Cross-industry,cross-industry,1235,17-2031,Bioengineers and Biomedical Engineers,detailed,19780,4.9,,,,46.68,97090.0,1.1,26.58,34.13,43.95,56.74,71.26,55280.0,70990.0,91410.0,118020.0,148210.0,,,2019,,,17,Architecture and Engineering Occupations
99,U.S.,1,0,Cross-industry,cross-industry,1235,17-2041,Chemical Engineers,detailed,30120,2.6,,,,56.29,117090.0,1.5,32.12,40.73,52.3,66.28,84.66,66810.0,84720.0,108770.0,137860.0,176090.0,,,2019,,,17,Architecture and Engineering Occupations
99,U.S.,1,0,Cross-industry,cross-industry,1235,17-2051,Civil Engineers,detailed,310850,1.0,,,,45.36,94360.0,0.4,26.63,32.76,41.86,54.6,69.5,55380.0,68130.0,87060.0,113580.0,144560.0,,,2019,,,17,Architecture and Engineering Occupations
99,U.S.,1,0,Cross-industry,cross-industry,1235,17-2061,Computer Hardware Engineers,detailed,67880,3.8,,,,59.15,123030.0,1.7,32.91,42.69,56.36,72.52,89.06,68460.0,88800.0,117220.0,150840.0,185240.0,,,2019,,,17,Architecture and Engineering Occupations
99,U.S.,1,0,Cross-industry,cross-industry,1235,17-2071,Electrical Engineers,detailed,185570,1.4,,,,49.75,103480.0,0.4,30.3,37.06,47.37,60.35,74.94,63020.0,77080.0,98530.0,125520.0,155880.0,,,2019,,,17,Architecture and Engineering Occupations
99,U.S.,1,0,Cross-industry,cross-industry,1235,17-2072,"Electronics Engineers, Except Computer",detailed,128800,1.9,,,,52.99,110210.0,0.7,32.03,39.62,50.76,63.97,78.95,66620.0,82420.0,105570.0,133050.0,164210.0,,,2019,,,17,Architecture and Engineering Occupations
99,U.S.,1,0,Cross-industry,cross-industry,1235,17-2081,Environmental Engineers,detailed,53150,1.9,,,,45.3,94220.0,0.7,26.12,32.69,42.72,54.93,68.3,54330.0,68000.0,88860.0,114250.0,142070.0,,,2019,,,17,Architecture and Engineering Occupations
99,U.S.,1,0,Cross-industry,cross-industry,1235,17-2111,"Health and Safety Engineers, Except Mining Safety Engineers and Inspectors",detailed,25860,2.3,,,,45.58,94810.0,0.7,25.79,33.14,43.95,56.94,69.18,53650.0,68940.0,91410.0,118440.0,143880.0,,,2019,,,17,Architecture and Engineering Occupations
99,U.S.,1,0,Cross-industry,cross-industry,1235,17-2112,Industrial Engineers,detailed,291710,1.4,,,,44.55,92660.0,0.3,27.54,33.91,42.32,52.96,64.46,57290.0,70540.0,88020.0,110160.0,134070.0,,,2019,,,17,Architecture and Engineering Occupations
99,U.S.,1,0,Cross-industry,cross-industry,1235,17-2121,Marine Engineers and Naval Architects,detailed,11360,4.6,,,,47.47,98730.0,1.6,31.46,36.3,44.42,56.14,71.01,65440.0,75500.0,92400.0,116770.0,147710.0,,,2019,,,17,Architecture and Engineering Occupations
99,U.S.,1,0,Cross-industry,cross-industry,1235,17-2131,Materials Engineers,detailed,26820,2.4,,,,47.06,97890.0,0.8,27.57,34.82,44.88,57.78,71.62,57340.0,72420.0,93360.0,120180.0,148960.0,,,2019,,,17,Architecture and Engineering Occupations
99,U.S.,1,0,Cross-industry,cross-industry,1235,17-2141,Mechanical Engineers,detailed,306990,1.3,,,,44.97,93540.0,0.3,27.47,33.79,42.51,53.84,66.36,57130.0,70280.0,88430.0,111980.0,138020.0,,,2019,,,17,Architecture and Engineering Occupations
99,U.S.,1,0,Cross-industry,cross-industry,1235,17-2151,"Mining and Geological Engineers, Including Mining Safety Engineers",detailed,6280,6.0,,,,46.63,96990.0,2.1,25.08,32.81,43.83,58.12,72.71,52160.0,68240.0,91160.0,120890.0,151230.0,,,2019,,,17,Architecture and Engineering Occupations
99,U.S.,1,0,Cross-industry,cross-industry,1235,17-2161,Nuclear Engineers,detailed,15850,4.1,,,,58.03,120700.0,3.0,34.55,43.35,54.55,66.5,86.27,71860.0,90170.0,113460.0,138330.0,179430.0,,,2019,,,17,Architecture and Engineering Occupations
99,U.S.,1,0,Cross-industry,cross-industry,1235,17-2171,Petroleum Engineers,detailed,32620,4.2,,,,75.37,156780.0,2.5,38.11,51.45,66.21,92.99,,79270.0,107020.0,137720.0,193430.0,,,,2019,,,17,Architecture and Engineering Occupations
99,U.S.,1,0,Cross-industry,cross-industry,1235,17-2199,"Engineers, All Other",detailed,152340,1.5,,,,49.26,102460.0,0.9,25.83,34.7,47.62,61.92,76.36,53730.0,72180.0,99040.0,128780.0,158830.0,,,2019,,,17,Architecture and Engineering Occupations
99,U.S.,1,0,Cross-industry,cross-industry,1235,17-3011,Architectural and Civil Drafters,detailed,98800,1.7,,,,27.92,58080.0,0.4,17.26,21.59,27.09,33.2,39.54,35890.0,44920.0,56340.0,69050.0,82230.0,,,2019,,,17,Architecture and Engineering Occupations
99,U.S.,1,0,Cross-industry,cross-industry,1235,17-3012,Electrical and Electronics Drafters,detailed,24140,3.6,,,,31.6,65720.0,1.2,18.16,23.02,29.58,38.03,48.39,37770.0,47880.0,61530.0,79100.0,100650.0,,,2019,,,17,Architecture and Engineering Occupations
99,U.S.,1,0,Cross-industry,cross-industry,1235,17-3013,Mechanical Drafters,detailed,55210,1.5,,,,29.09,60500.0,0.8,17.48,21.66,27.43,34.84,44.24,36350.0,45050.0,57060.0,72460.0,92010.0,,,2019,,,17,Architecture and Engineering Occupations
99,U.S.,1,0,Cross-industry,cross-industry,1235,17-3019,"Drafters, All Other",detailed,14600,3.5,,,,26.37,54840.0,0.8,16.08,19.49,25.4,31.05,38.67,33450.0,40530.0,52830.0,64590.0,80430.0,,,2019,,,17,Architecture and Engineering Occupations
99,U.S.,1,0,Cross-industry,cross-industry,1235,17-3021,Aerospace Engineering and Operations Technologists and Technicians,detailed,11540,6.4,,,,32.86,68340.0,1.6,20.04,25.06,31.74,38.71,48.06,41680.0,52130.0,66020.0,80520.0,99970.0,,,2019,,,17,Architecture and Engineering Occupations
99,U.S.,1,0,Cross-industry,cross-industry,1235,17-3022,Civil Engineering Technologists and Technicians,detailed,68870,1.5,,,,26.67,55480.0,0.5,16.29,19.51,25.68,32.25,38.77,33880.0,40590.0,53410.0,67070.0,80650.0,,,2019,,,17,Architecture and Engineering Occupations
99,U.S.,1,0,Cross-industry,cross-industry,1235,17-3023,Electrical and Electronic Engineering Technologists and Technicians,detailed,122550,1.4,,,,31.84,66240.0,0.4,18.84,24.42,31.38,37.94,46.49,39190.0,50790.0,65260.0,78910.0,96690.0,,,2019,,,17,Architecture and Engineering Occupations
99,U.S.,1,0,Cross-industry,cross-industry,1235,17-3024,Electro-Mechanical and Mechatronics Technologists and Technicians,detailed,14290,3.9,,,,29.53,61420.0,1.1,17.56,21.82,28.05,35.87,44.93,36520.0,45390.0,58350.0,74600.0,93450.0,,,2019,,,17,Architecture and Engineering Occupations
99,U.S.,1,0,Cross-industry,cross-industry,1235,17-3025,Environmental Engineering Technologists and Technicians,detailed,18010,4.5,,,,26.32,54740.0,1.1,15.68,18.64,24.34,31.2,39.87,32610.0,38780.0,50620.0,64890.0,82930.0,,,2019,,,17,Architecture and Engineering Occupations
99,U.S.,1,0,Cross-industry,cross-industry,1235,17-3026,Industrial Engineering Technologists and Technicians,detailed,67110,2.8,,,,28.56,59400.0,0.9,17.23,21.37,27.19,34.24,42.21,35850.0,44440.0,56550.0,71220.0,87790.0,,,2019,,,17,Architecture and Engineering Occupations
99,U.S.,1,0,Cross-industry,cross-industry,1235,17-3027,Mechanical Engineering Technologists and Technicians,detailed,42820,2.1,,,,28.44,59160.0,0.7,16.9,21.24,27.4,34.68,42.62,35140.0,44170.0,56980.0,72140.0,88640.0,,,2019,,,17,Architecture and Engineering Occupations
99,U.S.,1,0,Cross-industry,cross-industry,1235,17-3031,Surveying and Mapping Technicians,detailed,53030,1.8,,,,23.32,48500.0,0.5,13.66,16.81,21.64,28.4,36.15,28410.0,34960.0,45010.0,59070.0,75190.0,,,2019,,,17,Architecture and Engineering Occupations
99,U.S.,1,0,Cross-industry,cross-industry,1235,17-3098,"Calibration Technologists and Technicians and Engineering Technologists and Technicians, Except Drafters, All Other",detailed,88330,1.7,,,,31.7,65940.0,0.8,17.29,22.77,30.28,38.78,47.97,35960.0,47370.0,62990.0,80660.0,99790.0,,,2019,,,17,Architecture and Engineering Occupations
99,U.S.,1,0,Cross-industry,cross-industry,1235,19-1011,Animal Scientists,detailed,2690,6.1,,,,32.96,68570.0,2.0,18.4,22.66,28.99,38.86,53.72,38260.0,47130.0,60300.0,80830.0,111740.0,,,2019,,,19,"Life, Physical, and Social Science Occupations"
99,U.S.,1,0,Cross-industry,cross-industry,1235,19-1012,Food Scientists and Technologists,detailed,13460,4.4,,,,36.63,76190.0,1.4,19.4,25.38,33.16,45.58,59.93,40360.0,52790.0,68970.0,94800.0,124660.0,,,2019,,,19,"Life, Physical, and Social Science Occupations"
99,U.S.,1,0,Cross-industry,cross-industry,1235,19-1013,Soil and Plant Scientists,detailed,14150,4.8,,,,33.58,69860.0,1.3,18.47,23.86,30.39,39.63,53.6,38410.0,49630.0,63200.0,82420.0,111480.0,,,2019,,,19,"Life, Physical, and Social Science Occupations"
99,U.S.,1,0,Cross-industry,cross-industry,1235,19-1021,Biochemists and Biophysicists,detailed,31360,5.7,,,,52.01,108180.0,5.1,24.34,31.99,45.43,63.56,87.92,50620.0,66550.0,94490.0,132200.0,182870.0,,,2019,,,19,"Life, Physical, and Social Science Occupations"
99,U.S.,1,0,Cross-industry,cross-industry,1235,19-1022,Microbiologists,detailed,18270,6.2,,,,39.79,82760.0,2.4,20.91,26.33,36.37,52.11,64.08,43500.0,54760.0,75650.0,108390.0,133280.0,,,2019,,,19,"Life, Physical, and Social Science Occupations"
99,U.S.,1,0,Cross-industry,cross-industry,1235,19-1023,Zoologists and Wildlife Biologists,detailed,19250,2.2,,,,32.31,67200.0,0.6,18.69,23.97,30.42,37.98,48.93,38880.0,49860.0,63270.0,79000.0,101780.0,,,2019,,,19,"Life, Physical, and Social Science Occupations"
99,U.S.,1,0,Cross-industry,cross-industry,1235,19-1029,"Biological Scientists, All Other",detailed,40100,2.9,,,,42.11,87590.0,0.8,23.4,30.46,39.53,48.56,63.98,48670.0,63360.0,82220.0,101000.0,133080.0,,,2019,,,19,"Life, Physical, and Social Science Occupations"
99,U.S.,1,0,Cross-industry,cross-industry,1235,19-1031,Conservation Scientists,detailed,22070,1.5,,,,32.23,67040.0,0.6,18.88,23.79,30.12,38.28,47.14,39270.0,49480.0,62660.0,79630.0,98060.0,,,2019,,,19,"Life, Physical, and Social Science Occupations"
99,U.S.,1,0,Cross-industry,cross-industry,1235,19-1032,Foresters,detailed,9510,4.3,,,,30.42,63270.0,1.0,18.7,23.7,29.71,35.77,43.31,38890.0,49300.0,61790.0,74400.0,90080.0,,,2019,,,19,"Life, Physical, and Social Science Occupations"
99,U.S.,1,0,Cross-industry,cross-industry,1235,19-1041,Epidemiologists,detailed,7410,2.0,,,,37.64,78290.0,1.1,21.15,27.03,34.13,44.52,57.35,44000.0,56220.0,70990.0,92600.0,119290.0,,,2019,,,19,"Life, Physical, and Social Science Occupations"
99,U.S.,1,0,Cross-industry,cross-industry,1235,19-1042,"Medical Scientists, Except Epidemiologists",detailed,127180,3.2,,,,47.49,98770.0,1.2,23.57,29.77,42.69,58.58,76.77,49020.0,61920.0,88790.0,121850.0,159680.0,,,2019,,,19,"Life, Physical, and Social Science Occupations"
99,U.S.,1,0,Cross-industry,cross-industry,1235,19-1099,"Life Scientists, All Other",detailed,6450,5.2,,,,41.29,85890.0,3.5,18.93,25.86,36.49,50.16,69.96,39380.0,53780.0,75910.0,104340.0,145510.0,,,2019,,,19,"Life, Physical, and Social Science Occupations"
99,U.S.,1,0,Cross-industry,cross-industry,1235,19-2011,Astronomers,detailed,2070,11.1,,,,58.79,122270.0,3.4,28.57,37.99,55.09,77.23,89.32,59420.0,79010.0,114590.0,160650.0,185780.0,,,2019,,,19,"Life, Physical, and Social Science Occupations"
99,U.S.,1,0,Cross-industry,cross-industry,1235,19-2012,Physicists,detailed,16730,5.4,,,,63.02,131080.0,2.1,30.03,42.63,59.06,78.95,97.11,62470.0,88670.0,122850.0,164210.0,201990.0,,,2019,,,19,"Life, Physical, and Social Science Occupations"
99,U.S.,1,0,Cross-industry,cross-industry,1235,19-2021,Atmospheric and Space Scientists,detailed,9290,3.8,,,,46.71,97160.0,1.4,23.89,33.68,45.86,57.26,70.75,49700.0,70050.0,95380.0,119110.0,147160.0,,,2019,,,19,"Life, Physical, and Social Science Occupations"
99,U.S.,1,0,Cross-industry,cross-industry,1235,19-2031,Chemists,detailed,83530,2.3,,,,40.46,84150.0,1.0,21.37,27.45,37.32,50.32,64.27,44460.0,57090.0,77630.0,104670.0,133690.0,,,2019,,,19,"Life, Physical, and Social Science Occupations"
99,U.S.,1,0,Cross-industry,cross-industry,1235,19-2032,Materials Scientists,detailed,6710,6.0,,,,48.28,100430.0,1.8,24.98,33.2,46.54,60.73,75.86,51950.0,69060.0,96810.0,126310.0,157780.0,,,2019,,,19,"Life, Physical, and Social Science Occupations"
99,U.S.,1,0,Cross-industry,cross-industry,1235,19-2041,"Environmental Scientists and Specialists, Including Health",detailed,84290,1.8,,,,37.47,77940.0,0.8,20.58,26.01,34.31,45.74,59.98,42810.0,54100.0,71360.0,95140.0,124760.0,,,2019,,,19,"Life, Physical, and Social Science Occupations"
99,U.S.,1,0,Cross-industry,cross-industry,1235,19-2042,"Geoscientists, Except Hydrologists and Geographers",detailed,29200,3.2,,,,52.09,108350.0,1.8,24.52,31.34,44.25,62.92,90.34,51000.0,65180.0,92040.0,130870.0,187910.0,,,2019,,,19,"Life, Physical, and Social Science Occupations"
99,U.S.,1,0,Cross-industry,cross-industry,1235,19-2043,Hydrologists,detailed,6440,3.6,,,,41.5,86330.0,1.0,24.62,30.6,39.07,50.14,61.25,51220.0,63650.0,81270.0,104280.0,127400.0,,,2019,,,19,"Life, Physical, and Social Science Occupations"
99,U.S.,1,0,Cross-industry,cross-industry,1235,19-2099,"Physical Scientists, All Other",detailed,17550,2.8,,,,53.88,112070.0,1.4,24.85,37.24,52.84,66.97,79.46,51680.0,77460.0,109910.0,139300.0,165270.0,,,2019,,,19,"Life, Physical, and Social Science Occupations"
99,U.S.,1,0,Cross-industry,cross-industry,1235,19-3011,Economists,detailed,19000,4.3,,,,56.07,116630.0,1.4,28.58,37.89,50.49,69.05,88.95,59450.0,78800.0,105020.0,143620.0,185020.0,,,2019,,,19,"Life, Physical, and Social Science Occupations"
99,U.S.,1,0,Cross-industry,cross-industry,1235,19-3022,Survey Researchers,detailed,9930,5.4,,,,31.61,65760.0,2.3,15.46,20.69,28.45,38.42,52.33,32150.0,43030.0,59170.0,79920.0,108860.0,,,2019,,,19,"Life, Physical, and Social Science Occupations"
99,U.S.,1,0,Cross-industry,cross-industry,1235,19-3031,"Clinical, Counseling, and School Psychologists",detailed,113270,1.4,,,,42.04,87450.0,1.0,21.75,28.65,37.59,49.26,63.78,45240.0,59590.0,78200.0,102470.0,132670.0,,,2019,,,19,"Life, Physical, and Social Science Occupations"
99,U.S.,1,0,Cross-industry,cross-industry,1235,19-3032,Industrial-Organizational Psychologists,detailed,630,12.3,,,,53.44,111150.0,6.2,24.56,29.51,44.66,71.24,95.05,51080.0,61380.0,92880.0,148170.0,197700.0,,,2019,,,19,"Life, Physical, and Social Science Occupations"
99,U.S.,1,0,Cross-industry,cross-industry,1235,19-3039,"Psychologists, All Other",detailed,14220,7.8,,,,47.23,98230.0,1.7,22.16,36.41,48.94,55.22,62.27,46100.0,75740.0,101790.0,114870.0,129530.0,,,2019,,,19,"Life, Physical, and Social Science Occupations"
99,U.S.,1,0,Cross-industry,cross-industry,1235,19-3041,Sociologists,detailed,2630,7.6,,,,43.55,90590.0,2.6,22.56,30.03,40.1,52.16,68.16,46920.0,62460.0,83420.0,108500.0,141770.0,,,2019,,,19,"Life, Physical, and Social Science Occupations"
99,U.S.,1,0,Cross-industry,cross-industry,1235,19-3051,Urban and Regional Planners,detailed,38560,1.7,,,,37.38,77750.0,0.6,22.04,27.87,35.75,45.19,55.9,45850.0,57960.0,74350.0,94000.0,116280.0,,,2019,,,19,"Life, Physical, and Social Science Occupations"
99,U.S.,1,0,Cross-industry,cross-industry,1235,19-3091,Anthropologists and Archeologists,detailed,6720,6.1,,,,32.12,66810.0,1.3,18.97,23.92,30.61,39.17,47.09,39460.0,49760.0,63670.0,81480.0,97950.0,,,2019,,,19,"Life, Physical, and Social Science Occupations"
99,U.S.,1,0,Cross-industry,cross-industry,1235,19-3092,Geographers,detailed,1400,3.5,,,,39.41,81970.0,1.2,25.14,30.44,39.2,46.93,54.4,52280.0,63300.0,81540.0,97620.0,113140.0,,,2019,,,19,"Life, Physical, and Social Science Occupations"
99,U.S.,1,0,Cross-industry,cross-industry,1235,19-3093,Historians,detailed,3040,5.2,,,,33.02,68690.0,2.6,14.31,20.14,30.62,43.06,55.2,29760.0,41880.0,63680.0,89550.0,114810.0,,,2019,,,19,"Life, Physical, and Social Science Occupations"
99,U.S.,1,0,Cross-industry,cross-industry,1235,19-3094,Political Scientists,detailed,6010,7.6,,,,57.82,120260.0,2.9,29.31,42.31,58.76,71.62,78.95,60960.0,87990.0,122220.0,148960.0,164210.0,,,2019,,,19,"Life, Physical, and Social Science Occupations"
99,U.S.,1,0,Cross-industry,cross-industry,1235,19-3099,"Social Scientists and Related Workers, All Other",detailed,33690,2.2,,,,42.16,87690.0,0.9,25.39,31.96,40.06,50.64,60.61,52820.0,66480.0,83330.0,105320.0,126070.0,,,2019,,,19,"Life, Physical, and Social Science Occupations"
99,U.S.,1,0,Cross-industry,cross-industry,1235,19-4010,Agricultural and Food Science Technicians,detailed,21870,2.9,,,,21.37,44440.0,1.2,13.48,16.26,19.82,24.69,30.86,28030.0,33820.0,41230.0,51360.0,64180.0,,,2019,,,19,"Life, Physical, and Social Science Occupations"
99,U.S.,1,0,Cross-industry,cross-industry,1235,19-4021,Biological Technicians,detailed,79530,2.6,,,,23.61,49110.0,0.7,14.2,17.25,22.05,28.47,35.26,29540.0,35870.0,45860.0,59210.0,73350.0,,,2019,,,19,"Life, Physical, and Social Science Occupations"
99,U.S.,1,0,Cross-industry,cross-industry,1235,19-4031,Chemical Technicians,detailed,65760,1.8,,,,25.44,52910.0,0.7,14.96,18.13,23.68,30.87,38.63,31110.0,37700.0,49260.0,64200.0,80350.0,,,2019,,,19,"Life, Physical, and Social Science Occupations"
99,U.S.,1,0,Cross-industry,cross-industry,1235,19-4042,"Environmental Science and Protection Technicians, Including Health",detailed,32620,3.1,,,,24.41,50760.0,1.0,13.96,17.26,22.38,29.34,38.8,29040.0,35910.0,46540.0,61030.0,80710.0,,,2019,,,19,"Life, Physical, and Social Science Occupations"
99,U.S.,1,0,Cross-industry,cross-industry,1235,19-4045,Geological and Hydrologic Technicians,detailed,17110,4.7,,,,29.23,60800.0,2.5,13.71,17.53,24.58,35.73,50.32,28530.0,36470.0,51130.0,74320.0,104660.0,,,2019,,,19,"Life, Physical, and Social Science Occupations"
99,U.S.,1,0,Cross-industry,cross-industry,1235,19-4051,Nuclear Technicians,detailed,6420,6.9,,,,39.77,82710.0,1.8,25.41,30.83,39.46,47.32,56.48,52860.0,64140.0,82080.0,98430.0,117480.0,,,2019,,,19,"Life, Physical, and Social Science Occupations"
99,U.S.,1,0,Cross-industry,cross-industry,1235,19-4061,Social Science Research Assistants,detailed,35580,5.8,,,,24.68,51340.0,1.5,13.55,17.71,22.84,29.35,37.88,28190.0,36840.0,47510.0,61050.0,78800.0,,,2019,,,19,"Life, Physical, and Social Science Occupations"
99,U.S.,1,0,Cross-industry,cross-industry,1235,19-4071,Forest and Conservation Technicians,detailed,19060,1.6,,,,22.05,45860.0,0.4,14.34,17.38,21.87,25.86,29.51,29830.0,36160.0,45500.0,53790.0,61370.0,,,2019,,,19,"Life, Physical, and Social Science Occupations"
99,U.S.,1,0,Cross-industry,cross-industry,1235,19-4092,Forensic Science Technicians,detailed,16520,1.3,,,,30.37,63170.0,0.9,17.13,21.72,28.44,37.12,46.8,35620.0,45180.0,59150.0,77200.0,97350.0,,,2019,,,19,"Life, Physical, and Social Science Occupations"
99,U.S.,1,0,Cross-industry,cross-industry,1235,19-4099,"Life, Physical, and Social Science Technicians, All Other",detailed,64260,2.9,,,,25.8,53670.0,0.8,14.45,18.28,24.3,30.74,39.28,30050.0,38010.0,50550.0,63940.0,81710.0,,,2019,,,19,"Life, Physical, and Social Science Occupations"
99,U.S.,1,0,Cross-industry,cross-industry,1235,19-5011,Occupational Health and Safety Specialists,detailed,92780,1.0,,,,36.68,76290.0,0.3,20.97,27.6,35.63,44.46,53.43,43630.0,57400.0,74100.0,92470.0,111130.0,,,2019,,,19,"Life, Physical, and Social Science Occupations"
99,U.S.,1,0,Cross-industry,cross-industry,1235,19-5012,Occupational Health and Safety Technicians,detailed,20580,1.9,,,,27.15,56470.0,1.1,15.78,19.28,24.79,33.15,43.14,32830.0,40090.0,51550.0,68940.0,89720.0,,,2019,,,19,"Life, Physical, and Social Science Occupations"
99,U.S.,1,0,Cross-industry,cross-industry,1235,21-1012,"Educational, Guidance, and Career Counselors and Advisors",detailed,296460,0.8,,,,29.33,61000.0,0.6,16.53,21.16,27.42,35.79,46.2,34380.0,44010.0,57040.0,74430.0,96090.0,,,2019,,,21,Community and Social Service Occupations
99,U.S.,1,0,Cross-industry,cross-industry,1235,21-1013,Marriage and Family Therapists,detailed,59050,4.0,,,,26.25,54590.0,1.5,15.42,18.14,23.85,31.07,42.16,32070.0,37740.0,49610.0,64630.0,87700.0,,,2019,,,21,Community and Social Service Occupations
99,U.S.,1,0,Cross-industry,cross-industry,1235,21-1015,Rehabilitation Counselors,detailed,109040,1.9,,,,19.31,40160.0,0.7,11.45,13.53,17.28,23.13,30.67,23820.0,28140.0,35950.0,48110.0,63790.0,,,2019,,,21,Community and Social Service Occupations
99,U.S.,1,0,Cross-industry,cross-industry,1235,21-1018,"Substance Abuse, Behavioral Disorder, and Mental Health Counselors",detailed,283540,1.1,,,,24.01,49950.0,0.5,14.19,17.29,22.23,28.68,36.58,29520.0,35960.0,46240.0,59650.0,76080.0,,,2019,,,21,Community and Social Service Occupations
99,U.S.,1,0,Cross-industry,cross-industry,1235,21-1019,"Counselors, All Other",detailed,25420,3.7,,,,23.46,48800.0,1.4,13.0,16.2,20.64,28.45,37.3,27030.0,33690.0,42930.0,59170.0,77590.0,,,2019,,,21,Community and Social Service Occupations
99,U.S.,1,0,Cross-industry,cross-industry,1235,21-1021,"Child, Family, and School Social Workers",detailed,327710,0.9,,,,24.53,51030.0,1.0,14.84,17.94,22.78,29.13,37.61,30870.0,37320.0,47390.0,60600.0,78230.0,,,2019,,,21,Community and Social Service Occupations
99,U.S.,1,0,Cross-industry,cross-industry,1235,21-1022,Healthcare Social Workers,detailed,174890,1.5,,,,28.51,59300.0,0.7,16.83,21.25,27.29,34.14,41.41,35000.0,44200.0,56750.0,71000.0,86130.0,,,2019,,,21,Community and Social Service Occupations
99,U.S.,1,0,Cross-industry,cross-industry,1235,21-1023,Mental Health and Substance Abuse Social Workers,detailed,117770,1.6,,,,24.84,51670.0,0.9,14.2,17.21,22.43,29.78,38.89,29540.0,35790.0,46650.0,61930.0,80900.0,,,2019,,,21,Community and Social Service Occupations
99,U.S.,1,0,Cross-industry,cross-industry,1235,21-1029,"Social Workers, All Other",detailed,58410,1.5,,,,29.69,61750.0,0.8,16.45,20.95,29.44,37.84,43.65,34210.0,43570.0,61230.0,78720.0,90800.0,,,2019,,,21,Community and Social Service Occupations
99,U.S.,1,0,Cross-industry,cross-industry,1235,21-1091,Health Education Specialists,detailed,58590,1.7,,,,29.09,60500.0,1.5,15.81,19.7,26.55,36.08,47.44,32890.0,40970.0,55220.0,75050.0,98680.0,,,2019,,,21,Community and Social Service Occupations
99,U.S.,1,0,Cross-industry,cross-industry,1235,21-1092,Probation Officers and Correctional Treatment Specialists,detailed,88120,0.6,,,,28.8,59910.0,0.9,17.49,20.69,26.1,34.83,45.61,36370.0,43040.0,54290.0,72450.0,94860.0,,,2019,,,21,Community and Social Service Occupations
99,U.S.,1,0,Cross-industry,cross-industry,1235,21-1093,Social and Human Service Assistants,detailed,404450,1.4,,,,17.81,37050.0,0.4,11.42,13.55,16.85,21.06,26.07,23750.0,28190.0,35060.0,43800.0,54230.0,,,2019,,,21,Community and Social Service Occupations
99,U.S.,1,0,Cross-industry,cross-industry,1235,21-1094,Community Health Workers,detailed,58950,2.2,,,,21.34,44390.0,0.7,12.82,15.79,19.41,25.41,32.86,26660.0,32850.0,40360.0,52850.0,68350.0,,,2019,,,21,Community and Social Service Occupations
99,U.S.,1,0,Cross-industry,cross-industry,1235,21-1099,"Community and Social Service Specialists, All Other",detailed,97480,1.5,,,,22.55,46900.0,1.0,12.52,16.19,21.05,27.56,35.2,26030.0,33680.0,43790.0,57320.0,73220.0,,,2019,,,21,Community and Social Service Occupations
99,U.S.,1,0,Cross-industry,cross-industry,1235,21-2011,Clergy,detailed,53180,1.9,,,,26.53,55190.0,1.1,12.89,17.7,24.23,31.41,41.81,26810.0,36810.0,50400.0,65320.0,86970.0,,,2019,,,21,Community and Social Service Occupations
99,U.S.,1,0,Cross-industry,cross-industry,1235,21-2021,"Directors, Religious Activities and Education",detailed,21820,3.3,,,,24.28,50490.0,1.7,11.32,14.7,21.09,29.92,43.69,23540.0,30580.0,43860.0,62240.0,90870.0,,,2019,,,21,Community and Social Service Occupations
99,U.S.,1,0,Cross-industry,cross-industry,1235,21-2099,"Religious Workers, All Other",detailed,9450,6.7,,,,19.15,39830.0,3.7,9.97,11.92,15.21,22.42,31.55,20740.0,24780.0,31630.0,46640.0,65630.0,,,2019,,,21,Community and Social Service Occupations
99,U.S.,1,0,Cross-industry,cross-industry,1235,23-1011,Lawyers,detailed,657170,0.7,,,,69.86,145300.0,0.7,28.69,38.92,59.11,89.59,,59670.0,80950.0,122960.0,186350.0,,,,2019,,,23,Legal Occupations
99,U.S.,1,0,Cross-industry,cross-industry,1235,23-1012,Judicial Law Clerks,detailed,16630,1.6,,,,28.79,59890.0,2.4,16.3,20.02,25.97,34.69,46.63,33910.0,41640.0,54010.0,72160.0,96990.0,,,2019,,,23,Legal Occupations
99,U.S.,1,0,Cross-industry,cross-industry,1235,23-1021,"Administrative Law Judges, Adjudicators, and Hearing Officers",detailed,14380,0.4,,,,48.19,100230.0,0.5,22.1,31.31,47.05,62.44,82.7,45970.0,65130.0,97870.0,129880.0,172010.0,,,2019,,,23,Legal Occupations
99,U.S.,1,0,Cross-industry,cross-industry,1235,23-1022,"Arbitrators, Mediators, and Conciliators",detailed,6090,3.8,,,,35.44,73720.0,1.8,17.99,22.34,30.74,45.31,59.49,37420.0,46460.0,63930.0,94230.0,123730.0,,,2019,,,23,Legal Occupations
99,U.S.,1,0,Cross-industry,cross-industry,1235,23-1023,"Judges, Magistrate Judges, and Magistrates",detailed,28670,0.5,,,,61.8,128550.0,1.3,18.8,37.46,65.82,79.48,98.17,39110.0,77910.0,136910.0,165320.0,204200.0,,,2019,,,23,Legal Occupations
99,U.S.,1,0,Cross-industry,cross-industry,1235,23-2011,Paralegals and Legal Assistants,detailed,329870,1.1,,,,26.45,55020.0,0.5,15.46,18.99,24.87,31.54,39.66,32160.0,39500.0,51740.0,65610.0,82500.0,,,2019,,,23,Legal Occupations
99,U.S.,1,0,Cross-industry,cross-industry,1235,23-2093,"Title Examiners, Abstractors, and Searchers",detailed,52890,3.5,,,,25.02,52050.0,1.1,13.97,17.64,23.17,29.85,38.42,29060.0,36700.0,48180.0,62090.0,79920.0,,,2019,,,23,Legal Occupations
99,U.S.,1,0,Cross-industry,cross-industry,1235,23-2099,"Legal Support Workers, All Other",detailed,45080,2.4,,,,34.06,70840.0,1.0,15.42,21.13,28.08,44.74,64.76,32070.0,43950.0,58400.0,93050.0,134710.0,,,2019,,,23,Legal Occupations
99,U.S.,1,0,Cross-industry,cross-industry,1235,25-1011,"Business Teachers, Postsecondary",detailed,83920,1.6,,,,,105440.0,1.3,,,,,,39470.0,57680.0,87200.0,133160.0,196980.0,True,,2019,,,25,Educational Instruction and Library Occupations
99,U.S.,1,0,Cross-industry,cross-industry,1235,25-1021,"Computer Science Teachers, Postsecondary",detailed,31800,1.7,,,,,98430.0,1.4,,,,,,42750.0,59550.0,85180.0,123720.0,169980.0,True,,2019,,,25,Educational Instruction and Library Occupations
99,U.S.,1,0,Cross-industry,cross-industry,1235,25-1022,"Mathematical Science Teachers, Postsecondary",detailed,51150,1.4,,,,,86330.0,1.1,,,,,,38790.0,53170.0,73690.0,106460.0,154320.0,True,,2019,,,25,Educational Instruction and Library Occupations
99,U.S.,1,0,Cross-industry,cross-industry,1235,25-1031,"Architecture Teachers, Postsecondary",detailed,6780,3.5,,,,,98980.0,2.9,,,,,,43000.0,63450.0,87900.0,124060.0,175390.0,True,,2019,,,25,Educational Instruction and Library Occupations
99,U.S.,1,0,Cross-industry,cross-industry,1235,25-1032,"Engineering Teachers, Postsecondary",detailed,36080,2.0,,,,,112110.0,1.4,,,,,,53030.0,74510.0,101010.0,136400.0,185720.0,True,,2019,,,25,Educational Instruction and Library Occupations
99,U.S.,1,0,Cross-industry,cross-industry,1235,25-1041,"Agricultural Sciences Teachers, Postsecondary",detailed,9470,3.2,,,,,89320.0,2.4,,,,,,40750.0,57770.0,83260.0,113790.0,149700.0,True,,2019,,,25,Educational Instruction and Library Occupations
99,U.S.,1,0,Cross-industry,cross-industry,1235,25-1042,"Biological Science Teachers, Postsecondary",detailed,53090,1.8,,,,,98700.0,2.4,,,,,,44750.0,59710.0,83300.0,122410.0,173930.0,True,,2019,,,25,Educational Instruction and Library Occupations
99,U.S.,1,0,Cross-industry,cross-industry,1235,25-1043,"Forestry and Conservation Science Teachers, Postsecondary",detailed,1770,4.7,,,,,90940.0,2.2,,,,,,49210.0,63810.0,85450.0,112470.0,138950.0,True,,2019,,,25,Educational Instruction and Library Occupations
99,U.S.,1,0,Cross-industry,cross-industry,1235,25-1051,"Atmospheric, Earth, Marine, and Space Sciences Teachers, Postsecondary",detailed,11020,2.3,,,,,102690.0,1.5,,,,,,47660.0,65900.0,92040.0,127210.0,173140.0,True,,2019,,,25,Educational Instruction and Library Occupations
99,U.S.,1,0,Cross-industry,cross-industry,1235,25-1052,"Chemistry Teachers, Postsecondary",detailed,21380,1.9,,,,,92650.0,0.9,,,,,,45940.0,59100.0,79550.0,112340.0,159160.0,True,,2019,,,25,Educational Instruction and Library Occupations
99,U.S.,1,0,Cross-industry,cross-industry,1235,25-1053,"Environmental Science Teachers, Postsecondary",detailed,6060,3.7,,,,,93450.0,1.9,,,,,,44760.0,59920.0,82430.0,115350.0,158030.0,True,,2019,,,25,Educational Instruction and Library Occupations
99,U.S.,1,0,Cross-industry,cross-industry,1235,25-1054,"Physics Teachers, Postsecondary",detailed,13780,2.3,,,,,101110.0,1.3,,,,,,49690.0,64660.0,89590.0,124880.0,168900.0,True,,2019,,,25,Educational Instruction and Library Occupations
99,U.S.,1,0,Cross-industry,cross-industry,1235,25-1061,"Anthropology and Archeology Teachers, Postsecondary",detailed,5850,2.9,,,,,95140.0,1.2,,,,,,46700.0,63600.0,86220.0,117210.0,157840.0,True,,2019,,,25,Educational Instruction and Library Occupations
99,U.S.,1,0,Cross-industry,cross-industry,1235,25-1062,"Area, Ethnic, and Cultural Studies Teachers, Postsecondary",detailed,10600,2.9,,,,,88410.0,1.6,,,,,,38610.0,54920.0,77070.0,105140.0,157030.0,True,,2019,,,25,Educational Instruction and Library Occupations
99,U.S.,1,0,Cross-industry,cross-industry,1235,25-1063,"Economics Teachers, Postsecondary",detailed,13270,2.3,,,,,119160.0,1.4,,,,,,51090.0,73330.0,104370.0,146270.0,206150.0,True,,2019,,,25,Educational Instruction and Library Occupations
99,U.S.,1,0,Cross-industry,cross-industry,1235,25-1064,"Geography Teachers, Postsecondary",detailed,3970,4.2,,,,,86540.0,1.1,,,,,,43740.0,62170.0,80520.0,105300.0,137690.0,True,,2019,,,25,Educational Instruction and Library Occupations
99,U.S.,1,0,Cross-industry,cross-industry,1235,25-1065,"Political Science Teachers, Postsecondary",detailed,15750,1.7,,,,,102290.0,2.5,,,,,,44340.0,61590.0,85930.0,122800.0,184340.0,True,,2019,,,25,Educational Instruction and Library Occupations
99,U.S.,1,0,Cross-industry,cross-industry,1235,25-1066,"Psychology Teachers, Postsecondary",detailed,37480,2.1,,,,,87530.0,1.0,,,,,,41010.0,56180.0,76620.0,105830.0,151030.0,True,,2019,,,25,Educational Instruction and Library Occupations
99,U.S.,1,0,Cross-industry,cross-industry,1235,25-1067,"Sociology Teachers, Postsecondary",detailed,13850,2.1,,,,,85240.0,1.3,,,,,,39920.0,54980.0,75290.0,103300.0,147930.0,True,,2019,,,25,Educational Instruction and Library Occupations
99,U.S.,1,0,Cross-industry,cross-industry,1235,25-1069,"Social Sciences Teachers, Postsecondary, All Other",detailed,16830,2.9,,,,,85390.0,2.1,,,,,,30880.0,49260.0,71530.0,107530.0,164920.0,True,,2019,,,25,Educational Instruction and Library Occupations
99,U.S.,1,0,Cross-industry,cross-industry,1235,25-1071,"Health Specialties Teachers, Postsecondary",detailed,201920,2.9,,,,,121620.0,2.3,,,,,,44350.0,62350.0,97320.0,159950.0,,True,,2019,,,25,Educational Instruction and Library Occupations
99,U.S.,1,0,Cross-industry,cross-industry,1235,25-1072,"Nursing Instructors and Teachers, Postsecondary",detailed,59680,1.8,,,,,83160.0,1.9,,,,,,41130.0,56260.0,74600.0,99640.0,133460.0,True,,2019,,,25,Educational Instruction and Library Occupations
99,U.S.,1,0,Cross-industry,cross-industry,1235,25-1081,"Education Teachers, Postsecondary",detailed,61300,1.5,,,,,74560.0,1.1,,,,,,31730.0,47980.0,65510.0,91270.0,128140.0,True,,2019,,,25,Educational Instruction and Library Occupations
99,U.S.,1,0,Cross-industry,cross-industry,1235,25-1082,"Library Science Teachers, Postsecondary",detailed,4390,3.2,,,,,77170.0,1.2,,,,,,46230.0,56750.0,71410.0,91160.0,118330.0,True,,2019,,,25,Educational Instruction and Library Occupations
99,U.S.,1,0,Cross-industry,cross-industry,1235,25-1111,"Criminal Justice and Law Enforcement Teachers, Postsecondary",detailed,14070,2.6,,,,,72980.0,1.4,,,,,,35650.0,48350.0,62860.0,88510.0,125680.0,True,,2019,,,25,Educational Instruction and Library Occupations
99,U.S.,1,0,Cross-industry,cross-industry,1235,25-1112,"Law Teachers, Postsecondary",detailed,16180,3.7,,,,,129950.0,2.1,,,,,,37600.0,59160.0,113530.0,179230.0,,True,,2019,,,25,Educational Instruction and Library Occupations
99,U.S.,1,0,Cross-industry,cross-industry,1235,25-1113,"Social Work Teachers, Postsecondary",detailed,13640,3.8,,,,,77910.0,1.9,,,,,,34900.0,53320.0,72070.0,96050.0,128350.0,True,,2019,,,25,Educational Instruction and Library Occupations
99,U.S.,1,0,Cross-industry,cross-industry,1235,25-1121,"Art, Drama, and Music Teachers, Postsecondary",detailed,94060,2.1,,,,,83220.0,1.4,,,,,,35180.0,50030.0,69530.0,100620.0,149560.0,True,,2019,,,25,Educational Instruction and Library Occupations
99,U.S.,1,0,Cross-industry,cross-industry,1235,25-1122,"Communications Teachers, Postsecondary",detailed,29120,2.1,,,,,79830.0,1.1,,,,,,38160.0,51470.0,70630.0,97920.0,137830.0,True,,2019,,,25,Educational Instruction and Library Occupations
99,U.S.,1,0,Cross-industry,cross-industry,1235,25-1123,"English Language and Literature Teachers, Postsecondary",detailed,67930,1.3,,,,,80180.0,1.1,,,,,,37960.0,50150.0,68490.0,99180.0,140890.0,True,,2019,,,25,Educational Instruction and Library Occupations
99,U.S.,1,0,Cross-industry,cross-industry,1235,25-1124,"Foreign Language and Literature Teachers, Postsecondary",detailed,24860,2.5,,,,,80170.0,1.0,,,,,,40530.0,53040.0,69990.0,99090.0,135430.0,True,,2019,,,25,Educational Instruction and Library Occupations
99,U.S.,1,0,Cross-industry,cross-industry,1235,25-1125,"History Teachers, Postsecondary",detailed,21030,1.6,,,,,84210.0,1.1,,,,,,39580.0,55520.0,75170.0,101530.0,139140.0,True,,2019,,,25,Educational Instruction and Library Occupations
99,U.S.,1,0,Cross-industry,cross-industry,1235,25-1126,"Philosophy and Religion Teachers, Postsecondary",detailed,23490,4.1,,,,,88970.0,2.2,,,,,,41540.0,55570.0,75240.0,103960.0,151180.0,True,,2019,,,25,Educational Instruction and Library Occupations
99,U.S.,1,0,Cross-industry,cross-industry,1235,25-1192,"Family and Consumer Sciences Teachers, Postsecondary",detailed,2150,4.6,,,,,85270.0,3.3,,,,,,36430.0,54540.0,76480.0,101880.0,137050.0,True,,2019,,,25,Educational Instruction and Library Occupations
99,U.S.,1,0,Cross-industry,cross-industry,1235,25-1193,"Recreation and Fitness Studies Teachers, Postsecondary",detailed,15880,2.3,,,,,73720.0,1.2,,,,,,33740.0,47790.0,64380.0,92350.0,127910.0,True,,2019,,,25,Educational Instruction and Library Occupations
99,U.S.,1,0,Cross-industry,cross-industry,1235,25-1194,"Career/Technical Education Teachers, Postsecondary",detailed,112210,1.6,,,,29.05,60420.0,0.9,15.79,20.18,26.26,34.84,47.71,32840.0,41970.0,54620.0,72460.0,99230.0,,,2019,,,25,Educational Instruction and Library Occupations
99,U.S.,1,0,Cross-industry,cross-industry,1235,25-1199,"Postsecondary Teachers, All Other",detailed,201320,3.3,,,,,80720.0,1.7,,,,,,31570.0,50610.0,68970.0,104240.0,144210.0,True,,2019,,,25,Educational Instruction and Library Occupations
99,U.S.,1,0,Cross-industry,cross-industry,1235,25-2011,"Preschool Teachers, Except Special Education",detailed,431350,1.2,,,,16.66,34650.0,0.6,10.16,11.94,14.67,19.1,26.46,21140.0,24830.0,30520.0,39720.0,55050.0,,,2019,,,25,Educational Instruction and Library Occupations
99,U.S.,1,0,Cross-industry,cross-industry,1235,25-2012,"Kindergarten Teachers, Except Special Education",detailed,124290,1.7,,,,,60210.0,0.7,,,,,,37420.0,45720.0,56850.0,71470.0,90180.0,True,,2019,,,25,Educational Instruction and Library Occupations
99,U.S.,1,0,Cross-industry,cross-industry,1235,25-2021,"Elementary School Teachers, Except Special Education",detailed,1430480,0.9,,,,,63930.0,0.7,,,,,,39020.0,47300.0,59670.0,77440.0,97900.0,True,,2019,,,25,Educational Instruction and Library Occupations
99,U.S.,1,0,Cross-industry,cross-industry,1235,25-2022,"Middle School Teachers, Except Special and Career/Technical Education",detailed,622330,1.4,,,,,63550.0,0.8,,,,,,39990.0,47850.0,59660.0,76430.0,96280.0,True,,2019,,,25,Educational Instruction and Library Occupations
99,U.S.,1,0,Cross-industry,cross-industry,1235,25-2023,"Career/Technical Education Teachers, Middle School",detailed,11860,8.2,,,,,64900.0,1.7,,,,,,40770.0,50500.0,60800.0,77460.0,97050.0,True,,2019,,,25,Educational Instruction and Library Occupations
99,U.S.,1,0,Cross-industry,cross-industry,1235,25-2031,"Secondary School Teachers, Except Special and Career/Technical Education",detailed,1035850,1.3,,,,,65930.0,0.6,,,,,,40540.0,49060.0,61660.0,79820.0,99660.0,True,,2019,,,25,Educational Instruction and Library Occupations
99,U.S.,1,0,Cross-industry,cross-industry,1235,25-2032,"Career/Technical Education Teachers, Secondary School",detailed,74520,4.0,,,,,64800.0,0.7,,,,,,42620.0,51240.0,61710.0,76730.0,94050.0,True,,2019,,,25,Educational Instruction and Library Occupations
99,U.S.,1,0,Cross-industry,cross-industry,1235,25-2051,"Special Education Teachers, Preschool",detailed,22340,3.8,,,,,67060.0,3.4,,,,,,35110.0,45990.0,60000.0,79910.0,115260.0,True,,2019,,,25,Educational Instruction and Library Occupations
99,U.S.,1,0,Cross-industry,cross-industry,1235,25-2052,"Special Education Teachers, Kindergarten and Elementary School",detailed,193830,1.3,,,,,64420.0,1.2,,,,,,40560.0,48800.0,60460.0,77420.0,97210.0,True,,2019,,,25,Educational Instruction and Library Occupations
99,U.S.,1,0,Cross-industry,cross-industry,1235,25-2057,"Special Education Teachers, Middle School",detailed,85840,2.1,,,,,65740.0,1.5,,,,,,41370.0,50010.0,61440.0,79030.0,98610.0,True,,2019,,,25,Educational Instruction and Library Occupations
99,U.S.,1,0,Cross-industry,cross-industry,1235,25-2058,"Special Education Teachers, Secondary School",detailed,143170,1.5,,,,,65710.0,1.3,,,,,,41170.0,49820.0,61710.0,79150.0,98890.0,True,,2019,,,25,Educational Instruction and Library Occupations
99,U.S.,1,0,Cross-industry,cross-industry,1235,25-2059,"Special Education Teachers, All Other",detailed,35600,5.6,,,,,65350.0,1.8,,,,,,34180.0,45730.0,61190.0,81510.0,100890.0,True,,2019,,,25,Educational Instruction and Library Occupations
99,U.S.,1,0,Cross-industry,cross-industry,1235,25-3011,"Adult Basic Education, Adult Secondary Education, and English as a Second Language Instructors",detailed,51950,7.7,,,,28.36,58980.0,1.7,15.66,20.5,26.13,34.47,45.08,32580.0,42640.0,54350.0,71700.0,93760.0,,,2019,,,25,Educational Instruction and Library Occupations
99,U.S.,1,0,Cross-industry,cross-industry,1235,25-3021,Self-Enrichment Teachers,detailed,252780,1.5,,,,22.17,46120.0,0.8,10.29,13.24,18.84,27.48,38.62,21400.0,27540.0,39190.0,57160.0,80330.0,,,2019,,,25,Educational Instruction and Library Occupations
99,U.S.,1,0,Cross-industry,cross-industry,1235,25-3031,"Substitute Teachers, Short-Term",detailed,587120,1.5,,,,15.61,32460.0,1.1,9.08,10.99,13.84,17.95,23.65,18880.0,22860.0,28790.0,37340.0,49200.0,,,2019,,,25,Educational Instruction and Library Occupations
99,U.S.,1,0,Cross-industry,cross-industry,1235,25-3097,"Tutors and Teachers and Instructors, All Other",detailed,320250,1.7,,,,,48700.0,1.3,,,,,,21500.0,27260.0,39350.0,61490.0,87290.0,True,,2019,,,25,Educational Instruction and Library Occupations
99,U.S.,1,0,Cross-industry,cross-industry,1235,25-4011,Archivists,detailed,6560,6.2,,,,27.65,57500.0,1.3,15.32,19.0,25.94,34.88,43.92,31870.0,39530.0,53950.0,72560.0,91350.0,,,2019,,,25,Educational Instruction and Library Occupations
99,U.S.,1,0,Cross-industry,cross-industry,1235,25-4012,Curators,detailed,12890,2.9,,,,28.43,59130.0,0.9,14.78,19.7,26.24,35.27,45.55,30740.0,40980.0,54570.0,73370.0,94750.0,,,2019,,,25,Educational Instruction and Library Occupations
99,U.S.,1,0,Cross-industry,cross-industry,1235,25-4013,Museum Technicians and Conservators,detailed,13190,3.3,,,,23.09,48030.0,1.4,12.55,16.12,21.36,28.11,36.7,26110.0,33530.0,44430.0,58470.0,76330.0,,,2019,,,25,Educational Instruction and Library Occupations
99,U.S.,1,0,Cross-industry,cross-industry,1235,25-4022,Librarians and Media Collections Specialists,detailed,135690,1.3,,,,29.77,61920.0,0.5,16.26,22.13,28.61,36.4,45.44,33820.0,46030.0,59500.0,75700.0,94520.0,,,2019,,,25,Educational Instruction and Library Occupations
99,U.S.,1,0,Cross-industry,cross-industry,1235,25-4031,Library Technicians,detailed,88720,2.3,,,,17.76,36950.0,0.7,10.58,12.72,16.78,21.9,27.0,22010.0,26470.0,34900.0,45560.0,56170.0,,,2019,,,25,Educational Instruction and Library Occupations
99,U.S.,1,0,Cross-industry,cross-industry,1235,25-9021,Farm and Home Management Educators,detailed,8720,4.8,,,,25.34,52720.0,1.3,13.16,17.61,23.9,31.28,39.53,27370.0,36640.0,49710.0,65050.0,82210.0,,,2019,,,25,Educational Instruction and Library Occupations
99,U.S.,1,0,Cross-industry,cross-industry,1235,25-9031,Instructional Coordinators,detailed,176690,1.6,,,,33.26,69180.0,0.6,18.4,24.49,31.87,40.91,49.9,38260.0,50930.0,66290.0,85090.0,103790.0,,,2019,,,25,Educational Instruction and Library Occupations
99,U.S.,1,0,Cross-industry,cross-industry,1235,25-9044,"Teaching Assistants, Postsecondary",detailed,137500,2.8,,,,,36460.0,1.9,,,,,,18950.0,24570.0,32080.0,47370.0,59480.0,True,,2019,,,25,Educational Instruction and Library Occupations
99,U.S.,1,0,Cross-industry,cross-industry,1235,25-9045,"Teaching Assistants, Except Postsecondary",detailed,1346910,0.6,,,,,29640.0,0.6,,,,,,18940.0,22920.0,27920.0,35300.0,43040.0,True,,2019,,,25,Educational Instruction and Library Occupations
99,U.S.,1,0,Cross-industry,cross-industry,1235,25-9099,"Educational Instruction and Library Workers, All Other",detailed,129040,1.8,,,,22.1,45970.0,1.7,9.06,12.26,19.38,28.24,39.11,18840.0,25500.0,40310.0,58740.0,81360.0,,,2019,,,25,Educational Instruction and Library Occupations
99,U.S.,1,0,Cross-industry,cross-industry,1235,27-1011,Art Directors,detailed,42890,2.1,,,,52.69,109600.0,1.3,25.6,33.23,45.3,62.66,90.75,53240.0,69110.0,94220.0,130330.0,188750.0,,,2019,,,27,"Arts, Design, Entertainment, Sports, and Media Occupations"
99,U.S.,1,0,Cross-industry,cross-industry,1235,27-1012,Craft Artists,detailed,4640,8.5,,,,18.63,38740.0,2.2,9.96,12.51,16.69,22.24,30.27,20710.0,26030.0,34710.0,46250.0,62960.0,,,2019,,,27,"Arts, Design, Entertainment, Sports, and Media Occupations"
99,U.S.,1,0,Cross-industry,cross-industry,1235,27-1013,"Fine Artists, Including Painters, Sculptors, and Illustrators",detailed,12350,7.1,,,,30.3,63030.0,5.5,9.65,15.58,24.3,35.63,54.31,20070.0,32400.0,50550.0,74110.0,112970.0,,,2019,,,27,"Arts, Design, Entertainment, Sports, and Media Occupations"
99,U.S.,1,0,Cross-industry,cross-industry,1235,27-1014,Special Effects Artists and Animators,detailed,29340,4.2,,,,40.76,84780.0,2.1,19.35,26.63,36.19,49.68,67.28,40250.0,55390.0,75270.0,103330.0,139940.0,,,2019,,,27,"Arts, Design, Entertainment, Sports, and Media Occupations"
99,U.S.,1,0,Cross-industry,cross-industry,1235,27-1019,"Artists and Related Workers, All Other",detailed,7550,7.6,,,,32.57,67750.0,4.0,13.44,18.48,31.01,44.72,52.84,27950.0,38440.0,64490.0,93010.0,109900.0,,,2019,,,27,"Arts, Design, Entertainment, Sports, and Media Occupations"
99,U.S.,1,0,Cross-industry,cross-industry,1235,27-1021,Commercial and Industrial Designers,detailed,32770,2.9,,,,35.49,73820.0,1.0,19.17,25.61,33.12,43.74,55.27,39860.0,53270.0,68890.0,90980.0,114950.0,,,2019,,,27,"Arts, Design, Entertainment, Sports, and Media Occupations"
99,U.S.,1,0,Cross-industry,cross-industry,1235,27-1022,Fashion Designers,detailed,22030,4.2,,,,41.4,86110.0,2.5,17.92,25.2,35.48,48.48,71.64,37260.0,52410.0,73790.0,100830.0,149010.0,,,2019,,,27,"Arts, Design, Entertainment, Sports, and Media Occupations"
99,U.S.,1,0,Cross-industry,cross-industry,1235,27-1023,Floral Designers,detailed,41770,2.4,,,,14.31,29760.0,0.8,9.47,11.19,13.48,16.76,19.9,19710.0,23280.0,28040.0,34870.0,41400.0,,,2019,,,27,"Arts, Design, Entertainment, Sports, and Media Occupations"
99,U.S.,1,0,Cross-industry,cross-industry,1235,27-1024,Graphic Designers,detailed,215930,0.9,,,,27.17,56510.0,0.5,14.81,18.75,25.05,33.13,42.89,30810.0,39000.0,52110.0,68920.0,89210.0,,,2019,,,27,"Arts, Design, Entertainment, Sports, and Media Occupations"
99,U.S.,1,0,Cross-industry,cross-industry,1235,27-1025,Interior Designers,detailed,60650,2.9,,,,29.32,60990.0,1.1,15.37,20.32,26.94,35.33,46.38,31970.0,42260.0,56040.0,73490.0,96470.0,,,2019,,,27,"Arts, Design, Entertainment, Sports, and Media Occupations"
99,U.S.,1,0,Cross-industry,cross-industry,1235,27-1026,Merchandise Displayers and Window Trimmers,detailed,140850,2.6,,,,15.84,32940.0,0.7,10.4,11.88,14.16,17.95,23.75,21630.0,24710.0,29460.0,37330.0,49410.0,,,2019,,,27,"Arts, Design, Entertainment, Sports, and Media Occupations"
99,U.S.,1,0,Cross-industry,cross-industry,1235,27-1027,Set and Exhibit Designers,detailed,12040,6.3,,,,30.04,62480.0,2.4,14.86,18.51,26.25,37.77,50.96,30910.0,38500.0,54600.0,78560.0,105990.0,,,2019,,,27,"Arts, Design, Entertainment, Sports, and Media Occupations"
99,U.S.,1,0,Cross-industry,cross-industry,1235,27-1029,"Designers, All Other",detailed,10610,6.0,,,,35.34,73510.0,2.5,14.49,21.7,31.07,43.57,63.75,30130.0,45140.0,64620.0,90630.0,132610.0,,,2019,,,27,"Arts, Design, Entertainment, Sports, and Media Occupations"
99,U.S.,1,0,Cross-industry,cross-industry,1235,27-2011,Actors,detailed,52620,13.6,,,,29.14,,4.2,9.52,12.59,20.43,29.29,60.41,,,,,,,True,2019,,,27,"Arts, Design, Entertainment, Sports, and Media Occupations"
99,U.S.,1,0,Cross-industry,cross-industry,1235,27-2012,Producers and Directors,detailed,129210,5.7,,,,45.16,93940.0,2.7,17.06,24.44,35.78,55.06,83.5,35480.0,50840.0,74420.0,114530.0,173680.0,,,2019,,,27,"Arts, Design, Entertainment, Sports, and Media Occupations"
99,U.S.,1,0,Cross-industry,cross-industry,1235,27-2021,Athletes and Sports Competitors,detailed,11330,5.2,,,,,93140.0,5.5,,,,,,19280.0,25770.0,51370.0,109920.0,,True,,2019,,,27,"Arts, Design, Entertainment, Sports, and Media Occupations"
99,U.S.,1,0,Cross-industry,cross-industry,1235,27-2022,Coaches and Scouts,detailed,241390,1.6,,,,,44910.0,0.8,,,,,,19040.0,23950.0,34840.0,53980.0,78890.0,True,,2019,,,27,"Arts, Design, Entertainment, Sports, and Media Occupations"
99,U.S.,1,0,Cross-industry,cross-industry,1235,27-2023,"Umpires, Referees, and Other Sports Officials",detailed,20120,3.3,,,,,38810.0,4.3,,,,,,18310.0,21580.0,28550.0,44750.0,62490.0,True,,2019,,,27,"Arts, Design, Entertainment, Sports, and Media Occupations"
99,U.S.,1,0,Cross-industry,cross-industry,1235,27-2031,Dancers,detailed,9690,8.1,,,,22.91,,3.0,10.1,12.05,17.49,27.48,43.41,,,,,,,True,2019,,,27,"Arts, Design, Entertainment, Sports, and Media Occupations"
99,U.S.,1,0,Cross-industry,cross-industry,1235,27-2032,Choreographers,detailed,4630,10.5,,,,25.77,53590.0,3.4,10.48,15.3,22.27,31.75,48.9,21800.0,31820.0,46330.0,66040.0,101710.0,,,2019,,,27,"Arts, Design, Entertainment, Sports, and Media Occupations"
99,U.S.,1,0,Cross-industry,cross-industry,1235,27-2041,Music Directors and Composers,detailed,10580,4.5,,,,31.09,64670.0,4.2,11.1,16.01,24.84,36.06,60.19,23100.0,33290.0,51670.0,75010.0,125200.0,,,2019,,,27,"Arts, Design, Entertainment, Sports, and Media Occupations"
99,U.S.,1,0,Cross-industry,cross-industry,1235,27-2042,Musicians and Singers,detailed,41130,2.9,,,,39.96,,2.5,11.11,17.48,30.39,50.76,80.7,,,,,,,True,2019,,,27,"Arts, Design, Entertainment, Sports, and Media Occupations"
99,U.S.,1,0,Cross-industry,cross-industry,1235,27-2090,"Miscellaneous Entertainers and Performers, Sports and Related Workers",detailed,15840,11.9,,,,23.4,,7.4,8.82,11.0,15.86,24.78,43.93,,,,,,,True,2019,,,27,"Arts, Design, Entertainment, Sports, and Media Occupations"
99,U.S.,1,0,Cross-industry,cross-industry,1235,27-3011,Broadcast Announcers and Radio Disc Jockeys,detailed,29230,2.7,,,,25.76,53580.0,1.9,9.29,11.54,16.65,26.95,50.57,19330.0,24010.0,34630.0,56060.0,105180.0,,,2019,,,27,"Arts, Design, Entertainment, Sports, and Media Occupations"
99,U.S.,1,0,Cross-industry,cross-industry,1235,27-3023,"News Analysts, Reporters, and Journalists",detailed,44100,2.7,,,,30.0,62400.0,1.6,11.79,15.12,22.25,36.5,56.33,24520.0,31450.0,46270.0,75920.0,117170.0,,,2019,,,27,"Arts, Design, Entertainment, Sports, and Media Occupations"
99,U.S.,1,0,Cross-industry,cross-industry,1235,27-3031,Public Relations Specialists,detailed,244730,1.0,,,,33.75,70190.0,0.6,16.63,21.87,29.4,39.98,55.5,34590.0,45480.0,61150.0,83170.0,115430.0,,,2019,,,27,"Arts, Design, Entertainment, Sports, and Media Occupations"
99,U.S.,1,0,Cross-industry,cross-industry,1235,27-3041,Editors,detailed,95970,1.7,,,,34.57,71910.0,1.0,15.68,21.25,29.5,41.22,58.79,32620.0,44190.0,61370.0,85730.0,122280.0,,,2019,,,27,"Arts, Design, Entertainment, Sports, and Media Occupations"
99,U.S.,1,0,Cross-industry,cross-industry,1235,27-3042,Technical Writers,detailed,50760,1.7,,,,36.95,76860.0,0.6,21.31,27.2,35.03,44.99,56.37,44320.0,56570.0,72850.0,93590.0,117250.0,,,2019,,,27,"Arts, Design, Entertainment, Sports, and Media Occupations"
99,U.S.,1,0,Cross-industry,cross-industry,1235,27-3043,Writers and Authors,detailed,45860,2.0,,,,35.51,73860.0,1.4,16.18,22.42,30.39,41.88,58.87,33660.0,46640.0,63200.0,87110.0,122450.0,,,2019,,,27,"Arts, Design, Entertainment, Sports, and Media Occupations"
99,U.S.,1,0,Cross-industry,cross-industry,1235,27-3091,Interpreters and Translators,detailed,58870,3.1,,,,27.4,57000.0,1.4,13.54,18.15,24.92,34.42,45.37,28170.0,37740.0,51830.0,71590.0,94370.0,,,2019,,,27,"Arts, Design, Entertainment, Sports, and Media Occupations"
99,U.S.,1,0,Cross-industry,cross-industry,1235,27-3092,Court Reporters and Simultaneous Captioners,detailed,14530,4.3,,,,31.25,64990.0,1.8,15.18,21.21,28.91,41.06,51.06,31570.0,44120.0,60130.0,85400.0,106210.0,,,2019,,,27,"Arts, Design, Entertainment, Sports, and Media Occupations"
99,U.S.,1,0,Cross-industry,cross-industry,1235,27-3099,"Media and Communication Workers, All Other",detailed,25160,4.2,,,,25.51,53060.0,1.8,10.97,14.8,22.88,32.59,44.55,22820.0,30790.0,47580.0,67790.0,92660.0,,,2019,,,27,"Arts, Design, Entertainment, Sports, and Media Occupations"
99,U.S.,1,0,Cross-industry,cross-industry,1235,27-4011,Audio and Video Technicians,detailed,73960,2.4,,,,24.65,51260.0,1.1,12.83,16.47,22.07,30.1,39.99,26690.0,34270.0,45910.0,62610.0,83170.0,,,2019,,,27,"Arts, Design, Entertainment, Sports, and Media Occupations"
99,U.S.,1,0,Cross-industry,cross-industry,1235,27-4012,Broadcast Technicians,detailed,28650,3.2,,,,22.5,46800.0,1.3,10.4,13.14,19.51,29.1,39.46,21620.0,27320.0,40570.0,60520.0,82080.0,,,2019,,,27,"Arts, Design, Entertainment, Sports, and Media Occupations"
99,U.S.,1,0,Cross-industry,cross-industry,1235,27-4014,Sound Engineering Technicians,detailed,12890,5.1,,,,32.25,67090.0,3.3,12.5,16.96,26.32,38.04,58.33,25990.0,35270.0,54740.0,79130.0,121320.0,,,2019,,,27,"Arts, Design, Entertainment, Sports, and Media Occupations"
99,U.S.,1,0,Cross-industry,cross-industry,1235,27-4021,Photographers,detailed,50620,2.3,,,,21.85,45440.0,1.7,9.92,12.09,17.44,27.53,38.19,20630.0,25150.0,36280.0,57250.0,79440.0,,,2019,,,27,"Arts, Design, Entertainment, Sports, and Media Occupations"
99,U.S.,1,0,Cross-industry,cross-industry,1235,27-4031,"Camera Operators, Television, Video, and Film",detailed,21500,3.9,,,,31.23,64960.0,2.7,12.77,17.87,26.52,37.56,53.26,26560.0,37180.0,55160.0,78120.0,110790.0,,,2019,,,27,"Arts, Design, Entertainment, Sports, and Media Occupations"
99,U.S.,1,0,Cross-industry,cross-industry,1235,27-4032,Film and Video Editors,detailed,27570,4.7,,,,41.97,87300.0,4.5,15.75,21.78,30.66,47.7,80.93,32750.0,45310.0,63780.0,99220.0,168320.0,,,2019,,,27,"Arts, Design, Entertainment, Sports, and Media Occupations"
99,U.S.,1,0,Cross-industry,cross-industry,1235,27-4098,"Lighting Technicians and Media and Communication Equipment Workers, All Other",detailed,23440,9.8,,,,35.43,73700.0,1.7,14.12,21.67,35.32,46.63,56.12,29360.0,45080.0,73460.0,96980.0,116740.0,,,2019,,,27,"Arts, Design, Entertainment, Sports, and Media Occupations"
99,U.S.,1,0,Cross-industry,cross-industry,1235,29-1011,Chiropractors,detailed,35010,2.5,,,,40.87,85010.0,1.9,16.97,25.38,33.82,47.0,70.9,35290.0,52800.0,70340.0,97760.0,147480.0,,,2019,,,29,Healthcare Practitioners and Technical Occupations
99,U.S.,1,0,Cross-industry,cross-industry,1235,29-1021,"Dentists, General",detailed,110730,1.9,,,,85.7,178260.0,1.2,38.87,54.36,74.81,,,80850.0,113060.0,155600.0,,,,,2019,,,29,Healthcare Practitioners and Technical Occupations
99,U.S.,1,0,Cross-industry,cross-industry,1235,29-1022,Oral and Maxillofacial Surgeons,detailed,4650,9.6,,,,114.21,237570.0,4.4,31.42,83.4,,,,65360.0,173470.0,,,,,,2019,,,29,Healthcare Practitioners and Technical Occupations
99,U.S.,1,0,Cross-industry,cross-industry,1235,29-1023,Orthodontists,detailed,5990,8.4,,,,110.98,230830.0,4.2,35.33,66.99,,,,73490.0,139330.0,,,,,,2019,,,29,Healthcare Practitioners and Technical Occupations
99,U.S.,1,0,Cross-industry,cross-industry,1235,29-1024,Prosthodontists,detailed,490,27.2,,,,106.17,220840.0,10.3,46.18,61.39,,,,96060.0,127690.0,,,,,,2019,,,29,Healthcare Practitioners and Technical Occupations
99,U.S.,1,0,Cross-industry,cross-industry,1235,29-1029,"Dentists, All Other Specialists",detailed,5330,11.8,,,,85.59,178040.0,5.0,45.31,54.73,70.78,,,94240.0,113830.0,147220.0,,,,,2019,,,29,Healthcare Practitioners and Technical Occupations
99,U.S.,1,0,Cross-industry,cross-industry,1235,29-1031,Dietitians and Nutritionists,detailed,67670,1.3,,,,29.97,62330.0,0.4,18.7,24.14,29.46,36.01,42.0,38890.0,50220.0,61270.0,74900.0,87360.0,,,2019,,,29,Healthcare Practitioners and Technical Occupations
99,U.S.,1,0,Cross-industry,cross-industry,1235,29-1041,Optometrists,detailed,39420,2.6,,,,59.12,122980.0,1.2,28.46,42.2,55.41,68.65,93.32,59200.0,87780.0,115250.0,142790.0,194100.0,,,2019,,,29,Healthcare Practitioners and Technical Occupations
99,U.S.,1,0,Cross-industry,cross-industry,1235,29-1051,Pharmacists,detailed,311200,1.2,,,,60.34,125510.0,0.3,42.5,53.91,61.58,71.47,78.32,88400.0,112140.0,128090.0,148660.0,162900.0,,,2019,,,29,Healthcare Practitioners and Technical Occupations
99,U.S.,1,0,Cross-industry,cross-industry,1235,29-1071,Physician Assistants,detailed,120090,1.5,,,,54.04,112410.0,0.4,34.96,44.62,53.97,62.75,75.54,72720.0,92800.0,112260.0,130530.0,157120.0,,,2019,,,29,Healthcare Practitioners and Technical Occupations
99,U.S.,1,0,Cross-industry,cross-industry,1235,29-1081,Podiatrists,detailed,9770,3.5,,,,68.6,142680.0,2.0,26.04,40.91,60.69,86.04,,54150.0,85090.0,126240.0,178960.0,,,,2019,,,29,Healthcare Practitioners and Technical Occupations
99,U.S.,1,0,Cross-industry,cross-industry,1235,29-1122,Occupational Therapists,detailed,133570,1.2,,,,41.45,86210.0,0.4,27.31,33.51,40.84,48.84,58.41,56800.0,69710.0,84950.0,101590.0,121490.0,,,2019,,,29,Healthcare Practitioners and Technical Occupations
99,U.S.,1,0,Cross-industry,cross-industry,1235,29-1123,Physical Therapists,detailed,233350,1.1,,,,43.35,90170.0,0.3,29.87,35.55,43.0,50.1,59.97,62120.0,73940.0,89440.0,104210.0,124740.0,,,2019,,,29,Healthcare Practitioners and Technical Occupations
99,U.S.,1,0,Cross-industry,cross-industry,1235,29-1124,Radiation Therapists,detailed,17860,3.4,,,,44.05,91620.0,1.0,28.5,33.74,41.14,50.88,61.84,59280.0,70170.0,85560.0,105830.0,128630.0,,,2019,,,29,Healthcare Practitioners and Technical Occupations
99,U.S.,1,0,Cross-industry,cross-industry,1235,29-1125,Recreational Therapists,detailed,19070,2.4,,,,24.58,51130.0,0.8,14.85,18.19,23.18,29.79,37.49,30880.0,37840.0,48220.0,61960.0,77970.0,,,2019,,,29,Healthcare Practitioners and Technical Occupations
99,U.S.,1,0,Cross-industry,cross-industry,1235,29-1126,Respiratory Therapists,detailed,132090,1.1,,,,30.75,63950.0,0.3,21.56,25.39,29.48,35.65,41.82,44850.0,52820.0,61330.0,74160.0,86980.0,,,2019,,,29,Healthcare Practitioners and Technical Occupations
99,U.S.,1,0,Cross-industry,cross-industry,1235,29-1127,Speech-Language Pathologists,detailed,154360,1.6,,,,39.43,82000.0,0.6,23.96,29.78,38.04,47.78,58.3,49840.0,61940.0,79120.0,99380.0,121260.0,,,2019,,,29,Healthcare Practitioners and Technical Occupations
99,U.S.,1,0,Cross-industry,cross-industry,1235,29-1128,Exercise Physiologists,detailed,7280,4.1,,,,26.32,54750.0,2.7,16.82,19.96,23.64,29.64,37.65,34990.0,41530.0,49170.0,61650.0,78310.0,,,2019,,,29,Healthcare Practitioners and Technical Occupations
99,U.S.,1,0,Cross-industry,cross-industry,1235,29-1129,"Therapists, All Other",detailed,12170,4.9,,,,28.17,58600.0,2.1,14.95,19.75,25.31,34.38,45.84,31090.0,41070.0,52650.0,71500.0,95340.0,,,2019,,,29,Healthcare Practitioners and Technical Occupations
99,U.S.,1,0,Cross-industry,cross-industry,1235,29-1131,Veterinarians,detailed,74540,1.8,,,,50.39,104820.0,1.1,27.92,36.34,45.9,58.94,77.3,58080.0,75580.0,95460.0,122590.0,160780.0,,,2019,,,29,Healthcare Practitioners and Technical Occupations
99,U.S.,1,0,Cross-industry,cross-industry,1235,29-1141,Registered Nurses,detailed,2982280,0.5,,,,37.24,77460.0,0.2,25.04,28.9,35.24,43.64,53.47,52080.0,60110.0,73300.0,90760.0,111220.0,,,2019,,,29,Healthcare Practitioners and Technical Occupations
99,U.S.,1,0,Cross-industry,cross-industry,1235,29-1151,Nurse Anesthetists,detailed,43570,3.9,,,,87.04,181040.0,0.9,61.29,71.2,84.03,97.95,,127480.0,148110.0,174790.0,203730.0,,,,2019,,,29,Healthcare Practitioners and Technical Occupations
99,U.S.,1,0,Cross-industry,cross-industry,1235,29-1161,Nurse Midwives,detailed,6930,4.9,,,,52.31,108810.0,1.3,33.17,41.82,50.5,61.11,76.44,69000.0,86990.0,105030.0,127110.0,158990.0,,,2019,,,29,Healthcare Practitioners and Technical Occupations
99,U.S.,1,0,Cross-industry,cross-industry,1235,29-1171,Nurse Practitioners,detailed,200600,1.3,,,,53.77,111840.0,0.4,39.14,44.61,52.8,61.07,73.16,81410.0,92790.0,109820.0,127030.0,152160.0,,,2019,,,29,Healthcare Practitioners and Technical Occupations
99,U.S.,1,0,Cross-industry,cross-industry,1235,29-1181,Audiologists,detailed,13590,4.4,,,,40.34,83900.0,1.7,25.97,31.74,37.31,46.45,58.05,54010.0,66030.0,77600.0,96610.0,120750.0,,,2019,,,29,Healthcare Practitioners and Technical Occupations
99,U.S.,1,0,Cross-industry,cross-industry,1235,29-1211,Anesthesiologists,detailed,31010,5.4,,,,125.83,261730.0,2.2,59.65,,,,,124080.0,,,,,,,2019,,,29,Healthcare Practitioners and Technical Occupations
99,U.S.,1,0,Cross-industry,cross-industry,1235,29-1215,Family Medicine Physicians,detailed,109370,2.1,,,,102.53,213270.0,1.2,41.15,70.69,98.84,,,85590.0,147030.0,205590.0,,,,,2019,,,29,Healthcare Practitioners and Technical Occupations
99,U.S.,1,0,Cross-industry,cross-industry,1235,29-1216,General Internal Medicine Physicians,detailed,44610,3.7,,,,96.85,201440.0,2.5,29.31,51.56,96.92,,,60970.0,107250.0,201590.0,,,,,2019,,,29,Healthcare Practitioners and Technical Occupations
99,U.S.,1,0,Cross-industry,cross-industry,1235,29-1218,Obstetricians and Gynecologists,detailed,18620,3.9,,,,112.31,233610.0,1.7,39.04,82.59,,,,81200.0,171780.0,,,,,,2019,,,29,Healthcare Practitioners and Technical Occupations
99,U.S.,1,0,Cross-industry,cross-industry,1235,29-1221,"Pediatricians, General",detailed,29740,5.4,,,,88.66,184410.0,1.6,33.63,61.35,84.28,,,69940.0,127610.0,175310.0,,,,,2019,,,29,Healthcare Practitioners and Technical Occupations
99,U.S.,1,0,Cross-industry,cross-industry,1235,29-1223,Psychiatrists,detailed,25530,3.6,,,,105.98,220430.0,1.8,35.83,71.84,,,,74530.0,149440.0,,,,,,2019,,,29,Healthcare Practitioners and Technical Occupations
99,U.S.,1,0,Cross-industry,cross-industry,1235,29-1228,"Physicians, All Other; and Ophthalmologists, Except Pediatric",detailed,390680,1.4,,,,97.81,203450.0,1.0,29.29,53.95,99.28,,,60910.0,112210.0,206500.0,,,,,2019,,,29,Healthcare Practitioners and Technical Occupations
99,U.S.,1,0,Cross-industry,cross-industry,1235,29-1248,"Surgeons, Except Ophthalmologists",detailed,36270,3.5,,,,121.17,252040.0,1.6,40.26,99.87,,,,83740.0,207720.0,,,,,,2019,,,29,Healthcare Practitioners and Technical Occupations
99,U.S.,1,0,Cross-industry,cross-industry,1235,29-1292,Dental Hygienists,detailed,221560,1.3,,,,37.13,77230.0,0.6,25.54,30.9,36.65,44.02,49.68,53130.0,64260.0,76220.0,91560.0,103340.0,,,2019,,,29,Healthcare Practitioners and Technical Occupations
99,U.S.,1,0,Cross-industry,cross-industry,1235,29-1298,"Acupuncturists and Healthcare Diagnosing or Treating Practitioners, All Other",detailed,36500,2.3,,,,42.82,89060.0,3.9,20.25,27.33,36.37,55.29,71.61,42120.0,56840.0,75640.0,115010.0,148950.0,,,2019,,,29,Healthcare Practitioners and Technical Occupations
99,U.S.,1,0,Cross-industry,cross-industry,1235,29-2010,Clinical Laboratory Technologists and Technicians,detailed,326020,0.9,,,,26.34,54780.0,0.3,14.86,18.76,25.54,32.74,39.2,30920.0,39030.0,53120.0,68100.0,81530.0,,,2019,,,29,Healthcare Practitioners and Technical Occupations
99,U.S.,1,0,Cross-industry,cross-industry,1235,29-2031,Cardiovascular Technologists and Technicians,detailed,56110,1.5,,,,28.66,59600.0,0.5,14.29,18.64,27.75,36.63,45.37,29710.0,38770.0,57720.0,76190.0,94370.0,,,2019,,,29,Healthcare Practitioners and Technical Occupations
99,U.S.,1,0,Cross-industry,cross-industry,1235,29-2032,Diagnostic Medical Sonographers,detailed,72790,1.2,,,,36.44,75780.0,0.3,25.37,29.73,35.73,42.85,49.07,52770.0,61830.0,74320.0,89130.0,102060.0,,,2019,,,29,Healthcare Practitioners and Technical Occupations
99,U.S.,1,0,Cross-industry,cross-industry,1235,29-2033,Nuclear Medicine Technologists,detailed,18110,1.8,,,,38.58,80240.0,0.4,27.19,32.16,37.48,44.89,50.81,56560.0,66880.0,77950.0,93370.0,105690.0,,,2019,,,29,Healthcare Practitioners and Technical Occupations
99,U.S.,1,0,Cross-industry,cross-industry,1235,29-2034,Radiologic Technologists and Technicians,detailed,207360,0.8,,,,30.34,63120.0,0.3,19.94,23.84,29.09,35.89,43.15,41480.0,49580.0,60510.0,74660.0,89760.0,,,2019,,,29,Healthcare Practitioners and Technical Occupations
99,U.S.,1,0,Cross-industry,cross-industry,1235,29-2035,Magnetic Resonance Imaging Technologists,detailed,37900,2.1,,,,35.7,74270.0,0.5,24.59,29.34,35.3,41.96,48.83,51150.0,61030.0,73410.0,87280.0,101580.0,,,2019,,,29,Healthcare Practitioners and Technical Occupations
99,U.S.,1,0,Cross-industry,cross-industry,1235,29-2040,Emergency Medical Technicians and Paramedics,detailed,260600,1.2,,,,18.67,38830.0,0.8,11.3,13.53,17.02,22.16,28.78,23490.0,28130.0,35400.0,46090.0,59860.0,,,2019,,,29,Healthcare Practitioners and Technical Occupations
99,U.S.,1,0,Cross-industry,cross-industry,1235,29-2051,Dietetic Technicians,detailed,29230,2.7,,,,14.99,31180.0,0.7,9.71,11.38,13.66,17.48,22.61,20190.0,23670.0,28400.0,36360.0,47040.0,,,2019,,,29,Healthcare Practitioners and Technical Occupations
99,U.S.,1,0,Cross-industry,cross-industry,1235,29-2052,Pharmacy Technicians,detailed,417780,0.8,,,,16.95,35250.0,0.3,11.6,13.45,16.32,19.44,23.62,24120.0,27980.0,33950.0,40440.0,49130.0,,,2019,,,29,Healthcare Practitioners and Technical Occupations
99,U.S.,1,0,Cross-industry,cross-industry,1235,29-2053,Psychiatric Technicians,detailed,78470,1.8,,,,18.05,37550.0,1.4,11.27,13.19,16.24,20.77,29.86,23440.0,27440.0,33780.0,43200.0,62120.0,,,2019,,,29,Healthcare Practitioners and Technical Occupations
99,U.S.,1,0,Cross-industry,cross-industry,1235,29-2055,Surgical Technologists,detailed,109000,1.1,,,,24.09,50110.0,0.3,16.07,19.11,23.22,28.52,34.33,33420.0,39760.0,48300.0,59320.0,71400.0,,,2019,,,29,Healthcare Practitioners and Technical Occupations
99,U.S.,1,0,Cross-industry,cross-industry,1235,29-2056,Veterinary Technologists and Technicians,detailed,110650,1.8,,,,17.63,36670.0,0.6,11.79,13.98,16.98,20.45,24.63,24530.0,29080.0,35320.0,42540.0,51230.0,,,2019,,,29,Healthcare Practitioners and Technical Occupations
99,U.S.,1,0,Cross-industry,cross-industry,1235,29-2057,Ophthalmic Medical Technicians,detailed,58600,3.1,,,,18.64,38760.0,0.8,12.01,14.39,17.76,22.27,27.1,24980.0,29940.0,36940.0,46320.0,56370.0,,,2019,,,29,Healthcare Practitioners and Technical Occupations
99,U.S.,1,0,Cross-industry,cross-industry,1235,29-2061,Licensed Practical and Licensed Vocational Nurses,detailed,697510,0.7,,,,23.32,48500.0,0.2,16.61,19.62,22.83,26.94,30.46,34560.0,40810.0,47480.0,56040.0,63360.0,,,2019,,,29,Healthcare Practitioners and Technical Occupations
99,U.S.,1,0,Cross-industry,cross-industry,1235,29-2081,"Opticians, Dispensing",detailed,72330,2.2,,,,19.58,40730.0,0.8,12.33,14.45,18.19,23.64,29.25,25640.0,30050.0,37840.0,49170.0,60840.0,,,2019,,,29,Healthcare Practitioners and Technical Occupations
99,U.S.,1,0,Cross-industry,cross-industry,1235,29-2091,Orthotists and Prosthetists,detailed,9830,5.4,,,,35.01,72810.0,2.0,19.88,25.06,32.89,41.63,51.99,41360.0,52120.0,68410.0,86580.0,108130.0,,,2019,,,29,Healthcare Practitioners and Technical Occupations
99,U.S.,1,0,Cross-industry,cross-industry,1235,29-2092,Hearing Aid Specialists,detailed,8210,6.6,,,,26.62,55360.0,2.2,13.95,18.58,25.68,31.14,40.99,29020.0,38640.0,53420.0,64780.0,85260.0,,,2019,,,29,Healthcare Practitioners and Technical Occupations
99,U.S.,1,0,Cross-industry,cross-industry,1235,29-2098,"Medical Dosimetrists, Medical Records Specialists, and Health Technologists and Technicians, All Other",detailed,331790,0.9,,,,22.4,46590.0,0.3,13.38,16.23,20.5,26.93,34.21,27820.0,33760.0,42630.0,56000.0,71150.0,,,2019,,,29,Healthcare Practitioners and Technical Occupations
99,U.S.,1,0,Cross-industry,cross-industry,1235,29-9091,Athletic Trainers,detailed,28600,2.9,,,,,50540.0,1.0,,,,,,31300.0,39860.0,48440.0,59430.0,73470.0,True,,2019,,,29,Healthcare Practitioners and Technical Occupations
99,U.S.,1,0,Cross-industry,cross-industry,1235,29-9092,Genetic Counselors,detailed,2390,5.3,,,,40.54,84310.0,1.2,29.48,34.01,39.36,47.17,55.17,61310.0,70740.0,81880.0,98110.0,114750.0,,,2019,,,29,Healthcare Practitioners and Technical Occupations
99,U.S.,1,0,Cross-industry,cross-industry,1235,29-9098,"Health Information Technologists, Medical Registrars, Surgical Assistants, and Healthcare Practitioners and Technical Workers, All Other",detailed,54350,2.5,,,,28.17,58600.0,1.2,13.3,16.91,23.97,36.55,49.73,27670.0,35170.0,49850.0,76020.0,103430.0,,,2019,,,29,Healthcare Practitioners and Technical Occupations
99,U.S.,1,0,Cross-industry,cross-industry,1235,31-1120,Home Health and Personal Care Aides,detailed,3161500,0.6,,,,12.71,26440.0,0.3,9.34,10.9,12.15,14.17,16.44,19430.0,22680.0,25280.0,29460.0,34180.0,,,2019,,,31,Healthcare Support Occupations
99,U.S.,1,0,Cross-industry,cross-industry,1235,31-1131,Nursing Assistants,detailed,1419920,0.5,,,,14.77,30720.0,0.3,10.56,12.24,14.26,16.95,19.53,21960.0,25460.0,29660.0,35260.0,40620.0,,,2019,,,31,Healthcare Support Occupations
99,U.S.,1,0,Cross-industry,cross-industry,1235,31-1132,Orderlies,detailed,46990,2.1,,,,14.76,30710.0,0.6,10.38,11.77,13.93,17.05,20.61,21590.0,24480.0,28980.0,35460.0,42860.0,,,2019,,,31,Healthcare Support Occupations
99,U.S.,1,0,Cross-industry,cross-industry,1235,31-1133,Psychiatric Aides,detailed,55020,2.1,,,,15.67,32590.0,0.8,10.31,11.93,14.96,18.52,22.93,21440.0,24820.0,31110.0,38520.0,47690.0,,,2019,,,31,Healthcare Support Occupations
99,U.S.,1,0,Cross-industry,cross-industry,1235,31-2011,Occupational Therapy Assistants,detailed,44990,2.3,,,,29.75,61880.0,0.5,20.06,25.07,29.57,35.19,39.52,41730.0,52150.0,61510.0,73190.0,82210.0,,,2019,,,31,Healthcare Support Occupations
99,U.S.,1,0,Cross-industry,cross-industry,1235,31-2012,Occupational Therapy Aides,detailed,7560,7.1,,,,16.5,34310.0,4.3,9.12,10.54,14.05,18.91,29.87,18960.0,21920.0,29230.0,39330.0,62120.0,,,2019,,,31,Healthcare Support Occupations
99,U.S.,1,0,Cross-industry,cross-industry,1235,31-2021,Physical Therapist Assistants,detailed,96840,1.5,,,,28.14,58520.0,0.5,16.08,22.93,28.26,33.6,38.87,33450.0,47690.0,58790.0,69880.0,80840.0,,,2019,,,31,Healthcare Support Occupations
99,U.S.,1,0,Cross-industry,cross-industry,1235,31-2022,Physical Therapist Aides,detailed,49270,2.3,,,,14.03,29180.0,0.7,9.76,11.21,12.98,15.53,19.11,20310.0,23320.0,27000.0,32310.0,39740.0,,,2019,,,31,Healthcare Support Occupations
99,U.S.,1,0,Cross-industry,cross-industry,1235,31-9011,Massage Therapists,detailed,107240,2.4,,,,22.68,47180.0,1.2,10.49,14.14,20.59,28.54,38.76,21810.0,29420.0,42820.0,59370.0,80630.0,,,2019,,,31,Healthcare Support Occupations
99,U.S.,1,0,Cross-industry,cross-industry,1235,31-9091,Dental Assistants,detailed,351470,0.9,,,,19.79,41170.0,0.4,13.45,16.08,19.27,23.34,27.37,27980.0,33440.0,40080.0,48550.0,56930.0,,,2019,,,31,Healthcare Support Occupations
99,U.S.,1,0,Cross-industry,cross-industry,1235,31-9092,Medical Assistants,detailed,712430,0.8,,,,17.17,35720.0,0.2,12.41,14.16,16.73,19.36,23.43,25820.0,29460.0,34800.0,40270.0,48720.0,,,2019,,,31,Healthcare Support Occupations
99,U.S.,1,0,Cross-industry,cross-industry,1235,31-9093,Medical Equipment Preparers,detailed,56900,1.7,,,,19.01,39530.0,0.6,12.75,14.86,18.0,22.42,27.36,26530.0,30910.0,37440.0,46630.0,56910.0,,,2019,,,31,Healthcare Support Occupations
99,U.S.,1,0,Cross-industry,cross-industry,1235,31-9094,Medical Transcriptionists,detailed,55780,3.3,,,,16.93,35210.0,1.1,10.65,12.35,16.05,20.41,24.64,22160.0,25690.0,33380.0,42460.0,51260.0,,,2019,,,31,Healthcare Support Occupations
99,U.S.,1,0,Cross-industry,cross-industry,1235,31-9095,Pharmacy Aides,detailed,37280,4.0,,,,14.66,30490.0,1.2,9.76,11.33,13.39,16.81,22.35,20300.0,23560.0,27850.0,34970.0,46500.0,,,2019,,,31,Healthcare Support Occupations
99,U.S.,1,0,Cross-industry,cross-industry,1235,31-9096,Veterinary Assistants and Laboratory Animal Caretakers,detailed,97030,2.2,,,,14.28,29690.0,0.6,9.99,11.58,13.75,16.45,19.14,20790.0,24080.0,28590.0,34220.0,39800.0,,,2019,,,31,Healthcare Support Occupations
99,U.S.,1,0,Cross-industry,cross-industry,1235,31-9097,Phlebotomists,detailed,128290,1.5,,,,17.54,36480.0,0.4,12.5,14.36,17.07,19.95,23.92,26000.0,29860.0,35510.0,41490.0,49750.0,,,2019,,,31,Healthcare Support Occupations
99,U.S.,1,0,Cross-industry,cross-industry,1235,31-9099,"Healthcare Support Workers, All Other",detailed,93270,1.6,,,,19.24,40010.0,0.6,11.44,14.16,18.49,23.29,28.13,23790.0,29460.0,38460.0,48440.0,58500.0,,,2019,,,31,Healthcare Support Occupations
99,U.S.,1,0,Cross-industry,cross-industry,1235,33-1011,First-Line Supervisors of Correctional Officers,detailed,46430,0.5,,,,33.18,69000.0,0.8,20.12,22.94,30.64,41.67,50.86,41850.0,47710.0,63730.0,86670.0,105780.0,,,2019,,,33,Protective Service Occupations
99,U.S.,1,0,Cross-industry,cross-industry,1235,33-1012,First-Line Supervisors of Police and Detectives,detailed,121340,0.5,,,,45.65,94950.0,0.6,25.15,32.77,43.79,57.2,70.47,52320.0,68170.0,91090.0,118970.0,146580.0,,,2019,,,33,Protective Service Occupations
99,U.S.,1,0,Cross-industry,cross-industry,1235,33-1021,First-Line Supervisors of Firefighting and Prevention Workers,detailed,69590,1.0,,,,39.43,82010.0,0.8,20.74,28.15,37.4,48.76,60.92,43150.0,58540.0,77800.0,101430.0,126720.0,,,2019,,,33,Protective Service Occupations
99,U.S.,1,0,Cross-industry,cross-industry,1235,33-1090,"Miscellaneous First-Line Supervisors, Protective Service Workers",detailed,82590,1.8,,,,25.58,53210.0,0.7,14.03,17.68,24.27,30.62,39.13,29180.0,36770.0,50490.0,63690.0,81380.0,,,2019,,,33,Protective Service Occupations
99,U.S.,1,0,Cross-industry,cross-industry,1235,33-2011,Firefighters,detailed,324620,0.9,,,,26.27,54650.0,1.0,12.29,16.57,24.45,33.19,44.24,25550.0,34470.0,50850.0,69040.0,92020.0,,,2019,,,33,Protective Service Occupations
99,U.S.,1,0,Cross-industry,cross-industry,1235,33-2021,Fire Inspectors and Investigators,detailed,13710,3.0,,,,31.12,64730.0,1.3,18.31,23.11,29.65,37.59,46.35,38090.0,48060.0,61660.0,78180.0,96400.0,,,2019,,,33,Protective Service Occupations
99,U.S.,1,0,Cross-industry,cross-industry,1235,33-2022,Forest Fire Inspectors and Prevention Specialists,detailed,2160,2.0,,,,25.65,53350.0,1.3,13.5,16.23,21.77,33.21,43.13,28090.0,33760.0,45270.0,69080.0,89710.0,,,2019,,,33,Protective Service Occupations
99,U.S.,1,0,Cross-industry,cross-industry,1235,33-3011,Bailiffs,detailed,19650,1.0,,,,24.92,51840.0,1.4,11.84,16.6,22.99,32.3,39.86,24620.0,34530.0,47830.0,67180.0,82900.0,,,2019,,,33,Protective Service Occupations
99,U.S.,1,0,Cross-industry,cross-industry,1235,33-3012,Correctional Officers and Jailers,detailed,423050,0.5,,,,24.1,50130.0,0.7,15.26,17.84,21.72,28.9,37.54,31740.0,37110.0,45180.0,60110.0,78090.0,,,2019,,,33,Protective Service Occupations
99,U.S.,1,0,Cross-industry,cross-industry,1235,33-3021,Detectives and Criminal Investigators,detailed,105620,0.4,,,,41.36,86030.0,0.5,21.57,28.31,39.99,51.47,66.91,44860.0,58890.0,83170.0,107050.0,139180.0,,,2019,,,33,Protective Service Occupations
99,U.S.,1,0,Cross-industry,cross-industry,1235,33-3031,Fish and Game Wardens,detailed,6800,0.5,,,,27.73,57690.0,0.3,16.31,21.99,27.64,33.68,38.72,33930.0,45740.0,57500.0,70050.0,80540.0,,,2019,,,33,Protective Service Occupations
99,U.S.,1,0,Cross-industry,cross-industry,1235,33-3041,Parking Enforcement Workers,detailed,7650,2.2,,,,20.88,43420.0,1.6,12.8,15.48,19.67,25.5,30.87,26610.0,32200.0,40920.0,53040.0,64210.0,,,2019,,,33,Protective Service Occupations
99,U.S.,1,0,Cross-industry,cross-industry,1235,33-3051,Police and Sheriff's Patrol Officers,detailed,665280,0.5,,,,32.5,67600.0,0.7,17.77,22.69,30.36,40.6,50.59,36960.0,47190.0,63150.0,84440.0,105230.0,,,2019,,,33,Protective Service Occupations
99,U.S.,1,0,Cross-industry,cross-industry,1235,33-3052,Transit and Railroad Police,detailed,4690,8.1,,,,34.19,71120.0,3.2,20.78,27.78,34.53,40.0,47.75,43220.0,57780.0,71820.0,83200.0,99320.0,,,2019,,,33,Protective Service Occupations
99,U.S.,1,0,Cross-industry,cross-industry,1235,33-9011,Animal Control Workers,detailed,11980,2.3,,,,19.09,39710.0,0.7,11.67,14.64,18.07,22.78,28.66,24280.0,30440.0,37590.0,47370.0,59610.0,,,2019,,,33,Protective Service Occupations
99,U.S.,1,0,Cross-industry,cross-industry,1235,33-9021,Private Detectives and Investigators,detailed,35000,8.0,,,,27.4,57000.0,4.5,14.61,17.8,24.28,32.67,43.15,30390.0,37030.0,50510.0,67940.0,89760.0,,,2019,,,33,Protective Service Occupations
99,U.S.,1,0,Cross-industry,cross-industry,1235,33-9031,Gambling Surveillance Officers and Gambling Investigators,detailed,10280,4.1,,,,18.28,38030.0,1.2,11.77,13.49,16.44,21.0,27.74,24490.0,28050.0,34190.0,43680.0,57700.0,,,2019,,,33,Protective Service Occupations
99,U.S.,1,0,Cross-industry,cross-industry,1235,33-9032,Security Guards,detailed,1126370,0.9,,,,15.88,33030.0,0.4,10.17,11.85,14.27,18.24,24.19,21150.0,24650.0,29680.0,37950.0,50310.0,,,2019,,,33,Protective Service Occupations
99,U.S.,1,0,Cross-industry,cross-industry,1235,33-9091,Crossing Guards and Flaggers,detailed,84920,2.9,,,,15.83,32920.0,1.1,9.64,11.74,14.31,18.51,23.9,20060.0,24410.0,29760.0,38510.0,49710.0,,,2019,,,33,Protective Service Occupations
99,U.S.,1,0,Cross-industry,cross-industry,1235,33-9092,"Lifeguards, Ski Patrol, and Other Recreational Protective Service Workers",detailed,143940,2.5,,,,12.2,25380.0,0.9,8.57,9.48,11.26,13.28,17.28,17830.0,19720.0,23420.0,27620.0,35930.0,,,2019,,,33,Protective Service Occupations
99,U.S.,1,0,Cross-industry,cross-industry,1235,33-9093,Transportation Security Screeners,detailed,46730,0.3,,,,20.34,42310.0,0.6,16.65,18.28,20.08,21.72,24.16,34640.0,38010.0,41770.0,45180.0,50240.0,,,2019,,,33,Protective Service Occupations
99,U.S.,1,0,Cross-industry,cross-industry,1235,33-9098,"School Bus Monitors and Protective Service Workers, All Other",detailed,146390,2.0,,,,16.77,34880.0,0.7,9.89,11.89,14.9,19.42,26.02,20560.0,24740.0,30990.0,40390.0,54110.0,,,2019,,,33,Protective Service Occupations
99,U.S.,1,0,Cross-industry,cross-industry,1235,35-1011,Chefs and Head Cooks,detailed,128190,2.7,,,,27.07,56310.0,1.6,13.64,17.97,24.78,32.93,41.82,28370.0,37380.0,51530.0,68500.0,86990.0,,,2019,,,35,Food Preparation and Serving Related Occupations
99,U.S.,1,0,Cross-industry,cross-industry,1235,35-1012,First-Line Supervisors of Food Preparation and Serving Workers,detailed,1011100,0.6,,,,17.77,36960.0,0.3,10.78,12.79,16.06,21.59,27.88,22420.0,26610.0,33400.0,44910.0,57990.0,,,2019,,,35,Food Preparation and Serving Related Occupations
99,U.S.,1,0,Cross-industry,cross-industry,1235,35-2011,"Cooks, Fast Food",detailed,527220,2.0,,,,11.31,23530.0,0.4,8.43,9.35,11.3,12.7,14.66,17540.0,19450.0,23510.0,26410.0,30490.0,,,2019,,,35,Food Preparation and Serving Related Occupations
99,U.S.,1,0,Cross-industry,cross-industry,1235,35-2012,"Cooks, Institution and Cafeteria",detailed,402480,0.8,,,,13.96,29030.0,0.3,9.23,10.92,13.34,16.32,19.5,19200.0,22710.0,27750.0,33940.0,40570.0,,,2019,,,35,Food Preparation and Serving Related Occupations
99,U.S.,1,0,Cross-industry,cross-industry,1235,35-2013,"Cooks, Private Household",detailed,390,21.3,,,,21.92,45600.0,11.1,13.17,14.67,18.21,23.6,39.27,27390.0,30520.0,37870.0,49100.0,81670.0,,,2019,,,35,Food Preparation and Serving Related Occupations
99,U.S.,1,0,Cross-industry,cross-industry,1235,35-2014,"Cooks, Restaurant",detailed,1401890,0.7,,,,13.8,28700.0,0.3,9.6,11.31,13.36,15.67,18.62,19970.0,23520.0,27790.0,32600.0,38740.0,,,2019,,,35,Food Preparation and Serving Related Occupations
99,U.S.,1,0,Cross-industry,cross-industry,1235,35-2015,"Cooks, Short Order",detailed,152670,3.2,,,,12.62,26240.0,0.7,8.99,10.16,12.09,14.48,17.34,18700.0,21130.0,25150.0,30120.0,36070.0,,,2019,,,35,Food Preparation and Serving Related Occupations
99,U.S.,1,0,Cross-industry,cross-industry,1235,35-2019,"Cooks, All Other",detailed,19340,5.8,,,,15.5,32240.0,1.5,9.64,11.99,14.79,18.22,22.05,20050.0,24940.0,30760.0,37890.0,45860.0,,,2019,,,35,Food Preparation and Serving Related Occupations
99,U.S.,1,0,Cross-industry,cross-industry,1235,35-2021,Food Preparation Workers,detailed,863740,1.3,,,,12.41,25820.0,0.4,8.76,10.0,11.92,14.26,17.07,18220.0,20800.0,24800.0,29650.0,35500.0,,,2019,,,35,Food Preparation and Serving Related Occupations
99,U.S.,1,0,Cross-industry,cross-industry,1235,35-3011,Bartenders,detailed,646850,1.0,,,,13.46,28000.0,0.5,8.55,9.32,11.39,15.09,22.18,17780.0,19390.0,23680.0,31390.0,46140.0,,,2019,,,35,Food Preparation and Serving Related Occupations
99,U.S.,1,0,Cross-industry,cross-industry,1235,35-3023,Fast Food and Counter Workers,detailed,3996820,0.6,,,,11.18,23250.0,0.2,8.45,9.24,10.93,12.39,14.62,17580.0,19210.0,22740.0,25780.0,30410.0,,,2019,,,35,Food Preparation and Serving Related Occupations
99,U.S.,1,0,Cross-industry,cross-industry,1235,35-3031,Waiters and Waitresses,detailed,2579020,0.5,,,,12.88,26800.0,0.5,8.37,9.11,11.0,14.24,20.65,17420.0,18950.0,22890.0,29620.0,42950.0,,,2019,,,35,Food Preparation and Serving Related Occupations
99,U.S.,1,0,Cross-industry,cross-industry,1235,35-3041,"Food Servers, Nonrestaurant",detailed,277580,1.4,,,,12.54,26080.0,0.4,8.9,10.0,11.74,14.08,17.56,18510.0,20800.0,24430.0,29280.0,36530.0,,,2019,,,35,Food Preparation and Serving Related Occupations
99,U.S.,1,0,Cross-industry,cross-industry,1235,35-9011,Dining Room and Cafeteria Attendants and Bartender Helpers,detailed,477270,1.4,,,,12.03,25020.0,0.5,8.59,9.42,11.28,13.05,16.63,17870.0,19590.0,23470.0,27140.0,34600.0,,,2019,,,35,Food Preparation and Serving Related Occupations
99,U.S.,1,0,Cross-industry,cross-industry,1235,35-9021,Dishwashers,detailed,514330,1.0,,,,11.74,24410.0,0.3,8.83,9.9,11.53,12.87,14.88,18360.0,20580.0,23970.0,26760.0,30950.0,,,2019,,,35,Food Preparation and Serving Related Occupations
99,U.S.,1,0,Cross-industry,cross-industry,1235,35-9031,"Hosts and Hostesses, Restaurant, Lounge, and Coffee Shop",detailed,423380,1.4,,,,11.54,24010.0,0.5,8.46,9.27,11.1,12.67,15.17,17600.0,19290.0,23090.0,26350.0,31560.0,,,2019,,,35,Food Preparation and Serving Related Occupations
99,U.S.,1,0,Cross-industry,cross-industry,1235,35-9099,"Food Preparation and Serving Related Workers, All Other",detailed,72300,4.2,,,,12.74,26510.0,0.9,8.88,10.54,12.01,14.37,17.61,18480.0,21910.0,24970.0,29890.0,36620.0,,,2019,,,35,Food Preparation and Serving Related Occupations
99,U.S.,1,0,Cross-industry,cross-industry,1235,37-1011,First-Line Supervisors of Housekeeping and Janitorial Workers,detailed,155550,1.1,,,,21.23,44160.0,0.4,12.62,15.34,19.61,25.91,32.38,26240.0,31900.0,40780.0,53890.0,67340.0,,,2019,,,37,Building and Grounds Cleaning and Maintenance Occupations
99,U.S.,1,0,Cross-industry,cross-industry,1235,37-1012,"First-Line Supervisors of Landscaping, Lawn Service, and Groundskeeping Workers",detailed,103580,1.7,,,,25.16,52340.0,0.5,15.57,18.68,23.73,30.06,37.6,32380.0,38850.0,49370.0,62520.0,78220.0,,,2019,,,37,Building and Grounds Cleaning and Maintenance Occupations
99,U.S.,1,0,Cross-industry,cross-industry,1235,37-2011,"Janitors and Cleaners, Except Maids and Housekeeping Cleaners",detailed,2145450,0.5,,,,14.43,30010.0,0.3,9.43,11.08,13.19,16.8,21.58,19620.0,23050.0,27430.0,34950.0,44880.0,,,2019,,,37,Building and Grounds Cleaning and Maintenance Occupations
99,U.S.,1,0,Cross-industry,cross-industry,1235,37-2012,Maids and Housekeeping Cleaners,detailed,926960,0.8,,,,12.89,26810.0,0.3,8.98,10.24,11.95,14.46,18.22,18680.0,21290.0,24850.0,30080.0,37900.0,,,2019,,,37,Building and Grounds Cleaning and Maintenance Occupations
99,U.S.,1,0,Cross-industry,cross-industry,1235,37-2019,"Building Cleaning Workers, All Other",detailed,18150,9.7,,,,16.96,35270.0,3.1,10.47,11.98,15.01,19.55,27.11,21770.0,24920.0,31230.0,40660.0,56390.0,,,2019,,,37,Building and Grounds Cleaning and Maintenance Occupations
99,U.S.,1,0,Cross-industry,cross-industry,1235,37-2021,Pest Control Workers,detailed,79450,1.6,,,,19.19,39910.0,1.1,11.98,14.48,17.95,23.15,29.0,24920.0,30120.0,37330.0,48150.0,60320.0,,,2019,,,37,Building and Grounds Cleaning and Maintenance Occupations
99,U.S.,1,0,Cross-industry,cross-industry,1235,37-3011,Landscaping and Groundskeeping Workers,detailed,912660,0.6,,,,15.56,32360.0,0.3,10.44,12.23,14.63,18.02,22.37,21710.0,25450.0,30440.0,37480.0,46530.0,,,2019,,,37,Building and Grounds Cleaning and Maintenance Occupations
99,U.S.,1,0,Cross-industry,cross-industry,1235,37-3012,"Pesticide Handlers, Sprayers, and Applicators, Vegetation",detailed,25780,5.0,,,,18.86,39230.0,1.9,12.03,14.22,17.23,20.82,27.57,25020.0,29570.0,35840.0,43310.0,57350.0,,,2019,,,37,Building and Grounds Cleaning and Maintenance Occupations
99,U.S.,1,0,Cross-industry,cross-industry,1235,37-3013,Tree Trimmers and Pruners,detailed,47210,5.2,,,,20.44,42510.0,1.6,12.72,15.46,19.22,24.42,30.0,26450.0,32160.0,39980.0,50800.0,62390.0,,,2019,,,37,Building and Grounds Cleaning and Maintenance Occupations
99,U.S.,1,0,Cross-industry,cross-industry,1235,37-3019,"Grounds Maintenance Workers, All Other",detailed,14310,4.4,,,,18.21,37870.0,2.0,10.88,13.09,15.43,22.32,31.46,22630.0,27220.0,32090.0,46430.0,65440.0,,,2019,,,37,Building and Grounds Cleaning and Maintenance Occupations
99,U.S.,1,0,Cross-industry,cross-industry,1235,39-1013,First-Line Supervisors of Gambling Services Workers,detailed,29420,2.8,,,,24.93,51850.0,1.1,13.6,18.74,24.38,30.37,37.26,28280.0,38970.0,50710.0,63170.0,77510.0,,,2019,,,39,Personal Care and Service Occupations
99,U.S.,1,0,Cross-industry,cross-industry,1235,39-1098,"First-Line Supervisors of Personal Service and Entertainment and Recreation Workers, Except Gambling Services",detailed,217680,1.0,,,,20.86,43400.0,0.4,12.12,14.91,19.14,25.25,31.8,25210.0,31010.0,39800.0,52520.0,66150.0,,,2019,,,39,Personal Care and Service Occupations
99,U.S.,1,0,Cross-industry,cross-industry,1235,39-2011,Animal Trainers,detailed,16530,5.9,,,,17.43,36240.0,1.8,10.0,11.6,14.63,20.23,28.42,20810.0,24120.0,30430.0,42080.0,59110.0,,,2019,,,39,Personal Care and Service Occupations
99,U.S.,1,0,Cross-industry,cross-industry,1235,39-2021,Animal Caretakers,detailed,212450,1.4,,,,13.01,27060.0,0.4,8.96,10.19,11.91,14.46,18.57,18630.0,21200.0,24780.0,30070.0,38630.0,,,2019,,,39,Personal Care and Service Occupations
99,U.S.,1,0,Cross-industry,cross-industry,1235,39-3011,Gambling Dealers,detailed,98890,2.8,,,,11.53,23980.0,1.4,8.19,8.93,10.22,11.89,17.49,17040.0,18570.0,21260.0,24720.0,36370.0,,,2019,,,39,Personal Care and Service Occupations
99,U.S.,1,0,Cross-industry,cross-industry,1235,39-3012,Gambling and Sports Book Writers and Runners,detailed,9970,7.5,,,,13.38,27830.0,1.8,9.3,10.5,11.9,14.92,20.69,19350.0,21850.0,24750.0,31030.0,43030.0,,,2019,,,39,Personal Care and Service Occupations
99,U.S.,1,0,Cross-industry,cross-industry,1235,39-3019,"Gambling Service Workers, All Other",detailed,10470,4.5,,,,15.38,32000.0,1.6,8.97,11.02,13.61,17.83,24.93,18650.0,22920.0,28300.0,37080.0,51860.0,,,2019,,,39,Personal Care and Service Occupations
99,U.S.,1,0,Cross-industry,cross-industry,1235,39-3021,Motion Picture Projectionists,detailed,4540,9.2,,,,14.37,29890.0,3.3,8.78,9.89,12.09,16.44,25.47,18260.0,20560.0,25150.0,34200.0,52980.0,,,2019,,,39,Personal Care and Service Occupations
99,U.S.,1,0,Cross-industry,cross-industry,1235,39-3031,"Ushers, Lobby Attendants, and Ticket Takers",detailed,138160,2.4,,,,11.96,24870.0,0.8,8.5,9.35,11.3,13.38,16.91,17680.0,19460.0,23500.0,27840.0,35170.0,,,2019,,,39,Personal Care and Service Occupations
99,U.S.,1,0,Cross-industry,cross-industry,1235,39-3091,Amusement and Recreation Attendants,detailed,338110,2.6,,,,11.7,24330.0,0.4,8.57,9.4,11.23,12.83,15.45,17820.0,19560.0,23370.0,26680.0,32130.0,,,2019,,,39,Personal Care and Service Occupations
99,U.S.,1,0,Cross-industry,cross-industry,1235,39-3092,Costume Attendants,detailed,7460,9.9,,,,23.55,48970.0,3.2,11.72,14.33,19.91,26.7,42.2,24370.0,29800.0,41410.0,55530.0,87780.0,,,2019,,,39,Personal Care and Service Occupations
99,U.S.,1,0,Cross-industry,cross-industry,1235,39-3093,"Locker Room, Coatroom, and Dressing Room Attendants",detailed,15990,3.6,,,,13.57,28230.0,1.8,8.99,10.2,12.07,15.4,19.01,18700.0,21210.0,25110.0,32030.0,39540.0,,,2019,,,39,Personal Care and Service Occupations
99,U.S.,1,0,Cross-industry,cross-industry,1235,39-3099,"Entertainment Attendants and Related Workers, All Other",detailed,4500,9.8,,,,15.28,31790.0,2.9,8.81,10.64,12.72,17.95,24.63,18320.0,22120.0,26460.0,37330.0,51230.0,,,2019,,,39,Personal Care and Service Occupations
99,U.S.,1,0,Cross-industry,cross-industry,1235,39-4011,Embalmers,detailed,3890,7.7,,,,24.09,50100.0,2.1,12.54,17.35,22.96,29.21,36.59,26090.0,36090.0,47760.0,60760.0,76110.0,,,2019,,,39,Personal Care and Service Occupations
99,U.S.,1,0,Cross-industry,cross-industry,1235,39-4021,Funeral Attendants,detailed,34370,2.7,,,,14.34,29830.0,1.0,9.32,10.92,13.43,16.76,21.02,19390.0,22720.0,27930.0,34860.0,43710.0,,,2019,,,39,Personal Care and Service Occupations
99,U.S.,1,0,Cross-industry,cross-industry,1235,39-4031,"Morticians, Undertakers, and Funeral Arrangers",detailed,25440,3.2,,,,28.06,58360.0,1.5,14.12,19.25,26.04,34.39,43.21,29370.0,40050.0,54150.0,71530.0,89880.0,,,2019,,,39,Personal Care and Service Occupations
99,U.S.,1,0,Cross-industry,cross-industry,1235,39-5011,Barbers,detailed,20030,8.6,,,,16.92,35190.0,3.2,9.76,11.48,14.5,20.29,27.23,20300.0,23880.0,30150.0,42210.0,56630.0,,,2019,,,39,Personal Care and Service Occupations
99,U.S.,1,0,Cross-industry,cross-industry,1235,39-5012,"Hairdressers, Hairstylists, and Cosmetologists",detailed,385960,1.5,,,,15.16,31530.0,0.7,8.86,10.05,12.54,17.66,24.94,18420.0,20900.0,26090.0,36730.0,51870.0,,,2019,,,39,Personal Care and Service Occupations
99,U.S.,1,0,Cross-industry,cross-industry,1235,39-5091,"Makeup Artists, Theatrical and Performance",detailed,3400,12.5,,,,39.23,81600.0,6.5,11.5,18.39,36.41,57.0,69.92,23920.0,38250.0,75730.0,118560.0,145420.0,,,2019,,,39,Personal Care and Service Occupations
99,U.S.,1,0,Cross-industry,cross-industry,1235,39-5092,Manicurists and Pedicurists,detailed,111780,4.0,,,,13.17,27390.0,0.8,9.73,11.26,12.39,14.52,17.66,20230.0,23420.0,25770.0,30200.0,36730.0,,,2019,,,39,Personal Care and Service Occupations
99,U.S.,1,0,Cross-industry,cross-industry,1235,39-5093,Shampooers,detailed,12120,5.7,,,,11.02,22910.0,1.1,8.62,9.35,10.84,12.18,14.05,17920.0,19450.0,22550.0,25340.0,29230.0,,,2019,,,39,Personal Care and Service Occupations
99,U.S.,1,0,Cross-industry,cross-industry,1235,39-5094,Skincare Specialists,detailed,56660,3.5,,,,18.74,38970.0,1.6,9.85,12.13,16.39,22.49,30.07,20500.0,25220.0,34090.0,46770.0,62540.0,,,2019,,,39,Personal Care and Service Occupations
99,U.S.,1,0,Cross-industry,cross-industry,1235,39-6011,Baggage Porters and Bellhops,detailed,39790,2.5,,,,13.57,28230.0,0.8,8.99,10.37,12.3,15.17,19.0,18690.0,21580.0,25580.0,31550.0,39510.0,,,2019,,,39,Personal Care and Service Occupations
99,U.S.,1,0,Cross-industry,cross-industry,1235,39-6012,Concierges,detailed,41670,3.8,,,,16.48,34290.0,1.2,10.7,12.54,15.09,19.06,24.65,22250.0,26090.0,31390.0,39640.0,51270.0,,,2019,,,39,Personal Care and Service Occupations
99,U.S.,1,0,Cross-industry,cross-industry,1235,39-7010,Tour and Travel Guides,detailed,48710,2.8,,,,14.74,30670.0,0.8,9.38,11.04,13.27,17.2,22.04,19500.0,22970.0,27600.0,35780.0,45850.0,,,2019,,,39,Personal Care and Service Occupations
99,U.S.,1,0,Cross-industry,cross-industry,1235,39-9011,Childcare Workers,detailed,561520,1.2,,,,12.27,25510.0,0.5,8.65,9.72,11.65,14.05,17.21,18000.0,20210.0,24230.0,29220.0,35800.0,,,2019,,,39,Personal Care and Service Occupations
99,U.S.,1,0,Cross-industry,cross-industry,1235,39-9031,Exercise Trainers and Group Fitness Instructors,detailed,325500,1.2,,,,21.69,45110.0,0.7,10.15,12.94,19.42,27.63,36.25,21110.0,26910.0,40390.0,57470.0,75400.0,,,2019,,,39,Personal Care and Service Occupations
99,U.S.,1,0,Cross-industry,cross-industry,1235,39-9032,Recreation Workers,detailed,358750,1.1,,,,14.1,29330.0,0.4,9.07,10.66,12.67,16.17,21.15,18860.0,22170.0,26350.0,33630.0,44000.0,,,2019,,,39,Personal Care and Service Occupations
99,U.S.,1,0,Cross-industry,cross-industry,1235,39-9041,Residential Advisors,detailed,107930,2.6,,,,15.2,31610.0,0.5,9.9,11.69,14.16,17.78,22.42,20600.0,24310.0,29450.0,36980.0,46640.0,,,2019,,,39,Personal Care and Service Occupations
99,U.S.,1,0,Cross-industry,cross-industry,1235,39-9098,"Crematory Operators and Personal Care and Service Workers, All Other",detailed,61510,3.5,,,,14.03,29190.0,1.3,9.22,10.98,13.04,16.13,18.9,19180.0,22840.0,27130.0,33540.0,39310.0,,,2019,,,39,Personal Care and Service Occupations
99,U.S.,1,0,Cross-industry,cross-industry,1235,41-1011,First-Line Supervisors of Retail Sales Workers,detailed,1171900,0.5,,,,22.03,45830.0,0.2,12.64,15.37,19.4,26.1,33.68,26290.0,31960.0,40350.0,54290.0,70060.0,,,2019,,,41,Sales and Related Occupations
99,U.S.,1,0,Cross-industry,cross-industry,1235,41-1012,First-Line Supervisors of Non-Retail Sales Workers,detailed,249090,0.9,,,,41.43,86180.0,0.4,20.08,26.86,35.94,49.92,70.55,41780.0,55860.0,74760.0,103830.0,146740.0,,,2019,,,41,Sales and Related Occupations
99,U.S.,1,0,Cross-industry,cross-industry,1235,41-2011,Cashiers,detailed,3596630,0.6,,,,11.72,24370.0,0.2,8.73,9.77,11.37,12.77,15.04,18150.0,20320.0,23650.0,26550.0,31270.0,,,2019,,,41,Sales and Related Occupations
99,U.S.,1,0,Cross-industry,cross-industry,1235,41-2012,Gambling Change Persons and Booth Cashiers,detailed,21290,5.5,,,,13.46,28010.0,1.0,9.34,10.8,12.35,15.13,18.73,19430.0,22470.0,25690.0,31460.0,38960.0,,,2019,,,41,Sales and Related Occupations
99,U.S.,1,0,Cross-industry,cross-industry,1235,41-2021,Counter and Rental Clerks,detailed,411560,1.2,,,,15.67,32600.0,0.4,9.43,11.36,13.86,18.23,24.45,19620.0,23630.0,28820.0,37910.0,50860.0,,,2019,,,41,Sales and Related Occupations
99,U.S.,1,0,Cross-industry,cross-industry,1235,41-2022,Parts Salespersons,detailed,256170,1.2,,,,16.93,35220.0,0.5,9.89,11.94,15.24,20.18,26.97,20570.0,24840.0,31710.0,41980.0,56090.0,,,2019,,,41,Sales and Related Occupations
99,U.S.,1,0,Cross-industry,cross-industry,1235,41-2031,Retail Salespersons,detailed,4317950,0.5,,,,14.12,29360.0,0.2,9.09,10.47,12.14,15.13,20.57,18900.0,21780.0,25250.0,31480.0,42780.0,,,2019,,,41,Sales and Related Occupations
99,U.S.,1,0,Cross-industry,cross-industry,1235,41-3011,Advertising Sales Agents,detailed,129740,2.3,,,,31.09,64660.0,1.0,12.21,16.95,25.63,37.99,56.88,25390.0,35250.0,53310.0,79010.0,118300.0,,,2019,,,41,Sales and Related Occupations
99,U.S.,1,0,Cross-industry,cross-industry,1235,41-3021,Insurance Sales Agents,detailed,410050,1.1,,,,32.59,67780.0,0.9,13.46,17.56,24.49,37.24,60.33,28000.0,36520.0,50940.0,77460.0,125500.0,,,2019,,,41,Sales and Related Occupations
99,U.S.,1,0,Cross-industry,cross-industry,1235,41-3031,"Securities, Commodities, and Financial Services Sales Agents",detailed,437880,1.2,,,,44.75,93090.0,1.4,16.98,20.92,29.94,54.22,98.14,35320.0,43510.0,62270.0,112770.0,204130.0,,,2019,,,41,Sales and Related Occupations
99,U.S.,1,0,Cross-industry,cross-industry,1235,41-3041,Travel Agents,detailed,66670,2.3,,,,21.49,44690.0,1.1,11.37,14.61,19.55,26.3,33.37,23660.0,30400.0,40660.0,54710.0,69420.0,,,2019,,,41,Sales and Related Occupations
99,U.S.,1,0,Cross-industry,cross-industry,1235,41-3091,"Sales Representatives of Services, Except Advertising, Insurance, Financial Services, and Travel",detailed,1039670,0.8,,,,32.1,66760.0,0.4,13.13,18.06,26.99,38.84,57.91,27320.0,37550.0,56130.0,80790.0,120460.0,,,2019,,,41,Sales and Related Occupations
99,U.S.,1,0,Cross-industry,cross-industry,1235,41-4011,"Sales Representatives, Wholesale and Manufacturing, Technical and Scientific Products",detailed,306980,2.2,,,,44.7,92980.0,0.8,19.75,27.43,38.95,56.52,76.24,41080.0,57050.0,81020.0,117560.0,158580.0,,,2019,,,41,Sales and Related Occupations
99,U.S.,1,0,Cross-industry,cross-industry,1235,41-4012,"Sales Representatives, Wholesale and Manufacturing, Except Technical and Scientific Products",detailed,1344530,0.5,,,,34.19,71110.0,0.3,14.68,20.23,28.81,41.22,60.24,30530.0,42070.0,59930.0,85730.0,125300.0,,,2019,,,41,Sales and Related Occupations
99,U.S.,1,0,Cross-industry,cross-industry,1235,41-9011,Demonstrators and Product Promoters,detailed,77760,4.0,,,,16.98,35320.0,1.4,10.45,12.13,14.87,20.14,26.2,21750.0,25230.0,30930.0,41880.0,54490.0,,,2019,,,41,Sales and Related Occupations
99,U.S.,1,0,Cross-industry,cross-industry,1235,41-9012,Models,detailed,2320,22.7,,,,17.52,36430.0,9.0,10.54,11.31,13.63,19.05,26.75,21930.0,23530.0,28350.0,39620.0,55630.0,,,2019,,,41,Sales and Related Occupations
99,U.S.,1,0,Cross-industry,cross-industry,1235,41-9021,Real Estate Brokers,detailed,42730,4.0,,,,39.16,81450.0,3.6,11.35,17.28,28.71,46.05,85.93,23600.0,35940.0,59720.0,95790.0,178720.0,,,2019,,,41,Sales and Related Occupations
99,U.S.,1,0,Cross-industry,cross-industry,1235,41-9022,Real Estate Sales Agents,detailed,162330,1.8,,,,29.83,62060.0,1.4,11.98,16.16,23.53,36.22,53.75,24930.0,33600.0,48930.0,75340.0,111800.0,,,2019,,,41,Sales and Related Occupations
99,U.S.,1,0,Cross-industry,cross-industry,1235,41-9031,Sales Engineers,detailed,63550,3.5,,,,54.22,112780.0,1.0,28.45,36.71,49.95,67.12,83.79,59180.0,76350.0,103900.0,139620.0,174270.0,,,2019,,,41,Sales and Related Occupations
99,U.S.,1,0,Cross-industry,cross-industry,1235,41-9041,Telemarketers,detailed,134800,3.2,,,,14.31,29770.0,0.9,9.21,10.66,12.64,16.33,21.39,19170.0,22170.0,26290.0,33960.0,44480.0,,,2019,,,41,Sales and Related Occupations
99,U.S.,1,0,Cross-industry,cross-industry,1235,41-9091,"Door-to-Door Sales Workers, News and Street Vendors, and Related Workers",detailed,8930,8.1,,,,16.9,35150.0,3.5,9.4,11.07,13.19,19.07,29.61,19550.0,23020.0,27420.0,39670.0,61580.0,,,2019,,,41,Sales and Related Occupations
99,U.S.,1,0,Cross-industry,cross-industry,1235,41-9099,"Sales and Related Workers, All Other",detailed,118910,1.7,,,,19.53,40620.0,0.9,10.41,11.9,15.3,22.85,33.63,21650.0,24740.0,31820.0,47530.0,69940.0,,,2019,,,41,Sales and Related Occupations
99,U.S.,1,0,Cross-industry,cross-industry,1235,43-1011,First-Line Supervisors of Office and Administrative Support Workers,detailed,1487870,0.3,,,,28.91,60130.0,0.1,16.49,20.85,27.22,34.85,44.02,34290.0,43360.0,56620.0,72480.0,91570.0,,,2019,,,43,Office and Administrative Support Occupations
99,U.S.,1,0,Cross-industry,cross-industry,1235,43-2011,"Switchboard Operators, Including Answering Service",detailed,68050,2.8,,,,15.88,33030.0,1.0,10.51,12.34,14.72,18.17,23.06,21870.0,25670.0,30610.0,37790.0,47970.0,,,2019,,,43,Office and Administrative Support Occupations
99,U.S.,1,0,Cross-industry,cross-industry,1235,43-2021,Telephone Operators,detailed,4740,5.6,,,,18.24,37940.0,1.4,11.23,13.32,17.19,22.9,27.7,23360.0,27700.0,35750.0,47630.0,57620.0,,,2019,,,43,Office and Administrative Support Occupations
99,U.S.,1,0,Cross-industry,cross-industry,1235,43-2099,"Communications Equipment Operators, All Other",detailed,3240,12.1,,,,22.14,46050.0,3.2,11.3,16.11,20.57,27.99,35.02,23510.0,33520.0,42790.0,58230.0,72840.0,,,2019,,,43,Office and Administrative Support Occupations
99,U.S.,1,0,Cross-industry,cross-industry,1235,43-3011,Bill and Account Collectors,detailed,235870,1.6,,,,18.9,39300.0,0.4,12.4,14.78,17.79,22.04,27.34,25800.0,30740.0,37000.0,45840.0,56860.0,,,2019,,,43,Office and Administrative Support Occupations
99,U.S.,1,0,Cross-industry,cross-industry,1235,43-3021,Billing and Posting Clerks,detailed,466450,0.8,,,,19.53,40620.0,0.2,13.3,15.84,18.63,22.87,27.55,27650.0,32940.0,38740.0,47580.0,57300.0,,,2019,,,43,Office and Administrative Support Occupations
99,U.S.,1,0,Cross-industry,cross-industry,1235,43-3031,"Bookkeeping, Accounting, and Auditing Clerks",detailed,1512660,0.4,,,,20.65,42960.0,0.1,12.44,15.87,19.82,24.7,30.01,25870.0,33020.0,41230.0,51370.0,62410.0,,,2019,,,43,Office and Administrative Support Occupations
99,U.S.,1,0,Cross-industry,cross-industry,1235,43-3041,Gambling Cage Workers,detailed,14330,3.3,,,,14.23,29600.0,0.9,10.08,11.56,13.48,16.32,19.5,20970.0,24040.0,28040.0,33950.0,40550.0,,,2019,,,43,Office and Administrative Support Occupations
99,U.S.,1,0,Cross-industry,cross-industry,1235,43-3051,Payroll and Timekeeping Clerks,detailed,142700,1.0,,,,22.79,47390.0,0.4,14.58,17.79,22.2,27.42,31.83,30320.0,37000.0,46180.0,57030.0,66210.0,,,2019,,,43,Office and Administrative Support Occupations
99,U.S.,1,0,Cross-industry,cross-industry,1235,43-3061,Procurement Clerks,detailed,66030,1.4,,,,21.14,43980.0,0.3,14.16,17.08,20.82,24.66,28.81,29450.0,35530.0,43310.0,51290.0,59920.0,,,2019,,,43,Office and Administrative Support Occupations
99,U.S.,1,0,Cross-industry,cross-industry,1235,43-3071,Tellers,detailed,442120,0.9,,,,15.22,31660.0,0.2,11.21,12.94,15.02,17.5,19.34,23330.0,26920.0,31230.0,36390.0,40230.0,,,2019,,,43,Office and Administrative Support Occupations
99,U.S.,1,0,Cross-industry,cross-industry,1235,43-3099,"Financial Clerks, All Other",detailed,30500,3.7,,,,21.51,44740.0,1.1,13.77,16.68,20.4,25.18,30.63,28650.0,34700.0,42420.0,52370.0,63710.0,,,2019,,,43,Office and Administrative Support Occupations
99,U.S.,1,0,Cross-industry,cross-industry,1235,43-4011,Brokerage Clerks,detailed,47990,2.7,,,,26.53,55190.0,0.7,17.11,20.91,25.36,30.66,37.58,35600.0,43490.0,52750.0,63770.0,78160.0,,,2019,,,43,Office and Administrative Support Occupations
99,U.S.,1,0,Cross-industry,cross-industry,1235,43-4021,Correspondence Clerks,detailed,6250,5.8,,,,19.03,39570.0,1.0,12.76,15.55,18.34,22.16,26.46,26540.0,32330.0,38140.0,46090.0,55050.0,,,2019,,,43,Office and Administrative Support Occupations
99,U.S.,1,0,Cross-industry,cross-industry,1235,43-4031,"Court, Municipal, and License Clerks",detailed,154020,0.8,,,,20.21,42030.0,0.6,12.5,15.32,18.93,23.74,29.37,25990.0,31860.0,39380.0,49380.0,61100.0,,,2019,,,43,Office and Administrative Support Occupations
99,U.S.,1,0,Cross-industry,cross-industry,1235,43-4041,"Credit Authorizers, Checkers, and Clerks",detailed,26700,3.2,,,,20.13,41880.0,0.7,12.95,15.76,19.28,23.73,29.12,26950.0,32780.0,40100.0,49360.0,60570.0,,,2019,,,43,Office and Administrative Support Occupations
99,U.S.,1,0,Cross-industry,cross-industry,1235,43-4051,Customer Service Representatives,detailed,2919230,0.5,,,,17.94,37320.0,0.2,11.05,13.28,16.69,21.15,27.11,22980.0,27630.0,34710.0,43980.0,56380.0,,,2019,,,43,Office and Administrative Support Occupations
99,U.S.,1,0,Cross-industry,cross-industry,1235,43-4061,"Eligibility Interviewers, Government Programs",detailed,139780,3.4,,,,22.65,47110.0,0.5,15.47,17.87,22.4,26.91,30.21,32180.0,37160.0,46590.0,55960.0,62840.0,,,2019,,,43,Office and Administrative Support Occupations
99,U.S.,1,0,Cross-industry,cross-industry,1235,43-4071,File Clerks,detailed,102300,1.5,,,,16.64,34610.0,0.4,10.65,12.68,15.73,19.37,24.39,22150.0,26370.0,32710.0,40280.0,50740.0,,,2019,,,43,Office and Administrative Support Occupations
99,U.S.,1,0,Cross-industry,cross-industry,1235,43-4081,"Hotel, Motel, and Resort Desk Clerks",detailed,267940,1.1,,,,12.47,25950.0,0.4,8.82,10.07,11.76,14.02,17.09,18340.0,20940.0,24470.0,29160.0,35550.0,,,2019,,,43,Office and Administrative Support Occupations
99,U.S.,1,0,Cross-industry,cross-industry,1235,43-4111,"Interviewers, Except Eligibility and Loan",detailed,188570,1.4,,,,17.49,36390.0,0.4,11.4,13.61,16.81,20.59,24.69,23710.0,28310.0,34970.0,42820.0,51360.0,,,2019,,,43,Office and Administrative Support Occupations
99,U.S.,1,0,Cross-industry,cross-industry,1235,43-4121,"Library Assistants, Clerical",detailed,85910,1.2,,,,14.34,29820.0,0.5,9.15,10.81,13.22,17.18,21.62,19030.0,22490.0,27490.0,35730.0,44970.0,,,2019,,,43,Office and Administrative Support Occupations
99,U.S.,1,0,Cross-industry,cross-industry,1235,43-4131,Loan Interviewers and Clerks,detailed,208530,1.5,,,,20.17,41960.0,0.3,12.79,15.98,19.54,24.04,28.89,26610.0,33230.0,40640.0,50010.0,60090.0,,,2019,,,43,Office and Administrative Support Occupations
99,U.S.,1,0,Cross-industry,cross-industry,1235,43-4141,New Accounts Clerks,detailed,43420,3.1,,,,18.5,38490.0,1.9,12.9,14.93,17.57,20.96,24.67,26820.0,31060.0,36550.0,43600.0,51310.0,,,2019,,,43,Office and Administrative Support Occupations
99,U.S.,1,0,Cross-industry,cross-industry,1235,43-4151,Order Clerks,detailed,137180,2.5,,,,17.6,36600.0,0.7,11.18,13.13,16.46,20.99,25.99,23260.0,27300.0,34240.0,43660.0,54050.0,,,2019,,,43,Office and Administrative Support Occupations
99,U.S.,1,0,Cross-industry,cross-industry,1235,43-4161,"Human Resources Assistants, Except Payroll and Timekeeping",detailed,117340,1.2,,,,20.49,42620.0,0.3,13.83,16.57,19.92,23.86,28.52,28760.0,34470.0,41430.0,49640.0,59320.0,,,2019,,,43,Office and Administrative Support Occupations
99,U.S.,1,0,Cross-industry,cross-industry,1235,43-4171,Receptionists and Information Clerks,detailed,1057370,0.6,,,,15.02,31250.0,0.2,10.16,12.05,14.45,17.64,20.86,21130.0,25050.0,30050.0,36680.0,43380.0,,,2019,,,43,Office and Administrative Support Occupations
99,U.S.,1,0,Cross-industry,cross-industry,1235,43-4181,Reservation and Transportation Ticket Agents and Travel Clerks,detailed,123660,3.0,,,,21.34,44390.0,1.1,11.9,14.07,18.45,29.49,34.92,24750.0,29260.0,38380.0,61340.0,72630.0,,,2019,,,43,Office and Administrative Support Occupations
99,U.S.,1,0,Cross-industry,cross-industry,1235,43-4199,"Information and Record Clerks, All Other",detailed,153850,0.9,,,,20.39,42410.0,0.4,12.39,15.53,19.89,24.29,28.76,25770.0,32290.0,41360.0,50530.0,59830.0,,,2019,,,43,Office and Administrative Support Occupations
99,U.S.,1,0,Cross-industry,cross-industry,1235,43-5011,Cargo and Freight Agents,detailed,95810,2.4,,,,22.48,46770.0,0.9,12.87,16.39,21.03,26.9,33.19,26780.0,34080.0,43740.0,55940.0,69040.0,,,2019,,,43,Office and Administrative Support Occupations
99,U.S.,1,0,Cross-industry,cross-industry,1235,43-5021,Couriers and Messengers,detailed,74720,2.5,,,,15.21,31640.0,0.9,10.09,11.91,14.28,17.58,22.15,20990.0,24760.0,29690.0,36570.0,46080.0,,,2019,,,43,Office and Administrative Support Occupations
99,U.S.,1,0,Cross-industry,cross-industry,1235,43-5031,Public Safety Telecommunicators,detailed,95320,0.9,,,,21.31,44310.0,0.4,13.07,16.18,20.15,25.31,31.23,27190.0,33650.0,41910.0,52650.0,64950.0,,,2019,,,43,Office and Administrative Support Occupations
99,U.S.,1,0,Cross-industry,cross-industry,1235,43-5032,"Dispatchers, Except Police, Fire, and Ambulance",detailed,199360,1.5,,,,21.2,44100.0,0.6,12.14,15.21,19.32,25.35,32.62,25260.0,31640.0,40190.0,52740.0,67850.0,,,2019,,,43,Office and Administrative Support Occupations
99,U.S.,1,0,Cross-industry,cross-industry,1235,43-5041,"Meter Readers, Utilities",detailed,30450,3.8,,,,22.23,46250.0,1.1,12.41,15.25,20.33,27.77,34.82,25810.0,31720.0,42280.0,57760.0,72420.0,,,2019,,,43,Office and Administrative Support Occupations
99,U.S.,1,0,Cross-industry,cross-industry,1235,43-5051,Postal Service Clerks,detailed,81170,0.0,,,,24.33,50610.0,0.2,17.2,20.75,23.23,29.21,29.8,35770.0,43170.0,48330.0,60750.0,61980.0,,,2019,,,43,Office and Administrative Support Occupations
99,U.S.,1,0,Cross-industry,cross-industry,1235,43-5052,Postal Service Mail Carriers,detailed,339650,0.0,,,,25.09,52180.0,0.2,17.79,18.29,24.67,30.97,31.55,36990.0,38050.0,51310.0,64410.0,65620.0,,,2019,,,43,Office and Administrative Support Occupations
99,U.S.,1,0,Cross-industry,cross-industry,1235,43-5053,"Postal Service Mail Sorters, Processors, and Processing Machine Operators",detailed,102390,0.0,,,,24.61,51190.0,0.3,17.19,18.77,28.91,29.21,29.46,35760.0,39030.0,60140.0,60750.0,61270.0,,,2019,,,43,Office and Administrative Support Occupations
99,U.S.,1,0,Cross-industry,cross-industry,1235,43-5061,"Production, Planning, and Expediting Clerks",detailed,370380,0.9,,,,24.35,50640.0,0.2,14.52,17.88,23.2,29.64,36.59,30190.0,37180.0,48260.0,61650.0,76100.0,,,2019,,,43,Office and Administrative Support Occupations
99,U.S.,1,0,Cross-industry,cross-industry,1235,43-5071,"Shipping, Receiving, and Inventory Clerks",detailed,704910,0.7,,,,17.32,36030.0,0.2,11.51,13.48,16.44,20.08,24.79,23940.0,28030.0,34190.0,41760.0,51560.0,,,2019,,,43,Office and Administrative Support Occupations
99,U.S.,1,0,Cross-industry,cross-industry,1235,43-5111,"Weighers, Measurers, Checkers, and Samplers, Recordkeeping",detailed,60920,2.3,,,,17.62,36650.0,0.5,11.53,13.56,16.85,20.83,24.78,23980.0,28190.0,35040.0,43320.0,51540.0,,,2019,,,43,Office and Administrative Support Occupations
99,U.S.,1,0,Cross-industry,cross-industry,1235,43-6011,Executive Secretaries and Executive Administrative Assistants,detailed,542690,0.6,,,,30.25,62920.0,0.2,18.22,23.09,29.27,36.45,43.91,37890.0,48020.0,60890.0,75820.0,91330.0,,,2019,,,43,Office and Administrative Support Occupations
99,U.S.,1,0,Cross-industry,cross-industry,1235,43-6012,Legal Secretaries and Administrative Assistants,detailed,168140,1.7,,,,24.47,50900.0,0.6,13.83,17.2,22.74,30.52,38.27,28760.0,35780.0,47300.0,63480.0,79610.0,,,2019,,,43,Office and Administrative Support Occupations
99,U.S.,1,0,Cross-industry,cross-industry,1235,43-6013,Medical Secretaries and Administrative Assistants,detailed,604780,0.8,,,,18.31,38090.0,0.3,12.58,14.71,17.59,21.47,25.59,26180.0,30590.0,36580.0,44650.0,53230.0,,,2019,,,43,Office and Administrative Support Occupations
99,U.S.,1,0,Cross-industry,cross-industry,1235,43-6014,"Secretaries and Administrative Assistants, Except Legal, Medical, and Executive",detailed,2038340,0.4,,,,18.84,39180.0,0.2,11.66,14.47,18.12,22.84,27.68,24250.0,30100.0,37690.0,47510.0,57570.0,,,2019,,,43,Office and Administrative Support Occupations
99,U.S.,1,0,Cross-industry,cross-industry,1235,43-9021,Data Entry Keyers,detailed,159930,1.8,,,,16.74,34820.0,0.3,11.24,13.32,16.1,19.16,23.65,23380.0,27700.0,33490.0,39850.0,49190.0,,,2019,,,43,Office and Administrative Support Occupations
99,U.S.,1,0,Cross-industry,cross-industry,1235,43-9022,Word Processors and Typists,detailed,47460,2.9,,,,20.13,41880.0,0.8,13.39,16.13,19.39,23.42,28.3,27850.0,33550.0,40340.0,48710.0,58860.0,,,2019,,,43,Office and Administrative Support Occupations
99,U.S.,1,0,Cross-industry,cross-industry,1235,43-9031,Desktop Publishers,detailed,8740,5.0,,,,23.43,48740.0,1.9,11.47,15.9,21.82,29.19,37.59,23850.0,33060.0,45390.0,60720.0,78190.0,,,2019,,,43,Office and Administrative Support Occupations
99,U.S.,1,0,Cross-industry,cross-industry,1235,43-9041,Insurance Claims and Policy Processing Clerks,detailed,257000,1.9,,,,20.81,43280.0,0.4,13.64,16.36,19.59,24.3,29.76,28380.0,34030.0,40750.0,50550.0,61910.0,,,2019,,,43,Office and Administrative Support Occupations
99,U.S.,1,0,Cross-industry,cross-industry,1235,43-9051,"Mail Clerks and Mail Machine Operators, Except Postal Service",detailed,83580,2.5,,,,15.68,32620.0,0.5,10.28,12.22,14.89,18.49,22.65,21380.0,25420.0,30960.0,38470.0,47110.0,,,2019,,,43,Office and Administrative Support Occupations
99,U.S.,1,0,Cross-industry,cross-industry,1235,43-9061,"Office Clerks, General",detailed,2956060,0.5,,,,17.48,36360.0,0.2,10.16,12.6,16.37,20.96,26.59,21140.0,26220.0,34040.0,43590.0,55300.0,,,2019,,,43,Office and Administrative Support Occupations
99,U.S.,1,0,Cross-industry,cross-industry,1235,43-9071,"Office Machine Operators, Except Computer",detailed,45960,3.2,,,,16.9,35150.0,0.6,11.12,13.12,16.08,19.52,24.27,23120.0,27300.0,33450.0,40600.0,50490.0,,,2019,,,43,Office and Administrative Support Occupations
99,U.S.,1,0,Cross-industry,cross-industry,1235,43-9081,Proofreaders and Copy Markers,detailed,7730,6.1,,,,20.77,43200.0,1.6,11.84,15.22,19.54,26.02,30.73,24630.0,31660.0,40630.0,54120.0,63920.0,,,2019,,,43,Office and Administrative Support Occupations
99,U.S.,1,0,Cross-industry,cross-industry,1235,43-9111,Statistical Assistants,detailed,9810,3.6,,,,24.83,51640.0,1.7,15.38,18.79,23.97,29.8,36.37,31980.0,39090.0,49870.0,61990.0,75650.0,,,2019,,,43,Office and Administrative Support Occupations
99,U.S.,1,0,Cross-industry,cross-industry,1235,43-9199,"Office and Administrative Support Workers, All Other",detailed,188360,1.2,,,,18.41,38290.0,1.3,10.77,12.22,17.05,22.77,28.7,22390.0,25420.0,35470.0,47350.0,59700.0,,,2019,,,43,Office and Administrative Support Occupations
99,U.S.,1,0,Cross-industry,cross-industry,1235,45-1011,"First-Line Supervisors of Farming, Fishing, and Forestry Workers",detailed,22560,2.7,,,,25.25,52520.0,0.8,14.49,17.76,23.21,30.77,38.92,30130.0,36940.0,48280.0,64000.0,80950.0,,,2019,,,45,"Farming, Fishing, and Forestry Occupations"
99,U.S.,1,0,Cross-industry,cross-industry,1235,45-2011,Agricultural Inspectors,detailed,13760,3.6,,,,22.67,47160.0,0.7,13.51,16.33,21.87,27.09,33.81,28100.0,33960.0,45490.0,56340.0,70320.0,,,2019,,,45,"Farming, Fishing, and Forestry Occupations"
99,U.S.,1,0,Cross-industry,cross-industry,1235,45-2021,Animal Breeders,detailed,1610,10.4,,,,22.32,46420.0,2.9,12.51,15.25,20.64,27.28,33.44,26030.0,31730.0,42920.0,56750.0,69550.0,,,2019,,,45,"Farming, Fishing, and Forestry Occupations"
99,U.S.,1,0,Cross-industry,cross-industry,1235,45-2041,"Graders and Sorters, Agricultural Products",detailed,34340,4.4,,,,13.25,27570.0,3.0,9.39,11.25,12.34,14.12,15.99,19530.0,23390.0,25670.0,29370.0,33250.0,,,2019,,,45,"Farming, Fishing, and Forestry Occupations"
99,U.S.,1,0,Cross-industry,cross-industry,1235,45-2091,Agricultural Equipment Operators,detailed,26990,4.1,,,,16.01,33300.0,1.0,10.44,12.7,15.36,18.62,22.67,21720.0,26410.0,31950.0,38730.0,47150.0,,,2019,,,45,"Farming, Fishing, and Forestry Occupations"
99,U.S.,1,0,Cross-industry,cross-industry,1235,45-2092,"Farmworkers and Laborers, Crop, Nursery, and Greenhouse",detailed,295520,2.0,,,,13.36,27780.0,0.6,11.06,11.5,12.23,14.32,17.75,23010.0,23920.0,25440.0,29780.0,36910.0,,,2019,,,45,"Farming, Fishing, and Forestry Occupations"
99,U.S.,1,0,Cross-industry,cross-industry,1235,45-2093,"Farmworkers, Farm, Ranch, and Aquacultural Animals",detailed,36630,3.0,,,,14.37,29880.0,0.8,9.1,10.86,13.38,17.03,21.01,18930.0,22580.0,27830.0,35420.0,43700.0,,,2019,,,45,"Farming, Fishing, and Forestry Occupations"
99,U.S.,1,0,Cross-industry,cross-industry,1235,45-2099,"Agricultural Workers, All Other",detailed,6540,8.6,,,,16.31,33930.0,2.5,9.23,11.5,14.23,19.14,26.39,19200.0,23910.0,29590.0,39820.0,54890.0,,,2019,,,45,"Farming, Fishing, and Forestry Occupations"
99,U.S.,1,0,Cross-industry,cross-industry,1235,45-4011,Forest and Conservation Workers,detailed,6760,5.1,,,,15.76,32790.0,0.9,10.95,12.23,15.27,17.51,22.54,22770.0,25430.0,31770.0,36420.0,46870.0,,,2019,,,45,"Farming, Fishing, and Forestry Occupations"
99,U.S.,1,0,Cross-industry,cross-industry,1235,45-4021,Fallers,detailed,4890,12.7,,,,23.88,49670.0,4.2,14.82,16.99,21.46,29.72,37.95,30820.0,35350.0,44650.0,61820.0,78950.0,,,2019,,,45,"Farming, Fishing, and Forestry Occupations"
99,U.S.,1,0,Cross-industry,cross-industry,1235,45-4022,Logging Equipment Operators,detailed,26030,3.1,,,,20.22,42060.0,1.3,12.22,15.42,19.92,24.6,29.3,25430.0,32070.0,41440.0,51170.0,60930.0,,,2019,,,45,"Farming, Fishing, and Forestry Occupations"
99,U.S.,1,0,Cross-industry,cross-industry,1235,45-4023,Log Graders and Scalers,detailed,3300,5.0,,,,18.8,39110.0,1.6,12.07,14.23,17.92,22.58,26.63,25100.0,29600.0,37280.0,46960.0,55400.0,,,2019,,,45,"Farming, Fishing, and Forestry Occupations"
99,U.S.,1,0,Cross-industry,cross-industry,1235,45-4029,"Logging Workers, All Other",detailed,3750,8.7,,,,19.42,40390.0,2.4,11.83,15.61,19.12,23.54,27.69,24610.0,32470.0,39780.0,48970.0,57580.0,,,2019,,,45,"Farming, Fishing, and Forestry Occupations"
99,U.S.,1,0,Cross-industry,cross-industry,1235,47-1011,First-Line Supervisors of Construction Trades and Extraction Workers,detailed,626180,0.6,,,,34.35,71440.0,0.2,20.54,25.68,31.83,41.13,51.4,42730.0,53400.0,66210.0,85540.0,106900.0,,,2019,,,47,Construction and Extraction Occupations
99,U.S.,1,0,Cross-industry,cross-industry,1235,47-2011,Boilermakers,detailed,15820,7.4,,,,31.27,65040.0,1.3,19.16,25.27,30.34,37.44,45.4,39840.0,52570.0,63100.0,77870.0,94440.0,,,2019,,,47,Construction and Extraction Occupations
99,U.S.,1,0,Cross-industry,cross-industry,1235,47-2021,Brickmasons and Blockmasons,detailed,60650,2.4,,,,27.15,56470.0,1.0,15.86,19.96,25.53,31.9,42.0,32980.0,41520.0,53100.0,66360.0,87360.0,,,2019,,,47,Construction and Extraction Occupations
99,U.S.,1,0,Cross-industry,cross-industry,1235,47-2022,Stonemasons,detailed,12390,7.1,,,,23.11,48070.0,2.6,13.22,16.3,20.81,27.75,36.13,27510.0,33910.0,43280.0,57720.0,75140.0,,,2019,,,47,Construction and Extraction Occupations
99,U.S.,1,0,Cross-industry,cross-industry,1235,47-2031,Carpenters,detailed,734170,0.8,,,,25.41,52850.0,0.4,14.51,17.86,23.24,30.31,40.72,30170.0,37140.0,48330.0,63050.0,84690.0,,,2019,,,47,Construction and Extraction Occupations
99,U.S.,1,0,Cross-industry,cross-industry,1235,47-2041,Carpet Installers,detailed,26010,5.1,,,,21.79,45320.0,1.9,11.81,14.9,19.27,27.01,35.69,24570.0,30990.0,40090.0,56180.0,74240.0,,,2019,,,47,Construction and Extraction Occupations
99,U.S.,1,0,Cross-industry,cross-industry,1235,47-2042,"Floor Layers, Except Carpet, Wood, and Hard Tiles",detailed,16290,7.0,,,,23.37,48610.0,2.2,12.86,15.95,21.27,29.13,37.68,26740.0,33170.0,44240.0,60600.0,78370.0,,,2019,,,47,Construction and Extraction Occupations
99,U.S.,1,0,Cross-industry,cross-industry,1235,47-2043,Floor Sanders and Finishers,detailed,4940,9.6,,,,20.34,42300.0,2.8,12.95,15.63,19.04,23.32,29.13,26940.0,32500.0,39610.0,48500.0,60590.0,,,2019,,,47,Construction and Extraction Occupations
99,U.S.,1,0,Cross-industry,cross-industry,1235,47-2044,Tile and Stone Setters,detailed,40470,3.9,,,,22.74,47300.0,1.5,12.52,15.99,20.7,27.21,35.75,26030.0,33270.0,43050.0,56600.0,74350.0,,,2019,,,47,Construction and Extraction Occupations
99,U.S.,1,0,Cross-industry,cross-industry,1235,47-2051,Cement Masons and Concrete Finishers,detailed,196120,1.6,,,,23.24,48330.0,0.6,14.3,17.17,21.54,27.69,36.04,29750.0,35710.0,44810.0,57600.0,74950.0,,,2019,,,47,Construction and Extraction Occupations
99,U.S.,1,0,Cross-industry,cross-industry,1235,47-2053,Terrazzo Workers and Finishers,detailed,2970,11.1,,,,27.09,56340.0,4.8,15.19,17.77,25.09,36.75,44.33,31590.0,36960.0,52180.0,76430.0,92200.0,,,2019,,,47,Construction and Extraction Occupations
99,U.S.,1,0,Cross-industry,cross-industry,1235,47-2061,Construction Laborers,detailed,1020350,0.7,,,,20.06,41730.0,0.3,11.96,14.28,17.72,23.63,32.65,24880.0,29700.0,36860.0,49160.0,67910.0,,,2019,,,47,Construction and Extraction Occupations
99,U.S.,1,0,Cross-industry,cross-industry,1235,47-2071,"Paving, Surfacing, and Tamping Equipment Operators",detailed,45770,3.1,,,,21.46,44630.0,1.1,13.4,15.98,19.29,24.74,33.5,27870.0,33240.0,40130.0,51460.0,69680.0,,,2019,,,47,Construction and Extraction Occupations
99,U.S.,1,0,Cross-industry,cross-industry,1235,47-2072,Pile Driver Operators,detailed,3540,8.4,,,,33.76,70230.0,3.5,17.39,22.17,30.1,45.37,54.72,36160.0,46110.0,62600.0,94360.0,113820.0,,,2019,,,47,Construction and Extraction Occupations
99,U.S.,1,0,Cross-industry,cross-industry,1235,47-2073,Operating Engineers and Other Construction Equipment Operators,detailed,405750,0.8,,,,26.06,54210.0,0.4,15.53,18.44,23.55,30.95,41.17,32300.0,38350.0,48980.0,64370.0,85640.0,,,2019,,,47,Construction and Extraction Occupations
99,U.S.,1,0,Cross-industry,cross-industry,1235,47-2081,Drywall and Ceiling Tile Installers,detailed,102850,2.6,,,,24.31,50560.0,1.2,13.7,17.12,21.97,28.94,40.91,28490.0,35600.0,45700.0,60190.0,85090.0,,,2019,,,47,Construction and Extraction Occupations
99,U.S.,1,0,Cross-industry,cross-industry,1235,47-2082,Tapers,detailed,17970,5.0,,,,29.59,61550.0,1.4,16.44,21.76,28.4,37.14,46.13,34190.0,45260.0,59070.0,77250.0,95950.0,,,2019,,,47,Construction and Extraction Occupations
99,U.S.,1,0,Cross-industry,cross-industry,1235,47-2111,Electricians,detailed,688620,0.9,,,,29.02,60370.0,0.5,16.06,20.28,27.01,35.55,46.43,33410.0,42180.0,56180.0,73940.0,96580.0,,,2019,,,47,Construction and Extraction Occupations
99,U.S.,1,0,Cross-industry,cross-industry,1235,47-2121,Glaziers,detailed,52400,3.7,,,,23.95,49810.0,1.2,13.4,16.67,21.46,28.94,40.28,27860.0,34680.0,44630.0,60190.0,83780.0,,,2019,,,47,Construction and Extraction Occupations
99,U.S.,1,0,Cross-industry,cross-industry,1235,47-2131,"Insulation Workers, Floor, Ceiling, and Wall",detailed,33550,5.2,,,,21.68,45100.0,2.2,12.43,15.58,19.41,25.39,33.11,25860.0,32400.0,40380.0,52800.0,68860.0,,,2019,,,47,Construction and Extraction Occupations
99,U.S.,1,0,Cross-industry,cross-industry,1235,47-2132,"Insulation Workers, Mechanical",detailed,26670,4.5,,,,26.02,54120.0,1.8,15.33,18.33,23.41,30.41,42.96,31880.0,38130.0,48690.0,63240.0,89350.0,,,2019,,,47,Construction and Extraction Occupations
99,U.S.,1,0,Cross-industry,cross-industry,1235,47-2141,"Painters, Construction and Maintenance",detailed,232760,1.3,,,,21.46,44640.0,0.7,13.04,15.92,19.37,25.62,32.48,27130.0,33120.0,40280.0,53290.0,67560.0,,,2019,,,47,Construction and Extraction Occupations
99,U.S.,1,0,Cross-industry,cross-industry,1235,47-2142,Paperhangers,detailed,3380,16.4,,,,21.38,44470.0,4.4,12.72,15.95,19.48,23.86,34.18,26450.0,33180.0,40520.0,49630.0,71100.0,,,2019,,,47,Construction and Extraction Occupations
99,U.S.,1,0,Cross-industry,cross-industry,1235,47-2151,Pipelayers,detailed,36270,3.7,,,,20.96,43600.0,1.0,13.21,15.59,18.66,24.98,32.71,27470.0,32430.0,38820.0,51960.0,68030.0,,,2019,,,47,Construction and Extraction Occupations
99,U.S.,1,0,Cross-industry,cross-industry,1235,47-2152,"Plumbers, Pipefitters, and Steamfitters",detailed,442870,1.1,,,,28.75,59800.0,0.6,15.71,19.82,26.52,35.28,46.72,32690.0,41230.0,55160.0,73380.0,97170.0,,,2019,,,47,Construction and Extraction Occupations
99,U.S.,1,0,Cross-industry,cross-industry,1235,47-2161,Plasterers and Stucco Masons,detailed,27360,5.3,,,,23.9,49710.0,1.6,14.12,17.27,21.85,28.91,37.97,29360.0,35920.0,45440.0,60140.0,78980.0,,,2019,,,47,Construction and Extraction Occupations
99,U.S.,1,0,Cross-industry,cross-industry,1235,47-2171,Reinforcing Iron and Rebar Workers,detailed,18870,5.7,,,,26.27,54650.0,2.3,15.83,18.81,23.6,31.04,43.17,32930.0,39130.0,49100.0,64550.0,89790.0,,,2019,,,47,Construction and Extraction Occupations
99,U.S.,1,0,Cross-industry,cross-industry,1235,47-2181,Roofers,detailed,129690,1.9,,,,22.03,45820.0,1.0,12.76,15.94,20.24,26.65,34.1,26540.0,33160.0,42100.0,55440.0,70920.0,,,2019,,,47,Construction and Extraction Occupations
99,U.S.,1,0,Cross-industry,cross-industry,1235,47-2211,Sheet Metal Workers,detailed,131300,2.1,,,,26.19,54480.0,0.9,14.07,17.8,24.23,32.1,42.34,29260.0,37020.0,50400.0,66770.0,88070.0,,,2019,,,47,Construction and Extraction Occupations
99,U.S.,1,0,Cross-industry,cross-industry,1235,47-2221,Structural Iron and Steel Workers,detailed,76570,2.7,,,,28.45,59170.0,1.0,15.77,19.55,26.46,36.31,45.98,32790.0,40660.0,55040.0,75520.0,95650.0,,,2019,,,47,Construction and Extraction Occupations
99,U.S.,1,0,Cross-industry,cross-industry,1235,47-2231,Solar Photovoltaic Installers,detailed,11080,9.1,,,,22.52,46850.0,2.0,15.19,17.46,21.58,26.77,30.71,31600.0,36310.0,44890.0,55680.0,63880.0,,,2019,,,47,Construction and Extraction Occupations
99,U.S.,1,0,Cross-industry,cross-industry,1235,47-3011,"Helpers--Brickmasons, Blockmasons, Stonemasons, and Tile and Marble Setters",detailed,23480,4.0,,,,18.48,38440.0,1.5,12.01,14.08,17.02,21.03,28.7,24980.0,29290.0,35410.0,43750.0,59690.0,,,2019,,,47,Construction and Extraction Occupations
99,U.S.,1,0,Cross-industry,cross-industry,1235,47-3012,Helpers--Carpenters,detailed,32920,3.1,,,,16.26,33830.0,0.9,10.89,12.95,15.89,18.7,22.88,22640.0,26940.0,33060.0,38900.0,47580.0,,,2019,,,47,Construction and Extraction Occupations
99,U.S.,1,0,Cross-industry,cross-industry,1235,47-3013,Helpers--Electricians,detailed,79260,3.0,,,,16.49,34300.0,0.7,11.16,13.09,15.78,18.91,23.47,23200.0,27230.0,32830.0,39320.0,48810.0,,,2019,,,47,Construction and Extraction Occupations
99,U.S.,1,0,Cross-industry,cross-industry,1235,47-3014,"Helpers--Painters, Paperhangers, Plasterers, and Stucco Masons",detailed,10850,7.2,,,,15.83,32930.0,1.4,10.67,12.58,15.07,18.35,22.71,22190.0,26170.0,31340.0,38170.0,47240.0,,,2019,,,47,Construction and Extraction Occupations
99,U.S.,1,0,Cross-industry,cross-industry,1235,47-3015,"Helpers--Pipelayers, Plumbers, Pipefitters, and Steamfitters",detailed,58400,3.5,,,,16.23,33750.0,0.8,11.2,13.14,15.43,18.56,22.98,23290.0,27320.0,32100.0,38600.0,47800.0,,,2019,,,47,Construction and Extraction Occupations
99,U.S.,1,0,Cross-industry,cross-industry,1235,47-3016,Helpers--Roofers,detailed,8960,9.6,,,,16.04,33350.0,1.9,11.05,13.03,15.44,18.47,22.6,22980.0,27100.0,32110.0,38420.0,47000.0,,,2019,,,47,Construction and Extraction Occupations
99,U.S.,1,0,Cross-industry,cross-industry,1235,47-3019,"Helpers, Construction Trades, All Other",detailed,28530,3.5,,,,16.06,33400.0,0.9,10.26,12.56,15.34,18.68,23.11,21350.0,26130.0,31910.0,38850.0,48070.0,,,2019,,,47,Construction and Extraction Occupations
99,U.S.,1,0,Cross-industry,cross-industry,1235,47-4011,Construction and Building Inspectors,detailed,110420,1.4,,,,30.96,64390.0,0.6,17.52,22.65,29.19,37.78,47.51,36440.0,47110.0,60710.0,78570.0,98820.0,,,2019,,,47,Construction and Extraction Occupations
99,U.S.,1,0,Cross-industry,cross-industry,1235,47-4021,Elevator and Escalator Installers and Repairers,detailed,28350,4.4,,,,40.02,83250.0,1.1,21.45,29.08,40.86,50.35,59.69,44620.0,60480.0,84990.0,104730.0,124150.0,,,2019,,,47,Construction and Extraction Occupations
99,U.S.,1,0,Cross-industry,cross-industry,1235,47-4031,Fence Erectors,detailed,25900,5.3,,,,18.56,38600.0,1.6,12.1,14.02,17.21,21.56,26.85,25160.0,29160.0,35800.0,44840.0,55860.0,,,2019,,,47,Construction and Extraction Occupations
99,U.S.,1,0,Cross-industry,cross-industry,1235,47-4041,Hazardous Materials Removal Workers,detailed,44240,3.1,,,,22.95,47740.0,1.1,13.99,16.86,21.11,27.82,35.89,29100.0,35070.0,43900.0,57860.0,74650.0,,,2019,,,47,Construction and Extraction Occupations
99,U.S.,1,0,Cross-industry,cross-industry,1235,47-4051,Highway Maintenance Workers,detailed,150860,0.8,,,,20.39,42410.0,0.3,12.9,15.95,19.58,24.23,29.09,26840.0,33180.0,40730.0,50390.0,60520.0,,,2019,,,47,Construction and Extraction Occupations
99,U.S.,1,0,Cross-industry,cross-industry,1235,47-4061,Rail-Track Laying and Maintenance Equipment Operators,detailed,16180,8.1,,,,27.48,57160.0,4.0,16.71,20.93,26.97,34.09,39.12,34770.0,43530.0,56100.0,70910.0,81380.0,,,2019,,,47,Construction and Extraction Occupations
99,U.S.,1,0,Cross-industry,cross-industry,1235,47-4071,Septic Tank Servicers and Sewer Pipe Cleaners,detailed,29750,3.4,,,,20.56,42760.0,1.0,12.77,15.54,19.17,24.56,30.11,26550.0,32320.0,39870.0,51080.0,62640.0,,,2019,,,47,Construction and Extraction Occupations
99,U.S.,1,0,Cross-industry,cross-industry,1235,47-4090,Miscellaneous Construction and Related Workers,detailed,32040,3.9,,,,21.17,44030.0,1.2,12.88,15.68,19.1,24.81,32.48,26780.0,32610.0,39720.0,51610.0,67560.0,,,2019,,,47,Construction and Extraction Occupations
99,U.S.,1,0,Cross-industry,cross-industry,1235,47-5011,"Derrick Operators, Oil and Gas",detailed,12110,6.9,,,,23.09,48030.0,1.2,16.25,18.89,22.59,26.98,30.48,33800.0,39290.0,46990.0,56120.0,63390.0,,,2019,,,47,Construction and Extraction Occupations
99,U.S.,1,0,Cross-industry,cross-industry,1235,47-5012,"Rotary Drill Operators, Oil and Gas",detailed,21010,5.8,,,,27.44,57070.0,1.5,15.71,20.42,26.43,33.4,40.18,32670.0,42470.0,54980.0,69480.0,83570.0,,,2019,,,47,Construction and Extraction Occupations
99,U.S.,1,0,Cross-industry,cross-industry,1235,47-5013,"Service Unit Operators, Oil and Gas",detailed,51760,3.6,,,,24.71,51390.0,1.3,15.35,17.88,22.47,29.08,37.43,31930.0,37190.0,46740.0,60490.0,77850.0,,,2019,,,47,Construction and Extraction Occupations
99,U.S.,1,0,Cross-industry,cross-industry,1235,47-5022,"Excavating and Loading Machine and Dragline Operators, Surface Mining",detailed,44090,2.7,,,,23.36,48580.0,0.8,14.88,17.38,21.54,27.31,34.85,30950.0,36160.0,44800.0,56800.0,72480.0,,,2019,,,47,Construction and Extraction Occupations
99,U.S.,1,0,Cross-industry,cross-industry,1235,47-5041,Continuous Mining Machine Operators,detailed,14630,4.4,,,,27.18,56530.0,1.4,18.38,21.78,26.58,32.56,37.28,38240.0,45290.0,55280.0,67730.0,77540.0,,,2019,,,47,Construction and Extraction Occupations
99,U.S.,1,0,Cross-industry,cross-industry,1235,47-5043,"Roof Bolters, Mining",detailed,3140,8.1,,,,28.63,59560.0,1.8,21.22,24.98,28.41,32.27,37.39,44140.0,51970.0,59090.0,67130.0,77770.0,,,2019,,,47,Construction and Extraction Occupations
99,U.S.,1,0,Cross-industry,cross-industry,1235,47-5044,"Loading and Moving Machine Operators, Underground Mining",detailed,4200,7.3,,,,25.83,53730.0,1.5,17.39,21.65,26.06,29.51,33.31,36170.0,45030.0,54210.0,61380.0,69290.0,,,2019,,,47,Construction and Extraction Occupations
99,U.S.,1,0,Cross-industry,cross-industry,1235,47-5051,"Rock Splitters, Quarry",detailed,5080,7.7,,,,17.97,37390.0,1.6,12.66,14.68,17.34,20.79,24.99,26340.0,30540.0,36070.0,43240.0,51990.0,,,2019,,,47,Construction and Extraction Occupations
99,U.S.,1,0,Cross-industry,cross-industry,1235,47-5071,"Roustabouts, Oil and Gas",detailed,58930,3.6,,,,19.85,41280.0,0.9,13.59,15.83,18.71,23.1,28.34,28270.0,32930.0,38910.0,48040.0,58950.0,,,2019,,,47,Construction and Extraction Occupations
99,U.S.,1,0,Cross-industry,cross-industry,1235,47-5081,Helpers--Extraction Workers,detailed,16700,5.7,,,,18.46,38390.0,1.2,12.64,14.97,17.85,21.76,26.07,26300.0,31130.0,37120.0,45260.0,54230.0,,,2019,,,47,Construction and Extraction Occupations
99,U.S.,1,0,Cross-industry,cross-industry,1235,47-5097,"Earth Drillers, Except Oil and Gas; and Explosives Workers, Ordnance Handling Experts, and Blasters",detailed,24940,3.7,,,,23.5,48890.0,0.9,15.4,18.06,22.24,27.79,34.48,32020.0,37560.0,46250.0,57810.0,71730.0,,,2019,,,47,Construction and Extraction Occupations
99,U.S.,1,0,Cross-industry,cross-industry,1235,47-5098,"Underground Mining Machine Operators and Extraction Workers, All Other",detailed,13790,7.5,,,,25.13,52280.0,1.6,15.26,18.87,24.11,30.98,37.26,31740.0,39250.0,50160.0,64440.0,77510.0,,,2019,,,47,Construction and Extraction Occupations
99,U.S.,1,0,Cross-industry,cross-industry,1235,49-1011,"First-Line Supervisors of Mechanics, Installers, and Repairers",detailed,485700,0.5,,,,33.92,70550.0,0.2,19.66,25.15,32.44,41.33,50.87,40880.0,52300.0,67460.0,85960.0,105810.0,,,2019,,,49,"Installation, Maintenance, and Repair Occupations"
99,U.S.,1,0,Cross-industry,cross-industry,1235,49-2011,"Computer, Automated Teller, and Office Machine Repairers",detailed,98260,2.1,,,,20.23,42070.0,0.6,12.31,15.09,19.01,24.25,29.98,25610.0,31380.0,39530.0,50430.0,62350.0,,,2019,,,49,"Installation, Maintenance, and Repair Occupations"
99,U.S.,1,0,Cross-industry,cross-industry,1235,49-2021,"Radio, Cellular, and Tower Equipment Installers and Repairers",detailed,14370,5.8,,,,27.8,57820.0,1.9,15.46,19.76,26.62,35.21,44.0,32150.0,41100.0,55380.0,73240.0,91530.0,,,2019,,,49,"Installation, Maintenance, and Repair Occupations"
99,U.S.,1,0,Cross-industry,cross-industry,1235,49-2022,"Telecommunications Equipment Installers and Repairers, Except Line Installers",detailed,208480,1.9,,,,28.15,58560.0,0.6,15.91,20.95,27.84,35.33,41.17,33090.0,43570.0,57910.0,73480.0,85620.0,,,2019,,,49,"Installation, Maintenance, and Repair Occupations"
99,U.S.,1,0,Cross-industry,cross-industry,1235,49-2091,Avionics Technicians,detailed,21750,7.3,,,,32.2,66970.0,1.5,19.4,25.79,31.59,38.86,46.7,40350.0,53650.0,65700.0,80840.0,97150.0,,,2019,,,49,"Installation, Maintenance, and Repair Occupations"
99,U.S.,1,0,Cross-industry,cross-industry,1235,49-2092,"Electric Motor, Power Tool, and Related Repairers",detailed,15890,5.3,,,,22.41,46620.0,1.7,13.29,16.71,21.19,27.18,33.7,27650.0,34760.0,44070.0,56530.0,70090.0,,,2019,,,49,"Installation, Maintenance, and Repair Occupations"
99,U.S.,1,0,Cross-industry,cross-industry,1235,49-2093,"Electrical and Electronics Installers and Repairers, Transportation Equipment",detailed,9790,5.7,,,,30.61,63670.0,1.3,18.53,24.37,30.06,36.84,44.04,38530.0,50700.0,62530.0,76630.0,91600.0,,,2019,,,49,"Installation, Maintenance, and Repair Occupations"
99,U.S.,1,0,Cross-industry,cross-industry,1235,49-2094,"Electrical and Electronics Repairers, Commercial and Industrial Equipment",detailed,58930,2.8,,,,29.02,60360.0,0.6,17.77,22.9,28.51,34.34,40.14,36960.0,47640.0,59300.0,71430.0,83480.0,,,2019,,,49,"Installation, Maintenance, and Repair Occupations"
99,U.S.,1,0,Cross-industry,cross-industry,1235,49-2095,"Electrical and Electronics Repairers, Powerhouse, Substation, and Relay",detailed,22650,2.9,,,,39.08,81280.0,0.7,26.07,32.71,39.8,46.23,51.26,54230.0,68040.0,82780.0,96160.0,106610.0,,,2019,,,49,"Installation, Maintenance, and Repair Occupations"
99,U.S.,1,0,Cross-industry,cross-industry,1235,49-2096,"Electronic Equipment Installers and Repairers, Motor Vehicles",detailed,10310,9.1,,,,18.71,38910.0,2.2,11.67,14.89,17.97,22.24,26.7,24280.0,30970.0,37380.0,46260.0,55530.0,,,2019,,,49,"Installation, Maintenance, and Repair Occupations"
99,U.S.,1,0,Cross-industry,cross-industry,1235,49-2097,Audiovisual Equipment Installers and Repairers,detailed,25590,5.4,,,,20.25,42130.0,1.5,11.63,15.25,18.99,24.88,30.16,24200.0,31710.0,39510.0,51750.0,62730.0,,,2019,,,49,"Installation, Maintenance, and Repair Occupations"
99,U.S.,1,0,Cross-industry,cross-industry,1235,49-2098,Security and Fire Alarm Systems Installers,detailed,71600,2.5,,,,24.14,50210.0,0.6,14.99,18.09,23.54,29.27,35.54,31180.0,37630.0,48970.0,60890.0,73920.0,,,2019,,,49,"Installation, Maintenance, and Repair Occupations"
99,U.S.,1,0,Cross-industry,cross-industry,1235,49-3011,Aircraft Mechanics and Service Technicians,detailed,133310,1.6,,,,32.27,67110.0,0.9,18.22,24.13,30.81,40.54,48.59,37890.0,50190.0,64090.0,84330.0,101070.0,,,2019,,,49,"Installation, Maintenance, and Repair Occupations"
99,U.S.,1,0,Cross-industry,cross-industry,1235,49-3021,Automotive Body and Related Repairers,detailed,144180,1.3,,,,22.79,47390.0,0.6,12.84,16.29,20.95,27.58,35.32,26710.0,33870.0,43580.0,57370.0,73470.0,,,2019,,,49,"Installation, Maintenance, and Repair Occupations"
99,U.S.,1,0,Cross-industry,cross-industry,1235,49-3022,Automotive Glass Installers and Repairers,detailed,19410,6.2,,,,18.0,37440.0,1.6,11.86,13.81,17.2,21.52,25.34,24660.0,28730.0,35790.0,44760.0,52710.0,,,2019,,,49,"Installation, Maintenance, and Repair Occupations"
99,U.S.,1,0,Cross-industry,cross-industry,1235,49-3023,Automotive Service Technicians and Mechanics,detailed,655330,0.7,,,,21.58,44890.0,0.3,11.73,15.03,20.24,26.99,33.11,24400.0,31250.0,42090.0,56140.0,68880.0,,,2019,,,49,"Installation, Maintenance, and Repair Occupations"
99,U.S.,1,0,Cross-industry,cross-industry,1235,49-3031,Bus and Truck Mechanics and Diesel Engine Specialists,detailed,266330,1.1,,,,24.21,50360.0,0.3,15.38,18.66,23.32,28.92,35.62,31990.0,38810.0,48500.0,60160.0,74090.0,,,2019,,,49,"Installation, Maintenance, and Repair Occupations"
99,U.S.,1,0,Cross-industry,cross-industry,1235,49-3041,Farm Equipment Mechanics and Service Technicians,detailed,36290,2.2,,,,20.97,43630.0,0.6,13.29,16.24,20.29,25.07,29.79,27630.0,33780.0,42200.0,52150.0,61960.0,,,2019,,,49,"Installation, Maintenance, and Repair Occupations"
99,U.S.,1,0,Cross-industry,cross-industry,1235,49-3042,"Mobile Heavy Equipment Mechanics, Except Engines",detailed,147800,1.3,,,,26.36,54840.0,0.4,16.78,20.65,25.66,30.81,37.5,34900.0,42940.0,53370.0,64080.0,77990.0,,,2019,,,49,"Installation, Maintenance, and Repair Occupations"
99,U.S.,1,0,Cross-industry,cross-industry,1235,49-3043,Rail Car Repairers,detailed,25930,6.0,,,,27.31,56810.0,1.8,16.9,21.1,27.11,33.69,38.23,35150.0,43890.0,56390.0,70070.0,79510.0,,,2019,,,49,"Installation, Maintenance, and Repair Occupations"
99,U.S.,1,0,Cross-industry,cross-industry,1235,49-3051,Motorboat Mechanics and Service Technicians,detailed,22940,3.9,,,,20.89,43440.0,1.0,12.38,15.61,19.87,25.66,30.46,25740.0,32470.0,41330.0,53380.0,63350.0,,,2019,,,49,"Installation, Maintenance, and Repair Occupations"
99,U.S.,1,0,Cross-industry,cross-industry,1235,49-3052,Motorcycle Mechanics,detailed,15590,3.6,,,,19.22,39970.0,1.0,11.78,14.4,18.08,23.33,28.87,24490.0,29950.0,37600.0,48530.0,60060.0,,,2019,,,49,"Installation, Maintenance, and Repair Occupations"
99,U.S.,1,0,Cross-industry,cross-industry,1235,49-3053,Outdoor Power Equipment and Other Small Engine Mechanics,detailed,32160,2.8,,,,18.11,37670.0,0.7,11.13,13.79,17.36,21.89,26.86,23160.0,28690.0,36100.0,45530.0,55870.0,,,2019,,,49,"Installation, Maintenance, and Repair Occupations"
99,U.S.,1,0,Cross-industry,cross-industry,1235,49-3091,Bicycle Repairers,detailed,13190,8.3,,,,15.07,31360.0,1.5,10.78,12.16,14.58,17.57,20.49,22430.0,25290.0,30330.0,36550.0,42630.0,,,2019,,,49,"Installation, Maintenance, and Repair Occupations"
99,U.S.,1,0,Cross-industry,cross-industry,1235,49-3092,Recreational Vehicle Service Technicians,detailed,15580,5.1,,,,20.03,41660.0,1.3,12.55,15.24,18.54,23.79,28.97,26100.0,31710.0,38570.0,49480.0,60250.0,,,2019,,,49,"Installation, Maintenance, and Repair Occupations"
99,U.S.,1,0,Cross-industry,cross-industry,1235,49-3093,Tire Repairers and Changers,detailed,110880,2.5,,,,14.59,30350.0,0.5,10.2,11.67,13.77,16.73,19.72,21210.0,24270.0,28640.0,34800.0,41010.0,,,2019,,,49,"Installation, Maintenance, and Repair Occupations"
99,U.S.,1,0,Cross-industry,cross-industry,1235,49-9011,Mechanical Door Repairers,detailed,23050,5.3,,,,21.03,43740.0,1.1,13.21,16.19,19.99,24.74,30.2,27480.0,33670.0,41570.0,51460.0,62820.0,,,2019,,,49,"Installation, Maintenance, and Repair Occupations"
99,U.S.,1,0,Cross-industry,cross-industry,1235,49-9012,"Control and Valve Installers and Repairers, Except Mechanical Door",detailed,52270,3.1,,,,28.81,59920.0,1.1,15.16,19.78,27.93,37.35,45.5,31530.0,41140.0,58100.0,77700.0,94630.0,,,2019,,,49,"Installation, Maintenance, and Repair Occupations"
99,U.S.,1,0,Cross-industry,cross-industry,1235,49-9021,"Heating, Air Conditioning, and Refrigeration Mechanics and Installers",detailed,342040,1.3,,,,24.72,51420.0,0.4,14.72,18.11,23.43,29.84,37.46,30610.0,37660.0,48730.0,62070.0,77920.0,,,2019,,,49,"Installation, Maintenance, and Repair Occupations"
99,U.S.,1,0,Cross-industry,cross-industry,1235,49-9031,Home Appliance Repairers,detailed,31100,4.0,,,,20.38,42400.0,1.0,11.78,15.12,19.36,24.74,30.18,24500.0,31450.0,40260.0,51450.0,62770.0,,,2019,,,49,"Installation, Maintenance, and Repair Occupations"
99,U.S.,1,0,Cross-industry,cross-industry,1235,49-9041,Industrial Machinery Mechanics,detailed,387630,0.9,,,,26.6,55320.0,0.2,16.54,20.51,25.77,31.34,38.3,34410.0,42660.0,53590.0,65190.0,79660.0,,,2019,,,49,"Installation, Maintenance, and Repair Occupations"
99,U.S.,1,0,Cross-industry,cross-industry,1235,49-9043,"Maintenance Workers, Machinery",detailed,72890,1.6,,,,23.77,49450.0,0.5,14.46,17.93,22.85,28.56,34.84,30070.0,37290.0,47520.0,59410.0,72460.0,,,2019,,,49,"Installation, Maintenance, and Repair Occupations"
99,U.S.,1,0,Cross-industry,cross-industry,1235,49-9044,Millwrights,detailed,47320,3.1,,,,27.43,57050.0,0.8,16.84,20.89,26.71,33.26,38.98,35030.0,43450.0,55560.0,69190.0,81080.0,,,2019,,,49,"Installation, Maintenance, and Repair Occupations"
99,U.S.,1,0,Cross-industry,cross-industry,1235,49-9045,"Refractory Materials Repairers, Except Brickmasons",detailed,820,12.6,,,,26.8,55750.0,2.1,16.88,20.82,25.95,30.54,37.73,35110.0,43300.0,53990.0,63510.0,78480.0,,,2019,,,49,"Installation, Maintenance, and Repair Occupations"
99,U.S.,1,0,Cross-industry,cross-industry,1235,49-9051,Electrical Power-Line Installers and Repairers,detailed,111660,1.6,,,,34.6,71960.0,0.5,18.66,25.74,34.86,43.69,49.76,38810.0,53550.0,72520.0,90870.0,103500.0,,,2019,,,49,"Installation, Maintenance, and Repair Occupations"
99,U.S.,1,0,Cross-industry,cross-industry,1235,49-9052,Telecommunications Line Installers and Repairers,detailed,120900,2.8,,,,28.69,59670.0,1.1,15.67,18.88,27.29,38.14,45.62,32590.0,39270.0,56750.0,79340.0,94880.0,,,2019,,,49,"Installation, Maintenance, and Repair Occupations"
99,U.S.,1,0,Cross-industry,cross-industry,1235,49-9061,Camera and Photographic Equipment Repairers,detailed,3620,10.4,,,,19.58,40720.0,2.2,11.34,14.34,18.69,23.83,29.07,23590.0,29830.0,38880.0,49560.0,60460.0,,,2019,,,49,"Installation, Maintenance, and Repair Occupations"
99,U.S.,1,0,Cross-industry,cross-industry,1235,49-9062,Medical Equipment Repairers,detailed,46370,2.5,,,,25.54,53130.0,0.8,14.25,17.61,23.69,31.46,39.66,29630.0,36630.0,49280.0,65430.0,82500.0,,,2019,,,49,"Installation, Maintenance, and Repair Occupations"
99,U.S.,1,0,Cross-industry,cross-industry,1235,49-9063,Musical Instrument Repairers and Tuners,detailed,8020,7.2,,,,19.11,39750.0,1.7,11.34,13.82,17.62,23.4,28.92,23590.0,28750.0,36650.0,48670.0,60140.0,,,2019,,,49,"Installation, Maintenance, and Repair Occupations"
99,U.S.,1,0,Cross-industry,cross-industry,1235,49-9064,Watch and Clock Repairers,detailed,2780,12.9,,,,21.77,45280.0,4.6,10.75,14.61,20.44,27.03,33.02,22360.0,30380.0,42520.0,56210.0,68670.0,,,2019,,,49,"Installation, Maintenance, and Repair Occupations"
99,U.S.,1,0,Cross-industry,cross-industry,1235,49-9069,"Precision Instrument and Equipment Repairers, All Other",detailed,10570,4.4,,,,28.82,59940.0,1.1,17.47,22.58,28.23,34.21,40.94,36340.0,46960.0,58720.0,71170.0,85160.0,,,2019,,,49,"Installation, Maintenance, and Repair Occupations"
99,U.S.,1,0,Cross-industry,cross-industry,1235,49-9071,"Maintenance and Repair Workers, General",detailed,1418990,0.4,,,,20.17,41960.0,0.2,11.83,14.71,18.79,24.53,30.36,24600.0,30590.0,39080.0,51030.0,63140.0,,,2019,,,49,"Installation, Maintenance, and Repair Occupations"
99,U.S.,1,0,Cross-industry,cross-industry,1235,49-9081,Wind Turbine Service Technicians,detailed,5960,10.2,,,,27.26,56700.0,1.4,19.15,21.54,25.44,31.35,38.53,39820.0,44810.0,52910.0,65200.0,80150.0,,,2019,,,49,"Installation, Maintenance, and Repair Occupations"
99,U.S.,1,0,Cross-industry,cross-industry,1235,49-9091,"Coin, Vending, and Amusement Machine Servicers and Repairers",detailed,31370,3.0,,,,17.97,37380.0,1.2,10.42,13.11,17.03,21.87,27.55,21670.0,27270.0,35420.0,45500.0,57310.0,,,2019,,,49,"Installation, Maintenance, and Repair Occupations"
99,U.S.,1,0,Cross-industry,cross-industry,1235,49-9092,Commercial Divers,detailed,3420,11.8,,,,32.26,67100.0,5.9,15.61,19.47,24.03,33.18,57.61,32470.0,40490.0,49980.0,69020.0,119830.0,,,2019,,,49,"Installation, Maintenance, and Repair Occupations"
99,U.S.,1,0,Cross-industry,cross-industry,1235,49-9094,Locksmiths and Safe Repairers,detailed,17010,4.7,,,,21.38,44460.0,1.2,12.14,15.46,20.16,26.75,32.47,25240.0,32160.0,41940.0,55630.0,67540.0,,,2019,,,49,"Installation, Maintenance, and Repair Occupations"
99,U.S.,1,0,Cross-industry,cross-industry,1235,49-9095,Manufactured Building and Mobile Home Installers,detailed,2810,10.8,,,,16.49,34300.0,1.8,10.87,12.99,16.29,19.23,23.14,22610.0,27020.0,33890.0,40010.0,48120.0,,,2019,,,49,"Installation, Maintenance, and Repair Occupations"
99,U.S.,1,0,Cross-industry,cross-industry,1235,49-9096,Riggers,detailed,23000,4.1,,,,25.2,52420.0,1.1,15.44,18.37,24.45,29.82,37.13,32110.0,38210.0,50860.0,62030.0,77240.0,,,2019,,,49,"Installation, Maintenance, and Repair Occupations"
99,U.S.,1,0,Cross-industry,cross-industry,1235,49-9097,Signal and Track Switch Repairers,detailed,6860,7.0,,,,34.95,72690.0,1.3,24.8,31.49,35.52,39.25,45.4,51580.0,65500.0,73890.0,81640.0,94440.0,,,2019,,,49,"Installation, Maintenance, and Repair Occupations"
99,U.S.,1,0,Cross-industry,cross-industry,1235,49-9098,"Helpers--Installation, Maintenance, and Repair Workers",detailed,99460,1.8,,,,15.66,32570.0,0.5,9.99,12.03,14.68,18.28,23.17,20790.0,25020.0,30530.0,38020.0,48200.0,,,2019,,,49,"Installation, Maintenance, and Repair Occupations"
99,U.S.,1,0,Cross-industry,cross-industry,1235,49-9099,"Installation, Maintenance, and Repair Workers, All Other",detailed,161290,2.1,,,,21.06,43800.0,0.5,12.23,15.09,19.15,25.8,31.63,25440.0,31380.0,39830.0,53670.0,65800.0,,,2019,,,49,"Installation, Maintenance, and Repair Occupations"
99,U.S.,1,0,Cross-industry,cross-industry,1235,51-1011,First-Line Supervisors of Production and Operating Workers,detailed,631100,0.4,,,,31.35,65220.0,0.2,17.66,22.7,29.48,37.9,48.17,36740.0,47230.0,61310.0,78830.0,100200.0,,,2019,,,51,Production Occupations
99,U.S.,1,0,Cross-industry,cross-industry,1235,51-2011,"Aircraft Structure, Surfaces, Rigging, and Systems Assemblers",detailed,42940,5.3,,,,27.15,56460.0,2.8,15.56,19.3,26.06,34.73,40.8,32370.0,40150.0,54210.0,72240.0,84870.0,,,2019,,,51,Production Occupations
99,U.S.,1,0,Cross-industry,cross-industry,1235,51-2021,"Coil Winders, Tapers, and Finishers",detailed,12690,6.0,,,,18.63,38760.0,1.9,11.93,14.04,17.56,22.12,27.52,24810.0,29200.0,36520.0,46020.0,57240.0,,,2019,,,51,Production Occupations
99,U.S.,1,0,Cross-industry,cross-industry,1235,51-2028,"Electrical, Electronic, and Electromechanical Assemblers, Except Coil Winders, Tapers, and Finishers",detailed,285190,1.6,,,,17.75,36930.0,0.5,11.55,13.56,16.74,20.83,25.7,24030.0,28200.0,34810.0,43320.0,53450.0,,,2019,,,51,Production Occupations
99,U.S.,1,0,Cross-industry,cross-industry,1235,51-2031,Engine and Other Machine Assemblers,detailed,45980,4.9,,,,22.39,46570.0,1.6,14.69,17.16,21.95,27.68,30.98,30550.0,35690.0,45660.0,57570.0,64450.0,,,2019,,,51,Production Occupations
99,U.S.,1,0,Cross-industry,cross-industry,1235,51-2041,Structural Metal Fabricators and Fitters,detailed,76890,2.4,,,,20.67,43000.0,1.0,13.24,16.01,19.42,24.1,29.57,27530.0,33290.0,40390.0,50130.0,61500.0,,,2019,,,51,Production Occupations
99,U.S.,1,0,Cross-industry,cross-industry,1235,51-2051,Fiberglass Laminators and Fabricators,detailed,20010,5.3,,,,17.78,36970.0,1.2,11.74,13.96,17.06,20.26,24.38,24420.0,29050.0,35480.0,42140.0,50710.0,,,2019,,,51,Production Occupations
99,U.S.,1,0,Cross-industry,cross-industry,1235,51-2061,Timing Device Assemblers and Adjusters,detailed,1260,10.5,,,,18.32,38110.0,4.2,12.65,13.88,16.87,22.12,27.3,26310.0,28870.0,35080.0,46010.0,56770.0,,,2019,,,51,Production Occupations
99,U.S.,1,0,Cross-industry,cross-industry,1235,51-2090,Miscellaneous Assemblers and Fabricators,detailed,1371920,0.9,,,,16.73,34800.0,0.5,10.78,12.67,15.55,19.38,24.73,22420.0,26350.0,32350.0,40320.0,51430.0,,,2019,,,51,Production Occupations
99,U.S.,1,0,Cross-industry,cross-industry,1235,51-3011,Bakers,detailed,184990,1.7,,,,14.25,29630.0,0.4,9.77,11.29,13.32,16.41,20.02,20310.0,23480.0,27700.0,34120.0,41640.0,,,2019,,,51,Production Occupations
99,U.S.,1,0,Cross-industry,cross-industry,1235,51-3021,Butchers and Meat Cutters,detailed,136770,2.1,,,,16.35,34010.0,0.6,10.47,12.35,15.62,19.55,23.86,21780.0,25680.0,32500.0,40660.0,49630.0,,,2019,,,51,Production Occupations
99,U.S.,1,0,Cross-industry,cross-industry,1235,51-3022,"Meat, Poultry, and Fish Cutters and Trimmers",detailed,153990,3.0,,,,13.85,28810.0,0.9,10.05,11.55,13.51,15.82,18.47,20910.0,24020.0,28100.0,32910.0,38420.0,,,2019,,,51,Production Occupations
99,U.S.,1,0,Cross-industry,cross-industry,1235,51-3023,Slaughterers and Meat Packers,detailed,73390,3.2,,,,14.23,29600.0,0.8,10.32,12.07,14.05,16.39,18.6,21470.0,25100.0,29230.0,34090.0,38690.0,,,2019,,,51,Production Occupations
99,U.S.,1,0,Cross-industry,cross-industry,1235,51-3091,"Food and Tobacco Roasting, Baking, and Drying Machine Operators and Tenders",detailed,20830,3.5,,,,16.29,33880.0,1.4,10.24,12.25,15.19,19.23,24.4,21310.0,25490.0,31590.0,39990.0,50760.0,,,2019,,,51,Production Occupations
99,U.S.,1,0,Cross-industry,cross-industry,1235,51-3092,Food Batchmakers,detailed,159390,1.9,,,,15.92,33120.0,0.7,10.44,12.18,14.8,18.93,23.46,21720.0,25340.0,30790.0,39380.0,48790.0,,,2019,,,51,Production Occupations
99,U.S.,1,0,Cross-industry,cross-industry,1235,51-3093,Food Cooking Machine Operators and Tenders,detailed,30030,4.0,,,,15.54,32320.0,1.0,10.67,12.46,14.96,18.15,21.66,22200.0,25910.0,31110.0,37750.0,45050.0,,,2019,,,51,Production Occupations
99,U.S.,1,0,Cross-industry,cross-industry,1235,51-3099,"Food Processing Workers, All Other",detailed,42890,3.7,,,,13.85,28820.0,0.5,10.29,11.45,13.24,15.5,18.46,21410.0,23820.0,27550.0,32230.0,38390.0,,,2019,,,51,Production Occupations
99,U.S.,1,0,Cross-industry,cross-industry,1235,51-4021,"Extruding and Drawing Machine Setters, Operators, and Tenders, Metal and Plastic",detailed,76940,2.4,,,,18.16,37770.0,0.7,12.03,14.16,17.46,21.8,25.85,25010.0,29460.0,36320.0,45350.0,53770.0,,,2019,,,51,Production Occupations
99,U.S.,1,0,Cross-industry,cross-industry,1235,51-4022,"Forging Machine Setters, Operators, and Tenders, Metal and Plastic",detailed,16320,4.8,,,,19.81,41200.0,1.5,12.9,15.61,19.07,23.71,28.29,26830.0,32460.0,39670.0,49320.0,58840.0,,,2019,,,51,Production Occupations
99,U.S.,1,0,Cross-industry,cross-industry,1235,51-4023,"Rolling Machine Setters, Operators, and Tenders, Metal and Plastic",detailed,32470,9.5,,,,20.15,41920.0,1.2,12.82,15.38,19.47,24.26,29.16,26660.0,31990.0,40490.0,50460.0,60650.0,,,2019,,,51,Production Occupations
99,U.S.,1,0,Cross-industry,cross-industry,1235,51-4031,"Cutting, Punching, and Press Machine Setters, Operators, and Tenders, Metal and Plastic",detailed,195040,1.4,,,,17.94,37310.0,0.7,11.98,13.96,17.12,21.23,25.73,24920.0,29030.0,35610.0,44150.0,53520.0,,,2019,,,51,Production Occupations
99,U.S.,1,0,Cross-industry,cross-industry,1235,51-4032,"Drilling and Boring Machine Tool Setters, Operators, and Tenders, Metal and Plastic",detailed,10870,5.4,,,,20.49,42630.0,1.6,12.62,15.05,18.71,24.24,30.61,26240.0,31290.0,38910.0,50420.0,63660.0,,,2019,,,51,Production Occupations
99,U.S.,1,0,Cross-industry,cross-industry,1235,51-4033,"Grinding, Lapping, Polishing, and Buffing Machine Tool Setters, Operators, and Tenders, Metal and Plastic",detailed,76810,2.0,,,,18.2,37860.0,0.5,12.11,14.12,17.36,21.54,25.8,25180.0,29360.0,36100.0,44810.0,53660.0,,,2019,,,51,Production Occupations
99,U.S.,1,0,Cross-industry,cross-industry,1235,51-4034,"Lathe and Turning Machine Tool Setters, Operators, and Tenders, Metal and Plastic",detailed,28070,3.5,,,,20.19,41990.0,0.8,12.97,15.61,19.28,23.86,29.05,26980.0,32480.0,40100.0,49630.0,60420.0,,,2019,,,51,Production Occupations
99,U.S.,1,0,Cross-industry,cross-industry,1235,51-4035,"Milling and Planing Machine Setters, Operators, and Tenders, Metal and Plastic",detailed,18730,6.5,,,,21.55,44820.0,1.6,13.14,16.28,20.77,26.01,30.75,27320.0,33870.0,43210.0,54090.0,63960.0,,,2019,,,51,Production Occupations
99,U.S.,1,0,Cross-industry,cross-industry,1235,51-4041,Machinists,detailed,383470,1.0,,,,22.17,46120.0,0.3,13.43,16.74,21.36,26.88,32.02,27940.0,34820.0,44420.0,55910.0,66610.0,,,2019,,,51,Production Occupations
99,U.S.,1,0,Cross-industry,cross-industry,1235,51-4051,Metal-Refining Furnace Operators and Tenders,detailed,17150,3.9,,,,20.81,43280.0,1.2,13.41,16.28,20.31,24.89,29.52,27900.0,33870.0,42250.0,51770.0,61400.0,,,2019,,,51,Production Occupations
99,U.S.,1,0,Cross-industry,cross-industry,1235,51-4052,"Pourers and Casters, Metal",detailed,8010,6.7,,,,19.64,40850.0,1.3,13.11,15.51,18.57,23.31,28.37,27270.0,32260.0,38620.0,48480.0,59020.0,,,2019,,,51,Production Occupations
99,U.S.,1,0,Cross-industry,cross-industry,1235,51-4061,"Model Makers, Metal and Plastic",detailed,4300,7.2,,,,27.61,57420.0,1.7,15.41,20.14,27.41,34.56,40.58,32060.0,41890.0,57020.0,71890.0,84400.0,,,2019,,,51,Production Occupations
99,U.S.,1,0,Cross-industry,cross-industry,1235,51-4062,"Patternmakers, Metal and Plastic",detailed,3010,7.3,,,,23.1,48050.0,1.7,13.91,17.17,22.55,28.44,33.87,28930.0,35710.0,46910.0,59150.0,70440.0,,,2019,,,51,Production Occupations
99,U.S.,1,0,Cross-industry,cross-industry,1235,51-4071,Foundry Mold and Coremakers,detailed,17590,5.2,,,,17.75,36920.0,1.4,11.73,13.93,17.11,21.27,25.27,24400.0,28980.0,35590.0,44250.0,52570.0,,,2019,,,51,Production Occupations
99,U.S.,1,0,Cross-industry,cross-industry,1235,51-4072,"Molding, Coremaking, and Casting Machine Setters, Operators, and Tenders, Metal and Plastic",detailed,172520,1.7,,,,16.67,34670.0,0.5,10.79,12.69,15.45,19.47,24.44,22450.0,26400.0,32130.0,40490.0,50840.0,,,2019,,,51,Production Occupations
99,U.S.,1,0,Cross-industry,cross-industry,1235,51-4081,"Multiple Machine Tool Setters, Operators, and Tenders, Metal and Plastic",detailed,146950,1.9,,,,18.47,38410.0,1.0,11.79,14.04,17.47,22.19,27.44,24520.0,29200.0,36330.0,46150.0,57080.0,,,2019,,,51,Production Occupations
99,U.S.,1,0,Cross-industry,cross-industry,1235,51-4111,Tool and Die Makers,detailed,70770,2.0,,,,26.43,54980.0,0.9,16.26,20.41,25.92,31.3,37.47,33820.0,42460.0,53920.0,65110.0,77940.0,,,2019,,,51,Production Occupations
99,U.S.,1,0,Cross-industry,cross-industry,1235,51-4121,"Welders, Cutters, Solderers, and Brazers",detailed,410750,0.9,,,,21.73,45190.0,0.3,14.17,16.8,20.43,25.17,30.89,29470.0,34930.0,42490.0,52350.0,64240.0,,,2019,,,51,Production Occupations
99,U.S.,1,0,Cross-industry,cross-industry,1235,51-4122,"Welding, Soldering, and Brazing Machine Setters, Operators, and Tenders",detailed,35110,3.1,,,,19.35,40240.0,1.1,12.93,15.16,18.42,22.84,27.6,26890.0,31540.0,38310.0,47510.0,57410.0,,,2019,,,51,Production Occupations
99,U.S.,1,0,Cross-industry,cross-industry,1235,51-4191,"Heat Treating Equipment Setters, Operators, and Tenders, Metal and Plastic",detailed,19560,3.9,,,,19.16,39840.0,0.8,12.69,15.0,18.39,22.69,27.23,26390.0,31210.0,38250.0,47200.0,56630.0,,,2019,,,51,Production Occupations
99,U.S.,1,0,Cross-industry,cross-industry,1235,51-4192,"Layout Workers, Metal and Plastic",detailed,8150,4.3,,,,23.51,48900.0,1.6,14.47,18.39,24.01,28.39,31.35,30090.0,38240.0,49940.0,59050.0,65200.0,,,2019,,,51,Production Occupations
99,U.S.,1,0,Cross-industry,cross-industry,1235,51-4193,"Plating Machine Setters, Operators, and Tenders, Metal and Plastic",detailed,41810,3.2,,,,17.14,35640.0,0.7,11.35,13.2,16.1,19.9,24.66,23600.0,27450.0,33500.0,41400.0,51290.0,,,2019,,,51,Production Occupations
99,U.S.,1,0,Cross-industry,cross-industry,1235,51-4194,"Tool Grinders, Filers, and Sharpeners",detailed,6440,5.2,,,,20.18,41970.0,1.6,12.02,15.1,18.91,24.58,29.75,25000.0,31400.0,39330.0,51130.0,61870.0,,,2019,,,51,Production Occupations
99,U.S.,1,0,Cross-industry,cross-industry,1235,51-4199,"Metal Workers and Plastic Workers, All Other",detailed,24340,5.7,,,,18.17,37790.0,1.2,11.44,13.37,16.75,21.84,27.72,23790.0,27800.0,34830.0,45420.0,57660.0,,,2019,,,51,Production Occupations
99,U.S.,1,0,Cross-industry,cross-industry,1235,51-5111,Prepress Technicians and Workers,detailed,30270,2.6,,,,20.45,42540.0,1.0,12.26,15.31,19.48,24.57,30.09,25500.0,31850.0,40510.0,51100.0,62590.0,,,2019,,,51,Production Occupations
99,U.S.,1,0,Cross-industry,cross-industry,1235,51-5112,Printing Press Operators,detailed,173430,1.4,,,,18.8,39100.0,0.5,11.46,13.86,17.74,22.79,28.24,23830.0,28840.0,36910.0,47400.0,58740.0,,,2019,,,51,Production Occupations
99,U.S.,1,0,Cross-industry,cross-industry,1235,51-5113,Print Binding and Finishing Workers,detailed,45600,3.2,,,,16.89,35130.0,0.8,10.8,12.81,15.89,20.18,24.58,22460.0,26640.0,33040.0,41970.0,51130.0,,,2019,,,51,Production Occupations
99,U.S.,1,0,Cross-industry,cross-industry,1235,51-6011,Laundry and Dry-Cleaning Workers,detailed,209330,1.3,,,,12.22,25420.0,0.4,8.89,10.06,11.64,13.72,16.33,18500.0,20920.0,24220.0,28540.0,33970.0,,,2019,,,51,Production Occupations
99,U.S.,1,0,Cross-industry,cross-industry,1235,51-6021,"Pressers, Textile, Garment, and Related Materials",detailed,38070,3.3,,,,11.93,24820.0,0.7,8.85,10.12,11.63,13.45,15.12,18410.0,21050.0,24190.0,27980.0,31440.0,,,2019,,,51,Production Occupations
99,U.S.,1,0,Cross-industry,cross-industry,1235,51-6031,Sewing Machine Operators,detailed,133410,1.8,,,,13.46,28000.0,0.5,9.39,11.09,12.7,15.26,18.51,19530.0,23060.0,26420.0,31750.0,38500.0,,,2019,,,51,Production Occupations
99,U.S.,1,0,Cross-industry,cross-industry,1235,51-6041,Shoe and Leather Workers and Repairers,detailed,8760,8.7,,,,14.7,30580.0,1.9,9.67,11.56,14.21,17.37,19.43,20110.0,24050.0,29560.0,36120.0,40420.0,,,2019,,,51,Production Occupations
99,U.S.,1,0,Cross-industry,cross-industry,1235,51-6042,Shoe Machine Operators and Tenders,detailed,5020,17.3,,,,14.68,30540.0,2.5,9.1,11.66,14.7,17.7,20.14,18920.0,24250.0,30570.0,36820.0,41880.0,,,2019,,,51,Production Occupations
99,U.S.,1,0,Cross-industry,cross-industry,1235,51-6051,"Sewers, Hand",detailed,4770,10.3,,,,14.92,31020.0,2.0,10.16,11.72,14.4,17.74,20.48,21140.0,24390.0,29950.0,36890.0,42600.0,,,2019,,,51,Production Occupations
99,U.S.,1,0,Cross-industry,cross-industry,1235,51-6052,"Tailors, Dressmakers, and Custom Sewers",detailed,24110,7.4,,,,16.6,34530.0,1.7,10.03,11.97,15.15,19.95,26.32,20870.0,24900.0,31520.0,41490.0,54740.0,,,2019,,,51,Production Occupations
99,U.S.,1,0,Cross-industry,cross-industry,1235,51-6061,Textile Bleaching and Dyeing Machine Operators and Tenders,detailed,8690,6.0,,,,14.81,30810.0,1.2,10.67,12.01,14.16,17.24,19.74,22200.0,24980.0,29460.0,35860.0,41060.0,,,2019,,,51,Production Occupations
99,U.S.,1,0,Cross-industry,cross-industry,1235,51-6062,"Textile Cutting Machine Setters, Operators, and Tenders",detailed,13210,4.6,,,,14.26,29660.0,0.8,9.88,11.5,13.81,16.85,19.22,20560.0,23910.0,28730.0,35040.0,39990.0,,,2019,,,51,Production Occupations
99,U.S.,1,0,Cross-industry,cross-industry,1235,51-6063,"Textile Knitting and Weaving Machine Setters, Operators, and Tenders",detailed,21130,4.4,,,,15.05,31300.0,1.1,10.38,11.95,14.41,17.6,21.09,21590.0,24860.0,29980.0,36610.0,43860.0,,,2019,,,51,Production Occupations
99,U.S.,1,0,Cross-industry,cross-industry,1235,51-6064,"Textile Winding, Twisting, and Drawing Out Machine Setters, Operators, and Tenders",detailed,31190,3.2,,,,14.78,30740.0,0.9,10.8,12.58,14.32,16.68,19.0,22460.0,26170.0,29790.0,34680.0,39520.0,,,2019,,,51,Production Occupations
99,U.S.,1,0,Cross-industry,cross-industry,1235,51-6091,"Extruding and Forming Machine Setters, Operators, and Tenders, Synthetic and Glass Fibers",detailed,18230,5.4,,,,18.16,37760.0,1.3,12.51,14.42,17.36,21.53,26.09,26010.0,29980.0,36110.0,44790.0,54270.0,,,2019,,,51,Production Occupations
99,U.S.,1,0,Cross-industry,cross-industry,1235,51-6092,Fabric and Apparel Patternmakers,detailed,5870,11.2,,,,25.35,52740.0,3.3,11.29,14.73,21.67,33.59,45.66,23480.0,30650.0,45070.0,69860.0,94980.0,,,2019,,,51,Production Occupations
99,U.S.,1,0,Cross-industry,cross-industry,1235,51-6093,Upholsterers,detailed,29420,3.8,,,,17.62,36640.0,0.8,10.87,13.47,16.89,20.73,25.7,22610.0,28020.0,35130.0,43110.0,53450.0,,,2019,,,51,Production Occupations
99,U.S.,1,0,Cross-industry,cross-industry,1235,51-6099,"Textile, Apparel, and Furnishings Workers, All Other",detailed,18060,8.0,,,,14.76,30710.0,1.9,9.7,11.23,13.45,16.83,22.36,20180.0,23360.0,27970.0,35010.0,46500.0,,,2019,,,51,Production Occupations
99,U.S.,1,0,Cross-industry,cross-industry,1235,51-7011,Cabinetmakers and Bench Carpenters,detailed,99400,2.1,,,,18.09,37620.0,0.6,11.47,13.74,17.21,21.61,26.72,23860.0,28580.0,35790.0,44950.0,55570.0,,,2019,,,51,Production Occupations
99,U.S.,1,0,Cross-industry,cross-industry,1235,51-7021,Furniture Finishers,detailed,16220,3.6,,,,16.51,34350.0,0.8,11.2,13.04,15.62,18.87,23.59,23310.0,27130.0,32480.0,39250.0,49080.0,,,2019,,,51,Production Occupations
99,U.S.,1,0,Cross-industry,cross-industry,1235,51-7031,"Model Makers, Wood",detailed,810,30.9,,,,27.56,57320.0,3.8,16.05,20.05,28.49,34.09,37.75,33390.0,41700.0,59260.0,70910.0,78530.0,,,2019,,,51,Production Occupations
99,U.S.,1,0,Cross-industry,cross-industry,1235,51-7032,"Patternmakers, Wood",detailed,370,21.3,,,,30.53,63490.0,3.7,18.53,24.36,31.19,36.99,42.31,38540.0,50660.0,64880.0,76940.0,87990.0,,,2019,,,51,Production Occupations
99,U.S.,1,0,Cross-industry,cross-industry,1235,51-7041,"Sawing Machine Setters, Operators, and Tenders, Wood",detailed,50730,2.4,,,,15.46,32150.0,0.6,10.17,12.17,14.62,18.16,22.44,21150.0,25310.0,30410.0,37780.0,46670.0,,,2019,,,51,Production Occupations
99,U.S.,1,0,Cross-industry,cross-industry,1235,51-7042,"Woodworking Machine Setters, Operators, and Tenders, Except Sawing",detailed,78850,2.9,,,,15.47,32180.0,0.5,10.3,12.23,14.9,18.16,22.06,21430.0,25440.0,30990.0,37780.0,45880.0,,,2019,,,51,Production Occupations
99,U.S.,1,0,Cross-industry,cross-industry,1235,51-7099,"Woodworkers, All Other",detailed,6700,6.7,,,,16.96,35270.0,1.5,10.48,12.01,15.92,21.06,25.81,21800.0,24970.0,33110.0,43800.0,53680.0,,,2019,,,51,Production Occupations
99,U.S.,1,0,Cross-industry,cross-industry,1235,51-8011,Nuclear Power Reactor Operators,detailed,5050,5.9,,,,48.55,100990.0,1.0,35.83,41.95,48.33,56.19,61.93,74520.0,87250.0,100530.0,116880.0,128810.0,,,2019,,,51,Production Occupations
99,U.S.,1,0,Cross-industry,cross-industry,1235,51-8012,Power Distributors and Dispatchers,detailed,10770,3.7,,,,42.74,88910.0,0.7,27.1,34.88,43.61,50.07,58.84,56360.0,72540.0,90700.0,104140.0,122380.0,,,2019,,,51,Production Occupations
99,U.S.,1,0,Cross-industry,cross-industry,1235,51-8013,Power Plant Operators,detailed,33620,2.7,,,,38.16,79370.0,0.6,22.1,30.34,39.42,46.61,52.1,45970.0,63110.0,81990.0,96940.0,108380.0,,,2019,,,51,Production Occupations
99,U.S.,1,0,Cross-industry,cross-industry,1235,51-8021,Stationary Engineers and Boiler Operators,detailed,32520,2.2,,,,31.71,65970.0,1.0,18.77,24.06,29.88,37.96,48.11,39050.0,50040.0,62150.0,78960.0,100080.0,,,2019,,,51,Production Occupations
99,U.S.,1,0,Cross-industry,cross-industry,1235,51-8031,Water and Wastewater Treatment Plant and System Operators,detailed,123730,1.0,,,,24.28,50490.0,0.5,13.87,17.66,22.96,29.43,37.31,28850.0,36740.0,47760.0,61220.0,77600.0,,,2019,,,51,Production Occupations
99,U.S.,1,0,Cross-industry,cross-industry,1235,51-8091,Chemical Plant and System Operators,detailed,28840,4.9,,,,30.15,62710.0,1.2,16.98,22.4,30.07,37.67,44.83,35330.0,46600.0,62550.0,78360.0,93250.0,,,2019,,,51,Production Occupations
99,U.S.,1,0,Cross-industry,cross-industry,1235,51-8092,Gas Plant Operators,detailed,14410,4.5,,,,34.16,71050.0,0.9,21.19,27.31,34.0,39.97,48.71,44080.0,56800.0,70710.0,83130.0,101320.0,,,2019,,,51,Production Occupations
99,U.S.,1,0,Cross-industry,cross-industry,1235,51-8093,"Petroleum Pump System Operators, Refinery Operators, and Gaugers",detailed,40370,4.5,,,,35.49,73830.0,1.1,22.78,28.06,35.66,43.3,48.11,47380.0,58370.0,74180.0,90060.0,100070.0,,,2019,,,51,Production Occupations
99,U.S.,1,0,Cross-industry,cross-industry,1235,51-8099,"Plant and System Operators, All Other",detailed,12950,4.3,,,,28.61,59500.0,1.0,16.51,21.5,28.07,34.42,40.6,34350.0,44720.0,58390.0,71600.0,84460.0,,,2019,,,51,Production Occupations
99,U.S.,1,0,Cross-industry,cross-industry,1235,51-9011,Chemical Equipment Operators and Tenders,detailed,87120,2.8,,,,24.78,51540.0,0.8,14.04,17.77,23.62,30.8,37.81,29210.0,36960.0,49130.0,64070.0,78650.0,,,2019,,,51,Production Occupations
99,U.S.,1,0,Cross-industry,cross-industry,1235,51-9012,"Separating, Filtering, Clarifying, Precipitating, and Still Machine Setters, Operators, and Tenders",detailed,51160,2.6,,,,21.81,45370.0,1.0,12.84,15.8,19.87,26.54,34.04,26710.0,32870.0,41330.0,55190.0,70800.0,,,2019,,,51,Production Occupations
99,U.S.,1,0,Cross-industry,cross-industry,1235,51-9021,"Crushing, Grinding, and Polishing Machine Setters, Operators, and Tenders",detailed,33360,2.8,,,,18.88,39270.0,0.7,12.01,14.45,18.06,22.72,27.42,24990.0,30050.0,37560.0,47260.0,57030.0,,,2019,,,51,Production Occupations
99,U.S.,1,0,Cross-industry,cross-industry,1235,51-9022,"Grinding and Polishing Workers, Hand",detailed,29170,3.7,,,,15.9,33060.0,0.8,10.77,12.33,14.71,18.32,23.22,22400.0,25660.0,30600.0,38110.0,48290.0,,,2019,,,51,Production Occupations
99,U.S.,1,0,Cross-industry,cross-industry,1235,51-9023,"Mixing and Blending Machine Setters, Operators, and Tenders",detailed,125340,2.2,,,,19.19,39920.0,0.4,12.23,14.67,18.17,22.95,28.21,25440.0,30510.0,37780.0,47740.0,58680.0,,,2019,,,51,Production Occupations
99,U.S.,1,0,Cross-industry,cross-industry,1235,51-9031,"Cutters and Trimmers, Hand",detailed,9670,5.0,,,,15.55,32340.0,1.2,10.02,11.96,14.52,17.97,22.94,20850.0,24870.0,30200.0,37370.0,47720.0,,,2019,,,51,Production Occupations
99,U.S.,1,0,Cross-industry,cross-industry,1235,51-9032,"Cutting and Slicing Machine Setters, Operators, and Tenders",detailed,57960,2.4,,,,17.67,36750.0,0.5,11.85,13.88,17.11,21.12,24.75,24640.0,28880.0,35600.0,43920.0,51470.0,,,2019,,,51,Production Occupations
99,U.S.,1,0,Cross-industry,cross-industry,1235,51-9041,"Extruding, Forming, Pressing, and Compacting Machine Setters, Operators, and Tenders",detailed,71850,2.2,,,,17.9,37240.0,0.6,12.0,13.95,17.06,21.29,25.73,24970.0,29020.0,35480.0,44280.0,53510.0,,,2019,,,51,Production Occupations
99,U.S.,1,0,Cross-industry,cross-industry,1235,51-9051,"Furnace, Kiln, Oven, Drier, and Kettle Operators and Tenders",detailed,18970,3.3,,,,19.88,41350.0,0.7,13.01,15.63,19.27,23.64,28.33,27050.0,32510.0,40090.0,49180.0,58920.0,,,2019,,,51,Production Occupations
99,U.S.,1,0,Cross-industry,cross-industry,1235,51-9061,"Inspectors, Testers, Sorters, Samplers, and Weighers",detailed,576950,0.7,,,,20.67,43000.0,0.4,11.85,14.61,18.82,24.99,31.86,24660.0,30390.0,39140.0,51990.0,66260.0,,,2019,,,51,Production Occupations
99,U.S.,1,0,Cross-industry,cross-industry,1235,51-9071,Jewelers and Precious Stone and Metal Workers,detailed,23590,4.5,,,,22.09,45950.0,2.0,11.79,14.77,19.65,26.75,35.3,24520.0,30720.0,40870.0,55630.0,73420.0,,,2019,,,51,Production Occupations
99,U.S.,1,0,Cross-industry,cross-industry,1235,51-9081,Dental Laboratory Technicians,detailed,34460,2.9,,,,21.31,44330.0,0.8,12.34,15.28,19.87,25.94,31.64,25660.0,31790.0,41340.0,53950.0,65820.0,,,2019,,,51,Production Occupations
99,U.S.,1,0,Cross-industry,cross-industry,1235,51-9082,Medical Appliance Technicians,detailed,14130,5.0,,,,21.25,44200.0,1.3,12.17,15.46,19.56,25.48,32.14,25320.0,32160.0,40690.0,53000.0,66860.0,,,2019,,,51,Production Occupations
99,U.S.,1,0,Cross-industry,cross-industry,1235,51-9083,Ophthalmic Laboratory Technicians,detailed,29150,4.5,,,,16.73,34800.0,0.9,11.13,12.89,15.68,19.26,23.97,23140.0,26810.0,32620.0,40060.0,49850.0,,,2019,,,51,Production Occupations
99,U.S.,1,0,Cross-industry,cross-industry,1235,51-9111,Packaging and Filling Machine Operators and Tenders,detailed,390540,1.3,,,,16.15,33590.0,0.4,10.62,12.3,14.9,18.87,23.83,22090.0,25580.0,30990.0,39250.0,49570.0,,,2019,,,51,Production Occupations
99,U.S.,1,0,Cross-industry,cross-industry,1235,51-9123,"Painting, Coating, and Decorating Workers",detailed,12430,3.7,,,,17.11,35600.0,1.0,11.09,12.9,15.84,19.8,24.78,23070.0,26820.0,32950.0,41190.0,51540.0,,,2019,,,51,Production Occupations
99,U.S.,1,0,Cross-industry,cross-industry,1235,51-9124,"Coating, Painting, and Spraying Machine Setters, Operators, and Tenders",detailed,146350,1.5,,,,19.84,41260.0,0.5,12.38,14.84,18.34,23.33,29.43,25760.0,30870.0,38150.0,48540.0,61220.0,,,2019,,,51,Production Occupations
99,U.S.,1,0,Cross-industry,cross-industry,1235,51-9141,Semiconductor Processing Technicians,detailed,27680,7.4,,,,20.17,41950.0,2.6,12.94,15.09,18.3,23.9,30.86,26910.0,31390.0,38060.0,49710.0,64190.0,,,2019,,,51,Production Occupations
99,U.S.,1,0,Cross-industry,cross-industry,1235,51-9151,Photographic Process Workers and Processing Machine Operators,detailed,11940,5.8,,,,17.74,36890.0,1.6,10.72,12.59,15.52,21.47,28.42,22300.0,26190.0,32280.0,44650.0,59100.0,,,2019,,,51,Production Occupations
99,U.S.,1,0,Cross-industry,cross-industry,1235,51-9161,Computer Numerically Controlled Tool Operators,detailed,151700,1.5,,,,20.75,43170.0,0.6,13.33,16.12,19.81,24.49,29.8,27730.0,33540.0,41200.0,50940.0,61980.0,,,2019,,,51,Production Occupations
99,U.S.,1,0,Cross-industry,cross-industry,1235,51-9162,Computer Numerically Controlled Tool Programmers,detailed,25570,2.8,,,,28.72,59730.0,0.8,17.44,21.48,27.14,34.02,42.87,36280.0,44680.0,56450.0,70750.0,89170.0,,,2019,,,51,Production Occupations
99,U.S.,1,0,Cross-industry,cross-industry,1235,51-9191,Adhesive Bonding Machine Operators and Tenders,detailed,13890,4.7,,,,17.31,36010.0,1.2,11.62,13.53,16.51,20.52,24.17,24160.0,28150.0,34340.0,42680.0,50280.0,,,2019,,,51,Production Occupations
99,U.S.,1,0,Cross-industry,cross-industry,1235,51-9192,"Cleaning, Washing, and Metal Pickling Equipment Operators and Tenders",detailed,16410,3.5,,,,16.46,34230.0,1.1,10.93,12.73,15.31,18.92,23.78,22730.0,26490.0,31850.0,39350.0,49470.0,,,2019,,,51,Production Occupations
99,U.S.,1,0,Cross-industry,cross-industry,1235,51-9193,Cooling and Freezing Equipment Operators and Tenders,detailed,8740,4.2,,,,17.8,37010.0,1.1,11.26,13.32,16.97,21.79,25.98,23430.0,27710.0,35290.0,45320.0,54050.0,,,2019,,,51,Production Occupations
99,U.S.,1,0,Cross-industry,cross-industry,1235,51-9194,Etchers and Engravers,detailed,10310,6.1,,,,16.24,33770.0,1.9,9.91,11.66,14.72,19.37,25.32,20620.0,24250.0,30620.0,40280.0,52660.0,,,2019,,,51,Production Occupations
99,U.S.,1,0,Cross-industry,cross-industry,1235,51-9195,"Molders, Shapers, and Casters, Except Metal and Plastic",detailed,44890,3.3,,,,17.31,36000.0,0.7,11.67,13.5,16.36,19.95,24.96,24280.0,28080.0,34030.0,41500.0,51920.0,,,2019,,,51,Production Occupations
99,U.S.,1,0,Cross-industry,cross-industry,1235,51-9196,"Paper Goods Machine Setters, Operators, and Tenders",detailed,100290,2.2,,,,19.7,40980.0,0.9,12.02,14.68,18.85,23.78,29.53,25000.0,30530.0,39210.0,49460.0,61430.0,,,2019,,,51,Production Occupations
99,U.S.,1,0,Cross-industry,cross-industry,1235,51-9197,Tire Builders,detailed,20790,6.6,,,,21.64,45010.0,2.0,13.68,16.71,22.12,27.03,29.55,28440.0,34760.0,46010.0,56230.0,61470.0,,,2019,,,51,Production Occupations
99,U.S.,1,0,Cross-industry,cross-industry,1235,51-9198,Helpers--Production Workers,detailed,303030,1.9,,,,14.68,30540.0,0.4,9.9,11.59,13.99,17.32,20.48,20590.0,24120.0,29100.0,36030.0,42600.0,,,2019,,,51,Production Occupations
99,U.S.,1,0,Cross-industry,cross-industry,1235,51-9199,"Production Workers, All Other",detailed,222230,1.8,,,,16.26,33830.0,0.6,9.77,11.6,14.33,18.91,25.39,20320.0,24120.0,29800.0,39330.0,52820.0,,,2019,,,51,Production Occupations
99,U.S.,1,0,Cross-industry,cross-industry,1235,53-1041,Aircraft Cargo Handling Supervisors,detailed,9500,6.2,,,,27.87,57960.0,1.6,16.87,19.84,25.89,35.24,40.22,35090.0,41260.0,53850.0,73300.0,83650.0,,,2019,,,53,Transportation and Material Moving Occupations
99,U.S.,1,0,Cross-industry,cross-industry,1235,53-1047,"First-Line Supervisors of Transportation and Material Moving Workers, Except Aircraft Cargo Handling Supervisors",detailed,455390,0.6,,,,27.81,57840.0,0.2,16.12,19.75,26.47,34.04,41.98,33540.0,41070.0,55060.0,70800.0,87310.0,,,2019,,,53,Transportation and Material Moving Occupations
99,U.S.,1,0,Cross-industry,cross-industry,1235,53-2011,"Airline Pilots, Copilots, and Flight Engineers",detailed,84520,2.6,,,,,174870.0,3.6,,,,,,74100.0,99090.0,147220.0,,,True,,2019,,,53,Transportation and Material Moving Occupations
99,U.S.,1,0,Cross-industry,cross-industry,1235,53-2012,Commercial Pilots,detailed,37830,2.6,,,,,102870.0,2.8,,,,,,45480.0,63040.0,86080.0,123070.0,179440.0,True,,2019,,,53,Transportation and Material Moving Occupations
99,U.S.,1,0,Cross-industry,cross-industry,1235,53-2021,Air Traffic Controllers,detailed,22090,0.6,,,,57.76,120140.0,0.8,32.85,41.24,59.13,72.76,84.77,68330.0,85770.0,122990.0,151350.0,176320.0,,,2019,,,53,Transportation and Material Moving Occupations
99,U.S.,1,0,Cross-industry,cross-industry,1235,53-2022,Airfield Operations Specialists,detailed,10680,3.6,,,,27.7,57620.0,3.4,13.7,17.94,25.31,34.52,44.37,28500.0,37320.0,52650.0,71810.0,92290.0,,,2019,,,53,Transportation and Material Moving Occupations
99,U.S.,1,0,Cross-industry,cross-industry,1235,53-2031,Flight Attendants,detailed,120840,2.1,,,,,56230.0,1.8,,,,,,29270.0,41070.0,56640.0,67040.0,80940.0,True,,2019,,,53,Transportation and Material Moving Occupations
99,U.S.,1,0,Cross-industry,cross-industry,1235,53-3011,"Ambulance Drivers and Attendants, Except Emergency Medical Technicians",detailed,14740,5.7,,,,14.23,29600.0,2.3,9.36,10.65,12.45,15.47,20.95,19460.0,22150.0,25890.0,32190.0,43570.0,,,2019,,,53,Transportation and Material Moving Occupations
99,U.S.,1,0,Cross-industry,cross-industry,1235,53-3031,Driver/Sales Workers,detailed,444660,1.9,,,,14.53,30230.0,0.6,8.68,9.63,12.43,18.03,23.54,18060.0,20040.0,25860.0,37500.0,48970.0,,,2019,,,53,Transportation and Material Moving Occupations
99,U.S.,1,0,Cross-industry,cross-industry,1235,53-3032,Heavy and Tractor-Trailer Truck Drivers,detailed,1856130,0.6,,,,22.52,46850.0,0.2,14.01,17.43,21.76,26.85,32.13,29130.0,36250.0,45260.0,55850.0,66840.0,,,2019,,,53,Transportation and Material Moving Occupations
99,U.S.,1,0,Cross-industry,cross-industry,1235,53-3033,Light Truck Drivers,detailed,923050,0.8,,,,18.52,38520.0,0.4,10.13,12.37,16.7,22.94,31.44,21060.0,25730.0,34730.0,47700.0,65400.0,,,2019,,,53,Transportation and Material Moving Occupations
99,U.S.,1,0,Cross-industry,cross-industry,1235,53-3052,"Bus Drivers, Transit and Intercity",detailed,179510,2.3,,,,22.03,45830.0,2.0,12.84,15.9,20.69,27.85,34.04,26710.0,33070.0,43030.0,57920.0,70810.0,,,2019,,,53,Transportation and Material Moving Occupations
99,U.S.,1,0,Cross-industry,cross-industry,1235,53-3058,"Passenger Vehicle Drivers, Except Bus Drivers, Transit and Intercity",detailed,700030,1.2,,,,15.97,33210.0,0.5,9.29,11.66,15.07,19.2,23.8,19320.0,24250.0,31340.0,39950.0,49500.0,,,2019,,,53,Transportation and Material Moving Occupations
99,U.S.,1,0,Cross-industry,cross-industry,1235,53-3099,"Motor Vehicle Operators, All Other",detailed,56590,3.3,,,,17.93,37300.0,1.6,9.61,11.59,15.82,23.42,28.75,19990.0,24110.0,32910.0,48700.0,59800.0,,,2019,,,53,Transportation and Material Moving Occupations
99,U.S.,1,0,Cross-industry,cross-industry,1235,53-4011,Locomotive Engineers,detailed,35520,7.5,,,,34.41,71570.0,1.4,22.69,27.38,32.26,42.56,48.59,47190.0,56950.0,67090.0,88530.0,101060.0,,,2019,,,53,Transportation and Material Moving Occupations
99,U.S.,1,0,Cross-industry,cross-industry,1235,53-4013,"Rail Yard Engineers, Dinkey Operators, and Hostlers",detailed,5400,13.3,,,,25.33,52690.0,2.2,15.92,18.81,23.72,29.65,38.33,33110.0,39110.0,49330.0,61670.0,79720.0,,,2019,,,53,Transportation and Material Moving Occupations
99,U.S.,1,0,Cross-industry,cross-industry,1235,53-4022,"Railroad Brake, Signal, and Switch Operators and Locomotive Firers",detailed,11080,11.7,,,,29.99,62380.0,2.0,17.86,22.48,28.97,36.39,45.5,37150.0,46760.0,60260.0,75700.0,94640.0,,,2019,,,53,Transportation and Material Moving Occupations
99,U.S.,1,0,Cross-industry,cross-industry,1235,53-4031,Railroad Conductors and Yardmasters,detailed,45710,6.4,,,,32.86,68350.0,1.4,22.04,26.63,31.73,38.48,47.17,45850.0,55390.0,65990.0,80040.0,98110.0,,,2019,,,53,Transportation and Material Moving Occupations
99,U.S.,1,0,Cross-industry,cross-industry,1235,53-4041,Subway and Streetcar Operators,detailed,10730,12.9,,,,30.66,63770.0,5.1,18.53,24.97,32.63,37.75,40.8,38530.0,51940.0,67880.0,78530.0,84860.0,,,2019,,,53,Transportation and Material Moving Occupations
99,U.S.,1,0,Cross-industry,cross-industry,1235,53-4099,"Rail Transportation Workers, All Other",detailed,2650,13.9,,,,26.04,54170.0,2.7,15.19,18.27,24.81,31.35,39.23,31590.0,37990.0,51600.0,65210.0,81600.0,,,2019,,,53,Transportation and Material Moving Occupations
99,U.S.,1,0,Cross-industry,cross-industry,1235,53-5011,Sailors and Marine Oilers,detailed,31290,4.5,,,,25.6,53250.0,9.2,12.11,15.24,20.9,28.2,36.31,25190.0,31710.0,43480.0,58650.0,75520.0,,,2019,,,53,Transportation and Material Moving Occupations
99,U.S.,1,0,Cross-industry,cross-industry,1235,53-5021,"Captains, Mates, and Pilots of Water Vessels",detailed,33370,5.8,,,,42.03,87420.0,3.2,17.92,24.05,34.78,50.64,73.89,37270.0,50020.0,72340.0,105330.0,153700.0,,,2019,,,53,Transportation and Material Moving Occupations
99,U.S.,1,0,Cross-industry,cross-industry,1235,53-5022,Motorboat Operators,detailed,2120,10.8,,,,23.57,49030.0,3.4,12.14,15.79,23.2,29.99,35.67,25250.0,32830.0,48260.0,62370.0,74180.0,,,2019,,,53,Transportation and Material Moving Occupations
99,U.S.,1,0,Cross-industry,cross-industry,1235,53-5031,Ship Engineers,detailed,8410,4.8,,,,38.24,79540.0,1.8,20.06,25.81,35.87,47.62,62.76,41730.0,53690.0,74610.0,99050.0,130540.0,,,2019,,,53,Transportation and Material Moving Occupations
99,U.S.,1,0,Cross-industry,cross-industry,1235,53-6011,Bridge and Lock Tenders,detailed,3150,4.4,,,,23.02,47880.0,1.0,13.11,18.11,24.09,27.85,30.65,27270.0,37680.0,50110.0,57920.0,63740.0,,,2019,,,53,Transportation and Material Moving Occupations
99,U.S.,1,0,Cross-industry,cross-industry,1235,53-6021,Parking Attendants,detailed,147390,2.6,,,,12.72,26450.0,0.6,9.06,10.4,12.09,14.37,17.31,18850.0,21620.0,25140.0,29900.0,36000.0,,,2019,,,53,Transportation and Material Moving Occupations
99,U.S.,1,0,Cross-industry,cross-industry,1235,53-6031,Automotive and Watercraft Service Attendants,detailed,117670,2.2,,,,12.91,26860.0,0.5,9.42,10.65,12.11,14.45,17.77,19600.0,22160.0,25200.0,30060.0,36960.0,,,2019,,,53,Transportation and Material Moving Occupations
99,U.S.,1,0,Cross-industry,cross-industry,1235,53-6041,Traffic Technicians,detailed,7470,3.2,,,,25.28,52590.0,1.7,14.82,17.87,22.83,31.01,39.53,30820.0,37170.0,47480.0,64510.0,82230.0,,,2019,,,53,Transportation and Material Moving Occupations
99,U.S.,1,0,Cross-industry,cross-industry,1235,53-6051,Transportation Inspectors,detailed,30020,4.4,,,,37.27,77530.0,1.4,16.03,25.32,36.45,48.53,60.24,33330.0,52670.0,75820.0,100940.0,125310.0,,,2019,,,53,Transportation and Material Moving Occupations
99,U.S.,1,0,Cross-industry,cross-industry,1235,53-6061,Passenger Attendants,detailed,28200,8.8,,,,14.15,29420.0,2.0,9.37,11.01,12.78,16.58,19.62,19480.0,22900.0,26570.0,34490.0,40800.0,,,2019,,,53,Transportation and Material Moving Occupations
99,U.S.,1,0,Cross-industry,cross-industry,1235,53-6098,"Aircraft Service Attendants and Transportation Workers, All Other",detailed,34940,4.5,,,,20.65,42940.0,3.3,10.92,13.38,17.79,28.18,35.76,22710.0,27830.0,37000.0,58620.0,74380.0,,,2019,,,53,Transportation and Material Moving Occupations
99,U.S.,1,0,Cross-industry,cross-industry,1235,53-7011,Conveyor Operators and Tenders,detailed,24050,3.8,,,,17.38,36150.0,0.9,12.02,13.87,16.66,19.98,23.98,24990.0,28840.0,34660.0,41570.0,49890.0,,,2019,,,53,Transportation and Material Moving Occupations
99,U.S.,1,0,Cross-industry,cross-industry,1235,53-7021,Crane and Tower Operators,detailed,45480,3.2,,,,29.1,60530.0,1.5,15.51,20.04,27.26,35.12,44.15,32250.0,41680.0,56690.0,73060.0,91840.0,,,2019,,,53,Transportation and Material Moving Occupations
99,U.S.,1,0,Cross-industry,cross-industry,1235,53-7031,Dredge Operators,detailed,1550,11.6,,,,24.68,51340.0,3.3,15.47,18.31,22.62,31.53,37.47,32170.0,38090.0,47040.0,65590.0,77940.0,,,2019,,,53,Transportation and Material Moving Occupations
99,U.S.,1,0,Cross-industry,cross-industry,1235,53-7041,Hoist and Winch Operators,detailed,4800,7.9,,,,30.14,62690.0,4.0,14.75,18.99,28.71,38.58,48.82,30680.0,39500.0,59720.0,80240.0,101550.0,,,2019,,,53,Transportation and Material Moving Occupations
99,U.S.,1,0,Cross-industry,cross-industry,1235,53-7051,Industrial Truck and Tractor Operators,detailed,629270,1.0,,,,18.24,37930.0,0.3,12.54,14.45,17.4,21.32,25.61,26090.0,30050.0,36200.0,44350.0,53270.0,,,2019,,,53,Transportation and Material Moving Occupations
99,U.S.,1,0,Cross-industry,cross-industry,1235,53-7061,Cleaners of Vehicles and Equipment,detailed,382670,1.1,,,,13.43,27940.0,0.6,9.21,10.75,12.4,15.0,18.76,19150.0,22360.0,25800.0,31210.0,39010.0,,,2019,,,53,Transportation and Material Moving Occupations
99,U.S.,1,0,Cross-industry,cross-industry,1235,53-7062,"Laborers and Freight, Stock, and Material Movers, Hand",detailed,2953170,0.7,,,,15.45,32130.0,0.2,10.29,11.81,14.19,17.86,22.66,21410.0,24570.0,29510.0,37150.0,47140.0,,,2019,,,53,Transportation and Material Moving Occupations
99,U.S.,1,0,Cross-industry,cross-industry,1235,53-7063,Machine Feeders and Offbearers,detailed,63280,3.0,,,,15.87,33010.0,0.7,10.87,12.53,14.99,18.56,22.89,22610.0,26060.0,31180.0,38600.0,47610.0,,,2019,,,53,Transportation and Material Moving Occupations
99,U.S.,1,0,Cross-industry,cross-industry,1235,53-7064,"Packers and Packagers, Hand",detailed,633640,1.9,,,,13.31,27680.0,0.4,9.38,10.96,12.46,14.96,18.42,19510.0,22800.0,25910.0,31120.0,38320.0,,,2019,,,53,Transportation and Material Moving Occupations
99,U.S.,1,0,Cross-industry,cross-industry,1235,53-7065,Stockers and Order Fillers,detailed,2135850,0.7,,,,14.26,29660.0,0.2,9.87,11.29,13.16,16.3,20.23,20520.0,23480.0,27380.0,33910.0,42080.0,,,2019,,,53,Transportation and Material Moving Occupations
99,U.S.,1,0,Cross-industry,cross-industry,1235,53-7071,Gas Compressor and Gas Pumping Station Operators,detailed,3440,6.8,,,,30.15,62710.0,1.8,18.17,24.01,31.81,36.76,39.96,37790.0,49940.0,66160.0,76460.0,83130.0,,,2019,,,53,Transportation and Material Moving Occupations
99,U.S.,1,0,Cross-industry,cross-industry,1235,53-7072,"Pump Operators, Except Wellhead Pumpers",detailed,10000,6.2,,,,23.61,49120.0,2.1,13.94,16.92,21.65,28.71,37.43,29000.0,35190.0,45040.0,59720.0,77860.0,,,2019,,,53,Transportation and Material Moving Occupations
99,U.S.,1,0,Cross-industry,cross-industry,1235,53-7073,Wellhead Pumpers,detailed,12970,5.7,,,,26.48,55080.0,1.7,16.01,19.47,26.46,32.66,38.6,33300.0,40500.0,55040.0,67930.0,80280.0,,,2019,,,53,Transportation and Material Moving Occupations
99,U.S.,1,0,Cross-industry,cross-industry,1235,53-7081,Refuse and Recyclable Material Collectors,detailed,121330,1.8,,,,19.9,41400.0,1.2,10.95,13.89,18.19,24.15,32.39,22780.0,28880.0,37840.0,50240.0,67370.0,,,2019,,,53,Transportation and Material Moving Occupations
99,U.S.,1,0,Cross-industry,cross-industry,1235,53-7121,"Tank Car, Truck, and Ship Loaders",detailed,11620,8.1,,,,22.88,47580.0,2.4,13.51,16.23,20.36,29.23,36.56,28090.0,33760.0,42360.0,60800.0,76050.0,,,2019,,,53,Transportation and Material Moving Occupations
99,U.S.,1,0,Cross-industry,cross-industry,1235,53-7199,"Material Moving Workers, All Other",detailed,28240,4.6,,,,17.56,36530.0,1.4,11.36,12.58,15.28,21.02,27.86,23620.0,26170.0,31770.0,43730.0,57960.0,,,2019,,,53,Transportation and Material Moving Occupations
99,U.S.,1,0,Cross-industry,cross-industry,1235,11-1011,Chief Executives,detailed,199240,0.9,,,,118.48,246440.0,1.6,36.02,58.89,91.12,,,74920.0,122480.0,189520.0,,,,,2022,US,,11,Management Occupations
99,U.S.,1,0,Cross-industry,cross-industry,1235,11-1021,General and Operations Managers,detailed,3376680,0.3,,,,59.07,122860.0,1.1,20.9,29.84,47.16,74.31,106.38,43470.0,62070.0,98100.0,154560.0,221270.0,,,2022,US,,11,Management Occupations
99,U.S.,1,0,Cross-industry,cross-industry,1235,11-1031,Legislators,detailed,42890,2.1,,,,,71100.0,1.7,,,,,,20970.0,28690.0,48090.0,94030.0,149710.0,True,,2022,US,,11,Management Occupations
99,U.S.,1,0,Cross-industry,cross-industry,1235,11-2011,Advertising and Promotions Managers,detailed,22010,3.1,,,,70.7,147050.0,2.2,29.03,40.87,61.46,83.14,,60380.0,85020.0,127830.0,172920.0,,,,2022,US,,11,Management Occupations
99,U.S.,1,0,Cross-industry,cross-industry,1235,11-2021,Marketing Managers,detailed,328570,1.1,,,,76.1,158280.0,0.6,36.92,49.55,67.33,95.45,,76790.0,103060.0,140040.0,198530.0,,,,2022,US,,11,Management Occupations
99,U.S.,1,0,Cross-industry,cross-industry,1235,11-2022,Sales Managers,detailed,536390,2.8,,,,72.37,150530.0,0.4,29.34,42.26,62.79,86.72,,61040.0,87910.0,130600.0,180390.0,,,,2022,US,,11,Management Occupations
99,U.S.,1,0,Cross-industry,cross-industry,1235,11-2032,Public Relations Managers,detailed,64280,1.4,,,,72.13,150030.0,0.8,34.48,46.29,62.23,85.18,,71710.0,96280.0,129430.0,177170.0,,,,2022,US,,11,Management Occupations
99,U.S.,1,0,Cross-industry,cross-industry,1235,11-2033,Fundraising Managers,detailed,26240,2.7,,,,59.83,124450.0,1.3,30.44,38.62,51.63,74.57,98.67,63320.0,80330.0,107390.0,155100.0,205230.0,,,2022,US,,11,Management Occupations
99,U.S.,1,0,Cross-industry,cross-industry,1235,11-3012,Administrative Services Managers,detailed,236570,2.1,,,,55.59,115640.0,0.4,28.4,37.73,49.68,65.0,85.99,59070.0,78490.0,103330.0,135200.0,178870.0,,,2022,US,,11,Management Occupations
99,U.S.,1,0,Cross-industry,cross-industry,1235,11-3013,Facilities Managers,detailed,116980,0.6,,,,50.95,105970.0,0.4,28.5,36.15,47.61,61.82,78.88,59280.0,75190.0,99030.0,128590.0,164080.0,,,2022,US,,11,Management Occupations
99,U.S.,1,0,Cross-industry,cross-industry,1235,11-3021,Computer and Information Systems Managers,detailed,533220,1.2,,,,83.49,173670.0,0.4,46.84,61.14,78.88,99.93,,97430.0,127180.0,164070.0,207850.0,,,,2022,US,,11,Management Occupations
99,U.S.,1,0,Cross-industry,cross-industry,1235,11-3031,Financial Managers,detailed,740780,1.2,,,,79.83,166050.0,0.5,38.0,50.07,67.21,97.94,,79050.0,104150.0,139790.0,203720.0,,,,2022,US,,11,Management Occupations
99,U.S.,1,0,Cross-industry,cross-industry,1235,11-3051,Industrial Production Managers,detailed,211710,0.6,,,,58.13,120900.0,0.4,32.56,41.03,51.71,67.03,85.8,67720.0,85350.0,107560.0,139430.0,178470.0,,,2022,US,,11,Management Occupations
99,U.S.,1,0,Cross-industry,cross-industry,1235,11-3061,Purchasing Managers,detailed,75070,1.4,,,,67.62,140650.0,0.4,38.46,48.94,63.15,80.28,100.96,80000.0,101790.0,131350.0,166980.0,210000.0,,,2022,US,,11,Management Occupations
99,U.S.,1,0,Cross-industry,cross-industry,1235,11-3071,"Transportation, Storage, and Distribution Managers",detailed,169910,1.1,,,,52.36,108910.0,0.5,27.78,36.37,47.39,62.62,81.28,57780.0,75640.0,98560.0,130240.0,169070.0,,,2022,US,,11,Management Occupations
99,U.S.,1,0,Cross-industry,cross-industry,1235,11-3111,Compensation and Benefits Managers,detailed,16850,2.2,,,,68.82,143140.0,0.7,37.13,47.72,63.11,82.94,104.64,77230.0,99270.0,131280.0,172520.0,217650.0,,,2022,US,,11,Management Occupations
99,U.S.,1,0,Cross-industry,cross-industry,1235,11-3121,Human Resources Managers,detailed,181360,1.7,,,,70.07,145750.0,0.4,36.83,47.23,62.5,82.29,107.87,76610.0,98230.0,130000.0,171170.0,224360.0,,,2022,US,,11,Management Occupations
99,U.S.,1,0,Cross-industry,cross-industry,1235,11-3131,Training and Development Managers,detailed,39550,1.0,,,,63.51,132100.0,0.8,32.91,42.64,57.69,77.71,101.19,68450.0,88680.0,120000.0,161630.0,210470.0,,,2022,US,,11,Management Occupations
99,U.S.,1,0,Cross-industry,cross-industry,1235,11-9013,"Farmers, Ranchers, and Other Agricultural Managers",detailed,6250,4.0,,,,40.29,83790.0,2.5,18.0,25.56,36.42,49.58,66.85,37440.0,53160.0,75760.0,103130.0,139040.0,,,2022,US,,11,Management Occupations
99,U.S.,1,0,Cross-industry,cross-industry,1235,11-9021,Construction Managers,detailed,303220,1.9,,,,54.22,112790.0,0.6,29.91,37.96,48.79,63.11,80.96,62210.0,78950.0,101480.0,131280.0,168390.0,,,2022,US,,11,Management Occupations
99,U.S.,1,0,Cross-industry,cross-industry,1235,11-9031,"Education and Childcare Administrators, Preschool and Daycare",detailed,60010,2.3,,,,27.7,57610.0,1.7,16.92,19.46,23.89,30.4,41.05,35190.0,40470.0,49690.0,63240.0,85390.0,,,2022,US,,11,Management Occupations
99,U.S.,1,0,Cross-industry,cross-industry,1235,11-9032,"Education Administrators, Kindergarten through Secondary",detailed,285910,0.5,,,,,106690.0,0.5,,,,,,64690.0,80290.0,101320.0,128740.0,158770.0,True,,2022,US,,11,Management Occupations
99,U.S.,1,0,Cross-industry,cross-industry,1235,11-9033,"Education Administrators, Postsecondary",detailed,167060,0.2,,,,55.38,115180.0,0.4,29.33,37.02,48.05,63.47,94.43,61000.0,77010.0,99940.0,132010.0,196420.0,,,2022,US,,11,Management Occupations
99,U.S.,1,0,Cross-industry,cross-industry,1235,11-9039,"Education Administrators, All Other",detailed,50180,1.3,,,,47.99,99820.0,0.7,23.39,30.99,42.85,57.46,74.37,48650.0,64460.0,89130.0,119520.0,154690.0,,,2022,US,,11,Management Occupations
99,U.S.,1,0,Cross-industry,cross-industry,1235,11-9041,Architectural and Engineering Managers,detailed,197180,1.3,,,,78.52,163310.0,0.3,49.26,61.74,76.88,90.93,106.51,102450.0,128420.0,159920.0,189130.0,221550.0,,,2022,US,,11,Management Occupations
99,U.S.,1,0,Cross-industry,cross-industry,1235,11-9051,Food Service Managers,detailed,231100,1.6,,,,32.27,67130.0,0.8,18.62,23.13,29.48,37.24,48.33,38740.0,48110.0,61310.0,77450.0,100520.0,,,2022,US,,11,Management Occupations
99,U.S.,1,0,Cross-industry,cross-industry,1235,11-9071,Gambling Managers,detailed,4800,2.2,,,,46.07,95830.0,1.1,23.9,29.77,38.8,55.19,78.46,49710.0,61920.0,80710.0,114790.0,163190.0,,,2022,US,,11,Management Occupations
99,U.S.,1,0,Cross-industry,cross-industry,1235,11-9072,"Entertainment and Recreation Managers, Except Gambling",detailed,22950,2.7,,,,38.34,79750.0,1.8,18.44,24.03,32.32,45.31,62.52,38350.0,49980.0,67220.0,94250.0,130040.0,,,2022,US,,11,Management Occupations
99,U.S.,1,0,Cross-industry,cross-industry,1235,11-9081,Lodging Managers,detailed,39870,2.1,,,,35.21,73230.0,1.7,17.72,22.6,29.76,40.21,58.86,36860.0,47000.0,61910.0,83630.0,122440.0,,,2022,US,,11,Management Occupations
99,U.S.,1,0,Cross-industry,cross-industry,1235,11-9111,Medical and Health Services Managers,detailed,476750,0.4,,,,61.53,127980.0,0.4,30.82,39.15,50.4,68.84,100.96,64100.0,81430.0,104830.0,143200.0,209990.0,,,2022,US,,11,Management Occupations
99,U.S.,1,0,Cross-industry,cross-industry,1235,11-9121,Natural Sciences Managers,detailed,82570,1.4,,,,78.66,163610.0,1.6,35.45,49.9,69.44,101.12,,73730.0,103780.0,144440.0,210330.0,,,,2022,US,,11,Management Occupations
99,U.S.,1,0,Cross-industry,cross-industry,1235,11-9131,Postmasters and Mail Superintendents,detailed,13460,0.0,,,,40.48,84190.0,0.0,36.01,36.74,39.79,43.87,48.24,74900.0,76420.0,82760.0,91250.0,100340.0,,,2022,US,,11,Management Occupations
99,U.S.,1,0,Cross-industry,cross-industry,1235,11-9141,"Property, Real Estate, and Community Association Managers",detailed,261120,1.3,,,,36.59,76110.0,1.3,16.93,21.83,29.17,40.48,62.45,35210.0,45400.0,60670.0,84200.0,129900.0,,,2022,US,,11,Management Occupations
99,U.S.,1,0,Cross-industry,cross-industry,1235,11-9151,Social and Community Service Managers,detailed,162880,1.2,,,,38.13,79310.0,0.6,22.49,28.17,35.69,45.87,59.29,46770.0,58590.0,74240.0,95420.0,123320.0,,,2022,US,,11,Management Occupations
99,U.S.,1,0,Cross-industry,cross-industry,1235,11-9161,Emergency Management Directors,detailed,11290,1.5,,,,42.74,88890.0,0.7,22.56,28.6,38.07,51.06,71.09,46920.0,59480.0,79180.0,106200.0,147870.0,,,2022,US,,11,Management Occupations
99,U.S.,1,0,Cross-industry,cross-industry,1235,11-9171,Funeral Home Managers,detailed,13680,3.3,,,,40.76,84770.0,1.5,21.11,25.72,34.67,47.07,63.95,43910.0,53490.0,72110.0,97910.0,133010.0,,,2022,US,,11,Management Occupations
99,U.S.,1,0,Cross-industry,cross-industry,1235,11-9179,"Personal Service Managers, All Other",detailed,8840,9.4,,,,29.09,60510.0,2.7,16.83,19.4,26.97,34.3,46.6,35010.0,40350.0,56090.0,71350.0,96930.0,,,2022,US,,11,Management Occupations
99,U.S.,1,0,Cross-industry,cross-industry,1235,11-9199,"Managers, All Other",detailed,543290,1.0,,,,67.88,141190.0,0.5,30.47,44.64,61.84,81.04,105.07,63380.0,92840.0,128620.0,168570.0,218550.0,,,2022,US,,11,Management Occupations
99,U.S.,1,0,Cross-industry,cross-industry,1235,13-1011,"Agents and Business Managers of Artists, Performers, and Athletes",detailed,13130,5.0,,,,57.74,120100.0,4.1,21.72,30.25,39.68,77.57,,45180.0,62910.0,82530.0,161340.0,,,,2022,US,,13,Business and Financial Operations Occupations
99,U.S.,1,0,Cross-industry,cross-industry,1235,13-1020,Buyers and Purchasing Agents,detailed,464880,1.3,,,,36.13,75140.0,0.3,19.74,24.91,32.51,43.71,55.95,41060.0,51820.0,67620.0,90920.0,116370.0,,,2022,US,,13,Business and Financial Operations Occupations
99,U.S.,1,0,Cross-industry,cross-industry,1235,13-1031,"Claims Adjusters, Examiners, and Investigators",detailed,285270,1.0,,,,35.28,73380.0,0.3,22.14,27.43,34.73,40.99,49.34,46040.0,57050.0,72230.0,85250.0,102630.0,,,2022,US,,13,Business and Financial Operations Occupations
99,U.S.,1,0,Cross-industry,cross-industry,1235,13-1032,"Insurance Appraisers, Auto Damage",detailed,11430,5.2,,,,34.42,71580.0,0.7,24.01,29.32,33.36,38.75,45.4,49940.0,60980.0,69380.0,80590.0,94440.0,,,2022,US,,13,Business and Financial Operations Occupations
99,U.S.,1,0,Cross-industry,cross-industry,1235,13-1041,Compliance Officers,detailed,359640,1.6,,,,37.01,76980.0,0.7,19.74,25.24,34.47,46.66,56.76,41050.0,52490.0,71690.0,97050.0,118060.0,,,2022,US,,13,Business and Financial Operations Occupations
99,U.S.,1,0,Cross-industry,cross-industry,1235,13-1051,Cost Estimators,detailed,225310,1.0,,,,36.89,76740.0,0.5,20.25,25.52,34.23,44.91,57.98,42110.0,53080.0,71200.0,93420.0,120600.0,,,2022,US,,13,Business and Financial Operations Occupations
99,U.S.,1,0,Cross-industry,cross-industry,1235,13-1071,Human Resources Specialists,detailed,835360,1.2,,,,35.13,73080.0,0.4,18.92,23.64,30.88,41.48,55.8,39340.0,49160.0,64240.0,86280.0,116060.0,,,2022,US,,13,Business and Financial Operations Occupations
99,U.S.,1,0,Cross-industry,cross-industry,1235,13-1074,Farm Labor Contractors,detailed,550,15.4,,,,26.26,54630.0,6.6,14.36,16.77,23.72,34.95,40.96,29880.0,34890.0,49330.0,72690.0,85190.0,,,2022,US,,13,Business and Financial Operations Occupations
99,U.S.,1,0,Cross-industry,cross-industry,1235,13-1075,Labor Relations Specialists,detailed,62200,1.8,,,,42.05,87470.0,0.8,18.7,29.44,39.43,51.07,63.3,38900.0,61240.0,82010.0,106230.0,131660.0,,,2022,US,,13,Business and Financial Operations Occupations
99,U.S.,1,0,Cross-industry,cross-industry,1235,13-1081,Logisticians,detailed,202970,0.8,,,,39.05,81220.0,0.4,22.24,28.86,37.27,47.79,59.64,46260.0,60020.0,77520.0,99400.0,124050.0,,,2022,US,,13,Business and Financial Operations Occupations
99,U.S.,1,0,Cross-industry,cross-industry,1235,13-1082,Project Management Specialists,detailed,843910,1.3,,,,48.85,101610.0,0.5,25.24,33.16,45.85,60.89,76.51,52500.0,68980.0,95370.0,126660.0,159150.0,,,2022,US,,13,Business and Financial Operations Occupations
99,U.S.,1,0,Cross-industry,cross-industry,1235,13-1111,Management Analysts,detailed,808860,0.7,,,,50.32,104660.0,0.4,26.73,33.81,45.81,61.29,80.6,55590.0,70310.0,95290.0,127480.0,167650.0,,,2022,US,,13,Business and Financial Operations Occupations
99,U.S.,1,0,Cross-industry,cross-industry,1235,13-1121,"Meeting, Convention, and Event Planners",detailed,112070,2.1,,,,28.24,58750.0,1.1,15.41,19.24,25.27,33.76,44.66,32050.0,40030.0,52560.0,70230.0,92880.0,,,2022,US,,13,Business and Financial Operations Occupations
99,U.S.,1,0,Cross-industry,cross-industry,1235,13-1131,Fundraisers,detailed,94630,2.4,,,,32.06,66670.0,0.8,18.12,22.56,29.42,38.57,49.39,37700.0,46930.0,61190.0,80230.0,102740.0,,,2022,US,,13,Business and Financial Operations Occupations
99,U.S.,1,0,Cross-industry,cross-industry,1235,13-1141,"Compensation, Benefits, and Job Analysis Specialists",detailed,93550,1.2,,,,36.5,75920.0,0.5,20.31,25.2,32.59,43.14,56.28,42250.0,52410.0,67780.0,89740.0,117060.0,,,2022,US,,13,Business and Financial Operations Occupations
99,U.S.,1,0,Cross-industry,cross-industry,1235,13-1151,Training and Development Specialists,detailed,367180,1.0,,,,33.59,69870.0,0.5,16.8,22.35,30.33,40.35,52.18,34950.0,46480.0,63080.0,83920.0,108530.0,,,2022,US,,13,Business and Financial Operations Occupations
99,U.S.,1,0,Cross-industry,cross-industry,1235,13-1161,Market Research Analysts and Marketing Specialists,detailed,798620,1.3,,,,37.92,78880.0,0.4,18.4,24.03,32.8,47.6,63.39,38280.0,49980.0,68230.0,99000.0,131850.0,,,2022,US,,13,Business and Financial Operations Occupations
99,U.S.,1,0,Cross-industry,cross-industry,1235,13-1199,"Business Operations Specialists, All Other",detailed,1081230,0.8,,,,39.75,82670.0,0.3,19.38,26.31,36.53,48.6,63.11,40310.0,54720.0,75990.0,101090.0,131260.0,,,2022,US,,13,Business and Financial Operations Occupations
99,U.S.,1,0,Cross-industry,cross-industry,1235,13-2011,Accountants and Auditors,detailed,1402420,0.5,,,,41.7,86740.0,0.4,23.35,29.29,37.5,48.63,63.79,48560.0,60920.0,78000.0,101150.0,132690.0,,,2022,US,,13,Business and Financial Operations Occupations
99,U.S.,1,0,Cross-industry,cross-industry,1235,13-2020,Property Appraisers and Assessors,detailed,59970,2.4,,,,38.68,80460.0,7.3,17.16,22.37,29.6,39.88,56.54,35700.0,46530.0,61560.0,82950.0,117600.0,,,2022,US,,13,Business and Financial Operations Occupations
99,U.S.,1,0,Cross-industry,cross-industry,1235,13-2031,Budget Analysts,detailed,48430,1.0,,,,42.16,87680.0,0.3,25.48,31.42,39.55,50.14,61.62,53000.0,65360.0,82260.0,104290.0,128170.0,,,2022,US,,13,Business and Financial Operations Occupations
99,U.S.,1,0,Cross-industry,cross-industry,1235,13-2041,Credit Analysts,detailed,71960,1.5,,,,44.32,92180.0,0.5,23.06,28.99,37.91,50.91,77.79,47960.0,60290.0,78850.0,105900.0,161800.0,,,2022,US,,13,Business and Financial Operations Occupations
99,U.S.,1,0,Cross-industry,cross-industry,1235,13-2051,Financial and Investment Analysts,detailed,291370,1.6,,,,52.3,108790.0,1.6,28.34,35.25,45.71,60.64,81.7,58950.0,73320.0,95080.0,126120.0,169940.0,,,2022,US,,13,Business and Financial Operations Occupations
99,U.S.,1,0,Cross-industry,cross-industry,1235,13-2052,Personal Financial Advisors,detailed,283060,1.3,,,,66.22,137740.0,1.6,22.45,29.79,45.86,79.61,,46700.0,61960.0,95390.0,165590.0,,,,2022,US,,13,Business and Financial Operations Occupations
99,U.S.,1,0,Cross-industry,cross-industry,1235,13-2053,Insurance Underwriters,detailed,105900,2.0,,,,39.9,82990.0,0.8,22.76,28.75,36.65,48.46,62.6,47340.0,59790.0,76230.0,100790.0,130210.0,,,2022,US,,13,Business and Financial Operations Occupations
99,U.S.,1,0,Cross-industry,cross-industry,1235,13-2054,Financial Risk Specialists,detailed,55800,1.5,,,,55.84,116140.0,0.9,28.61,37.4,49.1,64.77,84.48,59510.0,77800.0,102120.0,134720.0,175720.0,,,2022,US,,13,Business and Financial Operations Occupations
99,U.S.,1,0,Cross-industry,cross-industry,1235,13-2061,Financial Examiners,detailed,63370,1.2,,,,45.97,95610.0,0.5,23.31,29.93,39.52,56.91,78.25,48490.0,62250.0,82210.0,118370.0,162760.0,,,2022,US,,13,Business and Financial Operations Occupations
99,U.S.,1,0,Cross-industry,cross-industry,1235,13-2071,Credit Counselors,detailed,29090,3.3,,,,24.83,51650.0,1.0,16.19,18.79,22.75,28.07,35.72,33670.0,39090.0,47320.0,58390.0,74310.0,,,2022,US,,13,Business and Financial Operations Occupations
99,U.S.,1,0,Cross-industry,cross-industry,1235,13-2072,Loan Officers,detailed,345550,1.4,,,,40.46,84160.0,1.0,16.79,23.02,31.6,47.69,66.63,34920.0,47890.0,65740.0,99200.0,138580.0,,,2022,US,,13,Business and Financial Operations Occupations
99,U.S.,1,0,Cross-industry,cross-industry,1235,13-2081,"Tax Examiners and Collectors, and Revenue Agents",detailed,50610,0.6,,,,30.97,64410.0,0.3,17.58,21.41,27.86,37.66,51.5,36570.0,44530.0,57950.0,78330.0,107120.0,,,2022,US,,13,Business and Financial Operations Occupations
99,U.S.,1,0,Cross-industry,cross-industry,1235,13-2082,Tax Preparers,detailed,82370,3.3,,,,26.85,55840.0,1.4,13.31,16.52,23.2,35.82,46.45,27680.0,34350.0,48250.0,74500.0,96610.0,,,2022,US,,13,Business and Financial Operations Occupations
99,U.S.,1,0,Cross-industry,cross-industry,1235,13-2099,"Financial Specialists, All Other",detailed,127020,1.1,,,,40.18,83580.0,1.1,18.43,25.04,35.48,48.39,63.98,38330.0,52070.0,73810.0,100650.0,133080.0,,,2022,US,,13,Business and Financial Operations Occupations
99,U.S.,1,0,Cross-industry,cross-industry,1235,15-1211,Computer Systems Analysts,detailed,505210,1.4,,,,51.7,107530.0,0.5,29.52,38.03,49.15,62.69,77.88,61390.0,79100.0,102240.0,130400.0,161980.0,,,2022,US,,15,Computer and Mathematical Occupations
99,U.S.,1,0,Cross-industry,cross-industry,1235,15-1212,Information Security Analysts,detailed,163690,1.3,,,,57.63,119860.0,0.7,31.73,41.0,53.85,67.85,83.91,66010.0,85270.0,112000.0,141130.0,174540.0,,,2022,US,,15,Computer and Mathematical Occupations
99,U.S.,1,0,Cross-industry,cross-industry,1235,15-1221,Computer and Information Research Scientists,detailed,33780,5.8,,,,74.94,155880.0,6.7,37.59,47.79,65.69,84.99,111.54,78190.0,99410.0,136620.0,176790.0,232010.0,,,2022,US,,15,Computer and Mathematical Occupations
99,U.S.,1,0,Cross-industry,cross-industry,1235,15-1231,Computer Network Support Specialists,detailed,168920,1.2,,,,36.57,76060.0,0.9,20.41,25.05,32.72,42.82,55.39,42440.0,52100.0,68050.0,89060.0,115220.0,,,2022,US,,15,Computer and Mathematical Occupations
99,U.S.,1,0,Cross-industry,cross-industry,1235,15-1232,Computer User Support Specialists,detailed,696830,0.7,,,,29.61,61580.0,0.5,17.59,21.79,27.83,35.44,45.63,36580.0,45330.0,57890.0,73720.0,94920.0,,,2022,US,,15,Computer and Mathematical Occupations
99,U.S.,1,0,Cross-industry,cross-industry,1235,15-1241,Computer Network Architects,detailed,173920,1.0,,,,62.25,129490.0,0.7,35.33,45.86,61.01,77.06,89.02,73490.0,95380.0,126900.0,160270.0,185170.0,,,2022,US,,15,Computer and Mathematical Occupations
99,U.S.,1,0,Cross-industry,cross-industry,1235,15-1242,Database Administrators,detailed,80520,1.1,,,,49.29,102530.0,0.6,25.49,33.72,48.03,62.37,73.98,53010.0,70140.0,99890.0,129730.0,153870.0,,,2022,US,,15,Computer and Mathematical Occupations
99,U.S.,1,0,Cross-industry,cross-industry,1235,15-1243,Database Architects,detailed,62470,6.1,,,,65.65,136540.0,2.4,36.05,49.93,64.84,80.94,94.88,74980.0,103840.0,134870.0,168360.0,197350.0,,,2022,US,,15,Computer and Mathematical Occupations
99,U.S.,1,0,Cross-industry,cross-industry,1235,15-1244,Network and Computer Systems Administrators,detailed,325930,0.7,,,,46.71,97160.0,0.6,27.05,33.71,43.52,55.32,67.52,56260.0,70120.0,90520.0,115070.0,140430.0,,,2022,US,,15,Computer and Mathematical Occupations
99,U.S.,1,0,Cross-industry,cross-industry,1235,15-1251,Computer Programmers,detailed,132740,2.8,,,,49.42,102790.0,1.4,26.11,34.84,47.02,59.64,75.81,54310.0,72460.0,97800.0,124060.0,157690.0,,,2022,US,,15,Computer and Mathematical Occupations
99,U.S.,1,0,Cross-industry,cross-industry,1235,15-1252,Software Developers,detailed,1534790,0.4,,,,63.91,132930.0,0.6,34.27,46.54,61.18,77.64,95.24,71280.0,96790.0,127260.0,161480.0,198100.0,,,2022,US,,15,Computer and Mathematical Occupations
99,U.S.,1,0,Cross-industry,cross-industry,1235,15-1253,Software Quality Assurance Analysts and Testers,detailed,196420,2.0,,,,50.84,105750.0,0.6,26.69,36.4,47.89,61.38,76.8,55510.0,75710.0,99620.0,127660.0,159740.0,,,2022,US,,15,Computer and Mathematical Occupations
99,U.S.,1,0,Cross-industry,cross-industry,1235,15-1254,Web Developers,detailed,88620,2.8,,,,42.11,87580.0,2.9,19.45,26.92,37.78,52.19,69.56,40460.0,55990.0,78580.0,108550.0,144690.0,,,2022,US,,15,Computer and Mathematical Occupations
99,U.S.,1,0,Cross-industry,cross-industry,1235,15-1255,Web and Digital Interface Designers,detailed,97350,3.7,,,,48.91,101740.0,2.4,20.72,27.23,40.02,59.65,79.9,43100.0,56640.0,83240.0,124070.0,166180.0,,,2022,US,,15,Computer and Mathematical Occupations
99,U.S.,1,0,Cross-industry,cross-industry,1235,15-1299,"Computer Occupations, All Other",detailed,416320,0.7,,,,50.32,104660.0,0.7,22.37,31.46,47.47,63.48,80.18,46540.0,65430.0,98740.0,132030.0,166780.0,,,2022,US,,15,Computer and Mathematical Occupations
99,U.S.,1,0,Cross-industry,cross-industry,1235,15-2011,Actuaries,detailed,25010,4.3,,,,61.34,127580.0,0.9,34.5,40.77,54.8,74.84,95.82,71760.0,84800.0,113990.0,155670.0,199300.0,,,2022,US,,15,Computer and Mathematical Occupations
99,U.S.,1,0,Cross-industry,cross-industry,1235,15-2021,Mathematicians,detailed,2070,3.7,,,,54.74,113860.0,1.0,27.73,39.48,53.9,67.34,82.47,57680.0,82110.0,112110.0,140070.0,171540.0,,,2022,US,,15,Computer and Mathematical Occupations
99,U.S.,1,0,Cross-industry,cross-industry,1235,15-2031,Operations Research Analysts,detailed,105080,1.5,,,,46.07,95820.0,0.8,24.25,30.8,41.21,54.8,71.94,50440.0,64060.0,85720.0,113980.0,149640.0,,,2022,US,,15,Computer and Mathematical Occupations
99,U.S.,1,0,Cross-industry,cross-industry,1235,15-2041,Statisticians,detailed,30780,1.9,,,,50.73,105510.0,1.0,27.93,36.71,47.56,62.05,77.55,58090.0,76360.0,98920.0,129060.0,161300.0,,,2022,US,,15,Computer and Mathematical Occupations
99,U.S.,1,0,Cross-industry,cross-industry,1235,15-2051,Data Scientists,detailed,159630,1.4,,,,55.4,115240.0,0.7,28.13,37.09,49.76,65.68,84.03,58510.0,77140.0,103500.0,136600.0,174790.0,,,2022,US,,15,Computer and Mathematical Occupations
99,U.S.,1,0,Cross-industry,cross-industry,1235,15-2099,"Mathematical Science Occupations, All Other",detailed,3840,6.7,,,,39.5,82160.0,1.4,18.51,24.39,34.47,46.93,69.85,38500.0,50730.0,71700.0,97610.0,145280.0,,,2022,US,,15,Computer and Mathematical Occupations
99,U.S.,1,0,Cross-industry,cross-industry,1235,17-1011,"Architects, Except Landscape and Naval",detailed,107490,1.4,,,,46.4,96510.0,1.2,24.67,31.36,39.83,50.57,65.58,51310.0,65220.0,82840.0,105190.0,136400.0,,,2022,US,,17,Architecture and Engineering Occupations
99,U.S.,1,0,Cross-industry,cross-industry,1235,17-1012,Landscape Architects,detailed,18120,4.6,,,,37.41,77820.0,1.1,20.61,26.38,35.2,45.61,58.49,42870.0,54870.0,73210.0,94860.0,121660.0,,,2022,US,,17,Architecture and Engineering Occupations
99,U.S.,1,0,Cross-industry,cross-industry,1235,17-1021,Cartographers and Photogrammetrists,detailed,13270,8.9,,,,36.2,75300.0,0.7,22.86,28.2,34.56,43.6,51.73,47550.0,58660.0,71890.0,90690.0,107600.0,,,2022,US,,17,Architecture and Engineering Occupations
99,U.S.,1,0,Cross-industry,cross-industry,1235,17-1022,Surveyors,detailed,47770,4.4,,,,34.16,71060.0,0.7,18.78,23.48,30.33,41.29,51.38,39060.0,48850.0,63080.0,85890.0,106880.0,,,2022,US,,17,Architecture and Engineering Occupations
99,U.S.,1,0,Cross-industry,cross-industry,1235,17-2011,Aerospace Engineers,detailed,61580,1.7,,,,61.1,127090.0,0.6,37.58,46.94,61.0,77.33,84.75,78170.0,97620.0,126880.0,160840.0,176280.0,,,2022,US,,17,Architecture and Engineering Occupations
99,U.S.,1,0,Cross-industry,cross-industry,1235,17-2021,Agricultural Engineers,detailed,1500,14.2,,,,43.61,90710.0,1.3,24.27,30.29,40.03,51.3,70.36,50480.0,63010.0,83260.0,106700.0,146350.0,,,2022,US,,17,Architecture and Engineering Occupations
99,U.S.,1,0,Cross-industry,cross-industry,1235,17-2031,Bioengineers and Biomedical Engineers,detailed,19210,4.6,,,,51.95,108060.0,1.5,30.49,37.74,47.86,62.13,76.51,63420.0,78500.0,99550.0,129230.0,159130.0,,,2022,US,,17,Architecture and Engineering Occupations
99,U.S.,1,0,Cross-industry,cross-industry,1235,17-2041,Chemical Engineers,detailed,20380,3.7,,,,56.64,117820.0,1.4,34.85,40.71,51.09,64.66,82.41,72490.0,84670.0,106260.0,134490.0,171400.0,,,2022,US,,17,Architecture and Engineering Occupations
99,U.S.,1,0,Cross-industry,cross-industry,1235,17-2051,Civil Engineers,detailed,307570,1.9,,,,46.82,97380.0,0.8,29.35,35.74,43.24,56.51,66.68,61040.0,74330.0,89940.0,117540.0,138690.0,,,2022,US,,17,Architecture and Engineering Occupations
99,U.S.,1,0,Cross-industry,cross-industry,1235,17-2061,Computer Hardware Engineers,detailed,74640,3.7,,,,67.71,140830.0,1.8,37.68,49.76,63.64,80.64,100.1,78380.0,103490.0,132360.0,167740.0,208200.0,,,2022,US,,17,Architecture and Engineering Occupations
99,U.S.,1,0,Cross-industry,cross-industry,1235,17-2071,Electrical Engineers,detailed,182210,1.0,,,,54.83,114050.0,0.9,31.48,38.73,49.67,63.89,80.27,65480.0,80550.0,103320.0,132880.0,166970.0,,,2022,US,,17,Architecture and Engineering Occupations
99,U.S.,1,0,Cross-industry,cross-industry,1235,17-2072,"Electronics Engineers, Except Computer",detailed,106640,1.7,,,,56.95,118460.0,0.9,36.0,41.44,52.0,66.28,82.42,74880.0,86190.0,108170.0,137870.0,171430.0,,,2022,US,,17,Architecture and Engineering Occupations
99,U.S.,1,0,Cross-industry,cross-industry,1235,17-2081,Environmental Engineers,detailed,45440,2.7,,,,48.88,101670.0,1.0,28.86,36.32,46.41,59.39,72.52,60020.0,75550.0,96530.0,123540.0,150840.0,,,2022,US,,17,Architecture and Engineering Occupations
99,U.S.,1,0,Cross-industry,cross-industry,1235,17-2111,"Health and Safety Engineers, Except Mining Safety Engineers and Inspectors",detailed,21520,4.1,,,,49.79,103570.0,0.6,28.41,37.9,48.4,61.44,73.34,59090.0,78830.0,100660.0,127780.0,152550.0,,,2022,US,,17,Architecture and Engineering Occupations
99,U.S.,1,0,Cross-industry,cross-industry,1235,17-2112,Industrial Engineers,detailed,321400,0.6,,,,47.39,98560.0,0.4,30.16,37.31,46.32,56.25,64.9,62730.0,77600.0,96350.0,117000.0,134990.0,,,2022,US,,17,Architecture and Engineering Occupations
99,U.S.,1,0,Cross-industry,cross-industry,1235,17-2121,Marine Engineers and Naval Architects,detailed,7450,7.5,,,,50.75,105560.0,3.7,31.9,39.1,46.59,57.48,72.24,66360.0,81320.0,96910.0,119550.0,150260.0,,,2022,US,,17,Architecture and Engineering Occupations
99,U.S.,1,0,Cross-industry,cross-industry,1235,17-2131,Materials Engineers,detailed,21510,2.2,,,,50.69,105420.0,1.5,29.18,37.78,48.15,62.63,78.03,60700.0,78580.0,100140.0,130260.0,162300.0,,,2022,US,,17,Architecture and Engineering Occupations
99,U.S.,1,0,Cross-industry,cross-industry,1235,17-2141,Mechanical Engineers,detailed,277560,0.8,,,,48.47,100820.0,0.7,29.8,37.01,46.31,58.98,72.72,61990.0,76980.0,96310.0,122680.0,151260.0,,,2022,US,,17,Architecture and Engineering Occupations
99,U.S.,1,0,Cross-industry,cross-industry,1235,17-2151,"Mining and Geological Engineers, Including Mining Safety Engineers",detailed,7390,5.7,,,,48.7,101290.0,1.1,26.66,35.7,46.87,58.65,76.22,55460.0,74250.0,97490.0,121990.0,158540.0,,,2022,US,,17,Architecture and Engineering Occupations
99,U.S.,1,0,Cross-industry,cross-industry,1235,17-2161,Nuclear Engineers,detailed,12250,2.2,,,,59.88,124540.0,1.7,38.19,47.27,58.89,66.26,81.53,79440.0,98320.0,122480.0,137810.0,169580.0,,,2022,US,,17,Architecture and Engineering Occupations
99,U.S.,1,0,Cross-industry,cross-industry,1235,17-2171,Petroleum Engineers,detailed,20540,4.3,,,,68.66,142800.0,1.5,37.0,48.6,63.37,81.36,105.79,76960.0,101080.0,131800.0,169230.0,220040.0,,,2022,US,,17,Architecture and Engineering Occupations
99,U.S.,1,0,Cross-industry,cross-industry,1235,17-2199,"Engineers, All Other",detailed,150420,1.1,,,,53.5,111280.0,0.5,28.55,38.3,50.29,65.05,80.92,59380.0,79670.0,104600.0,135310.0,168320.0,,,2022,US,,17,Architecture and Engineering Occupations
99,U.S.,1,0,Cross-industry,cross-industry,1235,17-3011,Architectural and Civil Drafters,detailed,105960,2.2,,,,29.64,61660.0,0.7,18.16,22.88,28.76,35.79,41.44,37770.0,47580.0,59820.0,74440.0,86180.0,,,2022,US,,17,Architecture and Engineering Occupations
99,U.S.,1,0,Cross-industry,cross-industry,1235,17-3012,Electrical and Electronics Drafters,detailed,20930,3.9,,,,33.0,68640.0,1.0,20.8,24.02,30.89,38.93,47.8,43270.0,49960.0,64240.0,80980.0,99420.0,,,2022,US,,17,Architecture and Engineering Occupations
99,U.S.,1,0,Cross-industry,cross-industry,1235,17-3013,Mechanical Drafters,detailed,47540,1.5,,,,31.59,65700.0,0.7,18.76,23.27,29.48,37.47,47.63,39030.0,48400.0,61310.0,77930.0,99070.0,,,2022,US,,17,Architecture and Engineering Occupations
99,U.S.,1,0,Cross-industry,cross-industry,1235,17-3019,"Drafters, All Other",detailed,17980,3.5,,,,29.02,60370.0,0.8,18.27,22.3,27.71,34.54,41.47,38000.0,46390.0,57640.0,71850.0,86250.0,,,2022,US,,17,Architecture and Engineering Occupations
99,U.S.,1,0,Cross-industry,cross-industry,1235,17-3021,Aerospace Engineering and Operations Technologists and Technicians,detailed,9750,5.4,,,,37.05,77060.0,1.9,23.06,27.69,35.78,46.23,52.7,47950.0,57580.0,74410.0,96150.0,109610.0,,,2022,US,,17,Architecture and Engineering Occupations
99,U.S.,1,0,Cross-industry,cross-industry,1235,17-3022,Civil Engineering Technologists and Technicians,detailed,62350,2.1,,,,29.56,61480.0,1.2,17.99,22.26,28.67,35.86,41.22,37430.0,46300.0,59630.0,74590.0,85740.0,,,2022,US,,17,Architecture and Engineering Occupations
99,U.S.,1,0,Cross-industry,cross-industry,1235,17-3023,Electrical and Electronic Engineering Technologists and Technicians,detailed,99050,1.1,,,,34.04,70810.0,0.4,21.12,25.19,31.92,39.37,48.79,43930.0,52400.0,66390.0,81890.0,101480.0,,,2022,US,,17,Architecture and Engineering Occupations
99,U.S.,1,0,Cross-industry,cross-industry,1235,17-3024,Electro-Mechanical and Mechatronics Technologists and Technicians,detailed,14540,4.6,,,,31.69,65920.0,1.1,19.37,23.34,29.12,37.62,47.78,40300.0,48550.0,60570.0,78250.0,99390.0,,,2022,US,,17,Architecture and Engineering Occupations
99,U.S.,1,0,Cross-industry,cross-industry,1235,17-3025,Environmental Engineering Technologists and Technicians,detailed,13400,4.2,,,,27.9,58020.0,1.8,17.22,20.29,24.51,32.0,40.59,35810.0,42190.0,50980.0,66550.0,84430.0,,,2022,US,,17,Architecture and Engineering Occupations
99,U.S.,1,0,Cross-industry,cross-industry,1235,17-3026,Industrial Engineering Technologists and Technicians,detailed,66560,1.3,,,,30.52,63470.0,0.5,19.57,23.44,29.43,36.3,43.47,40710.0,48750.0,61210.0,75510.0,90430.0,,,2022,US,,17,Architecture and Engineering Occupations
99,U.S.,1,0,Cross-industry,cross-industry,1235,17-3027,Mechanical Engineering Technologists and Technicians,detailed,39610,1.8,,,,31.02,64530.0,0.6,19.18,23.59,29.8,37.17,45.54,39890.0,49060.0,61990.0,77310.0,94720.0,,,2022,US,,17,Architecture and Engineering Occupations
99,U.S.,1,0,Cross-industry,cross-industry,1235,17-3028,Calibration Technologists and Technicians,detailed,10790,4.9,,,,32.31,67200.0,1.2,19.12,23.52,29.83,38.48,47.74,39760.0,48930.0,62050.0,80030.0,99300.0,,,2022,US,,17,Architecture and Engineering Occupations
99,U.S.,1,0,Cross-industry,cross-industry,1235,17-3029,"Engineering Technologists and Technicians, Except Drafters, All Other",detailed,70250,1.9,,,,33.92,70550.0,0.7,18.54,23.63,31.5,41.31,50.54,38570.0,49140.0,65520.0,85930.0,105120.0,,,2022,US,,17,Architecture and Engineering Occupations
99,U.S.,1,0,Cross-industry,cross-industry,1235,17-3031,Surveying and Mapping Technicians,detailed,56580,2.7,,,,24.79,51570.0,0.7,15.31,18.14,22.68,29.36,37.17,31840.0,37720.0,47180.0,61070.0,77310.0,,,2022,US,,17,Architecture and Engineering Occupations
99,U.S.,1,0,Cross-industry,cross-industry,1235,19-1011,Animal Scientists,detailed,2520,8.2,,,,41.28,85870.0,3.9,22.07,26.33,33.36,48.61,70.09,45910.0,54770.0,69390.0,101100.0,145780.0,,,2022,US,,19,"Life, Physical, and Social Science Occupations"
99,U.S.,1,0,Cross-industry,cross-industry,1235,19-1012,Food Scientists and Technologists,detailed,14720,4.2,,,,41.22,85730.0,1.0,23.03,29.89,38.39,49.43,63.57,47900.0,62160.0,79860.0,102810.0,132230.0,,,2022,US,,19,"Life, Physical, and Social Science Occupations"
99,U.S.,1,0,Cross-industry,cross-industry,1235,19-1013,Soil and Plant Scientists,detailed,16010,5.6,,,,36.73,76410.0,11.9,18.52,24.15,31.6,45.33,59.36,38520.0,50220.0,65730.0,94290.0,123480.0,,,2022,US,,19,"Life, Physical, and Social Science Occupations"
99,U.S.,1,0,Cross-industry,cross-industry,1235,19-1021,Biochemists and Biophysicists,detailed,32500,5.4,,,,55.16,114740.0,1.6,29.59,37.84,49.91,64.02,82.22,61540.0,78700.0,103810.0,133150.0,171010.0,,,2022,US,,19,"Life, Physical, and Social Science Occupations"
99,U.S.,1,0,Cross-industry,cross-industry,1235,19-1022,Microbiologists,detailed,19710,3.3,,,,42.77,88950.0,1.1,22.24,28.42,39.42,51.98,65.69,46270.0,59110.0,81990.0,108120.0,136630.0,,,2022,US,,19,"Life, Physical, and Social Science Occupations"
99,U.S.,1,0,Cross-industry,cross-industry,1235,19-1023,Zoologists and Wildlife Biologists,detailed,17410,2.7,,,,34.91,72610.0,0.9,21.45,25.46,32.42,39.94,50.36,44610.0,52960.0,67430.0,83070.0,104750.0,,,2022,US,,19,"Life, Physical, and Social Science Occupations"
99,U.S.,1,0,Cross-industry,cross-industry,1235,19-1029,"Biological Scientists, All Other",detailed,55300,2.6,,,,46.11,95920.0,0.9,24.39,30.73,41.97,55.13,74.79,50730.0,63920.0,87300.0,114670.0,155570.0,,,2022,US,,19,"Life, Physical, and Social Science Occupations"
99,U.S.,1,0,Cross-industry,cross-industry,1235,19-1031,Conservation Scientists,detailed,22880,1.3,,,,33.56,69810.0,0.6,19.88,24.15,30.99,39.79,49.36,41360.0,50230.0,64460.0,82750.0,102670.0,,,2022,US,,19,"Life, Physical, and Social Science Occupations"
99,U.S.,1,0,Cross-industry,cross-industry,1235,19-1032,Foresters,detailed,9430,4.6,,,,32.74,68090.0,1.4,21.76,24.86,30.87,38.3,46.86,45260.0,51710.0,64220.0,79660.0,97460.0,,,2022,US,,19,"Life, Physical, and Social Science Occupations"
99,U.S.,1,0,Cross-industry,cross-industry,1235,19-1041,Epidemiologists,detailed,9430,1.6,,,,41.29,85880.0,0.6,24.6,29.96,37.75,48.53,59.34,51170.0,62320.0,78520.0,100940.0,123430.0,,,2022,US,,19,"Life, Physical, and Social Science Occupations"
99,U.S.,1,0,Cross-industry,cross-industry,1235,19-1042,"Medical Scientists, Except Epidemiologists",detailed,110550,1.6,,,,53.21,110670.0,1.3,27.98,32.11,48.04,63.88,81.85,58190.0,66780.0,99930.0,132870.0,170260.0,,,2022,US,,19,"Life, Physical, and Social Science Occupations"
99,U.S.,1,0,Cross-industry,cross-industry,1235,19-1099,"Life Scientists, All Other",detailed,8320,4.4,,,,48.26,100370.0,1.9,22.94,29.91,40.35,59.87,81.32,47710.0,62210.0,83930.0,124530.0,169150.0,,,2022,US,,19,"Life, Physical, and Social Science Occupations"
99,U.S.,1,0,Cross-industry,cross-industry,1235,19-2011,Astronomers,detailed,2160,10.1,,,,61.28,127460.0,4.3,30.47,40.37,61.7,79.82,87.27,63390.0,83980.0,128330.0,166020.0,181510.0,,,2022,US,,19,"Life, Physical, and Social Science Occupations"
99,U.S.,1,0,Cross-industry,cross-industry,1235,19-2012,Physicists,detailed,18840,2.7,,,,72.18,150130.0,1.2,35.94,51.95,68.68,84.75,105.65,74760.0,108050.0,142850.0,176280.0,219760.0,,,2022,US,,19,"Life, Physical, and Social Science Occupations"
99,U.S.,1,0,Cross-industry,cross-industry,1235,19-2021,Atmospheric and Space Scientists,detailed,9900,3.5,,,,45.01,93610.0,1.1,24.28,31.83,40.28,55.48,68.04,50490.0,66210.0,83780.0,115400.0,141520.0,,,2022,US,,19,"Life, Physical, and Social Science Occupations"
99,U.S.,1,0,Cross-industry,cross-industry,1235,19-2031,Chemists,detailed,83940,1.5,,,,43.53,90530.0,0.7,23.58,29.79,38.78,52.53,66.92,49050.0,61960.0,80670.0,109270.0,139200.0,,,2022,US,,19,"Life, Physical, and Social Science Occupations"
99,U.S.,1,0,Cross-industry,cross-industry,1235,19-2032,Materials Scientists,detailed,7620,6.5,,,,53.22,110690.0,1.4,29.68,38.89,50.18,65.03,79.73,61730.0,80900.0,104380.0,135250.0,165840.0,,,2022,US,,19,"Life, Physical, and Social Science Occupations"
99,U.S.,1,0,Cross-industry,cross-industry,1235,19-2041,"Environmental Scientists and Specialists, Including Health",detailed,77270,1.8,,,,40.3,83820.0,1.1,22.56,28.39,36.77,48.4,62.87,46920.0,59060.0,76480.0,100670.0,130770.0,,,2022,US,,19,"Life, Physical, and Social Science Occupations"
99,U.S.,1,0,Cross-industry,cross-industry,1235,19-2042,"Geoscientists, Except Hydrologists and Geographers",detailed,25230,2.8,,,,50.27,104560.0,1.3,23.63,30.18,42.06,63.28,83.47,49150.0,62770.0,87480.0,131610.0,173620.0,,,2022,US,,19,"Life, Physical, and Social Science Occupations"
99,U.S.,1,0,Cross-industry,cross-industry,1235,19-2043,Hydrologists,detailed,6270,4.5,,,,46.3,96300.0,2.1,26.24,32.01,41.34,53.31,72.35,54590.0,66580.0,85990.0,110880.0,150490.0,,,2022,US,,19,"Life, Physical, and Social Science Occupations"
99,U.S.,1,0,Cross-industry,cross-industry,1235,19-2099,"Physical Scientists, All Other",detailed,19820,2.2,,,,55.88,116230.0,1.4,27.17,38.72,51.91,68.92,84.75,56520.0,80530.0,107970.0,143350.0,176280.0,,,2022,US,,19,"Life, Physical, and Social Science Occupations"
99,U.S.,1,0,Cross-industry,cross-industry,1235,19-3011,Economists,detailed,16370,5.3,,,,61.63,128180.0,2.8,30.04,39.33,54.78,75.45,99.63,62480.0,81810.0,113940.0,156940.0,207230.0,,,2022,US,,19,"Life, Physical, and Social Science Occupations"
99,U.S.,1,0,Cross-industry,cross-industry,1235,19-3022,Survey Researchers,detailed,7880,5.1,,,,31.94,66440.0,3.0,14.79,21.22,29.04,38.76,50.43,30770.0,44150.0,60410.0,80620.0,104890.0,,,2022,US,,19,"Life, Physical, and Social Science Occupations"
99,U.S.,1,0,Cross-industry,cross-industry,1235,19-3032,Industrial-Organizational Psychologists,detailed,1280,12.5,,,,69.52,144610.0,3.7,34.85,41.34,66.96,100.78,100.98,72490.0,85990.0,139280.0,209630.0,210030.0,,,2022,US,,19,"Life, Physical, and Social Science Occupations"
99,U.S.,1,0,Cross-industry,cross-industry,1235,19-3033,Clinical and Counseling Psychologists,detailed,62880,3.1,,,,49.4,102740.0,1.8,20.56,29.84,43.33,60.69,81.15,42760.0,62070.0,90130.0,126240.0,168790.0,,,2022,US,,19,"Life, Physical, and Social Science Occupations"
99,U.S.,1,0,Cross-industry,cross-industry,1235,19-3034,School Psychologists,detailed,60250,1.5,,,,42.09,87550.0,0.8,25.5,31.19,39.18,49.95,61.92,53040.0,64880.0,81500.0,103890.0,128800.0,,,2022,US,,19,"Life, Physical, and Social Science Occupations"
99,U.S.,1,0,Cross-industry,cross-industry,1235,19-3039,"Psychologists, All Other",detailed,13900,2.0,,,,47.87,99560.0,1.1,19.23,32.89,51.16,59.63,66.76,40000.0,68410.0,106420.0,124020.0,138860.0,,,2022,US,,19,"Life, Physical, and Social Science Occupations"
99,U.S.,1,0,Cross-industry,cross-industry,1235,19-3041,Sociologists,detailed,2980,8.9,,,,48.71,101310.0,2.9,27.64,34.46,47.4,61.02,79.83,57490.0,71680.0,98590.0,126920.0,166040.0,,,2022,US,,19,"Life, Physical, and Social Science Occupations"
99,U.S.,1,0,Cross-industry,cross-industry,1235,19-3051,Urban and Regional Planners,detailed,39880,1.5,,,,39.63,82420.0,0.8,24.02,29.87,38.24,48.32,58.39,49960.0,62130.0,79540.0,100500.0,121460.0,,,2022,US,,19,"Life, Physical, and Social Science Occupations"
99,U.S.,1,0,Cross-industry,cross-industry,1235,19-3091,Anthropologists and Archeologists,detailed,7350,9.4,,,,32.84,68310.0,1.4,19.36,24.05,30.74,39.0,48.35,40260.0,50020.0,63940.0,81120.0,100560.0,,,2022,US,,19,"Life, Physical, and Social Science Occupations"
99,U.S.,1,0,Cross-industry,cross-industry,1235,19-3092,Geographers,detailed,1360,1.5,,,,42.77,88960.0,0.5,27.61,32.42,42.74,50.66,58.2,57430.0,67430.0,88900.0,105360.0,121060.0,,,2022,US,,19,"Life, Physical, and Social Science Occupations"
99,U.S.,1,0,Cross-industry,cross-industry,1235,19-3093,Historians,detailed,3120,3.5,,,,35.05,72900.0,1.3,17.92,22.74,31.03,44.88,59.26,37280.0,47290.0,64540.0,93340.0,123260.0,,,2022,US,,19,"Life, Physical, and Social Science Occupations"
99,U.S.,1,0,Cross-industry,cross-industry,1235,19-3094,Political Scientists,detailed,5660,9.1,,,,60.64,126140.0,2.6,31.35,43.18,61.55,78.52,84.75,65200.0,89810.0,128020.0,163320.0,176280.0,,,2022,US,,19,"Life, Physical, and Social Science Occupations"
99,U.S.,1,0,Cross-industry,cross-industry,1235,19-3099,"Social Scientists and Related Workers, All Other",detailed,33210,1.1,,,,45.46,94560.0,0.5,26.98,34.13,42.74,54.7,65.87,56120.0,70990.0,88900.0,113780.0,137020.0,,,2022,US,,19,"Life, Physical, and Social Science Occupations"
99,U.S.,1,0,Cross-industry,cross-industry,1235,19-4012,Agricultural Technicians,detailed,13140,5.9,,,,21.94,45640.0,1.2,14.38,16.6,20.08,24.74,30.64,29900.0,34520.0,41760.0,51450.0,63720.0,,,2022,US,,19,"Life, Physical, and Social Science Occupations"
99,U.S.,1,0,Cross-industry,cross-industry,1235,19-4013,Food Science Technicians,detailed,14350,3.7,,,,24.68,51320.0,1.1,17.33,18.82,23.01,28.94,34.31,36050.0,39140.0,47860.0,60180.0,71370.0,,,2022,US,,19,"Life, Physical, and Social Science Occupations"
99,U.S.,1,0,Cross-industry,cross-industry,1235,19-4021,Biological Technicians,detailed,73710,1.8,,,,25.75,53560.0,0.7,16.1,18.77,23.87,30.32,38.03,33480.0,39040.0,49650.0,63060.0,79110.0,,,2022,US,,19,"Life, Physical, and Social Science Occupations"
99,U.S.,1,0,Cross-industry,cross-industry,1235,19-4031,Chemical Technicians,detailed,56030,1.6,,,,27.01,56180.0,0.7,17.2,19.92,24.44,30.95,39.24,35770.0,41430.0,50840.0,64370.0,81610.0,,,2022,US,,19,"Life, Physical, and Social Science Occupations"
99,U.S.,1,0,Cross-industry,cross-industry,1235,19-4042,"Environmental Science and Protection Technicians, Including Health",detailed,33920,2.4,,,,25.95,53970.0,0.8,15.47,18.64,23.26,30.24,39.76,32180.0,38780.0,48380.0,62900.0,82690.0,,,2022,US,,19,"Life, Physical, and Social Science Occupations"
99,U.S.,1,0,Cross-industry,cross-industry,1235,19-4043,"Geological Technicians, Except Hydrologic Technicians",detailed,9170,7.7,,,,29.24,60810.0,3.5,16.7,18.78,23.31,33.05,49.13,34740.0,39060.0,48490.0,68750.0,102190.0,,,2022,US,,19,"Life, Physical, and Social Science Occupations"
99,U.S.,1,0,Cross-industry,cross-industry,1235,19-4044,Hydrologic Technicians,detailed,2920,6.6,,,,32.04,66640.0,2.7,17.73,21.5,28.06,38.19,52.4,36880.0,44720.0,58360.0,79440.0,108990.0,,,2022,US,,19,"Life, Physical, and Social Science Occupations"
99,U.S.,1,0,Cross-industry,cross-industry,1235,19-4051,Nuclear Technicians,detailed,5880,3.1,,,,46.65,97040.0,0.9,30.53,37.7,48.28,51.67,60.6,63500.0,78410.0,100420.0,107470.0,126050.0,,,2022,US,,19,"Life, Physical, and Social Science Occupations"
99,U.S.,1,0,Cross-industry,cross-industry,1235,19-4061,Social Science Research Assistants,detailed,28720,1.6,,,,27.77,57760.0,1.0,16.28,20.18,24.26,30.82,39.59,33860.0,41980.0,50470.0,64100.0,82350.0,,,2022,US,,19,"Life, Physical, and Social Science Occupations"
99,U.S.,1,0,Cross-industry,cross-industry,1235,19-4071,Forest and Conservation Technicians,detailed,29120,1.1,,,,21.64,45000.0,0.3,15.65,17.0,19.96,25.4,30.0,32550.0,35360.0,41520.0,52830.0,62400.0,,,2022,US,,19,"Life, Physical, and Social Science Occupations"
99,U.S.,1,0,Cross-industry,cross-industry,1235,19-4092,Forensic Science Technicians,detailed,17590,2.2,,,,33.3,69260.0,0.6,19.09,23.71,30.64,39.5,50.16,39710.0,49320.0,63740.0,82160.0,104330.0,,,2022,US,,19,"Life, Physical, and Social Science Occupations"
99,U.S.,1,0,Cross-industry,cross-industry,1235,19-4099,"Life, Physical, and Social Science Technicians, All Other",detailed,70770,2.0,,,,27.78,57790.0,1.1,15.99,18.93,24.18,31.61,43.63,33270.0,39360.0,50290.0,65740.0,90760.0,,,2022,US,,19,"Life, Physical, and Social Science Occupations"
99,U.S.,1,0,Cross-industry,cross-industry,1235,19-5011,Occupational Health and Safety Specialists,detailed,109430,1.0,,,,39.47,82110.0,1.0,22.67,29.0,37.77,47.63,58.42,47160.0,60320.0,78570.0,99070.0,121510.0,,,2022,US,,19,"Life, Physical, and Social Science Occupations"
99,U.S.,1,0,Cross-industry,cross-industry,1235,19-5012,Occupational Health and Safety Technicians,detailed,23670,2.1,,,,30.4,63230.0,1.0,17.39,22.53,27.87,36.3,45.59,36180.0,46860.0,57970.0,75510.0,94830.0,,,2022,US,,19,"Life, Physical, and Social Science Occupations"
99,U.S.,1,0,Cross-industry,cross-industry,1235,21-1012,"Educational, Guidance, and Career Counselors and Advisors",detailed,308000,0.7,,,,30.87,64200.0,0.7,18.4,22.78,28.92,36.82,47.37,38280.0,47380.0,60140.0,76590.0,98530.0,,,2022,US,,21,Community and Social Service Occupations
99,U.S.,1,0,Cross-industry,cross-industry,1235,21-1013,Marriage and Family Therapists,detailed,62080,4.6,,,,30.44,63300.0,1.8,17.71,21.5,27.2,36.16,47.45,36840.0,44730.0,56570.0,75220.0,98700.0,,,2022,US,,21,Community and Social Service Occupations
99,U.S.,1,0,Cross-industry,cross-industry,1235,21-1015,Rehabilitation Counselors,detailed,82420,2.1,,,,22.13,46020.0,0.9,14.0,16.24,19.23,25.71,34.26,29120.0,33790.0,39990.0,53470.0,71270.0,,,2022,US,,21,Community and Social Service Occupations
99,U.S.,1,0,Cross-industry,cross-industry,1235,21-1018,"Substance Abuse, Behavioral Disorder, and Mental Health Counselors",detailed,344970,0.8,,,,27.03,56230.0,0.8,16.63,19.14,23.9,30.96,39.77,34580.0,39810.0,49710.0,64400.0,82710.0,,,2022,US,,21,Community and Social Service Occupations
99,U.S.,1,0,Cross-industry,cross-industry,1235,21-1019,"Counselors, All Other",detailed,37270,3.8,,,,23.93,49770.0,1.5,15.35,17.66,20.86,25.37,36.22,31930.0,36730.0,43390.0,52770.0,75340.0,,,2022,US,,21,Community and Social Service Occupations
99,U.S.,1,0,Cross-industry,cross-industry,1235,21-1021,"Child, Family, and School Social Workers",detailed,344770,0.6,,,,27.25,56680.0,0.6,17.49,20.22,24.43,31.37,39.39,36380.0,42060.0,50820.0,65250.0,81920.0,,,2022,US,,21,Community and Social Service Occupations
99,U.S.,1,0,Cross-industry,cross-industry,1235,21-1022,Healthcare Social Workers,detailed,182420,0.8,,,,30.17,62760.0,0.5,18.52,22.84,28.98,36.25,42.23,38520.0,47510.0,60280.0,75390.0,87830.0,,,2022,US,,21,Community and Social Service Occupations
99,U.S.,1,0,Cross-industry,cross-industry,1235,21-1023,Mental Health and Substance Abuse Social Workers,detailed,107940,1.4,,,,28.91,60130.0,0.8,16.65,19.1,24.63,35.12,46.95,34630.0,39730.0,51240.0,73050.0,97660.0,,,2022,US,,21,Community and Social Service Occupations
99,U.S.,1,0,Cross-industry,cross-industry,1235,21-1029,"Social Workers, All Other",detailed,54620,2.2,,,,30.94,64360.0,0.5,18.03,22.28,29.53,39.26,45.94,37500.0,46340.0,61420.0,81660.0,95560.0,,,2022,US,,21,Community and Social Service Occupations
99,U.S.,1,0,Cross-industry,cross-industry,1235,21-1091,Health Education Specialists,detailed,56190,1.5,,,,32.07,66710.0,0.7,17.86,21.87,28.84,39.23,51.06,37140.0,45490.0,59990.0,81610.0,106210.0,,,2022,US,,21,Community and Social Service Occupations
99,U.S.,1,0,Cross-industry,cross-industry,1235,21-1092,Probation Officers and Correctional Treatment Specialists,detailed,89920,0.5,,,,31.21,64920.0,0.4,18.54,22.19,28.78,37.89,48.6,38550.0,46140.0,59860.0,78810.0,101080.0,,,2022,US,,21,Community and Social Service Occupations
99,U.S.,1,0,Cross-industry,cross-industry,1235,21-1093,Social and Human Service Assistants,detailed,399560,0.9,,,,20.0,41600.0,0.6,13.76,15.79,18.52,22.66,28.26,28610.0,32850.0,38520.0,47130.0,58770.0,,,2022,US,,21,Community and Social Service Occupations
99,U.S.,1,0,Cross-industry,cross-industry,1235,21-1094,Community Health Workers,detailed,61300,2.5,,,,23.99,49900.0,0.7,15.47,18.27,22.21,28.47,35.45,32180.0,38010.0,46190.0,59220.0,73730.0,,,2022,US,,21,Community and Social Service Occupations
99,U.S.,1,0,Cross-industry,cross-industry,1235,21-1099,"Community and Social Service Specialists, All Other",detailed,94270,1.6,,,,24.82,51620.0,0.7,14.86,17.88,22.74,28.97,37.51,30900.0,37190.0,47290.0,60260.0,78030.0,,,2022,US,,21,Community and Social Service Occupations
99,U.S.,1,0,Cross-industry,cross-industry,1235,21-2011,Clergy,detailed,53140,1.5,,,,28.93,60180.0,0.8,14.99,19.73,26.71,32.78,44.96,31170.0,41040.0,55550.0,68180.0,93530.0,,,2022,US,,21,Community and Social Service Occupations
99,U.S.,1,0,Cross-industry,cross-industry,1235,21-2021,"Directors, Religious Activities and Education",detailed,24030,4.0,,,,29.11,60540.0,2.5,14.49,18.3,23.74,34.76,48.87,30150.0,38060.0,49380.0,72290.0,101650.0,,,2022,US,,21,Community and Social Service Occupations
99,U.S.,1,0,Cross-industry,cross-industry,1235,21-2099,"Religious Workers, All Other",detailed,10720,5.2,,,,21.84,45420.0,2.1,12.92,14.8,18.93,26.06,34.91,26880.0,30790.0,39370.0,54200.0,72600.0,,,2022,US,,21,Community and Social Service Occupations
99,U.S.,1,0,Cross-industry,cross-industry,1235,23-1011,Lawyers,detailed,707160,1.0,,,,78.74,163770.0,1.8,31.96,45.4,65.26,100.47,,66470.0,94440.0,135740.0,208980.0,,,,2022,US,,23,Legal Occupations
99,U.S.,1,0,Cross-industry,cross-industry,1235,23-1012,Judicial Law Clerks,detailed,15540,0.9,,,,31.88,66310.0,1.4,18.68,21.54,27.64,36.83,51.29,38850.0,44800.0,57490.0,76600.0,106670.0,,,2022,US,,23,Legal Occupations
99,U.S.,1,0,Cross-industry,cross-industry,1235,23-1021,"Administrative Law Judges, Adjudicators, and Hearing Officers",detailed,12490,0.4,,,,46.75,97250.0,0.8,22.15,31.37,45.67,59.12,72.82,46070.0,65250.0,94990.0,122970.0,151470.0,,,2022,US,,23,Legal Occupations
99,U.S.,1,0,Cross-industry,cross-industry,1235,23-1022,"Arbitrators, Mediators, and Conciliators",detailed,7780,13.6,,,,47.56,98920.0,23.2,16.34,23.14,30.78,47.44,93.57,33980.0,48130.0,64030.0,98680.0,194630.0,,,2022,US,,23,Legal Occupations
99,U.S.,1,0,Cross-industry,cross-industry,1235,23-1023,"Judges, Magistrate Judges, and Magistrates",detailed,28230,0.5,,,,73.9,153700.0,1.1,22.34,41.45,72.61,88.38,109.55,46470.0,86210.0,151030.0,183820.0,227850.0,,,2022,US,,23,Legal Occupations
99,U.S.,1,0,Cross-industry,cross-industry,1235,23-2011,Paralegals and Legal Assistants,detailed,345240,1.8,,,,30.21,62840.0,2.1,18.12,22.52,28.46,36.33,45.66,37690.0,46850.0,59200.0,75560.0,94960.0,,,2022,US,,23,Legal Occupations
99,U.S.,1,0,Cross-industry,cross-industry,1235,23-2093,"Title Examiners, Abstractors, and Searchers",detailed,53680,3.8,,,,27.42,57030.0,1.7,16.38,19.25,24.28,31.58,40.38,34060.0,40040.0,50490.0,65690.0,83990.0,,,2022,US,,23,Legal Occupations
99,U.S.,1,0,Cross-industry,cross-industry,1235,23-2099,"Legal Support Workers, All Other",detailed,46480,2.0,,,,37.11,77200.0,1.8,18.73,22.6,29.97,46.95,71.59,38950.0,47000.0,62340.0,97660.0,148910.0,,,2022,US,,23,Legal Occupations
99,U.S.,1,0,Cross-industry,cross-industry,1235,25-1011,"Business Teachers, Postsecondary",detailed,78410,0.4,,,,,108060.0,0.7,,,,,,48100.0,62340.0,88790.0,133750.0,206630.0,True,,2022,US,,25,Educational Instruction and Library Occupations
99,U.S.,1,0,Cross-industry,cross-industry,1235,25-1021,"Computer Science Teachers, Postsecondary",detailed,33870,0.6,,,,,98610.0,0.7,,,,,,48620.0,63170.0,84760.0,125790.0,165880.0,True,,2022,US,,25,Educational Instruction and Library Occupations
99,U.S.,1,0,Cross-industry,cross-industry,1235,25-1022,"Mathematical Science Teachers, Postsecondary",detailed,46560,0.4,,,,,90110.0,0.6,,,,,,47740.0,59900.0,77420.0,103960.0,159730.0,True,,2022,US,,25,Educational Instruction and Library Occupations
99,U.S.,1,0,Cross-industry,cross-industry,1235,25-1031,"Architecture Teachers, Postsecondary",detailed,6420,1.1,,,,,104370.0,0.7,,,,,,48900.0,66270.0,93220.0,128980.0,171740.0,True,,2022,US,,25,Educational Instruction and Library Occupations
99,U.S.,1,0,Cross-industry,cross-industry,1235,25-1032,"Engineering Teachers, Postsecondary",detailed,36010,0.5,,,,,114470.0,0.6,,,,,,56860.0,78570.0,103550.0,136530.0,178740.0,True,,2022,US,,25,Educational Instruction and Library Occupations
99,U.S.,1,0,Cross-industry,cross-industry,1235,25-1041,"Agricultural Sciences Teachers, Postsecondary",detailed,8240,2.1,,,,,96650.0,0.8,,,,,,48130.0,65020.0,85860.0,118620.0,150550.0,True,,2022,US,,25,Educational Instruction and Library Occupations
99,U.S.,1,0,Cross-industry,cross-industry,1235,25-1042,"Biological Science Teachers, Postsecondary",detailed,49920,0.3,,,,,97800.0,0.5,,,,,,49800.0,62220.0,81650.0,121530.0,166750.0,True,,2022,US,,25,Educational Instruction and Library Occupations
99,U.S.,1,0,Cross-industry,cross-industry,1235,25-1043,"Forestry and Conservation Science Teachers, Postsecondary",detailed,1270,3.2,,,,,98160.0,1.1,,,,,,51840.0,76550.0,96500.0,115980.0,138310.0,True,,2022,US,,25,Educational Instruction and Library Occupations
99,U.S.,1,0,Cross-industry,cross-industry,1235,25-1051,"Atmospheric, Earth, Marine, and Space Sciences Teachers, Postsecondary",detailed,11150,0.6,,,,,107540.0,0.7,,,,,,50590.0,64200.0,97770.0,131650.0,178740.0,True,,2022,US,,25,Educational Instruction and Library Occupations
99,U.S.,1,0,Cross-industry,cross-industry,1235,25-1052,"Chemistry Teachers, Postsecondary",detailed,20650,0.3,,,,,95250.0,0.6,,,,,,50130.0,62770.0,80720.0,108000.0,163180.0,True,,2022,US,,25,Educational Instruction and Library Occupations
99,U.S.,1,0,Cross-industry,cross-industry,1235,25-1053,"Environmental Science Teachers, Postsecondary",detailed,6240,0.6,,,,,91450.0,0.6,,,,,,47330.0,61680.0,83040.0,106720.0,141190.0,True,,2022,US,,25,Educational Instruction and Library Occupations
99,U.S.,1,0,Cross-industry,cross-industry,1235,25-1054,"Physics Teachers, Postsecondary",detailed,12860,0.4,,,,,100810.0,0.5,,,,,,50820.0,63450.0,86550.0,125950.0,166570.0,True,,2022,US,,25,Educational Instruction and Library Occupations
99,U.S.,1,0,Cross-industry,cross-industry,1235,25-1061,"Anthropology and Archeology Teachers, Postsecondary",detailed,4930,0.3,,,,,98940.0,0.6,,,,,,50920.0,64400.0,85000.0,119590.0,167180.0,True,,2022,US,,25,Educational Instruction and Library Occupations
99,U.S.,1,0,Cross-industry,cross-industry,1235,25-1062,"Area, Ethnic, and Cultural Studies Teachers, Postsecondary",detailed,9340,0.5,,,,,92980.0,0.6,,,,,,48280.0,62360.0,80910.0,104720.0,162440.0,True,,2022,US,,25,Educational Instruction and Library Occupations
99,U.S.,1,0,Cross-industry,cross-industry,1235,25-1063,"Economics Teachers, Postsecondary",detailed,11640,0.6,,,,,122750.0,0.6,,,,,,51480.0,76580.0,103930.0,144980.0,213680.0,True,,2022,US,,25,Educational Instruction and Library Occupations
99,U.S.,1,0,Cross-industry,cross-industry,1235,25-1064,"Geography Teachers, Postsecondary",detailed,3340,0.6,,,,,87880.0,0.6,,,,,,49920.0,63600.0,81920.0,102950.0,133030.0,True,,2022,US,,25,Educational Instruction and Library Occupations
99,U.S.,1,0,Cross-industry,cross-industry,1235,25-1065,"Political Science Teachers, Postsecondary",detailed,15190,0.7,,,,,98420.0,0.5,,,,,,49300.0,62820.0,83770.0,122090.0,164370.0,True,,2022,US,,25,Educational Instruction and Library Occupations
99,U.S.,1,0,Cross-industry,cross-industry,1235,25-1066,"Psychology Teachers, Postsecondary",detailed,40050,1.6,,,,,88470.0,0.7,,,,,,47270.0,61010.0,78810.0,102710.0,136680.0,True,,2022,US,,25,Educational Instruction and Library Occupations
99,U.S.,1,0,Cross-industry,cross-industry,1235,25-1067,"Sociology Teachers, Postsecondary",detailed,12030,0.7,,,,,90200.0,0.7,,,,,,47990.0,61320.0,78970.0,103340.0,155040.0,True,,2022,US,,25,Educational Instruction and Library Occupations
99,U.S.,1,0,Cross-industry,cross-industry,1235,25-1069,"Social Sciences Teachers, Postsecondary, All Other",detailed,16200,1.1,,,,,89350.0,0.7,,,,,,42080.0,56760.0,75390.0,105190.0,166340.0,True,,2022,US,,25,Educational Instruction and Library Occupations
99,U.S.,1,0,Cross-industry,cross-industry,1235,25-1071,"Health Specialties Teachers, Postsecondary",detailed,207700,0.4,,,,,127640.0,0.6,,,,,,48670.0,64730.0,100300.0,167120.0,,True,,2022,US,,25,Educational Instruction and Library Occupations
99,U.S.,1,0,Cross-industry,cross-industry,1235,25-1072,"Nursing Instructors and Teachers, Postsecondary",detailed,69190,0.8,,,,,84180.0,0.6,,,,,,47760.0,61800.0,78580.0,100630.0,127290.0,True,,2022,US,,25,Educational Instruction and Library Occupations
99,U.S.,1,0,Cross-industry,cross-industry,1235,25-1081,"Education Teachers, Postsecondary",detailed,58280,0.7,,,,,78540.0,0.6,,,,,,38190.0,50990.0,66930.0,97340.0,129570.0,True,,2022,US,,25,Educational Instruction and Library Occupations
99,U.S.,1,0,Cross-industry,cross-industry,1235,25-1082,"Library Science Teachers, Postsecondary",detailed,4330,0.5,,,,,81720.0,0.6,,,,,,50370.0,61920.0,76370.0,96130.0,121230.0,True,,2022,US,,25,Educational Instruction and Library Occupations
99,U.S.,1,0,Cross-industry,cross-industry,1235,25-1111,"Criminal Justice and Law Enforcement Teachers, Postsecondary",detailed,13900,0.9,,,,,78980.0,0.7,,,,,,40720.0,51670.0,64990.0,97710.0,129640.0,True,,2022,US,,25,Educational Instruction and Library Occupations
99,U.S.,1,0,Cross-industry,cross-industry,1235,25-1112,"Law Teachers, Postsecondary",detailed,14830,1.4,,,,,133950.0,1.0,,,,,,43400.0,62940.0,108860.0,176900.0,,True,,2022,US,,25,Educational Instruction and Library Occupations
99,U.S.,1,0,Cross-industry,cross-industry,1235,25-1113,"Social Work Teachers, Postsecondary",detailed,12050,1.1,,,,,75330.0,0.5,,,,,,40130.0,51400.0,66510.0,85040.0,109610.0,True,,2022,US,,25,Educational Instruction and Library Occupations
99,U.S.,1,0,Cross-industry,cross-industry,1235,25-1121,"Art, Drama, and Music Teachers, Postsecondary",detailed,97830,0.9,,,,,93440.0,0.7,,,,,,40960.0,58570.0,77280.0,103690.0,167610.0,True,,2022,US,,25,Educational Instruction and Library Occupations
99,U.S.,1,0,Cross-industry,cross-industry,1235,25-1122,"Communications Teachers, Postsecondary",detailed,27350,0.4,,,,,84700.0,0.6,,,,,,46930.0,58520.0,76250.0,99850.0,133720.0,True,,2022,US,,25,Educational Instruction and Library Occupations
99,U.S.,1,0,Cross-industry,cross-industry,1235,25-1123,"English Language and Literature Teachers, Postsecondary",detailed,57680,0.4,,,,,83130.0,0.7,,,,,,45980.0,53460.0,74280.0,100200.0,133220.0,True,,2022,US,,25,Educational Instruction and Library Occupations
99,U.S.,1,0,Cross-industry,cross-industry,1235,25-1124,"Foreign Language and Literature Teachers, Postsecondary",detailed,19520,0.7,,,,,83300.0,0.6,,,,,,46420.0,59250.0,76030.0,99570.0,130250.0,True,,2022,US,,25,Educational Instruction and Library Occupations
99,U.S.,1,0,Cross-industry,cross-industry,1235,25-1125,"History Teachers, Postsecondary",detailed,18250,0.5,,,,,88640.0,0.6,,,,,,46540.0,61140.0,79400.0,102870.0,134420.0,True,,2022,US,,25,Educational Instruction and Library Occupations
99,U.S.,1,0,Cross-industry,cross-industry,1235,25-1126,"Philosophy and Religion Teachers, Postsecondary",detailed,21620,1.2,,,,,87100.0,0.7,,,,,,46940.0,61200.0,78780.0,100150.0,132600.0,True,,2022,US,,25,Educational Instruction and Library Occupations
99,U.S.,1,0,Cross-industry,cross-industry,1235,25-1192,"Family and Consumer Sciences Teachers, Postsecondary",detailed,2420,1.2,,,,,89840.0,0.7,,,,,,47770.0,58220.0,76440.0,107060.0,149650.0,True,,2022,US,,25,Educational Instruction and Library Occupations
99,U.S.,1,0,Cross-industry,cross-industry,1235,25-1193,"Recreation and Fitness Studies Teachers, Postsecondary",detailed,13400,0.8,,,,,82020.0,0.6,,,,,,39920.0,52980.0,72650.0,99860.0,133490.0,True,,2022,US,,25,Educational Instruction and Library Occupations
99,U.S.,1,0,Cross-industry,cross-industry,1235,25-1194,"Career/Technical Education Teachers, Postsecondary",detailed,103100,1.0,,,,31.49,65500.0,0.6,18.12,22.54,28.77,37.43,49.2,37680.0,46890.0,59840.0,77840.0,102330.0,,,2022,US,,25,Educational Instruction and Library Occupations
99,U.S.,1,0,Cross-industry,cross-industry,1235,25-1199,"Postsecondary Teachers, All Other",detailed,214520,0.5,,,,,91760.0,0.7,,,,,,44870.0,57600.0,76920.0,109000.0,168320.0,True,,2022,US,,25,Educational Instruction and Library Occupations
99,U.S.,1,0,Cross-industry,cross-industry,1235,25-2011,"Preschool Teachers, Except Special Education",detailed,415360,1.8,,,,18.58,38640.0,0.9,11.5,13.88,16.99,21.2,28.16,23920.0,28870.0,35330.0,44090.0,58580.0,,,2022,US,,25,Educational Instruction and Library Occupations
99,U.S.,1,0,Cross-industry,cross-industry,1235,25-2012,"Kindergarten Teachers, Except Special Education",detailed,119250,1.2,,,,,65120.0,0.8,,,,,,40620.0,48550.0,60490.0,77200.0,100020.0,True,,2022,US,,25,Educational Instruction and Library Occupations
99,U.S.,1,0,Cross-industry,cross-industry,1235,25-2021,"Elementary School Teachers, Except Special Education",detailed,1394200,0.7,,,,,68000.0,0.6,,,,,,45470.0,49120.0,61690.0,78860.0,101310.0,True,,2022,US,,25,Educational Instruction and Library Occupations
99,U.S.,1,0,Cross-industry,cross-industry,1235,25-2022,"Middle School Teachers, Except Special and Career/Technical Education",detailed,611120,1.6,,,,,67790.0,0.7,,,,,,45910.0,49320.0,61810.0,78970.0,100570.0,True,,2022,US,,25,Educational Instruction and Library Occupations
99,U.S.,1,0,Cross-industry,cross-industry,1235,25-2023,"Career/Technical Education Teachers, Middle School",detailed,11110,2.8,,,,,67680.0,1.0,,,,,,46790.0,51630.0,62630.0,77810.0,99250.0,True,,2022,US,,25,Educational Instruction and Library Occupations
99,U.S.,1,0,Cross-industry,cross-industry,1235,25-2031,"Secondary School Teachers, Except Special and Career/Technical Education",detailed,1042090,1.2,,,,,69480.0,0.6,,,,,,46480.0,50090.0,62360.0,79520.0,101710.0,True,,2022,US,,25,Educational Instruction and Library Occupations
99,U.S.,1,0,Cross-industry,cross-industry,1235,25-2032,"Career/Technical Education Teachers, Secondary School",detailed,88280,1.6,,,,,67610.0,0.9,,,,,,47250.0,51340.0,62500.0,78320.0,98090.0,True,,2022,US,,25,Educational Instruction and Library Occupations
99,U.S.,1,0,Cross-industry,cross-industry,1235,25-2051,"Special Education Teachers, Preschool",detailed,22970,5.4,,,,,69620.0,1.1,,,,,,38020.0,48760.0,62240.0,81270.0,113700.0,True,,2022,US,,25,Educational Instruction and Library Occupations
99,U.S.,1,0,Cross-industry,cross-industry,1235,25-2052,"Special Education Teachers, Kindergarten and Elementary School",detailed,195010,1.3,,,,,68580.0,0.7,,,,,,45730.0,50450.0,62390.0,79580.0,101100.0,True,,2022,US,,25,Educational Instruction and Library Occupations
99,U.S.,1,0,Cross-industry,cross-industry,1235,25-2057,"Special Education Teachers, Middle School",detailed,82970,2.4,,,,,69530.0,0.9,,,,,,46220.0,50920.0,62990.0,80010.0,100560.0,True,,2022,US,,25,Educational Instruction and Library Occupations
99,U.S.,1,0,Cross-industry,cross-industry,1235,25-2058,"Special Education Teachers, Secondary School",detailed,152490,1.5,,,,,71290.0,0.7,,,,,,46880.0,51870.0,63560.0,80820.0,102850.0,True,,2022,US,,25,Educational Instruction and Library Occupations
99,U.S.,1,0,Cross-industry,cross-industry,1235,25-2059,"Special Education Teachers, All Other",detailed,42780,3.4,,,,,74310.0,1.6,,,,,,38680.0,50730.0,63950.0,89770.0,121850.0,True,,2022,US,,25,Educational Instruction and Library Occupations
99,U.S.,1,0,Cross-industry,cross-industry,1235,25-3011,"Adult Basic Education, Adult Secondary Education, and English as a Second Language Instructors",detailed,36490,2.4,,,,30.35,63130.0,0.9,17.78,22.27,28.17,36.91,46.64,36970.0,46320.0,58590.0,76770.0,97010.0,,,2022,US,,25,Educational Instruction and Library Occupations
99,U.S.,1,0,Cross-industry,cross-industry,1235,25-3021,Self-Enrichment Teachers,detailed,248150,1.1,,,,24.19,50320.0,1.0,12.64,15.02,21.21,29.16,39.11,26290.0,31230.0,44110.0,60640.0,81340.0,,,2022,US,,25,Educational Instruction and Library Occupations
99,U.S.,1,0,Cross-industry,cross-industry,1235,25-3031,"Substitute Teachers, Short-Term",detailed,397200,1.9,,,,20.52,42680.0,0.8,10.99,13.68,16.95,22.44,29.42,22850.0,28460.0,35250.0,46680.0,61190.0,,,2022,US,,25,Educational Instruction and Library Occupations
99,U.S.,1,0,Cross-industry,cross-industry,1235,25-3041,Tutors,detailed,174980,1.9,,,,21.55,44820.0,1.5,12.52,14.53,17.63,23.63,35.29,26040.0,30220.0,36680.0,49150.0,73400.0,,,2022,US,,25,Educational Instruction and Library Occupations
99,U.S.,1,0,Cross-industry,cross-industry,1235,25-3099,"Teachers and Instructors, All Other",detailed,120480,1.6,,,,,66450.0,0.8,,,,,,30230.0,45170.0,61250.0,80630.0,102800.0,True,,2022,US,,25,Educational Instruction and Library Occupations
99,U.S.,1,0,Cross-industry,cross-industry,1235,25-4011,Archivists,detailed,7230,3.2,,,,30.76,63980.0,1.3,16.98,21.82,28.19,37.69,48.97,35310.0,45390.0,58640.0,78400.0,101870.0,,,2022,US,,25,Educational Instruction and Library Occupations
99,U.S.,1,0,Cross-industry,cross-industry,1235,25-4012,Curators,detailed,11620,1.6,,,,32.45,67490.0,2.7,17.46,22.2,29.03,38.08,49.51,36320.0,46170.0,60380.0,79200.0,102980.0,,,2022,US,,25,Educational Instruction and Library Occupations
99,U.S.,1,0,Cross-industry,cross-industry,1235,25-4013,Museum Technicians and Conservators,detailed,12240,1.9,,,,25.4,52820.0,1.0,14.25,17.46,22.72,30.06,39.26,29640.0,36320.0,47270.0,62520.0,81650.0,,,2022,US,,25,Educational Instruction and Library Occupations
99,U.S.,1,0,Cross-industry,cross-industry,1235,25-4022,Librarians and Media Collections Specialists,detailed,131680,0.8,,,,31.14,64770.0,0.5,17.43,23.22,29.65,37.54,47.43,36260.0,48300.0,61660.0,78090.0,98650.0,,,2022,US,,25,Educational Instruction and Library Occupations
99,U.S.,1,0,Cross-industry,cross-industry,1235,25-4031,Library Technicians,detailed,73330,1.5,,,,19.52,40590.0,0.5,12.37,14.62,18.08,23.05,28.64,25730.0,30400.0,37600.0,47940.0,59570.0,,,2022,US,,25,Educational Instruction and Library Occupations
99,U.S.,1,0,Cross-industry,cross-industry,1235,25-9021,Farm and Home Management Educators,detailed,8220,2.7,,,,28.1,58450.0,2.1,14.94,18.78,25.7,34.16,42.09,31080.0,39070.0,53450.0,71050.0,87540.0,,,2022,US,,25,Educational Instruction and Library Occupations
99,U.S.,1,0,Cross-industry,cross-industry,1235,25-9031,Instructional Coordinators,detailed,198660,0.8,,,,35.14,73080.0,0.7,20.19,25.07,31.97,40.82,50.58,42000.0,52140.0,66490.0,84900.0,105210.0,,,2022,US,,25,Educational Instruction and Library Occupations
99,U.S.,1,0,Cross-industry,cross-industry,1235,25-9044,"Teaching Assistants, Postsecondary",detailed,135160,0.4,,,,,41900.0,0.5,,,,,,23190.0,30310.0,38050.0,50380.0,63630.0,True,,2022,US,,25,Educational Instruction and Library Occupations
99,U.S.,1,0,Cross-industry,cross-industry,1235,25-9045,"Teaching Assistants, Except Postsecondary",detailed,1254240,0.5,,,,,33740.0,0.5,,,,,,22720.0,27670.0,30920.0,37780.0,46840.0,True,,2022,US,,25,Educational Instruction and Library Occupations
99,U.S.,1,0,Cross-industry,cross-industry,1235,25-9099,"Educational Instruction and Library Workers, All Other",detailed,129170,1.1,,,,25.12,52250.0,0.9,12.75,15.54,22.91,30.14,39.48,26520.0,32330.0,47650.0,62690.0,82110.0,,,2022,US,,25,Educational Instruction and Library Occupations
99,U.S.,1,0,Cross-industry,cross-industry,1235,27-1011,Art Directors,detailed,54470,3.3,,,,59.76,124310.0,1.1,27.8,37.13,50.57,73.92,99.55,57820.0,77220.0,105180.0,153760.0,207060.0,,,2022,US,,27,"Arts, Design, Entertainment, Sports, and Media Occupations"
99,U.S.,1,0,Cross-industry,cross-industry,1235,27-1012,Craft Artists,detailed,4760,5.8,,,,23.65,49180.0,2.3,11.16,14.72,18.34,26.04,42.49,23220.0,30620.0,38150.0,54170.0,88380.0,,,2022,US,,27,"Arts, Design, Entertainment, Sports, and Media Occupations"
99,U.S.,1,0,Cross-industry,cross-industry,1235,27-1013,"Fine Artists, Including Painters, Sculptors, and Illustrators",detailed,12080,13.4,,,,33.59,69870.0,7.4,13.67,18.63,27.67,40.11,59.94,28440.0,38760.0,57560.0,83440.0,124670.0,,,2022,US,,27,"Arts, Design, Entertainment, Sports, and Media Occupations"
99,U.S.,1,0,Cross-industry,cross-industry,1235,27-1014,Special Effects Artists and Animators,detailed,35990,9.5,,,,53.43,111130.0,2.2,25.32,32.64,47.57,63.11,83.72,52660.0,67900.0,98950.0,131280.0,174140.0,,,2022,US,,27,"Arts, Design, Entertainment, Sports, and Media Occupations"
99,U.S.,1,0,Cross-industry,cross-industry,1235,27-1019,"Artists and Related Workers, All Other",detailed,7510,6.6,,,,35.64,74130.0,2.6,13.13,17.8,33.54,50.91,58.49,27310.0,37030.0,69760.0,105900.0,121660.0,,,2022,US,,27,"Arts, Design, Entertainment, Sports, and Media Occupations"
99,U.S.,1,0,Cross-industry,cross-industry,1235,27-1021,Commercial and Industrial Designers,detailed,30450,2.4,,,,39.3,81740.0,1.5,21.0,27.96,36.5,48.15,60.47,43680.0,58170.0,75910.0,100140.0,125780.0,,,2022,US,,27,"Arts, Design, Entertainment, Sports, and Media Occupations"
99,U.S.,1,0,Cross-industry,cross-industry,1235,27-1022,Fashion Designers,detailed,20560,4.5,,,,41.23,85760.0,2.3,16.67,25.4,36.87,50.39,67.27,34660.0,52840.0,76700.0,104800.0,139920.0,,,2022,US,,27,"Arts, Design, Entertainment, Sports, and Media Occupations"
99,U.S.,1,0,Cross-industry,cross-industry,1235,27-1023,Floral Designers,detailed,42840,2.3,,,,16.5,34310.0,0.7,11.32,13.74,15.94,18.16,22.39,23540.0,28590.0,33160.0,37770.0,46560.0,,,2022,US,,27,"Arts, Design, Entertainment, Sports, and Media Occupations"
99,U.S.,1,0,Cross-industry,cross-industry,1235,27-1024,Graphic Designers,detailed,211890,0.8,,,,31.01,64500.0,1.2,17.04,21.32,27.88,37.0,48.52,35430.0,44350.0,57990.0,76970.0,100920.0,,,2022,US,,27,"Arts, Design, Entertainment, Sports, and Media Occupations"
99,U.S.,1,0,Cross-industry,cross-industry,1235,27-1025,Interior Designers,detailed,64290,1.7,,,,32.43,67460.0,0.9,17.6,22.88,29.61,38.35,48.82,36610.0,47590.0,61590.0,79770.0,101550.0,,,2022,US,,27,"Arts, Design, Entertainment, Sports, and Media Occupations"
99,U.S.,1,0,Cross-industry,cross-industry,1235,27-1026,Merchandise Displayers and Window Trimmers,detailed,173110,2.0,,,,18.33,38120.0,0.9,13.82,14.78,17.01,20.09,24.03,28740.0,30750.0,35380.0,41780.0,49990.0,,,2022,US,,27,"Arts, Design, Entertainment, Sports, and Media Occupations"
99,U.S.,1,0,Cross-industry,cross-industry,1235,27-1027,Set and Exhibit Designers,detailed,9490,3.8,,,,32.93,68490.0,2.6,15.94,19.99,28.84,39.8,56.82,33160.0,41570.0,59990.0,82790.0,118180.0,,,2022,US,,27,"Arts, Design, Entertainment, Sports, and Media Occupations"
99,U.S.,1,0,Cross-industry,cross-industry,1235,27-1029,"Designers, All Other",detailed,11180,7.0,,,,36.75,76430.0,4.2,16.41,21.24,31.44,45.04,65.01,34120.0,44170.0,65390.0,93680.0,135230.0,,,2022,US,,27,"Arts, Design, Entertainment, Sports, and Media Occupations"
99,U.S.,1,0,Cross-industry,cross-industry,1235,27-2011,Actors,detailed,54160,7.2,,,,36.06,,4.0,13.2,15.61,17.94,29.63,109.46,,,,,,,True,2022,US,,27,"Arts, Design, Entertainment, Sports, and Media Occupations"
99,U.S.,1,0,Cross-industry,cross-industry,1235,27-2012,Producers and Directors,detailed,153770,3.2,,,,53.2,110660.0,1.6,20.26,27.92,41.02,61.52,86.51,42140.0,58080.0,85320.0,127970.0,179930.0,,,2022,US,,27,"Arts, Design, Entertainment, Sports, and Media Occupations"
99,U.S.,1,0,Cross-industry,cross-industry,1235,27-2021,Athletes and Sports Competitors,detailed,11930,8.7,,,,,358080.0,11.4,,,,,,28510.0,44690.0,94270.0,215530.0,,True,,2022,US,,27,"Arts, Design, Entertainment, Sports, and Media Occupations"
99,U.S.,1,0,Cross-industry,cross-industry,1235,27-2022,Coaches and Scouts,detailed,218970,1.5,,,,,57450.0,1.7,,,,,,24910.0,31340.0,44890.0,62330.0,93590.0,True,,2022,US,,27,"Arts, Design, Entertainment, Sports, and Media Occupations"
99,U.S.,1,0,Cross-industry,cross-industry,1235,27-2023,"Umpires, Referees, and Other Sports Officials",detailed,12720,4.5,,,,,49030.0,11.1,,,,,,22090.0,28080.0,36010.0,48610.0,69010.0,True,,2022,US,,27,"Arts, Design, Entertainment, Sports, and Media Occupations"
99,U.S.,1,0,Cross-industry,cross-industry,1235,27-2031,Dancers,detailed,8930,13.7,,,,24.62,,3.9,13.2,15.51,21.64,29.18,39.03,,,,,,,True,2022,US,,27,"Arts, Design, Entertainment, Sports, and Media Occupations"
99,U.S.,1,0,Cross-industry,cross-industry,1235,27-2032,Choreographers,detailed,5400,9.3,,,,28.24,58740.0,3.5,13.95,16.2,24.52,36.25,48.28,29020.0,33700.0,50990.0,75390.0,100420.0,,,2022,US,,27,"Arts, Design, Entertainment, Sports, and Media Occupations"
99,U.S.,1,0,Cross-industry,cross-industry,1235,27-2041,Music Directors and Composers,detailed,11690,4.8,,,,45.88,95430.0,9.2,15.26,21.66,30.26,47.21,79.69,31750.0,45050.0,62940.0,98200.0,165760.0,,,2022,US,,27,"Arts, Design, Entertainment, Sports, and Media Occupations"
99,U.S.,1,0,Cross-industry,cross-industry,1235,27-2042,Musicians and Singers,detailed,31750,2.7,,,,50.21,,2.5,14.42,20.36,39.14,61.74,100.22,,,,,,,True,2022,US,,27,"Arts, Design, Entertainment, Sports, and Media Occupations"
99,U.S.,1,0,Cross-industry,cross-industry,1235,27-2091,"Disc Jockeys, Except Radio",detailed,5640,6.5,,,,25.48,,4.2,9.87,15.04,21.34,29.6,46.84,,,,,,,True,2022,US,,27,"Arts, Design, Entertainment, Sports, and Media Occupations"
99,U.S.,1,0,Cross-industry,cross-industry,1235,27-2099,"Entertainers and Performers, Sports and Related Workers, All Other",detailed,11640,9.2,,,,29.67,,9.4,11.73,15.58,20.31,31.06,48.11,,,,,,,True,2022,US,,27,"Arts, Design, Entertainment, Sports, and Media Occupations"
99,U.S.,1,0,Cross-industry,cross-industry,1235,27-3011,Broadcast Announcers and Radio Disc Jockeys,detailed,26820,6.4,,,,74.87,155730.0,7.3,11.5,14.92,20.07,32.88,82.52,23920.0,31030.0,41750.0,68400.0,171650.0,,,2022,US,,27,"Arts, Design, Entertainment, Sports, and Media Occupations"
99,U.S.,1,0,Cross-industry,cross-industry,1235,27-3023,"News Analysts, Reporters, and Journalists",detailed,44530,3.2,,,,41.49,86290.0,5.7,14.65,18.12,26.9,40.04,65.62,30470.0,37690.0,55960.0,83290.0,136500.0,,,2022,US,,27,"Arts, Design, Entertainment, Sports, and Media Occupations"
99,U.S.,1,0,Cross-industry,cross-industry,1235,27-3031,Public Relations Specialists,detailed,264750,1.5,,,,37.76,78540.0,1.2,18.57,24.03,32.42,44.65,61.75,38630.0,49980.0,67440.0,92880.0,128450.0,,,2022,US,,27,"Arts, Design, Entertainment, Sports, and Media Occupations"
99,U.S.,1,0,Cross-industry,cross-industry,1235,27-3041,Editors,detailed,101430,1.4,,,,40.78,84820.0,1.3,18.46,24.46,35.14,49.45,69.83,38400.0,50880.0,73080.0,102850.0,145240.0,,,2022,US,,27,"Arts, Design, Entertainment, Sports, and Media Occupations"
99,U.S.,1,0,Cross-industry,cross-industry,1235,27-3042,Technical Writers,detailed,48620,2.0,,,,41.71,86760.0,1.3,22.82,29.45,38.44,49.1,61.59,47460.0,61260.0,79960.0,102120.0,128110.0,,,2022,US,,27,"Arts, Design, Entertainment, Sports, and Media Occupations"
99,U.S.,1,0,Cross-industry,cross-industry,1235,27-3043,Writers and Authors,detailed,54010,5.0,,,,44.02,91560.0,2.9,19.04,24.51,35.17,50.48,77.53,39610.0,50980.0,73150.0,105000.0,161260.0,,,2022,US,,27,"Arts, Design, Entertainment, Sports, and Media Occupations"
99,U.S.,1,0,Cross-industry,cross-industry,1235,27-3091,Interpreters and Translators,detailed,52160,3.1,,,,29.68,61730.0,1.6,16.13,19.92,25.79,35.3,44.78,33540.0,41440.0,53640.0,73430.0,93140.0,,,2022,US,,27,"Arts, Design, Entertainment, Sports, and Media Occupations"
99,U.S.,1,0,Cross-industry,cross-industry,1235,27-3092,Court Reporters and Simultaneous Captioners,detailed,14240,2.5,,,,33.79,70290.0,1.3,15.88,21.56,30.56,44.21,55.95,33030.0,44850.0,63560.0,91960.0,116380.0,,,2022,US,,27,"Arts, Design, Entertainment, Sports, and Media Occupations"
99,U.S.,1,0,Cross-industry,cross-industry,1235,27-3099,"Media and Communication Workers, All Other",detailed,23780,3.5,,,,54.73,113840.0,3.1,16.69,22.61,31.25,50.9,,34710.0,47020.0,65000.0,105870.0,,,,2022,US,,27,"Arts, Design, Entertainment, Sports, and Media Occupations"
99,U.S.,1,0,Cross-industry,cross-industry,1235,27-4011,Audio and Video Technicians,detailed,56110,2.6,,,,27.74,57710.0,1.2,15.05,18.95,24.36,32.74,43.26,31310.0,39420.0,50660.0,68100.0,89990.0,,,2022,US,,27,"Arts, Design, Entertainment, Sports, and Media Occupations"
99,U.S.,1,0,Cross-industry,cross-industry,1235,27-4012,Broadcast Technicians,detailed,33020,3.4,,,,40.8,84860.0,3.5,14.16,18.24,29.19,48.23,62.0,29450.0,37940.0,60700.0,100320.0,128960.0,,,2022,US,,27,"Arts, Design, Entertainment, Sports, and Media Occupations"
99,U.S.,1,0,Cross-industry,cross-industry,1235,27-4014,Sound Engineering Technicians,detailed,13420,5.1,,,,36.34,75590.0,2.3,15.0,20.0,29.17,47.82,65.36,31200.0,41600.0,60670.0,99470.0,135950.0,,,2022,US,,27,"Arts, Design, Entertainment, Sports, and Media Occupations"
99,U.S.,1,0,Cross-industry,cross-industry,1235,27-4015,Lighting Technicians,detailed,8540,5.3,,,,35.59,74020.0,2.4,16.25,21.0,29.64,40.48,65.16,33800.0,43690.0,61650.0,84210.0,135540.0,,,2022,US,,27,"Arts, Design, Entertainment, Sports, and Media Occupations"
99,U.S.,1,0,Cross-industry,cross-industry,1235,27-4021,Photographers,detailed,47380,1.8,,,,24.14,50210.0,1.2,12.98,14.93,19.31,28.73,39.64,26990.0,31050.0,40170.0,59750.0,82450.0,,,2022,US,,27,"Arts, Design, Entertainment, Sports, and Media Occupations"
99,U.S.,1,0,Cross-industry,cross-industry,1235,27-4031,"Camera Operators, Television, Video, and Film",detailed,22970,13.6,,,,33.63,69940.0,5.4,15.96,20.54,27.99,40.5,56.14,33190.0,42710.0,58230.0,84240.0,116770.0,,,2022,US,,27,"Arts, Design, Entertainment, Sports, and Media Occupations"
99,U.S.,1,0,Cross-industry,cross-industry,1235,27-4032,Film and Video Editors,detailed,32080,3.5,,,,38.94,80990.0,3.1,17.76,22.5,30.54,47.09,80.16,36930.0,46800.0,63520.0,97960.0,166730.0,,,2022,US,,27,"Arts, Design, Entertainment, Sports, and Media Occupations"
99,U.S.,1,0,Cross-industry,cross-industry,1235,27-4099,"Media and Communication Equipment Workers, All Other",detailed,14300,5.0,,,,35.81,74490.0,1.5,15.86,22.78,33.41,47.27,58.2,32980.0,47380.0,69490.0,98320.0,121060.0,,,2022,US,,27,"Arts, Design, Entertainment, Sports, and Media Occupations"
99,U.S.,1,0,Cross-industry,cross-industry,1235,29-1011,Chiropractors,detailed,37740,3.3,,,,40.25,83720.0,1.6,18.35,25.36,36.24,48.23,63.76,38170.0,52750.0,75380.0,100320.0,132630.0,,,2022,US,,29,Healthcare Practitioners and Technical Occupations
99,U.S.,1,0,Cross-industry,cross-industry,1235,29-1021,"Dentists, General",detailed,120740,3.1,,,,82.83,172290.0,1.7,32.77,50.71,74.54,102.03,,68160.0,105480.0,155040.0,212220.0,,,,2022,US,,29,Healthcare Practitioners and Technical Occupations
99,U.S.,1,0,Cross-industry,cross-industry,1235,29-1022,Oral and Maxillofacial Surgeons,detailed,4290,11.9,,,,148.76,309410.0,5.5,54.14,102.04,,,,112610.0,212250.0,,,,,,2022,US,,29,Healthcare Practitioners and Technical Occupations
99,U.S.,1,0,Cross-industry,cross-industry,1235,29-1023,Orthodontists,detailed,6310,9.2,,,,104.0,216320.0,8.1,43.91,46.33,83.83,,,91340.0,96370.0,174360.0,,,,,2022,US,,29,Healthcare Practitioners and Technical Occupations
99,U.S.,1,0,Cross-industry,cross-industry,1235,29-1029,"Dentists, All Other Specialists",detailed,5250,9.3,,,,112.23,233430.0,7.4,40.36,80.19,102.28,,,83940.0,166800.0,212740.0,,,,,2022,US,,29,Healthcare Practitioners and Technical Occupations
99,U.S.,1,0,Cross-industry,cross-industry,1235,29-1031,Dietitians and Nutritionists,detailed,69880,2.5,,,,33.34,69350.0,0.6,21.22,27.16,31.95,38.67,45.74,44140.0,56490.0,66450.0,80430.0,95130.0,,,2022,US,,29,Healthcare Practitioners and Technical Occupations
99,U.S.,1,0,Cross-industry,cross-industry,1235,29-1041,Optometrists,detailed,40640,3.1,,,,63.99,133100.0,1.9,29.88,46.63,60.38,75.01,92.03,62150.0,96980.0,125590.0,156030.0,191430.0,,,2022,US,,29,Healthcare Practitioners and Technical Occupations
99,U.S.,1,0,Cross-industry,cross-industry,1235,29-1051,Pharmacists,detailed,325480,0.8,,,,62.22,129410.0,0.5,38.44,59.14,63.82,71.04,78.96,79950.0,123020.0,132750.0,147750.0,164230.0,,,2022,US,,29,Healthcare Practitioners and Technical Occupations
99,U.S.,1,0,Cross-industry,cross-industry,1235,29-1071,Physician Assistants,detailed,140910,2.1,,,,60.23,125270.0,0.4,40.3,50.12,60.58,67.63,80.83,83820.0,104240.0,126010.0,140660.0,168120.0,,,2022,US,,29,Healthcare Practitioners and Technical Occupations
99,U.S.,1,0,Cross-industry,cross-industry,1235,29-1081,Podiatrists,detailed,9320,2.8,,,,75.95,157970.0,1.7,28.98,47.08,71.5,100.09,,60280.0,97920.0,148720.0,208180.0,,,,2022,US,,29,Healthcare Practitioners and Technical Occupations
99,U.S.,1,0,Cross-industry,cross-industry,1235,29-1122,Occupational Therapists,detailed,134980,0.9,,,,44.61,92800.0,0.4,30.44,37.36,44.8,50.35,59.55,63320.0,77700.0,93180.0,104730.0,123870.0,,,2022,US,,29,Healthcare Practitioners and Technical Occupations
99,U.S.,1,0,Cross-industry,cross-industry,1235,29-1123,Physical Therapists,detailed,229740,1.1,,,,47.1,97960.0,0.6,32.65,38.8,46.98,51.65,61.94,67910.0,80700.0,97720.0,107430.0,128830.0,,,2022,US,,29,Healthcare Practitioners and Technical Occupations
99,U.S.,1,0,Cross-industry,cross-industry,1235,29-1124,Radiation Therapists,detailed,15510,5.4,,,,47.28,98340.0,0.9,31.61,37.46,43.04,50.84,64.07,65760.0,77930.0,89530.0,105760.0,133260.0,,,2022,US,,29,Healthcare Practitioners and Technical Occupations
99,U.S.,1,0,Cross-industry,cross-industry,1235,29-1125,Recreational Therapists,detailed,15920,1.4,,,,27.07,56310.0,0.7,16.31,20.0,24.68,31.99,40.58,33930.0,41600.0,51330.0,66530.0,84410.0,,,2022,US,,29,Healthcare Practitioners and Technical Occupations
99,U.S.,1,0,Cross-industry,cross-industry,1235,29-1126,Respiratory Therapists,detailed,129910,0.6,,,,35.73,74310.0,0.3,24.99,29.93,33.91,39.23,48.33,51970.0,62260.0,70540.0,81610.0,100520.0,,,2022,US,,29,Healthcare Practitioners and Technical Occupations
99,U.S.,1,0,Cross-industry,cross-industry,1235,29-1127,Speech-Language Pathologists,detailed,162760,1.7,,,,43.01,89460.0,0.4,27.1,32.07,40.45,50.24,60.91,56370.0,66700.0,84140.0,104500.0,126680.0,,,2022,US,,29,Healthcare Practitioners and Technical Occupations
99,U.S.,1,0,Cross-industry,cross-industry,1235,29-1128,Exercise Physiologists,detailed,6580,3.8,,,,26.84,55820.0,0.6,18.87,22.15,24.69,30.22,37.49,39250.0,46070.0,51350.0,62850.0,77980.0,,,2022,US,,29,Healthcare Practitioners and Technical Occupations
99,U.S.,1,0,Cross-industry,cross-industry,1235,29-1129,"Therapists, All Other",detailed,16920,5.1,,,,34.55,71860.0,2.7,18.26,22.76,29.23,39.79,53.75,37990.0,47340.0,60800.0,82760.0,111800.0,,,2022,US,,29,Healthcare Practitioners and Technical Occupations
99,U.S.,1,0,Cross-industry,cross-industry,1235,29-1131,Veterinarians,detailed,78810,1.1,,,,62.07,129110.0,4.3,29.98,39.7,49.64,63.93,83.89,62350.0,82580.0,103260.0,132980.0,174500.0,,,2022,US,,29,Healthcare Practitioners and Technical Occupations
99,U.S.,1,0,Cross-industry,cross-industry,1235,29-1141,Registered Nurses,detailed,3072700,0.3,,,,42.8,89010.0,0.2,29.45,32.06,39.05,48.6,62.21,61250.0,66680.0,81220.0,101100.0,129400.0,,,2022,US,,29,Healthcare Practitioners and Technical Occupations
99,U.S.,1,0,Cross-industry,cross-industry,1235,29-1151,Nurse Anesthetists,detailed,46540,4.4,,,,98.93,205770.0,0.9,69.17,83.75,97.64,109.21,,143870.0,174190.0,203090.0,227160.0,,,,2022,US,,29,Healthcare Practitioners and Technical Occupations
99,U.S.,1,0,Cross-industry,cross-industry,1235,29-1161,Nurse Midwives,detailed,7950,4.3,,,,58.87,122450.0,1.1,37.27,49.28,58.12,65.87,82.32,77510.0,102510.0,120880.0,137010.0,171230.0,,,2022,US,,29,Healthcare Practitioners and Technical Occupations
99,U.S.,1,0,Cross-industry,cross-industry,1235,29-1171,Nurse Practitioners,detailed,258230,1.8,,,,59.94,124680.0,0.7,41.99,49.64,58.47,65.13,79.44,87340.0,103250.0,121610.0,135470.0,165240.0,,,2022,US,,29,Healthcare Practitioners and Technical Occupations
99,U.S.,1,0,Cross-industry,cross-industry,1235,29-1181,Audiologists,detailed,13940,4.3,,,,43.02,89490.0,1.7,27.4,33.05,39.75,48.6,57.87,56990.0,68750.0,82680.0,101100.0,120380.0,,,2022,US,,29,Healthcare Practitioners and Technical Occupations
99,U.S.,1,0,Cross-industry,cross-industry,1235,29-1211,Anesthesiologists,detailed,37430,7.6,,,,145.66,302970.0,3.5,35.99,67.78,,,,74860.0,140980.0,,,,,,2022,US,,29,Healthcare Practitioners and Technical Occupations
99,U.S.,1,0,Cross-industry,cross-industry,1235,29-1212,Cardiologists,detailed,16870,5.1,,,,202.56,421330.0,4.0,63.76,,,,,132630.0,,,,,,,2022,US,,29,Healthcare Practitioners and Technical Occupations
99,U.S.,1,0,Cross-industry,cross-industry,1235,29-1213,Dermatologists,detailed,11640,6.3,,,,157.53,327650.0,9.7,49.04,75.0,,,,102010.0,156000.0,,,,,,2022,US,,29,Healthcare Practitioners and Technical Occupations
99,U.S.,1,0,Cross-industry,cross-industry,1235,29-1214,Emergency Medicine Physicians,detailed,29260,5.6,,,,152.21,316600.0,2.1,41.29,106.4,,,,85880.0,221320.0,,,,,,2022,US,,29,Healthcare Practitioners and Technical Occupations
99,U.S.,1,0,Cross-industry,cross-industry,1235,29-1215,Family Medicine Physicians,detailed,100940,2.4,,,,107.91,224460.0,2.1,31.29,63.75,101.59,,,65090.0,132600.0,211300.0,,,,,2022,US,,29,Healthcare Practitioners and Technical Occupations
99,U.S.,1,0,Cross-industry,cross-industry,1235,29-1216,General Internal Medicine Physicians,detailed,67220,2.6,,,,108.3,225270.0,1.4,31.07,45.5,103.11,,,64620.0,94630.0,214460.0,,,,,2022,US,,29,Healthcare Practitioners and Technical Occupations
99,U.S.,1,0,Cross-industry,cross-industry,1235,29-1217,Neurologists,detailed,11340,8.8,,,,122.84,255510.0,4.6,38.23,72.58,107.82,,,79530.0,150970.0,224260.0,,,,,2022,US,,29,Healthcare Practitioners and Technical Occupations
99,U.S.,1,0,Cross-industry,cross-industry,1235,29-1218,Obstetricians and Gynecologists,detailed,21450,6.2,,,,133.33,277320.0,2.3,40.04,82.79,,,,83280.0,172210.0,,,,,,2022,US,,29,Healthcare Practitioners and Technical Occupations
99,U.S.,1,0,Cross-industry,cross-industry,1235,29-1221,"Pediatricians, General",detailed,33430,13.0,,,,97.71,203240.0,2.6,37.61,66.85,91.51,,,78230.0,139050.0,190350.0,,,,,2022,US,,29,Healthcare Practitioners and Technical Occupations
99,U.S.,1,0,Cross-industry,cross-industry,1235,29-1222,"Physicians, Pathologists",detailed,12320,6.4,,,,121.56,252850.0,2.9,32.3,69.93,,,,67190.0,145450.0,,,,,,2022,US,,29,Healthcare Practitioners and Technical Occupations
99,U.S.,1,0,Cross-industry,cross-industry,1235,29-1223,Psychiatrists,detailed,26500,4.5,,,,118.92,247350.0,2.6,31.84,66.78,109.08,,,66230.0,138890.0,226880.0,,,,,2022,US,,29,Healthcare Practitioners and Technical Occupations
99,U.S.,1,0,Cross-industry,cross-industry,1235,29-1224,Radiologists,detailed,29250,6.3,,,,158.21,329080.0,2.5,37.29,81.76,,,,77570.0,170060.0,,,,,,2022,US,,29,Healthcare Practitioners and Technical Occupations
99,U.S.,1,0,Cross-industry,cross-industry,1235,29-1229,"Physicians, All Other",detailed,305260,1.9,,,,114.76,238700.0,1.1,30.76,36.98,107.41,,,63970.0,76910.0,223410.0,,,,,2022,US,,29,Healthcare Practitioners and Technical Occupations
99,U.S.,1,0,Cross-industry,cross-industry,1235,29-1241,"Ophthalmologists, Except Pediatric",detailed,12580,7.9,,,,127.62,265450.0,7.3,31.49,49.04,105.68,,,65510.0,102010.0,219810.0,,,,,2022,US,,29,Healthcare Practitioners and Technical Occupations
99,U.S.,1,0,Cross-industry,cross-industry,1235,29-1242,"Orthopedic Surgeons, Except Pediatric",detailed,19060,8.9,,,,178.56,371400.0,9.8,38.18,78.48,,,,79400.0,163230.0,,,,,,2022,US,,29,Healthcare Practitioners and Technical Occupations
99,U.S.,1,0,Cross-industry,cross-industry,1235,29-1243,Pediatric Surgeons,detailed,780,5.6,,,,174.51,362970.0,2.4,38.89,98.69,,,,80890.0,205280.0,,,,,,2022,US,,29,Healthcare Practitioners and Technical Occupations
99,U.S.,1,0,Cross-industry,cross-industry,1235,29-1249,"Surgeons, All Other",detailed,25910,10.2,,,,167.25,347870.0,3.8,36.76,67.02,,,,76470.0,139410.0,,,,,,2022,US,,29,Healthcare Practitioners and Technical Occupations
99,U.S.,1,0,Cross-industry,cross-industry,1235,29-1291,Acupuncturists,detailed,7800,6.3,,,,39.61,82390.0,3.6,15.0,24.23,34.72,48.21,75.0,31200.0,50400.0,72220.0,100270.0,156000.0,,,2022,US,,29,Healthcare Practitioners and Technical Occupations
99,U.S.,1,0,Cross-industry,cross-industry,1235,29-1292,Dental Hygienists,detailed,214700,1.6,,,,40.8,84860.0,0.4,29.57,36.11,39.14,46.57,51.75,61510.0,75100.0,81400.0,96870.0,107640.0,,,2022,US,,29,Healthcare Practitioners and Technical Occupations
99,U.S.,1,0,Cross-industry,cross-industry,1235,29-1299,"Healthcare Diagnosing or Treating Practitioners, All Other",detailed,30080,2.3,,,,59.6,123960.0,5.1,29.09,36.44,51.07,72.82,93.06,60520.0,75800.0,106230.0,151470.0,193560.0,,,2022,US,,29,Healthcare Practitioners and Technical Occupations
99,U.S.,1,0,Cross-industry,cross-industry,1235,29-2010,Clinical Laboratory Technologists and Technicians,detailed,333600,0.7,,,,28.43,59130.0,0.3,16.93,19.44,27.59,36.02,40.71,35220.0,40440.0,57380.0,74920.0,84670.0,,,2022,US,,29,Healthcare Practitioners and Technical Occupations
99,U.S.,1,0,Cross-industry,cross-industry,1235,29-2031,Cardiovascular Technologists and Technicians,detailed,55750,1.2,,,,31.49,65490.0,0.9,16.32,18.96,30.3,39.3,49.04,33950.0,39430.0,63020.0,81740.0,102000.0,,,2022,US,,29,Healthcare Practitioners and Technical Occupations
99,U.S.,1,0,Cross-industry,cross-industry,1235,29-2032,Diagnostic Medical Sonographers,detailed,81080,1.0,,,,40.58,84410.0,0.4,29.54,32.97,39.11,46.8,51.79,61430.0,68580.0,81350.0,97350.0,107730.0,,,2022,US,,29,Healthcare Practitioners and Technical Occupations
99,U.S.,1,0,Cross-industry,cross-industry,1235,29-2033,Nuclear Medicine Technologists,detailed,16910,1.4,,,,43.08,89610.0,0.7,31.09,36.98,41.01,48.43,54.85,64680.0,76910.0,85300.0,100740.0,114100.0,,,2022,US,,29,Healthcare Practitioners and Technical Occupations
99,U.S.,1,0,Cross-industry,cross-industry,1235,29-2034,Radiologic Technologists and Technicians,detailed,215820,0.7,,,,33.77,70240.0,0.4,22.96,27.57,31.32,38.49,47.09,47760.0,57350.0,65140.0,80050.0,97940.0,,,2022,US,,29,Healthcare Practitioners and Technical Occupations
99,U.S.,1,0,Cross-industry,cross-industry,1235,29-2035,Magnetic Resonance Imaging Technologists,detailed,38380,1.8,,,,39.2,81530.0,0.3,29.1,32.58,38.51,44.88,50.41,60530.0,67770.0,80090.0,93360.0,104850.0,,,2022,US,,29,Healthcare Practitioners and Technical Occupations
99,U.S.,1,0,Cross-industry,cross-industry,1235,29-2036,Medical Dosimetrists,detailed,3190,4.5,,,,62.06,129080.0,1.4,43.74,51.74,62.01,68.9,78.38,90970.0,107610.0,128970.0,143310.0,163040.0,,,2022,US,,29,Healthcare Practitioners and Technical Occupations
99,U.S.,1,0,Cross-industry,cross-industry,1235,29-2042,Emergency Medical Technicians,detailed,167720,1.0,,,,19.29,40120.0,0.3,13.59,14.84,17.64,21.33,27.35,28270.0,30870.0,36680.0,44360.0,56890.0,,,2022,US,,29,Healthcare Practitioners and Technical Occupations
99,U.S.,1,0,Cross-industry,cross-industry,1235,29-2043,Paramedics,detailed,95440,1.3,,,,25.75,53560.0,0.6,17.54,19.55,23.6,29.22,36.84,36490.0,40660.0,49090.0,60780.0,76630.0,,,2022,US,,29,Healthcare Practitioners and Technical Occupations
99,U.S.,1,0,Cross-industry,cross-industry,1235,29-2051,Dietetic Technicians,detailed,19690,2.0,,,,17.49,36370.0,0.9,12.04,14.28,16.33,18.98,24.0,25040.0,29710.0,33960.0,39480.0,49920.0,,,2022,US,,29,Healthcare Practitioners and Technical Occupations
99,U.S.,1,0,Cross-industry,cross-industry,1235,29-2052,Pharmacy Technicians,detailed,453630,0.8,,,,19.35,40260.0,0.3,14.25,16.63,18.17,21.97,24.35,29640.0,34590.0,37790.0,45710.0,50640.0,,,2022,US,,29,Healthcare Practitioners and Technical Occupations
99,U.S.,1,0,Cross-industry,cross-industry,1235,29-2053,Psychiatric Technicians,detailed,100950,2.3,,,,19.6,40760.0,0.6,13.78,15.22,17.97,21.97,28.31,28660.0,31660.0,37380.0,45710.0,58880.0,,,2022,US,,29,Healthcare Practitioners and Technical Occupations
99,U.S.,1,0,Cross-industry,cross-industry,1235,29-2055,Surgical Technologists,detailed,107400,0.9,,,,27.64,57500.0,0.3,18.68,23.01,26.91,30.94,37.77,38860.0,47860.0,55960.0,64360.0,78560.0,,,2022,US,,29,Healthcare Practitioners and Technical Occupations
99,U.S.,1,0,Cross-industry,cross-industry,1235,29-2056,Veterinary Technologists and Technicians,detailed,118750,1.1,,,,19.6,40770.0,0.7,13.94,16.59,18.38,22.47,26.29,29000.0,34510.0,38240.0,46740.0,54680.0,,,2022,US,,29,Healthcare Practitioners and Technical Occupations
99,U.S.,1,0,Cross-industry,cross-industry,1235,29-2057,Ophthalmic Medical Technicians,detailed,66060,3.3,,,,20.42,42480.0,0.8,14.34,16.88,18.68,23.12,28.35,29830.0,35100.0,38860.0,48080.0,58970.0,,,2022,US,,29,Healthcare Practitioners and Technical Occupations
99,U.S.,1,0,Cross-industry,cross-industry,1235,29-2061,Licensed Practical and Licensed Vocational Nurses,detailed,632020,0.8,,,,26.86,55860.0,0.3,19.47,22.98,26.26,29.86,34.93,40490.0,47800.0,54620.0,62110.0,72650.0,,,2022,US,,29,Healthcare Practitioners and Technical Occupations
99,U.S.,1,0,Cross-industry,cross-industry,1235,29-2072,Medical Records Specialists,detailed,187720,1.5,,,,24.56,51090.0,0.5,15.25,18.04,22.69,28.93,36.28,31710.0,37510.0,47180.0,60170.0,75460.0,,,2022,US,,29,Healthcare Practitioners and Technical Occupations
99,U.S.,1,0,Cross-industry,cross-industry,1235,29-2081,"Opticians, Dispensing",detailed,73460,2.0,,,,21.58,44890.0,0.8,14.2,16.5,19.04,25.0,31.13,29540.0,34310.0,39610.0,52000.0,64760.0,,,2022,US,,29,Healthcare Practitioners and Technical Occupations
99,U.S.,1,0,Cross-industry,cross-industry,1235,29-2091,Orthotists and Prosthetists,detailed,9150,8.1,,,,37.61,78240.0,1.3,19.41,26.25,37.05,45.19,52.94,40360.0,54600.0,77070.0,93980.0,110120.0,,,2022,US,,29,Healthcare Practitioners and Technical Occupations
99,U.S.,1,0,Cross-industry,cross-industry,1235,29-2092,Hearing Aid Specialists,detailed,10080,5.3,,,,30.04,62480.0,3.4,15.58,19.53,28.38,36.13,44.11,32400.0,40610.0,59020.0,75150.0,91740.0,,,2022,US,,29,Healthcare Practitioners and Technical Occupations
99,U.S.,1,0,Cross-industry,cross-industry,1235,29-2099,"Health Technologists and Technicians, All Other",detailed,162800,1.1,,,,24.42,50790.0,0.5,15.45,17.72,21.63,28.47,36.91,32140.0,36850.0,44990.0,59210.0,76760.0,,,2022,US,,29,Healthcare Practitioners and Technical Occupations
99,U.S.,1,0,Cross-industry,cross-industry,1235,29-9021,Health Information Technologists and Medical Registrars,detailed,35500,1.2,,,,31.38,65280.0,0.9,16.81,19.68,28.01,39.14,49.7,34970.0,40930.0,58250.0,81410.0,103380.0,,,2022,US,,29,Healthcare Practitioners and Technical Occupations
99,U.S.,1,0,Cross-industry,cross-industry,1235,29-9091,Athletic Trainers,detailed,29720,2.1,,,,,57810.0,0.9,,,,,,39670.0,47320.0,53840.0,63240.0,78000.0,True,,2022,US,,29,Healthcare Practitioners and Technical Occupations
99,U.S.,1,0,Cross-industry,cross-industry,1235,29-9092,Genetic Counselors,detailed,3220,4.8,,,,44.77,93120.0,1.2,30.94,38.44,43.26,50.29,61.72,64360.0,79940.0,89990.0,104610.0,128380.0,,,2022,US,,29,Healthcare Practitioners and Technical Occupations
99,U.S.,1,0,Cross-industry,cross-industry,1235,29-9093,Surgical Assistants,detailed,18650,4.7,,,,29.42,61200.0,2.9,16.89,19.56,27.54,35.74,45.7,35130.0,40670.0,57290.0,74330.0,95060.0,,,2022,US,,29,Healthcare Practitioners and Technical Occupations
99,U.S.,1,0,Cross-industry,cross-industry,1235,29-9099,"Healthcare Practitioners and Technical Workers, All Other",detailed,41130,2.0,,,,32.78,68170.0,1.5,15.3,18.96,28.92,39.62,55.58,31830.0,39440.0,60160.0,82410.0,115600.0,,,2022,US,,29,Healthcare Practitioners and Technical Occupations
99,U.S.,1,0,Cross-industry,cross-industry,1235,31-1120,Home Health and Personal Care Aides,detailed,3504230,0.4,,,,14.87,30930.0,0.4,10.82,13.03,14.51,16.4,18.44,22500.0,27100.0,30180.0,34110.0,38350.0,,,2022,US,,31,Healthcare Support Occupations
99,U.S.,1,0,Cross-industry,cross-industry,1235,31-1131,Nursing Assistants,detailed,1310090,0.4,,,,17.41,36220.0,0.2,13.48,14.79,17.19,18.87,22.09,28030.0,30770.0,35760.0,39260.0,45940.0,,,2022,US,,31,Healthcare Support Occupations
99,U.S.,1,0,Cross-industry,cross-industry,1235,31-1132,Orderlies,detailed,44790,1.0,,,,17.34,36070.0,0.3,13.29,14.77,16.6,18.55,22.45,27630.0,30720.0,34520.0,38590.0,46700.0,,,2022,US,,31,Healthcare Support Occupations
99,U.S.,1,0,Cross-industry,cross-industry,1235,31-1133,Psychiatric Aides,detailed,30590,2.0,,,,18.57,38620.0,0.5,12.45,14.31,17.86,22.27,25.03,25900.0,29760.0,37160.0,46320.0,52050.0,,,2022,US,,31,Healthcare Support Occupations
99,U.S.,1,0,Cross-industry,cross-industry,1235,31-2011,Occupational Therapy Assistants,detailed,43810,1.9,,,,31.86,66280.0,0.6,23.05,27.63,30.89,36.67,41.15,47940.0,57470.0,64250.0,76270.0,85580.0,,,2022,US,,31,Healthcare Support Occupations
99,U.S.,1,0,Cross-industry,cross-industry,1235,31-2012,Occupational Therapy Aides,detailed,3710,5.7,,,,20.71,43090.0,2.2,12.07,14.71,17.82,25.59,32.73,25100.0,30590.0,37060.0,53240.0,68070.0,,,2022,US,,31,Healthcare Support Occupations
99,U.S.,1,0,Cross-industry,cross-industry,1235,31-2021,Physical Therapist Assistants,detailed,97740,1.8,,,,31.01,64510.0,0.5,20.84,25.95,30.18,36.21,40.98,43340.0,53970.0,62770.0,75310.0,85230.0,,,2022,US,,31,Healthcare Support Occupations
99,U.S.,1,0,Cross-industry,cross-industry,1235,31-2022,Physical Therapist Aides,detailed,42800,3.1,,,,15.97,33210.0,1.9,10.76,12.95,15.1,16.96,19.87,22380.0,26940.0,31410.0,35280.0,41320.0,,,2022,US,,31,Healthcare Support Occupations
99,U.S.,1,0,Cross-industry,cross-industry,1235,31-9011,Massage Therapists,detailed,86270,2.7,,,,27.43,57060.0,1.6,13.96,18.79,23.97,32.36,43.52,29040.0,39080.0,49860.0,67300.0,90530.0,,,2022,US,,31,Healthcare Support Occupations
99,U.S.,1,0,Cross-industry,cross-industry,1235,31-9091,Dental Assistants,detailed,363880,1.0,,,,21.5,44710.0,0.4,15.12,17.75,21.55,23.5,28.46,31450.0,36910.0,44820.0,48870.0,59200.0,,,2022,US,,31,Healthcare Support Occupations
99,U.S.,1,0,Cross-industry,cross-industry,1235,31-9092,Medical Assistants,detailed,752460,0.7,,,,19.57,40700.0,0.2,14.61,16.99,18.4,21.81,24.86,30390.0,35330.0,38270.0,45360.0,51710.0,,,2022,US,,31,Healthcare Support Occupations
99,U.S.,1,0,Cross-industry,cross-industry,1235,31-9093,Medical Equipment Preparers,detailed,63890,0.8,,,,21.61,44940.0,0.3,15.18,17.42,19.94,24.18,30.27,31570.0,36240.0,41480.0,50300.0,62960.0,,,2022,US,,31,Healthcare Support Occupations
99,U.S.,1,0,Cross-industry,cross-industry,1235,31-9094,Medical Transcriptionists,detailed,48680,2.4,,,,17.83,37090.0,1.0,11.7,14.0,16.7,21.13,24.65,24340.0,29120.0,34730.0,43950.0,51280.0,,,2022,US,,31,Healthcare Support Occupations
99,U.S.,1,0,Cross-industry,cross-industry,1235,31-9095,Pharmacy Aides,detailed,43230,3.4,,,,17.24,35870.0,0.7,11.82,13.75,15.99,19.04,24.13,24590.0,28600.0,33270.0,39590.0,50180.0,,,2022,US,,31,Healthcare Support Occupations
99,U.S.,1,0,Cross-industry,cross-industry,1235,31-9096,Veterinary Assistants and Laboratory Animal Caretakers,detailed,111880,1.4,,,,16.58,34490.0,0.5,12.15,14.03,16.7,18.03,21.6,25270.0,29190.0,34740.0,37510.0,44920.0,,,2022,US,,31,Healthcare Support Occupations
99,U.S.,1,0,Cross-industry,cross-industry,1235,31-9097,Phlebotomists,detailed,137090,1.8,,,,19.51,40580.0,0.3,14.54,16.84,18.53,21.77,24.81,30250.0,35020.0,38530.0,45280.0,51610.0,,,2022,US,,31,Healthcare Support Occupations
99,U.S.,1,0,Cross-industry,cross-industry,1235,31-9099,"Healthcare Support Workers, All Other",detailed,107170,1.6,,,,20.91,43490.0,0.4,13.82,16.13,19.43,24.23,29.58,28750.0,33550.0,40420.0,50400.0,61520.0,,,2022,US,,31,Healthcare Support Occupations
99,U.S.,1,0,Cross-industry,cross-industry,1235,33-1011,First-Line Supervisors of Correctional Officers,detailed,55900,0.4,,,,33.74,70190.0,0.2,20.24,22.8,30.44,41.73,53.0,42100.0,47430.0,63310.0,86800.0,110240.0,,,2022,US,,33,Protective Service Occupations
99,U.S.,1,0,Cross-industry,cross-industry,1235,33-1012,First-Line Supervisors of Police and Detectives,detailed,131860,0.4,,,,47.79,99410.0,0.4,26.0,34.74,46.29,59.06,74.88,54070.0,72260.0,96290.0,122850.0,155760.0,,,2022,US,,33,Protective Service Occupations
99,U.S.,1,0,Cross-industry,cross-industry,1235,33-1021,First-Line Supervisors of Firefighting and Prevention Workers,detailed,84040,1.0,,,,40.78,84810.0,0.5,22.2,29.72,38.53,48.95,61.93,46170.0,61820.0,80150.0,101820.0,128810.0,,,2022,US,,33,Protective Service Occupations
99,U.S.,1,0,Cross-industry,cross-industry,1235,33-1091,First-Line Supervisors of Security Workers,detailed,59520,1.2,,,,26.32,54750.0,0.7,15.33,18.05,23.47,30.67,38.94,31890.0,37530.0,48810.0,63790.0,81000.0,,,2022,US,,33,Protective Service Occupations
99,U.S.,1,0,Cross-industry,cross-industry,1235,33-1099,"First-Line Supervisors of Protective Service Workers, All Other",detailed,23340,1.4,,,,30.64,63730.0,0.7,17.32,23.22,29.34,36.03,45.23,36030.0,48300.0,61030.0,74950.0,94070.0,,,2022,US,,33,Protective Service Occupations
99,U.S.,1,0,Cross-industry,cross-industry,1235,33-2011,Firefighters,detailed,321450,1.0,,,,27.07,56310.0,0.6,14.02,17.98,24.85,34.01,40.75,29150.0,37400.0,51680.0,70730.0,84750.0,,,2022,US,,33,Protective Service Occupations
99,U.S.,1,0,Cross-industry,cross-industry,1235,33-2021,Fire Inspectors and Investigators,detailed,14510,2.2,,,,36.98,76910.0,1.0,20.64,25.62,33.39,46.38,60.39,42930.0,53290.0,69450.0,96470.0,125610.0,,,2022,US,,33,Protective Service Occupations
99,U.S.,1,0,Cross-industry,cross-industry,1235,33-2022,Forest Fire Inspectors and Prevention Specialists,detailed,2290,2.3,,,,27.3,56780.0,1.5,14.42,16.96,23.13,35.09,43.33,30000.0,35270.0,48110.0,72990.0,90120.0,,,2022,US,,33,Protective Service Occupations
99,U.S.,1,0,Cross-industry,cross-industry,1235,33-3011,Bailiffs,detailed,16470,1.4,,,,26.29,54680.0,0.7,13.6,18.03,23.6,34.69,39.68,28290.0,37510.0,49100.0,72150.0,82530.0,,,2022,US,,33,Protective Service Occupations
99,U.S.,1,0,Cross-industry,cross-industry,1235,33-3012,Correctional Officers and Jailers,detailed,363250,0.3,,,,26.33,54760.0,0.3,17.07,19.16,23.85,30.82,39.71,35510.0,39850.0,49610.0,64110.0,82600.0,,,2022,US,,33,Protective Service Occupations
99,U.S.,1,0,Cross-industry,cross-industry,1235,33-3021,Detectives and Criminal Investigators,detailed,107400,0.2,,,,44.04,91610.0,0.2,23.07,29.44,41.48,53.14,72.39,47990.0,61240.0,86280.0,110530.0,150570.0,,,2022,US,,33,Protective Service Occupations
99,U.S.,1,0,Cross-industry,cross-industry,1235,33-3031,Fish and Game Wardens,detailed,6530,0.4,,,,28.78,59860.0,0.1,15.0,22.26,28.61,35.0,41.01,31200.0,46300.0,59500.0,72800.0,85300.0,,,2022,US,,33,Protective Service Occupations
99,U.S.,1,0,Cross-industry,cross-industry,1235,33-3041,Parking Enforcement Workers,detailed,8150,4.5,,,,21.48,44670.0,0.8,14.05,16.66,19.99,25.12,30.99,29220.0,34650.0,41570.0,52250.0,64460.0,,,2022,US,,33,Protective Service Occupations
99,U.S.,1,0,Cross-industry,cross-industry,1235,33-3051,Police and Sheriff's Patrol Officers,detailed,655890,0.3,,,,34.32,71380.0,0.4,19.5,24.14,31.63,40.64,50.05,40560.0,50210.0,65790.0,84520.0,104100.0,,,2022,US,,33,Protective Service Occupations
99,U.S.,1,0,Cross-industry,cross-industry,1235,33-3052,Transit and Railroad Police,detailed,3370,3.1,,,,36.72,76380.0,1.4,24.08,27.4,33.25,44.51,54.96,50080.0,56990.0,69150.0,92580.0,114310.0,,,2022,US,,33,Protective Service Occupations
99,U.S.,1,0,Cross-industry,cross-industry,1235,33-9011,Animal Control Workers,detailed,11490,1.4,,,,21.05,43780.0,0.9,13.67,15.99,18.9,24.06,29.83,28430.0,33260.0,39320.0,50040.0,62050.0,,,2022,US,,33,Protective Service Occupations
99,U.S.,1,0,Cross-industry,cross-industry,1235,33-9021,Private Detectives and Investigators,detailed,32050,4.9,,,,28.56,59400.0,1.3,16.21,18.44,25.06,36.42,44.55,33710.0,38360.0,52120.0,75740.0,92660.0,,,2022,US,,33,Protective Service Occupations
99,U.S.,1,0,Cross-industry,cross-industry,1235,33-9031,Gambling Surveillance Officers and Gambling Investigators,detailed,10500,3.5,,,,18.89,39290.0,0.6,13.17,14.56,17.3,21.46,27.5,27400.0,30290.0,35970.0,44630.0,57190.0,,,2022,US,,33,Protective Service Occupations
99,U.S.,1,0,Cross-industry,cross-industry,1235,33-9032,Security Guards,detailed,1124890,0.4,,,,17.64,36700.0,0.3,11.55,13.88,16.71,18.96,24.69,24020.0,28860.0,34750.0,39440.0,51350.0,,,2022,US,,33,Protective Service Occupations
99,U.S.,1,0,Cross-industry,cross-industry,1235,33-9091,Crossing Guards and Flaggers,detailed,91270,2.1,,,,18.02,37490.0,1.1,12.5,14.0,16.05,19.47,27.43,26000.0,29120.0,33380.0,40510.0,57060.0,,,2022,US,,33,Protective Service Occupations
99,U.S.,1,0,Cross-industry,cross-industry,1235,33-9092,"Lifeguards, Ski Patrol, and Other Recreational Protective Service Workers",detailed,107930,1.5,,,,13.64,28370.0,0.4,9.84,11.0,13.11,15.03,17.76,20460.0,22880.0,27270.0,31260.0,36930.0,,,2022,US,,33,Protective Service Occupations
99,U.S.,1,0,Cross-industry,cross-industry,1235,33-9093,Transportation Security Screeners,detailed,47550,0.6,,,,23.33,48520.0,0.2,18.53,20.48,22.94,25.22,28.82,38540.0,42600.0,47710.0,52460.0,59950.0,,,2022,US,,33,Protective Service Occupations
99,U.S.,1,0,Cross-industry,cross-industry,1235,33-9094,School Bus Monitors,detailed,64100,1.9,,,,14.93,31040.0,0.4,11.25,13.0,14.37,16.86,18.25,23410.0,27040.0,29880.0,35060.0,37960.0,,,2022,US,,33,Protective Service Occupations
99,U.S.,1,0,Cross-industry,cross-industry,1235,33-9099,"Protective Service Workers, All Other",detailed,93840,2.1,,,,20.8,43270.0,1.3,13.52,15.0,17.53,22.61,29.99,28110.0,31200.0,36460.0,47020.0,62380.0,,,2022,US,,33,Protective Service Occupations
99,U.S.,1,0,Cross-industry,cross-industry,1235,35-1011,Chefs and Head Cooks,detailed,160190,2.6,,,,28.95,60210.0,0.8,16.23,20.65,27.17,35.01,44.0,33750.0,42950.0,56520.0,72820.0,91520.0,,,2022,US,,35,Food Preparation and Serving Related Occupations
99,U.S.,1,0,Cross-industry,cross-industry,1235,35-1012,First-Line Supervisors of Food Preparation and Serving Workers,detailed,1169620,0.6,,,,19.72,41020.0,0.4,13.32,15.0,17.81,22.46,28.68,27700.0,31200.0,37050.0,46710.0,59650.0,,,2022,US,,35,Food Preparation and Serving Related Occupations
99,U.S.,1,0,Cross-industry,cross-industry,1235,35-2011,"Cooks, Fast Food",detailed,725590,1.7,,,,13.43,27920.0,0.6,9.94,10.84,13.29,15.37,17.21,20680.0,22550.0,27640.0,31970.0,35800.0,,,2022,US,,35,Food Preparation and Serving Related Occupations
99,U.S.,1,0,Cross-industry,cross-industry,1235,35-2012,"Cooks, Institution and Cafeteria",detailed,417780,0.6,,,,16.19,33670.0,0.4,11.18,13.22,15.63,18.15,21.74,23250.0,27490.0,32510.0,37760.0,45230.0,,,2022,US,,35,Food Preparation and Serving Related Occupations
99,U.S.,1,0,Cross-industry,cross-industry,1235,35-2013,"Cooks, Private Household",detailed,610,34.5,,,,21.88,45510.0,13.6,12.0,12.8,18.54,25.03,44.25,24950.0,26620.0,38570.0,52070.0,92030.0,,,2022,US,,35,Food Preparation and Serving Related Occupations
99,U.S.,1,0,Cross-industry,cross-industry,1235,35-2014,"Cooks, Restaurant",detailed,1321480,0.8,,,,16.32,33940.0,0.5,11.35,13.8,16.4,17.96,21.43,23610.0,28690.0,34110.0,37350.0,44570.0,,,2022,US,,35,Food Preparation and Serving Related Occupations
99,U.S.,1,0,Cross-industry,cross-industry,1235,35-2015,"Cooks, Short Order",detailed,133290,6.9,,,,14.8,30770.0,1.0,10.34,12.18,14.6,16.91,19.28,21510.0,25330.0,30360.0,35170.0,40110.0,,,2022,US,,35,Food Preparation and Serving Related Occupations
99,U.S.,1,0,Cross-industry,cross-industry,1235,35-2019,"Cooks, All Other",detailed,18590,6.7,,,,16.88,35120.0,1.3,11.37,13.94,16.06,18.28,22.14,23650.0,28990.0,33390.0,38030.0,46040.0,,,2022,US,,35,Food Preparation and Serving Related Occupations
99,U.S.,1,0,Cross-industry,cross-industry,1235,35-2021,Food Preparation Workers,detailed,904330,1.4,,,,14.77,30720.0,0.4,10.47,12.44,14.32,16.81,18.65,21770.0,25880.0,29790.0,34970.0,38780.0,,,2022,US,,35,Food Preparation and Serving Related Occupations
99,U.S.,1,0,Cross-industry,cross-industry,1235,35-3011,Bartenders,detailed,613070,1.2,,,,16.58,34490.0,0.9,9.18,10.74,14.12,18.06,27.51,19100.0,22340.0,29380.0,37560.0,57220.0,,,2022,US,,35,Food Preparation and Serving Related Occupations
99,U.S.,1,0,Cross-industry,cross-industry,1235,35-3023,Fast Food and Counter Workers,detailed,3325050,0.7,,,,13.53,28130.0,0.4,10.17,11.06,13.43,15.13,17.0,21150.0,23010.0,27930.0,31480.0,35350.0,,,2022,US,,35,Food Preparation and Serving Related Occupations
99,U.S.,1,0,Cross-industry,cross-industry,1235,35-3031,Waiters and Waitresses,detailed,2122210,0.7,,,,15.87,33020.0,0.7,8.77,10.49,14.0,17.5,26.62,18250.0,21810.0,29120.0,36400.0,55360.0,,,2022,US,,35,Food Preparation and Serving Related Occupations
99,U.S.,1,0,Cross-industry,cross-industry,1235,35-3041,"Food Servers, Nonrestaurant",detailed,248870,1.2,,,,15.36,31940.0,0.6,10.9,12.94,14.57,16.91,20.16,22680.0,26920.0,30300.0,35170.0,41920.0,,,2022,US,,35,Food Preparation and Serving Related Occupations
99,U.S.,1,0,Cross-industry,cross-industry,1235,35-9011,Dining Room and Cafeteria Attendants and Bartender Helpers,detailed,439770,3.0,,,,14.56,30290.0,0.8,9.94,11.21,14.0,16.28,19.11,20680.0,23320.0,29120.0,33860.0,39760.0,,,2022,US,,35,Food Preparation and Serving Related Occupations
99,U.S.,1,0,Cross-industry,cross-industry,1235,35-9021,Dishwashers,detailed,431840,1.0,,,,14.21,29560.0,0.5,10.42,11.99,13.98,16.21,17.48,21670.0,24940.0,29080.0,33710.0,36350.0,,,2022,US,,35,Food Preparation and Serving Related Occupations
99,U.S.,1,0,Cross-industry,cross-industry,1235,35-9031,"Hosts and Hostesses, Restaurant, Lounge, and Coffee Shop",detailed,400420,1.2,,,,13.64,28380.0,0.6,9.86,10.88,13.33,15.05,17.4,20500.0,22630.0,27720.0,31300.0,36180.0,,,2022,US,,35,Food Preparation and Serving Related Occupations
99,U.S.,1,0,Cross-industry,cross-industry,1235,35-9099,"Food Preparation and Serving Related Workers, All Other",detailed,81930,4.9,,,,15.38,31990.0,1.2,10.42,13.0,14.83,17.0,20.17,21660.0,27040.0,30840.0,35360.0,41960.0,,,2022,US,,35,Food Preparation and Serving Related Occupations
99,U.S.,1,0,Cross-industry,cross-industry,1235,37-1011,First-Line Supervisors of Housekeeping and Janitorial Workers,detailed,165750,0.7,,,,22.8,47430.0,0.5,14.37,17.29,21.36,27.23,32.95,29890.0,35970.0,44440.0,56640.0,68540.0,,,2022,US,,37,Building and Grounds Cleaning and Maintenance Occupations
99,U.S.,1,0,Cross-industry,cross-industry,1235,37-1012,"First-Line Supervisors of Landscaping, Lawn Service, and Groundskeeping Workers",detailed,122910,1.3,,,,26.81,55770.0,0.6,17.56,20.71,24.43,30.9,38.75,36520.0,43080.0,50810.0,64270.0,80600.0,,,2022,US,,37,Building and Grounds Cleaning and Maintenance Occupations
99,U.S.,1,0,Cross-industry,cross-industry,1235,37-2011,"Janitors and Cleaners, Except Maids and Housekeeping Cleaners",detailed,2148350,0.4,,,,16.33,33960.0,0.4,11.13,13.42,15.38,18.06,22.31,23160.0,27920.0,31990.0,37560.0,46400.0,,,2022,US,,37,Building and Grounds Cleaning and Maintenance Occupations
99,U.S.,1,0,Cross-industry,cross-industry,1235,37-2012,Maids and Housekeeping Cleaners,detailed,771390,1.3,,,,15.35,31920.0,0.4,10.83,12.75,14.4,17.06,20.54,22520.0,26510.0,29960.0,35480.0,42720.0,,,2022,US,,37,Building and Grounds Cleaning and Maintenance Occupations
99,U.S.,1,0,Cross-industry,cross-industry,1235,37-2019,"Building Cleaning Workers, All Other",detailed,15630,6.9,,,,19.89,41360.0,2.5,12.48,14.95,17.88,22.09,28.26,25950.0,31090.0,37200.0,45940.0,58780.0,,,2022,US,,37,Building and Grounds Cleaning and Maintenance Occupations
99,U.S.,1,0,Cross-industry,cross-industry,1235,37-2021,Pest Control Workers,detailed,91160,1.2,,,,20.29,42210.0,0.6,14.06,16.87,18.42,22.6,28.35,29250.0,35090.0,38310.0,47010.0,58970.0,,,2022,US,,37,Building and Grounds Cleaning and Maintenance Occupations
99,U.S.,1,0,Cross-industry,cross-industry,1235,37-3011,Landscaping and Groundskeeping Workers,detailed,914230,0.6,,,,17.92,37270.0,0.3,13.24,14.61,17.26,20.2,23.33,27550.0,30400.0,35890.0,42020.0,48530.0,,,2022,US,,37,Building and Grounds Cleaning and Maintenance Occupations
99,U.S.,1,0,Cross-industry,cross-industry,1235,37-3012,"Pesticide Handlers, Sprayers, and Applicators, Vegetation",detailed,22740,5.0,,,,20.46,42560.0,1.1,14.07,17.18,19.93,23.16,27.12,29270.0,35730.0,41440.0,48170.0,56400.0,,,2022,US,,37,Building and Grounds Cleaning and Maintenance Occupations
99,U.S.,1,0,Cross-industry,cross-industry,1235,37-3013,Tree Trimmers and Pruners,detailed,48150,4.4,,,,23.95,49820.0,1.4,14.74,18.25,22.64,28.3,34.79,30650.0,37950.0,47080.0,58860.0,72370.0,,,2022,US,,37,Building and Grounds Cleaning and Maintenance Occupations
99,U.S.,1,0,Cross-industry,cross-industry,1235,37-3019,"Grounds Maintenance Workers, All Other",detailed,16050,6.3,,,,21.03,43750.0,2.0,14.0,15.75,19.0,24.03,32.39,29120.0,32770.0,39520.0,49980.0,67370.0,,,2022,US,,37,Building and Grounds Cleaning and Maintenance Occupations
99,U.S.,1,0,Cross-industry,cross-industry,1235,39-1013,First-Line Supervisors of Gambling Services Workers,detailed,21900,1.1,,,,27.11,56400.0,0.6,16.93,22.32,27.06,31.48,37.3,35200.0,46430.0,56290.0,65480.0,77590.0,,,2022,US,,39,Personal Care and Service Occupations
99,U.S.,1,0,Cross-industry,cross-industry,1235,39-1014,"First-Line Supervisors of Entertainment and Recreation Workers, Except Gambling Services",detailed,79060,1.1,,,,23.38,48630.0,0.6,14.07,16.95,21.47,27.85,35.1,29270.0,35250.0,44660.0,57930.0,73010.0,,,2022,US,,39,Personal Care and Service Occupations
99,U.S.,1,0,Cross-industry,cross-industry,1235,39-1022,First-Line Supervisors of Personal Service Workers,detailed,104480,1.4,,,,22.75,47330.0,0.6,13.98,16.9,21.0,26.77,33.5,29070.0,35140.0,43680.0,55680.0,69690.0,,,2022,US,,39,Personal Care and Service Occupations
99,U.S.,1,0,Cross-industry,cross-industry,1235,39-2011,Animal Trainers,detailed,17710,3.6,,,,20.11,41820.0,2.6,13.0,14.26,17.13,22.24,32.14,27050.0,29660.0,35620.0,46250.0,66850.0,,,2022,US,,39,Personal Care and Service Occupations
99,U.S.,1,0,Cross-industry,cross-industry,1235,39-2021,Animal Caretakers,detailed,256670,2.7,,,,15.46,32160.0,0.6,10.7,12.68,14.2,17.04,21.29,22250.0,26370.0,29530.0,35450.0,44280.0,,,2022,US,,39,Personal Care and Service Occupations
99,U.S.,1,0,Cross-industry,cross-industry,1235,39-3011,Gambling Dealers,detailed,71290,0.8,,,,16.51,34350.0,0.9,9.42,10.6,14.0,18.09,29.35,19590.0,22060.0,29120.0,37630.0,61060.0,,,2022,US,,39,Personal Care and Service Occupations
99,U.S.,1,0,Cross-industry,cross-industry,1235,39-3012,Gambling and Sports Book Writers and Runners,detailed,7910,4.5,,,,15.53,32310.0,2.0,10.04,11.9,13.91,17.42,20.9,20890.0,24760.0,28940.0,36230.0,43480.0,,,2022,US,,39,Personal Care and Service Occupations
99,U.S.,1,0,Cross-industry,cross-industry,1235,39-3019,"Gambling Service Workers, All Other",detailed,12260,4.5,,,,16.51,34340.0,1.2,10.65,12.37,14.59,18.08,23.29,22140.0,25740.0,30350.0,37600.0,48440.0,,,2022,US,,39,Personal Care and Service Occupations
99,U.S.,1,0,Cross-industry,cross-industry,1235,39-3021,Motion Picture Projectionists,detailed,1900,11.7,,,,17.17,35710.0,3.5,10.45,12.69,16.04,18.51,24.14,21730.0,26380.0,33360.0,38490.0,50220.0,,,2022,US,,39,Personal Care and Service Occupations
99,U.S.,1,0,Cross-industry,cross-industry,1235,39-3031,"Ushers, Lobby Attendants, and Ticket Takers",detailed,98350,2.1,,,,13.8,28700.0,0.7,9.62,10.69,13.29,15.6,17.93,20020.0,22240.0,27650.0,32450.0,37300.0,,,2022,US,,39,Personal Care and Service Occupations
99,U.S.,1,0,Cross-industry,cross-industry,1235,39-3091,Amusement and Recreation Attendants,detailed,324580,1.4,,,,13.63,28350.0,0.6,9.7,10.96,13.36,15.37,17.75,20170.0,22790.0,27780.0,31970.0,36920.0,,,2022,US,,39,Personal Care and Service Occupations
99,U.S.,1,0,Cross-industry,cross-industry,1235,39-3092,Costume Attendants,detailed,5730,3.4,,,,26.48,55070.0,1.3,15.06,17.9,23.3,31.41,41.26,31310.0,37220.0,48470.0,65330.0,85820.0,,,2022,US,,39,Personal Care and Service Occupations
99,U.S.,1,0,Cross-industry,cross-industry,1235,39-3093,"Locker Room, Coatroom, and Dressing Room Attendants",detailed,12130,3.9,,,,15.66,32560.0,1.2,10.88,12.37,14.53,17.31,22.01,22620.0,25730.0,30210.0,36010.0,45770.0,,,2022,US,,39,Personal Care and Service Occupations
99,U.S.,1,0,Cross-industry,cross-industry,1235,39-3099,"Entertainment Attendants and Related Workers, All Other",detailed,4930,7.3,,,,14.81,30810.0,2.3,8.99,10.32,13.11,16.97,21.56,18700.0,21470.0,27260.0,35300.0,44850.0,,,2022,US,,39,Personal Care and Service Occupations
99,U.S.,1,0,Cross-industry,cross-industry,1235,39-4011,Embalmers,detailed,3950,4.0,,,,26.02,54120.0,1.8,15.19,19.95,23.99,30.13,38.38,31600.0,41490.0,49910.0,62680.0,79830.0,,,2022,US,,39,Personal Care and Service Occupations
99,U.S.,1,0,Cross-industry,cross-industry,1235,39-4012,Crematory Operators,detailed,2930,10.8,,,,20.73,43120.0,1.7,14.73,16.75,19.4,22.74,27.84,30630.0,34840.0,40360.0,47300.0,57910.0,,,2022,US,,39,Personal Care and Service Occupations
99,U.S.,1,0,Cross-industry,cross-industry,1235,39-4021,Funeral Attendants,detailed,32950,1.7,,,,16.51,34340.0,1.3,11.16,13.4,14.98,17.92,22.32,23210.0,27880.0,31160.0,37270.0,46420.0,,,2022,US,,39,Personal Care and Service Occupations
99,U.S.,1,0,Cross-industry,cross-industry,1235,39-4031,"Morticians, Undertakers, and Funeral Arrangers",detailed,23940,2.3,,,,28.09,58430.0,1.6,14.63,18.5,24.79,34.31,44.83,30440.0,38480.0,51570.0,71360.0,93250.0,,,2022,US,,39,Personal Care and Service Occupations
99,U.S.,1,0,Cross-industry,cross-industry,1235,39-5011,Barbers,detailed,12690,16.8,,,,18.92,39350.0,2.5,11.0,13.91,16.82,22.49,29.29,22880.0,28930.0,34990.0,46770.0,60910.0,,,2022,US,,39,Personal Care and Service Occupations
99,U.S.,1,0,Cross-industry,cross-industry,1235,39-5012,"Hairdressers, Hairstylists, and Cosmetologists",detailed,298050,3.2,,,,18.71,38910.0,1.0,10.48,13.17,16.01,21.98,28.88,21800.0,27400.0,33290.0,45710.0,60080.0,,,2022,US,,39,Personal Care and Service Occupations
99,U.S.,1,0,Cross-industry,cross-industry,1235,39-5091,"Makeup Artists, Theatrical and Performance",detailed,2970,17.8,,,,45.12,93850.0,5.8,18.0,23.28,46.33,51.66,82.15,37440.0,48420.0,96370.0,107450.0,170860.0,,,2022,US,,39,Personal Care and Service Occupations
99,U.S.,1,0,Cross-industry,cross-industry,1235,39-5092,Manicurists and Pedicurists,detailed,138020,1.9,,,,16.14,33560.0,1.0,11.22,14.0,14.97,16.88,21.72,23330.0,29120.0,31130.0,35110.0,45180.0,,,2022,US,,39,Personal Care and Service Occupations
99,U.S.,1,0,Cross-industry,cross-industry,1235,39-5093,Shampooers,detailed,7480,8.5,,,,13.4,27870.0,2.1,10.31,11.85,13.4,14.52,16.23,21430.0,24650.0,27860.0,30190.0,33770.0,,,2022,US,,39,Personal Care and Service Occupations
99,U.S.,1,0,Cross-industry,cross-industry,1235,39-5094,Skincare Specialists,detailed,61990,3.9,,,,22.98,47790.0,3.3,12.28,14.91,18.3,25.51,38.13,25540.0,31020.0,38060.0,53050.0,79300.0,,,2022,US,,39,Personal Care and Service Occupations
99,U.S.,1,0,Cross-industry,cross-industry,1235,39-6011,Baggage Porters and Bellhops,detailed,26520,3.3,,,,15.93,33130.0,1.3,10.68,13.1,15.15,17.59,21.9,22210.0,27240.0,31510.0,36600.0,45560.0,,,2022,US,,39,Personal Care and Service Occupations
99,U.S.,1,0,Cross-industry,cross-industry,1235,39-6012,Concierges,detailed,37600,4.8,,,,18.4,38270.0,1.3,12.92,14.64,17.1,20.62,27.19,26880.0,30460.0,35560.0,42880.0,56550.0,,,2022,US,,39,Personal Care and Service Occupations
99,U.S.,1,0,Cross-industry,cross-industry,1235,39-7010,Tour and Travel Guides,detailed,41180,3.0,,,,18.17,37790.0,1.2,11.25,13.57,16.56,20.61,26.51,23400.0,28220.0,34440.0,42870.0,55130.0,,,2022,US,,39,Personal Care and Service Occupations
99,U.S.,1,0,Cross-industry,cross-industry,1235,39-9011,Childcare Workers,detailed,459460,2.1,,,,14.22,29570.0,0.5,10.22,11.31,13.71,16.28,18.79,21250.0,23530.0,28520.0,33870.0,39090.0,,,2022,US,,39,Personal Care and Service Occupations
99,U.S.,1,0,Cross-industry,cross-industry,1235,39-9031,Exercise Trainers and Group Fitness Instructors,detailed,250540,1.6,,,,24.12,50170.0,1.6,11.5,15.16,21.82,28.87,38.62,23920.0,31530.0,45380.0,60060.0,80330.0,,,2022,US,,39,Personal Care and Service Occupations
99,U.S.,1,0,Cross-industry,cross-industry,1235,39-9032,Recreation Workers,detailed,270380,1.1,,,,16.43,34170.0,0.5,10.86,13.0,15.23,18.03,23.21,22580.0,27040.0,31680.0,37500.0,48270.0,,,2022,US,,39,Personal Care and Service Occupations
99,U.S.,1,0,Cross-industry,cross-industry,1235,39-9041,Residential Advisors,detailed,86770,2.0,,,,18.04,37530.0,0.6,12.3,14.33,17.17,20.88,24.75,25580.0,29800.0,35720.0,43430.0,51480.0,,,2022,US,,39,Personal Care and Service Occupations
99,U.S.,1,0,Cross-industry,cross-industry,1235,39-9099,"Personal Care and Service Workers, All Other",detailed,59310,3.0,,,,16.14,33580.0,0.8,10.82,13.56,16.67,16.74,20.3,22510.0,28200.0,34670.0,34830.0,42230.0,,,2022,US,,39,Personal Care and Service Occupations
99,U.S.,1,0,Cross-industry,cross-industry,1235,41-1011,First-Line Supervisors of Retail Sales Workers,detailed,1097160,0.8,,,,24.1,50130.0,0.3,14.09,17.26,21.75,27.82,35.86,29310.0,35900.0,45250.0,57860.0,74580.0,,,2022,US,,41,Sales and Related Occupations
99,U.S.,1,0,Cross-industry,cross-industry,1235,41-1012,First-Line Supervisors of Non-Retail Sales Workers,detailed,237520,1.2,,,,46.58,96890.0,0.5,22.87,30.36,39.83,55.44,77.74,47570.0,63150.0,82850.0,115320.0,161690.0,,,2022,US,,41,Sales and Related Occupations
99,U.S.,1,0,Cross-industry,cross-industry,1235,41-2011,Cashiers,detailed,3296040,0.7,,,,13.81,28730.0,0.3,10.31,11.5,13.58,15.24,17.26,21440.0,23920.0,28240.0,31690.0,35900.0,,,2022,US,,41,Sales and Related Occupations
99,U.S.,1,0,Cross-industry,cross-industry,1235,41-2012,Gambling Change Persons and Booth Cashiers,detailed,18800,1.8,,,,15.84,32950.0,0.7,10.16,12.0,14.43,17.69,22.52,21130.0,24960.0,30010.0,36800.0,46840.0,,,2022,US,,41,Sales and Related Occupations
99,U.S.,1,0,Cross-industry,cross-industry,1235,41-2021,Counter and Rental Clerks,detailed,370770,1.3,,,,18.9,39320.0,0.5,11.84,14.27,17.23,21.62,27.64,24620.0,29680.0,35830.0,44960.0,57490.0,,,2022,US,,41,Sales and Related Occupations
99,U.S.,1,0,Cross-industry,cross-industry,1235,41-2022,Parts Salespersons,detailed,259280,2.0,,,,18.87,39250.0,0.4,11.31,13.96,17.21,22.24,28.4,23510.0,29030.0,35800.0,46270.0,59070.0,,,2022,US,,41,Sales and Related Occupations
99,U.S.,1,0,Cross-industry,cross-industry,1235,41-2031,Retail Salespersons,detailed,3640040,0.6,,,,16.7,34730.0,0.3,10.86,12.96,14.71,17.35,22.69,22590.0,26950.0,30600.0,36090.0,47200.0,,,2022,US,,41,Sales and Related Occupations
99,U.S.,1,0,Cross-industry,cross-industry,1235,41-3011,Advertising Sales Agents,detailed,106560,1.9,,,,35.22,73260.0,1.4,14.67,19.23,28.1,39.84,63.77,30510.0,39990.0,58450.0,82880.0,132640.0,,,2022,US,,41,Sales and Related Occupations
99,U.S.,1,0,Cross-industry,cross-industry,1235,41-3021,Insurance Sales Agents,detailed,445540,1.3,,,,37.0,76950.0,2.1,15.16,19.25,27.82,39.41,62.67,31530.0,40030.0,57860.0,81970.0,130350.0,,,2022,US,,41,Sales and Related Occupations
99,U.S.,1,0,Cross-industry,cross-industry,1235,41-3031,"Securities, Commodities, and Financial Services Sales Agents",detailed,443220,1.0,,,,48.43,100740.0,1.7,19.33,23.22,32.44,53.23,91.16,40200.0,48300.0,67480.0,110710.0,189620.0,,,2022,US,,41,Sales and Related Occupations
99,U.S.,1,0,Cross-industry,cross-industry,1235,41-3041,Travel Agents,detailed,53180,7.0,,,,23.2,48250.0,1.8,14.26,17.59,22.31,28.14,30.82,29650.0,36590.0,46400.0,58520.0,64100.0,,,2022,US,,41,Sales and Related Occupations
99,U.S.,1,0,Cross-industry,cross-industry,1235,41-3091,"Sales Representatives of Services, Except Advertising, Insurance, Financial Services, and Travel",detailed,1075750,1.1,,,,37.21,77390.0,0.9,16.53,21.77,30.0,45.28,65.01,34390.0,45280.0,62400.0,94170.0,135210.0,,,2022,US,,41,Sales and Related Occupations
99,U.S.,1,0,Cross-industry,cross-industry,1235,41-4011,"Sales Representatives, Wholesale and Manufacturing, Technical and Scientific Products",detailed,290830,1.5,,,,52.86,109950.0,0.9,22.19,30.05,46.97,66.43,87.79,46160.0,62500.0,97710.0,138180.0,182610.0,,,2022,US,,41,Sales and Related Occupations
99,U.S.,1,0,Cross-industry,cross-industry,1235,41-4012,"Sales Representatives, Wholesale and Manufacturing, Except Technical and Scientific Products",detailed,1273400,0.5,,,,36.96,76890.0,0.6,17.21,22.7,30.4,44.85,62.24,35790.0,47220.0,63230.0,93280.0,129450.0,,,2022,US,,41,Sales and Related Occupations
99,U.S.,1,0,Cross-industry,cross-industry,1235,41-9011,Demonstrators and Product Promoters,detailed,43410,4.2,,,,18.5,38470.0,1.4,12.6,14.14,16.71,20.01,27.99,26200.0,29420.0,34770.0,41620.0,58220.0,,,2022,US,,41,Sales and Related Occupations
99,U.S.,1,0,Cross-industry,cross-industry,1235,41-9012,Models,detailed,2070,12.1,,,,37.17,77310.0,10.1,13.06,14.2,20.73,45.67,75.0,27170.0,29540.0,43130.0,95000.0,156000.0,,,2022,US,,41,Sales and Related Occupations
99,U.S.,1,0,Cross-industry,cross-industry,1235,41-9021,Real Estate Brokers,detailed,52310,8.9,,,,43.72,90930.0,12.6,17.48,23.69,29.9,46.79,83.18,36360.0,49280.0,62190.0,97320.0,173000.0,,,2022,US,,41,Sales and Related Occupations
99,U.S.,1,0,Cross-industry,cross-industry,1235,41-9022,Real Estate Sales Agents,detailed,193010,4.0,,,,31.66,65850.0,1.4,14.01,17.35,24.03,37.62,54.48,29130.0,36090.0,49980.0,78240.0,113320.0,,,2022,US,,41,Sales and Related Occupations
99,U.S.,1,0,Cross-industry,cross-industry,1235,41-9031,Sales Engineers,detailed,59700,2.7,,,,60.32,125460.0,1.5,31.15,39.87,52.18,74.61,93.82,64790.0,82940.0,108530.0,155180.0,195140.0,,,2022,US,,41,Sales and Related Occupations
99,U.S.,1,0,Cross-industry,cross-industry,1235,41-9041,Telemarketers,detailed,96520,2.6,,,,16.15,33600.0,0.7,10.74,13.15,14.92,17.79,22.16,22350.0,27360.0,31030.0,36990.0,46100.0,,,2022,US,,41,Sales and Related Occupations
99,U.S.,1,0,Cross-industry,cross-industry,1235,41-9091,"Door-to-Door Sales Workers, News and Street Vendors, and Related Workers",detailed,8640,7.4,,,,17.44,36280.0,2.3,9.87,12.08,14.95,18.77,24.93,20540.0,25130.0,31100.0,39030.0,51860.0,,,2022,US,,41,Sales and Related Occupations
99,U.S.,1,0,Cross-industry,cross-industry,1235,41-9099,"Sales and Related Workers, All Other",detailed,119490,3.5,,,,27.13,56440.0,2.3,13.39,15.73,21.21,31.89,44.74,27860.0,32710.0,44120.0,66330.0,93070.0,,,2022,US,,41,Sales and Related Occupations
99,U.S.,1,0,Cross-industry,cross-industry,1235,43-1011,First-Line Supervisors of Office and Administrative Support Workers,detailed,1495440,0.2,,,,31.49,65510.0,0.3,18.47,23.1,29.51,37.22,46.87,38420.0,48040.0,61370.0,77430.0,97490.0,,,2022,US,,43,Office and Administrative Support Occupations
99,U.S.,1,0,Cross-industry,cross-industry,1235,43-2011,"Switchboard Operators, Including Answering Service",detailed,47430,2.8,,,,17.9,37230.0,0.4,12.33,14.26,16.67,19.27,25.34,25640.0,29650.0,34670.0,40070.0,52710.0,,,2022,US,,43,Office and Administrative Support Occupations
99,U.S.,1,0,Cross-industry,cross-industry,1235,43-2021,Telephone Operators,detailed,4030,7.3,,,,19.99,41590.0,1.9,13.19,15.01,18.43,23.8,30.96,27430.0,31220.0,38330.0,49510.0,64390.0,,,2022,US,,43,Office and Administrative Support Occupations
99,U.S.,1,0,Cross-industry,cross-industry,1235,43-2099,"Communications Equipment Operators, All Other",detailed,1240,10.4,,,,24.11,50140.0,2.9,14.2,18.69,22.2,28.26,35.73,29540.0,38880.0,46180.0,58780.0,74320.0,,,2022,US,,43,Office and Administrative Support Occupations
99,U.S.,1,0,Cross-industry,cross-industry,1235,43-3011,Bill and Account Collectors,detailed,202840,1.3,,,,20.59,42820.0,0.4,14.19,16.73,18.98,23.22,28.66,29510.0,34800.0,39470.0,48290.0,59610.0,,,2022,US,,43,Office and Administrative Support Occupations
99,U.S.,1,0,Cross-industry,cross-industry,1235,43-3021,Billing and Posting Clerks,detailed,441980,1.2,,,,21.54,44800.0,0.2,15.19,17.69,20.58,23.81,29.08,31580.0,36800.0,42810.0,49520.0,60480.0,,,2022,US,,43,Office and Administrative Support Occupations
99,U.S.,1,0,Cross-industry,cross-industry,1235,43-3031,"Bookkeeping, Accounting, and Auditing Clerks",detailed,1550750,0.7,,,,22.81,47440.0,0.2,14.64,17.87,22.05,26.59,31.51,30460.0,37180.0,45860.0,55310.0,65540.0,,,2022,US,,43,Office and Administrative Support Occupations
99,U.S.,1,0,Cross-industry,cross-industry,1235,43-3041,Gambling Cage Workers,detailed,11730,2.5,,,,16.04,33370.0,0.7,11.29,13.57,15.25,17.88,21.37,23480.0,28230.0,31720.0,37200.0,44460.0,,,2022,US,,43,Office and Administrative Support Occupations
99,U.S.,1,0,Cross-industry,cross-industry,1235,43-3051,Payroll and Timekeeping Clerks,detailed,159190,1.3,,,,25.14,52300.0,0.4,16.45,19.46,23.86,29.41,35.37,34220.0,40470.0,49630.0,61170.0,73580.0,,,2022,US,,43,Office and Administrative Support Occupations
99,U.S.,1,0,Cross-industry,cross-industry,1235,43-3061,Procurement Clerks,detailed,63340,1.0,,,,22.38,46560.0,0.3,15.6,18.18,21.75,25.53,29.94,32450.0,37800.0,45240.0,53100.0,62280.0,,,2022,US,,43,Office and Administrative Support Occupations
99,U.S.,1,0,Cross-industry,cross-industry,1235,43-3071,Tellers,detailed,352440,2.1,,,,17.69,36800.0,0.3,13.73,14.97,17.49,18.97,22.29,28570.0,31140.0,36380.0,39450.0,46350.0,,,2022,US,,43,Office and Administrative Support Occupations
99,U.S.,1,0,Cross-industry,cross-industry,1235,43-3099,"Financial Clerks, All Other",detailed,41850,4.0,,,,23.9,49710.0,1.6,16.03,18.75,22.66,27.17,33.05,33330.0,39000.0,47130.0,56520.0,68740.0,,,2022,US,,43,Office and Administrative Support Occupations
99,U.S.,1,0,Cross-industry,cross-industry,1235,43-4011,Brokerage Clerks,detailed,42700,3.9,,,,28.46,59200.0,0.7,19.28,23.11,26.29,30.53,38.39,40090.0,48070.0,54680.0,63500.0,79860.0,,,2022,US,,43,Office and Administrative Support Occupations
99,U.S.,1,0,Cross-industry,cross-industry,1235,43-4021,Correspondence Clerks,detailed,4970,5.6,,,,20.46,42560.0,1.8,14.39,16.7,18.61,23.15,28.77,29930.0,34740.0,38700.0,48140.0,59840.0,,,2022,US,,43,Office and Administrative Support Occupations
99,U.S.,1,0,Cross-industry,cross-industry,1235,43-4031,"Court, Municipal, and License Clerks",detailed,159760,0.8,,,,22.25,46280.0,0.2,14.57,17.52,21.22,25.0,30.6,30310.0,36440.0,44140.0,51990.0,63640.0,,,2022,US,,43,Office and Administrative Support Occupations
99,U.S.,1,0,Cross-industry,cross-industry,1235,43-4041,"Credit Authorizers, Checkers, and Clerks",detailed,16290,2.9,,,,22.2,46180.0,1.4,14.82,17.55,21.55,25.62,30.81,30830.0,36500.0,44830.0,53290.0,64080.0,,,2022,US,,43,Office and Administrative Support Occupations
99,U.S.,1,0,Cross-industry,cross-industry,1235,43-4051,Customer Service Representatives,detailed,2879840,0.7,,,,19.8,41190.0,0.1,13.46,15.16,18.16,22.6,28.67,27990.0,31520.0,37780.0,47010.0,59630.0,,,2022,US,,43,Office and Administrative Support Occupations
99,U.S.,1,0,Cross-industry,cross-industry,1235,43-4061,"Eligibility Interviewers, Government Programs",detailed,149760,0.6,,,,24.05,50020.0,0.1,15.98,18.78,23.67,28.69,31.76,33230.0,39060.0,49230.0,59680.0,66060.0,,,2022,US,,43,Office and Administrative Support Occupations
99,U.S.,1,0,Cross-industry,cross-industry,1235,43-4071,File Clerks,detailed,87250,3.1,,,,19.02,39560.0,0.8,12.59,14.92,17.93,22.39,27.54,26190.0,31030.0,37290.0,46570.0,57280.0,,,2022,US,,43,Office and Administrative Support Occupations
99,U.S.,1,0,Cross-industry,cross-industry,1235,43-4081,"Hotel, Motel, and Resort Desk Clerks",detailed,243180,0.9,,,,14.57,30300.0,0.7,10.71,12.32,13.9,16.53,18.2,22280.0,25630.0,28910.0,34380.0,37860.0,,,2022,US,,43,Office and Administrative Support Occupations
99,U.S.,1,0,Cross-industry,cross-industry,1235,43-4111,"Interviewers, Except Eligibility and Loan",detailed,168680,1.1,,,,19.78,41140.0,0.3,14.19,16.31,18.61,22.55,26.74,29520.0,33930.0,38700.0,46910.0,55620.0,,,2022,US,,43,Office and Administrative Support Occupations
99,U.S.,1,0,Cross-industry,cross-industry,1235,43-4121,"Library Assistants, Clerical",detailed,77660,1.6,,,,16.34,33980.0,0.4,10.6,12.8,14.98,18.73,23.44,22060.0,26620.0,31150.0,38960.0,48750.0,,,2022,US,,43,Office and Administrative Support Occupations
99,U.S.,1,0,Cross-industry,cross-industry,1235,43-4131,Loan Interviewers and Clerks,detailed,242630,1.9,,,,22.47,46740.0,0.3,15.27,18.21,22.35,25.84,29.78,31750.0,37890.0,46490.0,53740.0,61940.0,,,2022,US,,43,Office and Administrative Support Occupations
99,U.S.,1,0,Cross-industry,cross-industry,1235,43-4141,New Accounts Clerks,detailed,45170,3.9,,,,20.62,42880.0,0.6,15.75,17.61,19.63,22.71,26.63,32760.0,36620.0,40820.0,47230.0,55400.0,,,2022,US,,43,Office and Administrative Support Occupations
99,U.S.,1,0,Cross-industry,cross-industry,1235,43-4151,Order Clerks,detailed,113500,1.8,,,,19.49,40540.0,0.8,13.69,15.9,18.3,22.44,27.03,28470.0,33070.0,38060.0,46670.0,56220.0,,,2022,US,,43,Office and Administrative Support Occupations
99,U.S.,1,0,Cross-industry,cross-industry,1235,43-4161,"Human Resources Assistants, Except Payroll and Timekeeping",detailed,103680,1.5,,,,22.55,46900.0,0.3,15.5,18.45,22.08,25.52,30.09,32240.0,38370.0,45930.0,53080.0,62580.0,,,2022,US,,43,Office and Administrative Support Occupations
99,U.S.,1,0,Cross-industry,cross-industry,1235,43-4171,Receptionists and Information Clerks,detailed,1011170,0.9,,,,16.64,34600.0,0.2,11.71,13.92,16.33,18.35,22.22,24350.0,28960.0,33960.0,38170.0,46220.0,,,2022,US,,43,Office and Administrative Support Occupations
99,U.S.,1,0,Cross-industry,cross-industry,1235,43-4181,Reservation and Transportation Ticket Agents and Travel Clerks,detailed,119130,1.1,,,,21.84,45440.0,0.4,14.42,16.32,18.83,29.48,32.74,29990.0,33940.0,39160.0,61310.0,68090.0,,,2022,US,,43,Office and Administrative Support Occupations
99,U.S.,1,0,Cross-industry,cross-industry,1235,43-4199,"Information and Record Clerks, All Other",detailed,150590,0.8,,,,22.07,45910.0,0.3,14.29,17.36,21.5,25.65,30.58,29730.0,36110.0,44720.0,53350.0,63610.0,,,2022,US,,43,Office and Administrative Support Occupations
99,U.S.,1,0,Cross-industry,cross-industry,1235,43-5011,Cargo and Freight Agents,detailed,93480,2.0,,,,23.91,49740.0,0.8,15.73,18.46,22.53,28.23,33.79,32720.0,38400.0,46860.0,58710.0,70280.0,,,2022,US,,43,Office and Administrative Support Occupations
99,U.S.,1,0,Cross-industry,cross-industry,1235,43-5021,Couriers and Messengers,detailed,75800,2.8,,,,17.43,36250.0,0.7,12.67,14.69,16.96,19.1,22.5,26350.0,30550.0,35280.0,39730.0,46800.0,,,2022,US,,43,Office and Administrative Support Occupations
99,U.S.,1,0,Cross-industry,cross-industry,1235,43-5031,Public Safety Telecommunicators,detailed,95730,0.8,,,,23.74,49370.0,0.2,14.95,18.14,22.55,28.58,34.01,31090.0,37720.0,46900.0,59440.0,70730.0,,,2022,US,,43,Office and Administrative Support Occupations
99,U.S.,1,0,Cross-industry,cross-industry,1235,43-5032,"Dispatchers, Except Police, Fire, and Ambulance",detailed,206370,1.3,,,,23.25,48350.0,0.4,14.5,17.35,21.55,27.56,34.58,30160.0,36090.0,44830.0,57320.0,71930.0,,,2022,US,,43,Office and Administrative Support Occupations
99,U.S.,1,0,Cross-industry,cross-industry,1235,43-5041,"Meter Readers, Utilities",detailed,20460,2.5,,,,23.94,49800.0,0.8,14.0,16.66,21.52,29.8,37.79,29130.0,34660.0,44760.0,61980.0,78600.0,,,2022,US,,43,Office and Administrative Support Occupations
99,U.S.,1,0,Cross-industry,cross-industry,1235,43-5051,Postal Service Clerks,detailed,77690,0.0,,,,27.11,56400.0,0.0,19.12,24.11,27.02,32.84,33.47,39770.0,50150.0,56200.0,68310.0,69620.0,,,2022,US,,43,Office and Administrative Support Occupations
99,U.S.,1,0,Cross-industry,cross-industry,1235,43-5052,Postal Service Mail Carriers,detailed,326760,0.0,,,,27.04,56240.0,0.0,19.06,20.95,26.08,34.3,34.3,39640.0,43580.0,54250.0,71340.0,71340.0,,,2022,US,,43,Office and Administrative Support Occupations
99,U.S.,1,0,Cross-industry,cross-industry,1235,43-5053,"Postal Service Mail Sorters, Processors, and Processing Machine Operators",detailed,119530,0.1,,,,25.48,52990.0,0.0,18.55,19.12,23.62,32.29,32.84,38580.0,39770.0,49130.0,67160.0,68310.0,,,2022,US,,43,Office and Administrative Support Occupations
99,U.S.,1,0,Cross-industry,cross-industry,1235,43-5061,"Production, Planning, and Expediting Clerks",detailed,389920,1.3,,,,26.48,55080.0,0.2,16.84,19.62,24.34,30.96,38.1,35030.0,40800.0,50630.0,64400.0,79260.0,,,2022,US,,43,Office and Administrative Support Occupations
99,U.S.,1,0,Cross-industry,cross-industry,1235,43-5071,"Shipping, Receiving, and Inventory Clerks",detailed,848240,1.1,,,,19.45,40450.0,0.2,13.93,15.77,18.15,22.14,26.79,28970.0,32800.0,37760.0,46050.0,55730.0,,,2022,US,,43,Office and Administrative Support Occupations
99,U.S.,1,0,Cross-industry,cross-industry,1235,43-5111,"Weighers, Measurers, Checkers, and Samplers, Recordkeeping",detailed,52610,2.4,,,,19.94,41470.0,0.3,14.43,16.58,19.21,22.66,25.77,30000.0,34490.0,39950.0,47130.0,53600.0,,,2022,US,,43,Office and Administrative Support Occupations
99,U.S.,1,0,Cross-industry,cross-industry,1235,43-6011,Executive Secretaries and Executive Administrative Assistants,detailed,475240,1.1,,,,34.16,71060.0,0.3,20.93,25.51,31.72,39.39,48.85,43520.0,53070.0,65980.0,81930.0,101600.0,,,2022,US,,43,Office and Administrative Support Occupations
99,U.S.,1,0,Cross-industry,cross-industry,1235,43-6012,Legal Secretaries and Administrative Assistants,detailed,159940,2.6,,,,26.05,54180.0,1.8,15.02,18.73,23.45,31.06,39.14,31240.0,38960.0,48780.0,64590.0,81400.0,,,2022,US,,43,Office and Administrative Support Occupations
99,U.S.,1,0,Cross-industry,cross-industry,1235,43-6013,Medical Secretaries and Administrative Assistants,detailed,682630,0.7,,,,19.84,41260.0,0.3,14.53,16.94,18.51,22.38,26.74,30230.0,35240.0,38500.0,46550.0,55620.0,,,2022,US,,43,Office and Administrative Support Occupations
99,U.S.,1,0,Cross-industry,cross-industry,1235,43-6014,"Secretaries and Administrative Assistants, Except Legal, Medical, and Executive",detailed,1826710,0.8,,,,20.87,43410.0,0.2,13.94,16.65,19.71,24.0,29.23,29000.0,34620.0,41000.0,49920.0,60790.0,,,2022,US,,43,Office and Administrative Support Occupations
99,U.S.,1,0,Cross-industry,cross-industry,1235,43-9021,Data Entry Keyers,detailed,157380,1.3,,,,18.26,37970.0,0.4,12.91,14.82,17.4,20.93,24.76,26850.0,30830.0,36190.0,43540.0,51510.0,,,2022,US,,43,Office and Administrative Support Occupations
99,U.S.,1,0,Cross-industry,cross-industry,1235,43-9022,Word Processors and Typists,detailed,41990,1.9,,,,21.63,44990.0,0.7,14.97,17.77,21.31,24.22,28.67,31140.0,36970.0,44330.0,50380.0,59640.0,,,2022,US,,43,Office and Administrative Support Occupations
99,U.S.,1,0,Cross-industry,cross-industry,1235,43-9031,Desktop Publishers,detailed,6560,12.7,,,,25.67,53390.0,8.6,14.12,16.21,23.04,32.69,41.74,29370.0,33720.0,47910.0,68000.0,86820.0,,,2022,US,,43,Office and Administrative Support Occupations
99,U.S.,1,0,Cross-industry,cross-industry,1235,43-9041,Insurance Claims and Policy Processing Clerks,detailed,227580,1.3,,,,23.0,47840.0,0.4,16.21,18.13,22.15,26.39,30.94,33710.0,37710.0,46080.0,54890.0,64350.0,,,2022,US,,43,Office and Administrative Support Occupations
99,U.S.,1,0,Cross-industry,cross-industry,1235,43-9051,"Mail Clerks and Mail Machine Operators, Except Postal Service",detailed,67750,2.0,,,,17.41,36210.0,0.4,12.63,14.61,16.86,19.19,23.07,26280.0,30390.0,35070.0,39920.0,47990.0,,,2022,US,,43,Office and Administrative Support Occupations
99,U.S.,1,0,Cross-industry,cross-industry,1235,43-9061,"Office Clerks, General",detailed,2517350,0.6,,,,19.78,41140.0,0.1,12.5,14.99,18.29,23.02,28.7,26000.0,31180.0,38040.0,47880.0,59700.0,,,2022,US,,43,Office and Administrative Support Occupations
99,U.S.,1,0,Cross-industry,cross-industry,1235,43-9071,"Office Machine Operators, Except Computer",detailed,30410,2.7,,,,18.41,38300.0,0.5,13.0,14.87,17.65,20.31,24.62,27040.0,30920.0,36710.0,42250.0,51210.0,,,2022,US,,43,Office and Administrative Support Occupations
99,U.S.,1,0,Cross-industry,cross-industry,1235,43-9081,Proofreaders and Copy Markers,detailed,5120,5.0,,,,23.45,48770.0,1.3,14.11,16.76,21.83,27.86,34.93,29350.0,34870.0,45410.0,57940.0,72660.0,,,2022,US,,43,Office and Administrative Support Occupations
99,U.S.,1,0,Cross-industry,cross-industry,1235,43-9111,Statistical Assistants,detailed,6710,2.8,,,,26.26,54630.0,1.3,17.22,19.87,23.5,31.04,38.1,35820.0,41330.0,48880.0,64560.0,79250.0,,,2022,US,,43,Office and Administrative Support Occupations
99,U.S.,1,0,Cross-industry,cross-industry,1235,43-9199,"Office and Administrative Support Workers, All Other",detailed,174590,0.8,,,,20.75,43150.0,0.3,12.71,15.08,18.59,23.91,30.24,26440.0,31360.0,38660.0,49720.0,62900.0,,,2022,US,,43,Office and Administrative Support Occupations
99,U.S.,1,0,Cross-industry,cross-industry,1235,45-1011,"First-Line Supervisors of Farming, Fishing, and Forestry Workers",detailed,27670,2.4,,,,28.28,58820.0,1.6,17.32,20.6,26.2,33.96,41.06,36020.0,42850.0,54490.0,70640.0,85400.0,,,2022,US,,45,"Farming, Fishing, and Forestry Occupations"
99,U.S.,1,0,Cross-industry,cross-industry,1235,45-2011,Agricultural Inspectors,detailed,14000,3.0,,,,23.57,49020.0,0.9,15.68,17.6,21.5,27.76,34.72,32610.0,36610.0,44720.0,57740.0,72220.0,,,2022,US,,45,"Farming, Fishing, and Forestry Occupations"
99,U.S.,1,0,Cross-industry,cross-industry,1235,45-2021,Animal Breeders,detailed,1270,11.3,,,,23.39,48650.0,2.8,14.25,17.65,21.79,28.96,35.38,29640.0,36700.0,45320.0,60240.0,73580.0,,,2022,US,,45,"Farming, Fishing, and Forestry Occupations"
99,U.S.,1,0,Cross-industry,cross-industry,1235,45-2041,"Graders and Sorters, Agricultural Products",detailed,23280,3.1,,,,15.86,32990.0,1.2,12.19,14.52,15.65,16.96,19.39,25350.0,30190.0,32550.0,35280.0,40330.0,,,2022,US,,45,"Farming, Fishing, and Forestry Occupations"
99,U.S.,1,0,Cross-industry,cross-industry,1235,45-2091,Agricultural Equipment Operators,detailed,28830,4.2,,,,19.11,39750.0,1.2,13.64,16.13,18.16,21.6,24.86,28370.0,33540.0,37780.0,44930.0,51700.0,,,2022,US,,45,"Farming, Fishing, and Forestry Occupations"
99,U.S.,1,0,Cross-industry,cross-industry,1235,45-2092,"Farmworkers and Laborers, Crop, Nursery, and Greenhouse",detailed,284000,1.0,,,,16.49,34300.0,1.3,14.0,14.93,15.87,16.93,19.97,29120.0,31040.0,33000.0,35210.0,41540.0,,,2022,US,,45,"Farming, Fishing, and Forestry Occupations"
99,U.S.,1,0,Cross-industry,cross-industry,1235,45-2093,"Farmworkers, Farm, Ranch, and Aquacultural Animals",detailed,33020,3.0,,,,17.45,36290.0,1.3,11.15,13.83,16.42,20.0,24.78,23200.0,28770.0,34150.0,41600.0,51550.0,,,2022,US,,45,"Farming, Fishing, and Forestry Occupations"
99,U.S.,1,0,Cross-industry,cross-industry,1235,45-2099,"Agricultural Workers, All Other",detailed,6100,7.3,,,,18.84,39180.0,2.3,10.33,14.23,17.17,22.11,28.44,21480.0,29590.0,35720.0,45990.0,59160.0,,,2022,US,,45,"Farming, Fishing, and Forestry Occupations"
99,U.S.,1,0,Cross-industry,cross-industry,1235,45-4011,Forest and Conservation Workers,detailed,6080,8.6,,,,17.31,36010.0,1.8,12.83,15.0,15.51,19.08,23.21,26690.0,31200.0,32270.0,39690.0,48270.0,,,2022,US,,45,"Farming, Fishing, and Forestry Occupations"
99,U.S.,1,0,Cross-industry,cross-industry,1235,45-4021,Fallers,detailed,4530,7.7,,,,27.95,58130.0,3.8,15.22,19.7,23.64,30.93,43.94,31660.0,40980.0,49160.0,64340.0,91380.0,,,2022,US,,45,"Farming, Fishing, and Forestry Occupations"
99,U.S.,1,0,Cross-industry,cross-industry,1235,45-4022,Logging Equipment Operators,detailed,24780,4.1,,,,22.39,46570.0,1.4,13.95,17.34,22.31,26.79,30.6,29010.0,36060.0,46400.0,55720.0,63650.0,,,2022,US,,45,"Farming, Fishing, and Forestry Occupations"
99,U.S.,1,0,Cross-industry,cross-industry,1235,45-4023,Log Graders and Scalers,detailed,3950,5.4,,,,21.43,44570.0,2.1,14.85,17.0,20.37,24.79,29.37,30890.0,35370.0,42370.0,51560.0,61100.0,,,2022,US,,45,"Farming, Fishing, and Forestry Occupations"
99,U.S.,1,0,Cross-industry,cross-industry,1235,45-4029,"Logging Workers, All Other",detailed,3490,16.1,,,,23.01,47850.0,1.7,14.45,19.15,22.65,27.29,30.1,30060.0,39840.0,47110.0,56750.0,62610.0,,,2022,US,,45,"Farming, Fishing, and Forestry Occupations"
99,U.S.,1,0,Cross-industry,cross-industry,1235,47-1011,First-Line Supervisors of Construction Trades and Extraction Workers,detailed,720900,0.6,,,,37.33,77650.0,0.3,22.89,28.41,35.62,45.1,56.22,47600.0,59100.0,74080.0,93800.0,116940.0,,,2022,US,,47,Construction and Extraction Occupations
99,U.S.,1,0,Cross-industry,cross-industry,1235,47-2011,Boilermakers,detailed,13570,5.4,,,,33.55,69780.0,1.9,22.38,27.93,32.17,38.98,46.01,46560.0,58100.0,66920.0,81080.0,95700.0,,,2022,US,,47,Construction and Extraction Occupations
99,U.S.,1,0,Cross-industry,cross-industry,1235,47-2021,Brickmasons and Blockmasons,detailed,55530,1.8,,,,29.99,62380.0,0.9,18.02,22.74,28.37,35.58,44.85,37490.0,47300.0,59000.0,74000.0,93290.0,,,2022,US,,47,Construction and Extraction Occupations
99,U.S.,1,0,Cross-industry,cross-industry,1235,47-2022,Stonemasons,detailed,10220,6.7,,,,26.97,56100.0,2.1,16.7,20.39,24.14,30.84,39.63,34740.0,42410.0,50210.0,64150.0,82430.0,,,2022,US,,47,Construction and Extraction Occupations
99,U.S.,1,0,Cross-industry,cross-industry,1235,47-2031,Carpenters,detailed,689770,1.4,,,,27.99,58210.0,0.4,17.39,21.09,24.71,31.85,43.25,36160.0,43870.0,51390.0,66240.0,89950.0,,,2022,US,,47,Construction and Extraction Occupations
99,U.S.,1,0,Cross-industry,cross-industry,1235,47-2041,Carpet Installers,detailed,17400,4.0,,,,23.81,49520.0,1.6,14.0,17.16,21.75,29.02,37.79,29120.0,35700.0,45240.0,60350.0,78600.0,,,2022,US,,47,Construction and Extraction Occupations
99,U.S.,1,0,Cross-industry,cross-industry,1235,47-2042,"Floor Layers, Except Carpet, Wood, and Hard Tiles",detailed,20710,4.1,,,,26.38,54870.0,1.7,15.77,18.41,23.5,31.21,40.06,32800.0,38300.0,48870.0,64920.0,83320.0,,,2022,US,,47,Construction and Extraction Occupations
99,U.S.,1,0,Cross-industry,cross-industry,1235,47-2043,Floor Sanders and Finishers,detailed,4270,9.0,,,,23.72,49330.0,3.6,14.25,17.11,22.14,29.09,36.23,29640.0,35600.0,46060.0,60500.0,75360.0,,,2022,US,,47,Construction and Extraction Occupations
99,U.S.,1,0,Cross-industry,cross-industry,1235,47-2044,Tile and Stone Setters,detailed,40760,4.5,,,,25.81,53680.0,1.1,16.02,18.66,23.24,29.81,38.04,33330.0,38800.0,48340.0,62000.0,79130.0,,,2022,US,,47,Construction and Extraction Occupations
99,U.S.,1,0,Cross-industry,cross-industry,1235,47-2051,Cement Masons and Concrete Finishers,detailed,196730,1.3,,,,25.91,53890.0,0.6,17.28,19.13,23.22,29.3,38.79,35940.0,39780.0,48300.0,60950.0,80680.0,,,2022,US,,47,Construction and Extraction Occupations
99,U.S.,1,0,Cross-industry,cross-industry,1235,47-2053,Terrazzo Workers and Finishers,detailed,1460,17.8,,,,29.66,61680.0,5.3,17.06,21.3,25.16,31.66,49.56,35480.0,44310.0,52330.0,65850.0,103080.0,,,2022,US,,47,Construction and Extraction Occupations
99,U.S.,1,0,Cross-industry,cross-industry,1235,47-2061,Construction Laborers,detailed,1012780,0.9,,,,22.29,46350.0,0.4,14.28,16.99,19.59,24.61,34.82,29700.0,35330.0,40750.0,51200.0,72430.0,,,2022,US,,47,Construction and Extraction Occupations
99,U.S.,1,0,Cross-industry,cross-industry,1235,47-2071,"Paving, Surfacing, and Tamping Equipment Operators",detailed,41470,2.8,,,,25.35,52730.0,1.0,16.34,18.63,22.73,29.23,39.44,33980.0,38760.0,47270.0,60790.0,82040.0,,,2022,US,,47,Construction and Extraction Occupations
99,U.S.,1,0,Cross-industry,cross-industry,1235,47-2072,Pile Driver Operators,detailed,3290,9.3,,,,33.76,70220.0,3.4,18.39,23.1,30.92,45.36,51.72,38260.0,48050.0,64310.0,94340.0,107580.0,,,2022,US,,47,Construction and Extraction Occupations
99,U.S.,1,0,Cross-industry,cross-industry,1235,47-2073,Operating Engineers and Other Construction Equipment Operators,detailed,423040,0.7,,,,28.57,59420.0,0.4,17.67,21.07,24.73,32.85,44.74,36750.0,43820.0,51430.0,68330.0,93060.0,,,2022,US,,47,Construction and Extraction Occupations
99,U.S.,1,0,Cross-industry,cross-industry,1235,47-2081,Drywall and Ceiling Tile Installers,detailed,91590,1.8,,,,27.83,57880.0,1.2,16.95,20.12,24.25,31.45,46.23,35250.0,41840.0,50440.0,65420.0,96160.0,,,2022,US,,47,Construction and Extraction Occupations
99,U.S.,1,0,Cross-industry,cross-industry,1235,47-2082,Tapers,detailed,14290,3.7,,,,31.67,65880.0,1.6,18.64,22.51,29.98,39.4,48.47,38780.0,46830.0,62360.0,81950.0,100820.0,,,2022,US,,47,Construction and Extraction Occupations
99,U.S.,1,0,Cross-industry,cross-industry,1235,47-2111,Electricians,detailed,690050,0.7,,,,31.39,65280.0,0.4,18.0,22.69,28.96,37.6,49.18,37440.0,47200.0,60240.0,78210.0,102300.0,,,2022,US,,47,Construction and Extraction Occupations
99,U.S.,1,0,Cross-industry,cross-industry,1235,47-2121,Glaziers,detailed,51630,5.1,,,,26.52,55160.0,1.4,16.62,18.86,23.42,29.98,42.02,34580.0,39220.0,48720.0,62360.0,87400.0,,,2022,US,,47,Construction and Extraction Occupations
99,U.S.,1,0,Cross-industry,cross-industry,1235,47-2131,"Insulation Workers, Floor, Ceiling, and Wall",detailed,33130,3.1,,,,23.49,48870.0,1.3,14.34,17.48,21.82,27.66,37.0,29830.0,36350.0,45380.0,57530.0,76960.0,,,2022,US,,47,Construction and Extraction Occupations
99,U.S.,1,0,Cross-industry,cross-industry,1235,47-2132,"Insulation Workers, Mechanical",detailed,25660,5.0,,,,28.42,59100.0,1.8,18.01,21.41,24.32,32.44,45.05,37460.0,44540.0,50590.0,67480.0,93710.0,,,2022,US,,47,Construction and Extraction Occupations
99,U.S.,1,0,Cross-industry,cross-industry,1235,47-2141,"Painters, Construction and Maintenance",detailed,215680,1.0,,,,23.73,49350.0,0.5,15.63,18.09,22.16,27.55,34.69,32510.0,37620.0,46090.0,57300.0,72160.0,,,2022,US,,47,Construction and Extraction Occupations
99,U.S.,1,0,Cross-industry,cross-industry,1235,47-2142,Paperhangers,detailed,2220,14.9,,,,23.57,49030.0,5.7,14.54,15.89,21.6,27.79,34.24,30250.0,33050.0,44930.0,57800.0,71220.0,,,2022,US,,47,Construction and Extraction Occupations
99,U.S.,1,0,Cross-industry,cross-industry,1235,47-2151,Pipelayers,detailed,36070,2.3,,,,24.63,51230.0,1.1,16.43,18.42,22.11,28.7,37.39,34180.0,38300.0,45990.0,59700.0,77760.0,,,2022,US,,47,Construction and Extraction Occupations
99,U.S.,1,0,Cross-industry,cross-industry,1235,47-2152,"Plumbers, Pipefitters, and Steamfitters",detailed,427920,1.1,,,,31.34,65190.0,0.6,17.91,22.42,28.89,37.96,48.65,37250.0,46630.0,60090.0,78960.0,101190.0,,,2022,US,,47,Construction and Extraction Occupations
99,U.S.,1,0,Cross-industry,cross-industry,1235,47-2161,Plasterers and Stucco Masons,detailed,25950,4.1,,,,26.75,55650.0,1.8,16.77,19.67,23.91,30.0,39.67,34880.0,40920.0,49730.0,62410.0,82510.0,,,2022,US,,47,Construction and Extraction Occupations
99,U.S.,1,0,Cross-industry,cross-industry,1235,47-2171,Reinforcing Iron and Rebar Workers,detailed,17270,6.0,,,,27.78,57780.0,1.7,18.42,22.0,24.55,30.62,43.21,38310.0,45760.0,51070.0,63690.0,89880.0,,,2022,US,,47,Construction and Extraction Occupations
99,U.S.,1,0,Cross-industry,cross-industry,1235,47-2181,Roofers,detailed,131980,1.0,,,,24.96,51910.0,0.7,15.13,18.38,23.04,29.06,36.51,31470.0,38230.0,47920.0,60430.0,75930.0,,,2022,US,,47,Construction and Extraction Occupations
99,U.S.,1,0,Cross-industry,cross-industry,1235,47-2211,Sheet Metal Workers,detailed,120810,1.8,,,,29.47,61300.0,0.8,17.1,20.0,26.61,36.74,47.86,35570.0,41590.0,55350.0,76410.0,99560.0,,,2022,US,,47,Construction and Extraction Occupations
99,U.S.,1,0,Cross-industry,cross-industry,1235,47-2221,Structural Iron and Steel Workers,detailed,66810,2.4,,,,31.15,64800.0,1.0,18.22,22.56,29.09,38.04,48.53,37890.0,46910.0,60500.0,79120.0,100930.0,,,2022,US,,47,Construction and Extraction Occupations
99,U.S.,1,0,Cross-industry,cross-industry,1235,47-2231,Solar Photovoltaic Installers,detailed,27760,5.4,,,,23.06,47970.0,1.4,17.08,18.0,21.75,25.82,30.45,35520.0,37440.0,45230.0,53700.0,63330.0,,,2022,US,,47,Construction and Extraction Occupations
99,U.S.,1,0,Cross-industry,cross-industry,1235,47-3011,"Helpers--Brickmasons, Blockmasons, Stonemasons, and Tile and Marble Setters",detailed,17730,3.3,,,,21.27,44230.0,1.0,14.91,17.13,18.96,22.93,30.09,31010.0,35620.0,39430.0,47690.0,62590.0,,,2022,US,,47,Construction and Extraction Occupations
99,U.S.,1,0,Cross-industry,cross-industry,1235,47-3012,Helpers--Carpenters,detailed,24580,6.5,,,,18.69,38880.0,0.8,13.64,15.42,18.03,21.57,24.67,28370.0,32080.0,37490.0,44870.0,51320.0,,,2022,US,,47,Construction and Extraction Occupations
99,U.S.,1,0,Cross-industry,cross-industry,1235,47-3013,Helpers--Electricians,detailed,71000,2.5,,,,18.67,38840.0,0.5,13.91,15.17,17.82,21.5,23.99,28940.0,31560.0,37070.0,44720.0,49910.0,,,2022,US,,47,Construction and Extraction Occupations
99,U.S.,1,0,Cross-industry,cross-industry,1235,47-3014,"Helpers--Painters, Paperhangers, Plasterers, and Stucco Masons",detailed,8630,8.3,,,,18.29,38040.0,3.0,13.08,14.75,17.35,20.57,24.41,27210.0,30670.0,36080.0,42790.0,50770.0,,,2022,US,,47,Construction and Extraction Occupations
99,U.S.,1,0,Cross-industry,cross-industry,1235,47-3015,"Helpers--Pipelayers, Plumbers, Pipefitters, and Steamfitters",detailed,46760,4.5,,,,18.07,37590.0,0.5,13.72,14.96,17.47,20.0,23.68,28530.0,31110.0,36340.0,41600.0,49250.0,,,2022,US,,47,Construction and Extraction Occupations
99,U.S.,1,0,Cross-industry,cross-industry,1235,47-3016,Helpers--Roofers,detailed,5790,5.9,,,,19.65,40880.0,3.4,14.21,16.08,17.8,21.2,24.6,29550.0,33440.0,37020.0,44100.0,51170.0,,,2022,US,,47,Construction and Extraction Occupations
99,U.S.,1,0,Cross-industry,cross-industry,1235,47-3019,"Helpers, Construction Trades, All Other",detailed,27920,4.5,,,,19.61,40790.0,1.0,13.7,15.98,18.18,22.23,26.44,28490.0,33230.0,37820.0,46230.0,55000.0,,,2022,US,,47,Construction and Extraction Occupations
99,U.S.,1,0,Cross-industry,cross-industry,1235,47-4011,Construction and Building Inspectors,detailed,128950,1.3,,,,33.72,70130.0,0.8,19.41,24.29,31.0,39.54,50.05,40370.0,50520.0,64480.0,82240.0,104110.0,,,2022,US,,47,Construction and Extraction Occupations
99,U.S.,1,0,Cross-industry,cross-industry,1235,47-4021,Elevator and Escalator Installers and Repairers,detailed,24380,4.7,,,,45.17,93960.0,1.3,23.0,31.16,47.6,57.38,64.97,47850.0,64810.0,99000.0,119350.0,135130.0,,,2022,US,,47,Construction and Extraction Occupations
99,U.S.,1,0,Cross-industry,cross-industry,1235,47-4031,Fence Erectors,detailed,27060,4.6,,,,21.05,43780.0,1.4,14.52,16.92,19.16,23.37,29.67,30190.0,35180.0,39840.0,48610.0,61710.0,,,2022,US,,47,Construction and Extraction Occupations
99,U.S.,1,0,Cross-industry,cross-industry,1235,47-4041,Hazardous Materials Removal Workers,detailed,46780,2.4,,,,24.82,51620.0,1.2,15.82,18.1,22.45,29.3,39.01,32910.0,37640.0,46690.0,60940.0,81130.0,,,2022,US,,47,Construction and Extraction Occupations
99,U.S.,1,0,Cross-industry,cross-industry,1235,47-4051,Highway Maintenance Workers,detailed,143330,0.9,,,,22.02,45790.0,0.3,14.39,17.62,21.6,25.19,30.5,29940.0,36640.0,44930.0,52400.0,63440.0,,,2022,US,,47,Construction and Extraction Occupations
99,U.S.,1,0,Cross-industry,cross-industry,1235,47-4061,Rail-Track Laying and Maintenance Equipment Operators,detailed,18600,1.7,,,,30.69,63840.0,0.9,18.75,22.92,30.4,37.95,40.61,39000.0,47680.0,63230.0,78930.0,84460.0,,,2022,US,,47,Construction and Extraction Occupations
99,U.S.,1,0,Cross-industry,cross-industry,1235,47-4071,Septic Tank Servicers and Sewer Pipe Cleaners,detailed,27660,2.7,,,,22.87,47580.0,0.8,14.96,17.88,21.93,26.25,31.85,31120.0,37180.0,45610.0,54600.0,66250.0,,,2022,US,,47,Construction and Extraction Occupations
99,U.S.,1,0,Cross-industry,cross-industry,1235,47-4090,Miscellaneous Construction and Related Workers,detailed,29880,5.5,,,,23.37,48620.0,1.0,15.11,17.67,21.58,27.08,35.66,31420.0,36760.0,44890.0,56330.0,74160.0,,,2022,US,,47,Construction and Extraction Occupations
99,U.S.,1,0,Cross-industry,cross-industry,1235,47-5011,"Derrick Operators, Oil and Gas",detailed,10950,7.9,,,,25.85,53770.0,1.8,18.08,20.96,24.62,29.6,34.05,37610.0,43590.0,51220.0,61570.0,70820.0,,,2022,US,,47,Construction and Extraction Occupations
99,U.S.,1,0,Cross-industry,cross-industry,1235,47-5012,"Rotary Drill Operators, Oil and Gas",detailed,12190,6.4,,,,29.06,60450.0,2.1,17.94,22.23,26.57,35.0,40.64,37320.0,46250.0,55260.0,72790.0,84530.0,,,2022,US,,47,Construction and Extraction Occupations
99,U.S.,1,0,Cross-industry,cross-industry,1235,47-5013,"Service Unit Operators, Oil and Gas",detailed,36320,4.0,,,,27.49,57170.0,1.5,17.08,19.72,24.11,31.09,40.16,35530.0,41010.0,50140.0,64680.0,83530.0,,,2022,US,,47,Construction and Extraction Occupations
99,U.S.,1,0,Cross-industry,cross-industry,1235,47-5022,"Excavating and Loading Machine and Dragline Operators, Surface Mining",detailed,33670,2.6,,,,25.72,53490.0,0.8,17.59,19.59,23.24,28.85,36.97,36590.0,40760.0,48350.0,60010.0,76900.0,,,2022,US,,47,Construction and Extraction Occupations
99,U.S.,1,0,Cross-industry,cross-industry,1235,47-5023,"Earth Drillers, Except Oil and Gas",detailed,19010,4.8,,,,27.52,57250.0,0.9,18.51,21.99,24.88,31.22,38.68,38490.0,45730.0,51740.0,64940.0,80450.0,,,2022,US,,47,Construction and Extraction Occupations
99,U.S.,1,0,Cross-industry,cross-industry,1235,47-5032,"Explosives Workers, Ordnance Handling Experts, and Blasters",detailed,4710,6.2,,,,29.6,61560.0,1.2,19.48,22.93,27.24,35.03,42.56,40510.0,47700.0,56670.0,72850.0,88520.0,,,2022,US,,47,Construction and Extraction Occupations
99,U.S.,1,0,Cross-industry,cross-industry,1235,47-5041,Continuous Mining Machine Operators,detailed,13500,2.8,,,,27.46,57120.0,0.9,18.28,22.91,27.58,31.25,36.96,38020.0,47650.0,57360.0,64990.0,76870.0,,,2022,US,,47,Construction and Extraction Occupations
99,U.S.,1,0,Cross-industry,cross-industry,1235,47-5043,"Roof Bolters, Mining",detailed,1700,6.6,,,,30.77,63990.0,2.0,24.67,26.09,28.95,34.91,37.2,51320.0,54260.0,60210.0,72620.0,77370.0,,,2022,US,,47,Construction and Extraction Occupations
99,U.S.,1,0,Cross-industry,cross-industry,1235,47-5044,"Loading and Moving Machine Operators, Underground Mining",detailed,5210,4.9,,,,30.01,62420.0,1.0,22.01,25.34,30.73,33.72,36.37,45780.0,52720.0,63920.0,70130.0,75660.0,,,2022,US,,47,Construction and Extraction Occupations
99,U.S.,1,0,Cross-industry,cross-industry,1235,47-5049,"Underground Mining Machine Operators, All Other",detailed,2270,12.2,,,,29.81,61990.0,2.0,19.36,23.01,30.86,33.8,40.67,40270.0,47860.0,64180.0,70310.0,84590.0,,,2022,US,,47,Construction and Extraction Occupations
99,U.S.,1,0,Cross-industry,cross-industry,1235,47-5051,"Rock Splitters, Quarry",detailed,3910,5.8,,,,22.6,47010.0,2.1,14.67,17.68,22.12,26.94,30.47,30520.0,36770.0,46010.0,56030.0,63380.0,,,2022,US,,47,Construction and Extraction Occupations
99,U.S.,1,0,Cross-industry,cross-industry,1235,47-5071,"Roustabouts, Oil and Gas",detailed,39100,3.9,,,,21.99,45750.0,0.8,15.21,17.69,20.96,24.41,29.41,31640.0,36780.0,43590.0,50780.0,61180.0,,,2022,US,,47,Construction and Extraction Occupations
99,U.S.,1,0,Cross-industry,cross-industry,1235,47-5081,Helpers--Extraction Workers,detailed,6910,7.3,,,,21.35,44410.0,2.0,14.93,17.47,20.73,25.07,28.89,31050.0,36340.0,43110.0,52150.0,60100.0,,,2022,US,,47,Construction and Extraction Occupations
99,U.S.,1,0,Cross-industry,cross-industry,1235,47-5099,"Extraction Workers, All Other",detailed,6290,6.0,,,,25.59,53220.0,1.5,17.15,20.65,24.81,29.31,36.42,35680.0,42960.0,51600.0,60960.0,75750.0,,,2022,US,,47,Construction and Extraction Occupations
99,U.S.,1,0,Cross-industry,cross-industry,1235,49-1011,"First-Line Supervisors of Mechanics, Installers, and Repairers",detailed,559050,0.5,,,,36.55,76020.0,0.3,21.59,27.29,35.16,44.5,53.86,44900.0,56760.0,73140.0,92560.0,112020.0,,,2022,US,,49,"Installation, Maintenance, and Repair Occupations"
99,U.S.,1,0,Cross-industry,cross-industry,1235,49-2011,"Computer, Automated Teller, and Office Machine Repairers",detailed,81440,2.2,,,,22.66,47120.0,0.7,15.17,17.6,21.59,26.77,30.81,31560.0,36600.0,44910.0,55680.0,64090.0,,,2022,US,,49,"Installation, Maintenance, and Repair Occupations"
99,U.S.,1,0,Cross-industry,cross-industry,1235,49-2021,"Radio, Cellular, and Tower Equipment Installers and Repairers",detailed,13020,4.5,,,,30.08,62570.0,1.2,17.93,22.31,28.71,37.14,45.12,37290.0,46400.0,59720.0,77260.0,93840.0,,,2022,US,,49,"Installation, Maintenance, and Repair Occupations"
99,U.S.,1,0,Cross-industry,cross-industry,1235,49-2022,"Telecommunications Equipment Installers and Repairers, Except Line Installers",detailed,168180,1.7,,,,29.65,61670.0,0.6,17.42,22.45,28.83,36.8,42.68,36240.0,46690.0,59960.0,76550.0,88770.0,,,2022,US,,49,"Installation, Maintenance, and Repair Occupations"
99,U.S.,1,0,Cross-industry,cross-industry,1235,49-2091,Avionics Technicians,detailed,20200,5.2,,,,35.93,74730.0,1.7,19.7,28.25,36.27,43.26,52.48,40980.0,58760.0,75450.0,89970.0,109160.0,,,2022,US,,49,"Installation, Maintenance, and Repair Occupations"
99,U.S.,1,0,Cross-industry,cross-industry,1235,49-2092,"Electric Motor, Power Tool, and Related Repairers",detailed,15390,4.7,,,,24.76,51500.0,1.2,15.76,18.66,23.2,29.01,35.51,32790.0,38810.0,48260.0,60350.0,73850.0,,,2022,US,,49,"Installation, Maintenance, and Repair Occupations"
99,U.S.,1,0,Cross-industry,cross-industry,1235,49-2093,"Electrical and Electronics Installers and Repairers, Transportation Equipment",detailed,8530,3.2,,,,34.49,71740.0,0.9,22.1,27.94,35.4,40.63,45.31,45970.0,58120.0,73630.0,84520.0,94250.0,,,2022,US,,49,"Installation, Maintenance, and Repair Occupations"
99,U.S.,1,0,Cross-industry,cross-industry,1235,49-2094,"Electrical and Electronics Repairers, Commercial and Industrial Equipment",detailed,51650,1.9,,,,32.05,66650.0,0.6,19.01,24.63,30.78,37.71,46.13,39550.0,51230.0,64030.0,78440.0,95940.0,,,2022,US,,49,"Installation, Maintenance, and Repair Occupations"
99,U.S.,1,0,Cross-industry,cross-industry,1235,49-2095,"Electrical and Electronics Repairers, Powerhouse, Substation, and Relay",detailed,25440,3.1,,,,42.68,88770.0,1.1,26.53,34.15,45.06,50.35,56.36,55170.0,71030.0,93720.0,104720.0,117220.0,,,2022,US,,49,"Installation, Maintenance, and Repair Occupations"
99,U.S.,1,0,Cross-industry,cross-industry,1235,49-2096,"Electronic Equipment Installers and Repairers, Motor Vehicles",detailed,9450,5.9,,,,21.98,45720.0,2.2,14.69,17.48,20.0,24.63,31.43,30560.0,36360.0,41600.0,51230.0,65380.0,,,2022,US,,49,"Installation, Maintenance, and Repair Occupations"
99,U.S.,1,0,Cross-industry,cross-industry,1235,49-2097,Audiovisual Equipment Installers and Repairers,detailed,22200,5.2,,,,23.29,48450.0,1.8,14.72,17.76,21.61,27.4,33.2,30620.0,36930.0,44960.0,57000.0,69060.0,,,2022,US,,49,"Installation, Maintenance, and Repair Occupations"
99,U.S.,1,0,Cross-industry,cross-industry,1235,49-2098,Security and Fire Alarm Systems Installers,detailed,80720,2.0,,,,26.1,54280.0,0.8,16.75,19.4,24.1,30.41,37.49,34840.0,40360.0,50130.0,63250.0,77980.0,,,2022,US,,49,"Installation, Maintenance, and Repair Occupations"
99,U.S.,1,0,Cross-industry,cross-industry,1235,49-3011,Aircraft Mechanics and Service Technicians,detailed,134070,1.5,,,,34.92,72640.0,0.4,19.72,26.79,33.66,40.55,52.02,41020.0,55710.0,70010.0,84340.0,108200.0,,,2022,US,,49,"Installation, Maintenance, and Repair Occupations"
99,U.S.,1,0,Cross-industry,cross-industry,1235,49-3021,Automotive Body and Related Repairers,detailed,138760,1.2,,,,25.59,53220.0,0.6,15.56,18.59,22.92,29.45,37.72,32370.0,38680.0,47670.0,61250.0,78460.0,,,2022,US,,49,"Installation, Maintenance, and Repair Occupations"
99,U.S.,1,0,Cross-industry,cross-industry,1235,49-3022,Automotive Glass Installers and Repairers,detailed,17370,7.2,,,,21.11,43900.0,1.0,14.26,17.32,21.01,23.84,28.8,29650.0,36030.0,43700.0,49580.0,59900.0,,,2022,US,,49,"Installation, Maintenance, and Repair Occupations"
99,U.S.,1,0,Cross-industry,cross-industry,1235,49-3023,Automotive Service Technicians and Mechanics,detailed,664070,0.5,,,,23.89,49690.0,0.3,14.07,17.27,22.58,29.2,36.23,29270.0,35910.0,46970.0,60740.0,75360.0,,,2022,US,,49,"Installation, Maintenance, and Repair Occupations"
99,U.S.,1,0,Cross-industry,cross-industry,1235,49-3031,Bus and Truck Mechanics and Diesel Engine Specialists,detailed,271720,0.9,,,,26.99,56140.0,0.3,17.8,21.96,26.14,30.86,37.66,37030.0,45670.0,54360.0,64180.0,78340.0,,,2022,US,,49,"Installation, Maintenance, and Repair Occupations"
99,U.S.,1,0,Cross-industry,cross-industry,1235,49-3041,Farm Equipment Mechanics and Service Technicians,detailed,35280,1.5,,,,24.0,49930.0,0.7,15.23,18.42,23.08,28.87,32.03,31680.0,38320.0,48010.0,60060.0,66620.0,,,2022,US,,49,"Installation, Maintenance, and Repair Occupations"
99,U.S.,1,0,Cross-industry,cross-industry,1235,49-3042,"Mobile Heavy Equipment Mechanics, Except Engines",detailed,158350,1.2,,,,28.64,59560.0,0.3,18.73,23.0,28.58,33.04,38.5,38950.0,47840.0,59440.0,68720.0,80080.0,,,2022,US,,49,"Installation, Maintenance, and Repair Occupations"
99,U.S.,1,0,Cross-industry,cross-industry,1235,49-3043,Rail Car Repairers,detailed,19830,1.6,,,,29.79,61960.0,0.5,18.42,22.62,30.05,35.88,40.54,38320.0,47050.0,62510.0,74630.0,84330.0,,,2022,US,,49,"Installation, Maintenance, and Repair Occupations"
99,U.S.,1,0,Cross-industry,cross-industry,1235,49-3051,Motorboat Mechanics and Service Technicians,detailed,24920,2.0,,,,24.17,50280.0,0.6,15.35,18.39,23.21,28.67,34.5,31930.0,38260.0,48280.0,59630.0,71760.0,,,2022,US,,49,"Installation, Maintenance, and Repair Occupations"
99,U.S.,1,0,Cross-industry,cross-industry,1235,49-3052,Motorcycle Mechanics,detailed,14700,3.4,,,,21.51,44740.0,1.2,13.8,16.83,20.85,24.79,30.38,28710.0,35000.0,43370.0,51570.0,63200.0,,,2022,US,,49,"Installation, Maintenance, and Repair Occupations"
99,U.S.,1,0,Cross-industry,cross-industry,1235,49-3053,Outdoor Power Equipment and Other Small Engine Mechanics,detailed,35570,3.0,,,,20.48,42590.0,0.5,14.02,16.67,19.25,23.33,28.41,29170.0,34680.0,40030.0,48530.0,59090.0,,,2022,US,,49,"Installation, Maintenance, and Repair Occupations"
99,U.S.,1,0,Cross-industry,cross-industry,1235,49-3091,Bicycle Repairers,detailed,13760,6.6,,,,17.68,36770.0,0.7,13.0,14.75,17.43,20.13,22.93,27040.0,30680.0,36250.0,41860.0,47690.0,,,2022,US,,49,"Installation, Maintenance, and Repair Occupations"
99,U.S.,1,0,Cross-industry,cross-industry,1235,49-3092,Recreational Vehicle Service Technicians,detailed,17190,2.2,,,,22.75,47320.0,0.8,14.85,17.67,21.65,26.38,31.44,30900.0,36750.0,45030.0,54880.0,65390.0,,,2022,US,,49,"Installation, Maintenance, and Repair Occupations"
99,U.S.,1,0,Cross-industry,cross-industry,1235,49-3093,Tire Repairers and Changers,detailed,99980,1.3,,,,16.81,34970.0,0.4,13.14,14.12,16.46,18.09,21.98,27320.0,29360.0,34240.0,37630.0,45710.0,,,2022,US,,49,"Installation, Maintenance, and Repair Occupations"
99,U.S.,1,0,Cross-industry,cross-industry,1235,49-9011,Mechanical Door Repairers,detailed,27330,3.9,,,,23.27,48400.0,0.9,15.64,18.27,22.6,27.07,31.49,32520.0,38010.0,47010.0,56300.0,65500.0,,,2022,US,,49,"Installation, Maintenance, and Repair Occupations"
99,U.S.,1,0,Cross-industry,cross-industry,1235,49-9012,"Control and Valve Installers and Repairers, Except Mechanical Door",detailed,46410,2.4,,,,33.37,69410.0,0.9,18.26,23.35,31.16,43.11,49.31,37980.0,48580.0,64810.0,89670.0,102570.0,,,2022,US,,49,"Installation, Maintenance, and Repair Occupations"
99,U.S.,1,0,Cross-industry,cross-industry,1235,49-9021,"Heating, Air Conditioning, and Refrigeration Mechanics and Installers",detailed,374770,1.1,,,,27.63,57460.0,0.6,17.39,21.2,24.71,31.56,39.73,36170.0,44100.0,51390.0,65630.0,82630.0,,,2022,US,,49,"Installation, Maintenance, and Repair Occupations"
99,U.S.,1,0,Cross-industry,cross-industry,1235,49-9031,Home Appliance Repairers,detailed,29370,3.3,,,,22.84,47500.0,0.9,14.04,17.48,22.12,27.08,32.36,29190.0,36350.0,46000.0,56320.0,67300.0,,,2022,US,,49,"Installation, Maintenance, and Repair Occupations"
99,U.S.,1,0,Cross-industry,cross-industry,1235,49-9041,Industrial Machinery Mechanics,detailed,386120,0.7,,,,29.32,60990.0,0.3,18.7,23.16,28.76,34.5,39.81,38900.0,48180.0,59830.0,71760.0,82810.0,,,2022,US,,49,"Installation, Maintenance, and Repair Occupations"
99,U.S.,1,0,Cross-industry,cross-industry,1235,49-9043,"Maintenance Workers, Machinery",detailed,62770,1.4,,,,26.88,55910.0,0.5,17.36,20.95,25.63,31.11,37.83,36100.0,43580.0,53310.0,64700.0,78690.0,,,2022,US,,49,"Installation, Maintenance, and Repair Occupations"
99,U.S.,1,0,Cross-industry,cross-industry,1235,49-9044,Millwrights,detailed,40930,2.7,,,,29.69,61750.0,0.8,18.72,23.56,29.29,35.6,39.09,38940.0,49010.0,60930.0,74040.0,81300.0,,,2022,US,,49,"Installation, Maintenance, and Repair Occupations"
99,U.S.,1,0,Cross-industry,cross-industry,1235,49-9045,"Refractory Materials Repairers, Except Brickmasons",detailed,580,8.7,,,,24.52,51010.0,2.3,14.8,18.16,24.3,30.74,31.66,30780.0,37770.0,50550.0,63940.0,65840.0,,,2022,US,,49,"Installation, Maintenance, and Repair Occupations"
99,U.S.,1,0,Cross-industry,cross-industry,1235,49-9051,Electrical Power-Line Installers and Repairers,detailed,119510,1.1,,,,39.79,82770.0,0.5,22.63,29.9,39.59,49.07,55.09,47070.0,62190.0,82340.0,102070.0,114590.0,,,2022,US,,49,"Installation, Maintenance, and Repair Occupations"
99,U.S.,1,0,Cross-industry,cross-industry,1235,49-9052,Telecommunications Line Installers and Repairers,detailed,107670,2.0,,,,30.9,64280.0,0.8,18.28,22.21,29.13,39.88,46.74,38020.0,46200.0,60580.0,82950.0,97220.0,,,2022,US,,49,"Installation, Maintenance, and Repair Occupations"
99,U.S.,1,0,Cross-industry,cross-industry,1235,49-9061,Camera and Photographic Equipment Repairers,detailed,2120,21.4,,,,22.53,46870.0,3.2,14.43,17.16,21.18,24.39,34.5,30010.0,35700.0,44060.0,50720.0,71750.0,,,2022,US,,49,"Installation, Maintenance, and Repair Occupations"
99,U.S.,1,0,Cross-industry,cross-industry,1235,49-9062,Medical Equipment Repairers,detailed,58830,2.5,,,,29.3,60950.0,1.0,17.08,20.9,27.82,36.7,45.34,35530.0,43480.0,57860.0,76340.0,94310.0,,,2022,US,,49,"Installation, Maintenance, and Repair Occupations"
99,U.S.,1,0,Cross-industry,cross-industry,1235,49-9063,Musical Instrument Repairers and Tuners,detailed,6330,3.8,,,,20.73,43120.0,1.4,13.1,14.75,18.34,23.67,30.34,27250.0,30680.0,38150.0,49230.0,63110.0,,,2022,US,,49,"Installation, Maintenance, and Repair Occupations"
99,U.S.,1,0,Cross-industry,cross-industry,1235,49-9064,Watch and Clock Repairers,detailed,1880,15.5,,,,23.84,49580.0,5.0,13.5,15.59,23.25,28.66,36.47,28080.0,32420.0,48370.0,59620.0,75870.0,,,2022,US,,49,"Installation, Maintenance, and Repair Occupations"
99,U.S.,1,0,Cross-industry,cross-industry,1235,49-9069,"Precision Instrument and Equipment Repairers, All Other",detailed,10810,4.9,,,,30.76,63970.0,1.5,19.21,23.99,29.66,36.81,43.39,39960.0,49900.0,61690.0,76570.0,90250.0,,,2022,US,,49,"Installation, Maintenance, and Repair Occupations"
99,U.S.,1,0,Cross-industry,cross-industry,1235,49-9071,"Maintenance and Repair Workers, General",detailed,1485990,0.8,,,,22.66,47130.0,0.2,14.05,17.21,21.62,27.59,33.14,29220.0,35800.0,44980.0,57390.0,68930.0,,,2022,US,,49,"Installation, Maintenance, and Repair Occupations"
99,U.S.,1,0,Cross-industry,cross-industry,1235,49-9081,Wind Turbine Service Technicians,detailed,9830,8.4,,,,28.79,59880.0,1.6,21.71,23.38,27.56,30.72,38.54,45150.0,48630.0,57320.0,63900.0,80170.0,,,2022,US,,49,"Installation, Maintenance, and Repair Occupations"
99,U.S.,1,0,Cross-industry,cross-industry,1235,49-9091,"Coin, Vending, and Amusement Machine Servicers and Repairers",detailed,35790,4.0,,,,20.43,42500.0,1.0,12.8,15.28,19.08,23.98,28.81,26630.0,31790.0,39690.0,49870.0,59930.0,,,2022,US,,49,"Installation, Maintenance, and Repair Occupations"
99,U.S.,1,0,Cross-industry,cross-industry,1235,49-9092,Commercial Divers,detailed,3860,15.7,,,,41.17,85630.0,8.5,18.46,23.73,32.84,51.51,82.44,38390.0,49370.0,68300.0,107150.0,171470.0,,,2022,US,,49,"Installation, Maintenance, and Repair Occupations"
99,U.S.,1,0,Cross-industry,cross-industry,1235,49-9094,Locksmiths and Safe Repairers,detailed,15240,1.4,,,,24.14,50210.0,0.7,14.77,17.7,22.79,28.9,35.01,30710.0,36820.0,47400.0,60110.0,72830.0,,,2022,US,,49,"Installation, Maintenance, and Repair Occupations"
99,U.S.,1,0,Cross-industry,cross-industry,1235,49-9095,Manufactured Building and Mobile Home Installers,detailed,3630,11.6,,,,18.28,38020.0,1.8,13.15,14.87,17.7,20.59,25.39,27350.0,30920.0,36820.0,42820.0,52800.0,,,2022,US,,49,"Installation, Maintenance, and Repair Occupations"
99,U.S.,1,0,Cross-industry,cross-industry,1235,49-9096,Riggers,detailed,19260,3.6,,,,28.22,58700.0,1.0,16.9,19.95,26.29,34.09,40.98,35140.0,41500.0,54680.0,70910.0,85250.0,,,2022,US,,49,"Installation, Maintenance, and Repair Occupations"
99,U.S.,1,0,Cross-industry,cross-industry,1235,49-9097,Signal and Track Switch Repairers,detailed,6880,0.7,,,,37.2,77370.0,0.6,24.05,32.87,39.09,41.72,44.66,50020.0,68370.0,81300.0,86770.0,92900.0,,,2022,US,,49,"Installation, Maintenance, and Repair Occupations"
99,U.S.,1,0,Cross-industry,cross-industry,1235,49-9098,"Helpers--Installation, Maintenance, and Repair Workers",detailed,93650,1.6,,,,17.67,36750.0,0.4,12.44,14.35,16.88,19.8,24.02,25880.0,29850.0,35100.0,41180.0,49970.0,,,2022,US,,49,"Installation, Maintenance, and Repair Occupations"
99,U.S.,1,0,Cross-industry,cross-industry,1235,49-9099,"Installation, Maintenance, and Repair Workers, All Other",detailed,172980,1.3,,,,22.98,47800.0,0.4,14.56,17.34,21.39,27.2,33.82,30270.0,36070.0,44500.0,56570.0,70350.0,,,2022,US,,49,"Installation, Maintenance, and Repair Occupations"
99,U.S.,1,0,Cross-industry,cross-industry,1235,51-1011,First-Line Supervisors of Production and Operating Workers,detailed,659930,0.3,,,,33.22,69100.0,0.2,19.32,23.8,30.53,38.74,49.07,40180.0,49510.0,63510.0,80580.0,102070.0,,,2022,US,,51,Production Occupations
99,U.S.,1,0,Cross-industry,cross-industry,1235,51-2011,"Aircraft Structure, Surfaces, Rigging, and Systems Assemblers",detailed,32140,2.7,,,,28.9,60110.0,0.8,18.1,22.53,28.09,36.24,41.04,37650.0,46870.0,58430.0,75380.0,85370.0,,,2022,US,,51,Production Occupations
99,U.S.,1,0,Cross-industry,cross-industry,1235,51-2021,"Coil Winders, Tapers, and Finishers",detailed,10860,3.8,,,,21.56,44850.0,0.9,15.2,17.64,20.75,24.4,28.68,31620.0,36700.0,43160.0,50750.0,59660.0,,,2022,US,,51,Production Occupations
99,U.S.,1,0,Cross-industry,cross-industry,1235,51-2028,"Electrical, Electronic, and Electromechanical Assemblers, Except Coil Winders, Tapers, and Finishers",detailed,275510,1.3,,,,20.08,41770.0,0.3,14.26,16.46,18.55,22.61,28.18,29650.0,34230.0,38580.0,47020.0,58620.0,,,2022,US,,51,Production Occupations
99,U.S.,1,0,Cross-industry,cross-industry,1235,51-2031,Engine and Other Machine Assemblers,detailed,50120,2.9,,,,24.99,51980.0,0.5,16.68,19.21,24.45,30.88,32.87,34700.0,39960.0,50850.0,64230.0,68360.0,,,2022,US,,51,Production Occupations
99,U.S.,1,0,Cross-industry,cross-industry,1235,51-2041,Structural Metal Fabricators and Fitters,detailed,58870,2.1,,,,23.5,48870.0,0.6,16.28,18.75,22.69,27.06,31.23,33870.0,39000.0,47200.0,56270.0,64970.0,,,2022,US,,51,Production Occupations
99,U.S.,1,0,Cross-industry,cross-industry,1235,51-2051,Fiberglass Laminators and Fabricators,detailed,21910,2.9,,,,19.85,41280.0,0.8,14.18,16.8,18.32,22.43,25.36,29490.0,34950.0,38110.0,46650.0,52760.0,,,2022,US,,51,Production Occupations
99,U.S.,1,0,Cross-industry,cross-industry,1235,51-2061,Timing Device Assemblers and Adjusters,detailed,370,12.3,,,,22.35,46480.0,7.3,15.01,17.09,20.33,24.76,34.15,31210.0,35550.0,42290.0,51510.0,71020.0,,,2022,US,,51,Production Occupations
99,U.S.,1,0,Cross-industry,cross-industry,1235,51-2090,Miscellaneous Assemblers and Fabricators,detailed,1454130,0.8,,,,19.35,40250.0,0.3,13.76,15.26,17.93,22.01,28.1,28620.0,31750.0,37280.0,45780.0,58450.0,,,2022,US,,51,Production Occupations
99,U.S.,1,0,Cross-industry,cross-industry,1235,51-3011,Bakers,detailed,205300,2.1,,,,16.41,34140.0,0.7,11.57,13.71,15.76,18.01,21.95,24060.0,28510.0,32780.0,37460.0,45650.0,,,2022,US,,51,Production Occupations
99,U.S.,1,0,Cross-industry,cross-industry,1235,51-3021,Butchers and Meat Cutters,detailed,129400,1.5,,,,18.36,38200.0,0.4,12.52,14.53,17.76,21.71,24.61,26030.0,30210.0,36930.0,45150.0,51180.0,,,2022,US,,51,Production Occupations
99,U.S.,1,0,Cross-industry,cross-industry,1235,51-3022,"Meat, Poultry, and Fish Cutters and Trimmers",detailed,133460,1.1,,,,16.87,35090.0,0.3,12.96,14.42,16.86,18.8,21.43,26950.0,29990.0,35070.0,39100.0,44560.0,,,2022,US,,51,Production Occupations
99,U.S.,1,0,Cross-industry,cross-industry,1235,51-3023,Slaughterers and Meat Packers,detailed,78660,1.5,,,,16.79,34920.0,0.4,13.2,14.76,16.94,18.48,21.01,27460.0,30690.0,35240.0,38440.0,43700.0,,,2022,US,,51,Production Occupations
99,U.S.,1,0,Cross-industry,cross-industry,1235,51-3091,"Food and Tobacco Roasting, Baking, and Drying Machine Operators and Tenders",detailed,20010,2.9,,,,19.12,39770.0,0.8,13.0,15.1,18.17,22.39,26.49,27040.0,31400.0,37790.0,46560.0,55110.0,,,2022,US,,51,Production Occupations
99,U.S.,1,0,Cross-industry,cross-industry,1235,51-3092,Food Batchmakers,detailed,166520,1.6,,,,18.61,38710.0,0.5,13.12,14.84,17.59,22.28,25.28,27290.0,30860.0,36580.0,46340.0,52580.0,,,2022,US,,51,Production Occupations
99,U.S.,1,0,Cross-industry,cross-industry,1235,51-3093,Food Cooking Machine Operators and Tenders,detailed,26740,3.8,,,,18.15,37760.0,0.8,13.0,14.46,17.64,21.07,24.15,27040.0,30080.0,36700.0,43830.0,50240.0,,,2022,US,,51,Production Occupations
99,U.S.,1,0,Cross-industry,cross-industry,1235,51-3099,"Food Processing Workers, All Other",detailed,47790,2.2,,,,17.04,35430.0,0.5,12.86,14.72,16.69,18.52,21.59,26740.0,30610.0,34710.0,38520.0,44910.0,,,2022,US,,51,Production Occupations
99,U.S.,1,0,Cross-industry,cross-industry,1235,51-4021,"Extruding and Drawing Machine Setters, Operators, and Tenders, Metal and Plastic",detailed,63490,2.0,,,,20.47,42580.0,0.5,14.52,16.91,19.22,23.16,27.73,30200.0,35170.0,39970.0,48170.0,57690.0,,,2022,US,,51,Production Occupations
99,U.S.,1,0,Cross-industry,cross-industry,1235,51-4022,"Forging Machine Setters, Operators, and Tenders, Metal and Plastic",detailed,10650,4.0,,,,22.57,46940.0,0.7,15.58,18.19,22.37,26.41,30.24,32410.0,37830.0,46540.0,54940.0,62900.0,,,2022,US,,51,Production Occupations
99,U.S.,1,0,Cross-industry,cross-industry,1235,51-4023,"Rolling Machine Setters, Operators, and Tenders, Metal and Plastic",detailed,27900,3.5,,,,23.2,48250.0,0.7,15.82,18.35,22.26,26.82,31.84,32910.0,38160.0,46310.0,55780.0,66220.0,,,2022,US,,51,Production Occupations
99,U.S.,1,0,Cross-industry,cross-industry,1235,51-4031,"Cutting, Punching, and Press Machine Setters, Operators, and Tenders, Metal and Plastic",detailed,182460,1.4,,,,20.31,42240.0,0.3,14.56,16.93,18.91,22.85,28.41,30280.0,35200.0,39340.0,47520.0,59090.0,,,2022,US,,51,Production Occupations
99,U.S.,1,0,Cross-industry,cross-industry,1235,51-4032,"Drilling and Boring Machine Tool Setters, Operators, and Tenders, Metal and Plastic",detailed,6470,4.1,,,,21.81,45350.0,1.1,14.77,17.7,20.41,24.6,30.0,30720.0,36820.0,42450.0,51170.0,62400.0,,,2022,US,,51,Production Occupations
99,U.S.,1,0,Cross-industry,cross-industry,1235,51-4033,"Grinding, Lapping, Polishing, and Buffing Machine Tool Setters, Operators, and Tenders, Metal and Plastic",detailed,73800,1.2,,,,20.21,42050.0,0.5,14.61,16.83,18.71,22.83,28.09,30390.0,35000.0,38910.0,47490.0,58430.0,,,2022,US,,51,Production Occupations
99,U.S.,1,0,Cross-industry,cross-industry,1235,51-4034,"Lathe and Turning Machine Tool Setters, Operators, and Tenders, Metal and Plastic",detailed,19410,3.1,,,,22.99,47820.0,0.8,15.66,18.16,22.61,26.5,30.99,32580.0,37780.0,47020.0,55130.0,64450.0,,,2022,US,,51,Production Occupations
99,U.S.,1,0,Cross-industry,cross-industry,1235,51-4035,"Milling and Planing Machine Setters, Operators, and Tenders, Metal and Plastic",detailed,15480,3.3,,,,23.65,49200.0,0.7,15.98,18.1,22.53,28.37,32.51,33240.0,37650.0,46870.0,59000.0,67620.0,,,2022,US,,51,Production Occupations
99,U.S.,1,0,Cross-industry,cross-industry,1235,51-4041,Machinists,detailed,316860,0.9,,,,24.72,51430.0,0.3,16.21,18.79,23.32,29.27,34.53,33720.0,39090.0,48510.0,60870.0,71820.0,,,2022,US,,51,Production Occupations
99,U.S.,1,0,Cross-industry,cross-industry,1235,51-4051,Metal-Refining Furnace Operators and Tenders,detailed,19320,3.3,,,,25.7,53450.0,0.8,17.53,20.05,24.18,30.42,37.54,36460.0,41700.0,50280.0,63280.0,78090.0,,,2022,US,,51,Production Occupations
99,U.S.,1,0,Cross-industry,cross-industry,1235,51-4052,"Pourers and Casters, Metal",detailed,6070,3.1,,,,22.41,46600.0,0.8,15.97,17.95,21.67,25.52,31.79,33230.0,37340.0,45070.0,53080.0,66120.0,,,2022,US,,51,Production Occupations
99,U.S.,1,0,Cross-industry,cross-industry,1235,51-4061,"Model Makers, Metal and Plastic",detailed,3350,6.8,,,,28.95,60220.0,1.8,18.24,21.83,27.7,36.59,41.0,37950.0,45400.0,57620.0,76120.0,85280.0,,,2022,US,,51,Production Occupations
99,U.S.,1,0,Cross-industry,cross-industry,1235,51-4062,"Patternmakers, Metal and Plastic",detailed,2230,6.4,,,,26.67,55470.0,1.0,17.23,21.5,26.43,31.85,35.71,35840.0,44710.0,54970.0,66260.0,74280.0,,,2022,US,,51,Production Occupations
99,U.S.,1,0,Cross-industry,cross-industry,1235,51-4071,Foundry Mold and Coremakers,detailed,11330,2.9,,,,20.19,42000.0,0.7,14.24,16.81,19.29,23.25,27.82,29620.0,34970.0,40120.0,48360.0,57870.0,,,2022,US,,51,Production Occupations
99,U.S.,1,0,Cross-industry,cross-industry,1235,51-4072,"Molding, Coremaking, and Casting Machine Setters, Operators, and Tenders, Metal and Plastic",detailed,165820,1.3,,,,19.08,39690.0,0.3,13.86,15.22,17.81,21.93,26.4,28830.0,31650.0,37050.0,45620.0,54900.0,,,2022,US,,51,Production Occupations
99,U.S.,1,0,Cross-industry,cross-industry,1235,51-4081,"Multiple Machine Tool Setters, Operators, and Tenders, Metal and Plastic",detailed,137060,1.3,,,,20.21,42040.0,0.4,14.14,16.51,18.85,23.06,28.15,29410.0,34350.0,39210.0,47970.0,58560.0,,,2022,US,,51,Production Occupations
99,U.S.,1,0,Cross-industry,cross-industry,1235,51-4111,Tool and Die Makers,detailed,61730,1.5,,,,28.55,59390.0,0.4,18.49,22.92,28.75,34.16,38.24,38470.0,47670.0,59800.0,71050.0,79540.0,,,2022,US,,51,Production Occupations
99,U.S.,1,0,Cross-industry,cross-industry,1235,51-4121,"Welders, Cutters, Solderers, and Brazers",detailed,408990,1.2,,,,24.26,50460.0,0.2,17.01,18.98,22.86,27.93,33.05,35380.0,39480.0,47540.0,58100.0,68750.0,,,2022,US,,51,Production Occupations
99,U.S.,1,0,Cross-industry,cross-industry,1235,51-4122,"Welding, Soldering, and Brazing Machine Setters, Operators, and Tenders",detailed,30940,2.1,,,,22.17,46110.0,0.6,15.35,17.92,21.6,24.87,30.29,31930.0,37270.0,44920.0,51730.0,63010.0,,,2022,US,,51,Production Occupations
99,U.S.,1,0,Cross-industry,cross-industry,1235,51-4191,"Heat Treating Equipment Setters, Operators, and Tenders, Metal and Plastic",detailed,15600,2.9,,,,21.01,43700.0,0.7,15.02,17.32,19.66,23.63,28.35,31250.0,36020.0,40900.0,49160.0,58970.0,,,2022,US,,51,Production Occupations
99,U.S.,1,0,Cross-industry,cross-industry,1235,51-4192,"Layout Workers, Metal and Plastic",detailed,6890,4.5,,,,27.0,56170.0,0.6,18.91,23.55,28.01,30.3,33.26,39320.0,48990.0,58260.0,63020.0,69180.0,,,2022,US,,51,Production Occupations
99,U.S.,1,0,Cross-industry,cross-industry,1235,51-4193,"Plating Machine Setters, Operators, and Tenders, Metal and Plastic",detailed,32050,2.0,,,,19.37,40290.0,0.6,14.01,15.63,18.22,22.03,25.75,29140.0,32500.0,37900.0,45820.0,53560.0,,,2022,US,,51,Production Occupations
99,U.S.,1,0,Cross-industry,cross-industry,1235,51-4194,"Tool Grinders, Filers, and Sharpeners",detailed,5320,5.2,,,,22.14,46040.0,1.4,13.95,16.86,20.16,26.0,31.56,29020.0,35060.0,41940.0,54080.0,65650.0,,,2022,US,,51,Production Occupations
99,U.S.,1,0,Cross-industry,cross-industry,1235,51-4199,"Metal Workers and Plastic Workers, All Other",detailed,21030,3.6,,,,20.18,41960.0,0.7,14.51,16.5,18.43,22.62,28.38,30170.0,34320.0,38340.0,47040.0,59020.0,,,2022,US,,51,Production Occupations
99,U.S.,1,0,Cross-industry,cross-industry,1235,51-5111,Prepress Technicians and Workers,detailed,25250,2.9,,,,21.58,44880.0,0.6,14.22,17.03,20.94,24.34,29.94,29580.0,35410.0,43560.0,50630.0,62270.0,,,2022,US,,51,Production Occupations
99,U.S.,1,0,Cross-industry,cross-industry,1235,51-5112,Printing Press Operators,detailed,150010,1.6,,,,20.55,42730.0,0.3,13.83,16.24,18.92,23.48,28.84,28760.0,33770.0,39350.0,48830.0,59980.0,,,2022,US,,51,Production Occupations
99,U.S.,1,0,Cross-industry,cross-industry,1235,51-5113,Print Binding and Finishing Workers,detailed,39030,2.3,,,,18.68,38850.0,0.7,13.09,14.81,17.77,22.01,24.84,27220.0,30800.0,36970.0,45770.0,51660.0,,,2022,US,,51,Production Occupations
99,U.S.,1,0,Cross-industry,cross-industry,1235,51-6011,Laundry and Dry-Cleaning Workers,detailed,175730,0.9,,,,14.26,29660.0,0.3,10.61,11.98,13.97,15.98,17.79,22060.0,24910.0,29060.0,33240.0,37010.0,,,2022,US,,51,Production Occupations
99,U.S.,1,0,Cross-industry,cross-industry,1235,51-6021,"Pressers, Textile, Garment, and Related Materials",detailed,28570,2.9,,,,14.73,30650.0,0.7,10.83,13.0,14.27,16.48,18.15,22520.0,27040.0,29690.0,34280.0,37760.0,,,2022,US,,51,Production Occupations
99,U.S.,1,0,Cross-industry,cross-industry,1235,51-6031,Sewing Machine Operators,detailed,116750,1.5,,,,15.93,33130.0,0.4,11.0,13.61,15.26,17.8,20.92,22880.0,28320.0,31740.0,37020.0,43500.0,,,2022,US,,51,Production Occupations
99,U.S.,1,0,Cross-industry,cross-industry,1235,51-6041,Shoe and Leather Workers and Repairers,detailed,8860,18.4,,,,16.64,34600.0,4.5,10.98,13.31,15.61,18.62,22.71,22830.0,27690.0,32460.0,38740.0,47230.0,,,2022,US,,51,Production Occupations
99,U.S.,1,0,Cross-industry,cross-industry,1235,51-6042,Shoe Machine Operators and Tenders,detailed,2960,27.9,,,,16.42,34160.0,2.6,11.75,13.6,15.89,18.13,21.35,24450.0,28290.0,33060.0,37710.0,44400.0,,,2022,US,,51,Production Occupations
99,U.S.,1,0,Cross-industry,cross-industry,1235,51-6051,"Sewers, Hand",detailed,3440,10.4,,,,16.08,33440.0,1.3,11.66,13.84,15.16,17.68,20.8,24250.0,28780.0,31530.0,36780.0,43260.0,,,2022,US,,51,Production Occupations
99,U.S.,1,0,Cross-industry,cross-industry,1235,51-6052,"Tailors, Dressmakers, and Custom Sewers",detailed,16870,6.9,,,,17.9,37230.0,1.0,11.49,14.23,16.48,20.36,26.0,23910.0,29590.0,34280.0,42340.0,54080.0,,,2022,US,,51,Production Occupations
99,U.S.,1,0,Cross-industry,cross-industry,1235,51-6061,Textile Bleaching and Dyeing Machine Operators and Tenders,detailed,6640,4.9,,,,16.3,33900.0,0.9,12.45,13.65,15.71,17.99,21.1,25890.0,28390.0,32680.0,37410.0,43880.0,,,2022,US,,51,Production Occupations
99,U.S.,1,0,Cross-industry,cross-industry,1235,51-6062,"Textile Cutting Machine Setters, Operators, and Tenders",detailed,10700,3.8,,,,16.81,34970.0,0.8,12.14,14.24,16.55,18.72,21.76,25250.0,29620.0,34420.0,38930.0,45260.0,,,2022,US,,51,Production Occupations
99,U.S.,1,0,Cross-industry,cross-industry,1235,51-6063,"Textile Knitting and Weaving Machine Setters, Operators, and Tenders",detailed,16900,3.0,,,,17.17,35710.0,0.7,12.68,14.38,17.19,18.93,22.19,26380.0,29920.0,35750.0,39370.0,46160.0,,,2022,US,,51,Production Occupations
99,U.S.,1,0,Cross-industry,cross-industry,1235,51-6064,"Textile Winding, Twisting, and Drawing Out Machine Setters, Operators, and Tenders",detailed,23830,1.8,,,,16.64,34610.0,0.6,13.56,14.67,16.21,17.94,21.16,28200.0,30510.0,33720.0,37310.0,44010.0,,,2022,US,,51,Production Occupations
99,U.S.,1,0,Cross-industry,cross-industry,1235,51-6091,"Extruding and Forming Machine Setters, Operators, and Tenders, Synthetic and Glass Fibers",detailed,14460,4.6,,,,20.56,42770.0,0.9,14.8,17.07,19.16,23.44,28.41,30780.0,35510.0,39860.0,48750.0,59090.0,,,2022,US,,51,Production Occupations
99,U.S.,1,0,Cross-industry,cross-industry,1235,51-6092,Fabric and Apparel Patternmakers,detailed,3070,8.9,,,,32.13,66820.0,3.6,14.99,18.34,29.0,41.17,52.67,31190.0,38150.0,60320.0,85630.0,109550.0,,,2022,US,,51,Production Occupations
99,U.S.,1,0,Cross-industry,cross-industry,1235,51-6093,Upholsterers,detailed,26990,2.1,,,,20.14,41900.0,0.7,13.6,16.09,19.04,22.67,28.68,28300.0,33480.0,39600.0,47150.0,59660.0,,,2022,US,,51,Production Occupations
99,U.S.,1,0,Cross-industry,cross-industry,1235,51-6099,"Textile, Apparel, and Furnishings Workers, All Other",detailed,12810,4.1,,,,17.08,35520.0,1.6,12.14,13.95,15.69,18.45,23.36,25240.0,29020.0,32640.0,38370.0,48600.0,,,2022,US,,51,Production Occupations
99,U.S.,1,0,Cross-industry,cross-industry,1235,51-7011,Cabinetmakers and Bench Carpenters,detailed,95980,2.1,,,,20.25,42120.0,0.5,14.0,16.61,18.66,22.91,28.16,29120.0,34550.0,38810.0,47660.0,58570.0,,,2022,US,,51,Production Occupations
99,U.S.,1,0,Cross-industry,cross-industry,1235,51-7021,Furniture Finishers,detailed,14990,2.3,,,,19.17,39880.0,0.7,13.64,15.39,18.25,22.0,25.44,28370.0,32020.0,37960.0,45750.0,52920.0,,,2022,US,,51,Production Occupations
99,U.S.,1,0,Cross-industry,cross-industry,1235,51-7031,"Model Makers, Wood",detailed,720,17.1,,,,25.39,52820.0,3.8,17.0,18.28,22.57,28.99,40.02,35350.0,38010.0,46940.0,60290.0,83230.0,,,2022,US,,51,Production Occupations
99,U.S.,1,0,Cross-industry,cross-industry,1235,51-7032,"Patternmakers, Wood",detailed,330,20.3,,,,21.98,45720.0,3.1,15.26,18.36,21.29,24.11,28.95,31730.0,38180.0,44290.0,50150.0,60220.0,,,2022,US,,51,Production Occupations
99,U.S.,1,0,Cross-industry,cross-industry,1235,51-7041,"Sawing Machine Setters, Operators, and Tenders, Wood",detailed,46400,1.7,,,,18.0,37450.0,0.4,12.95,14.58,17.44,20.7,23.8,26930.0,30330.0,36270.0,43050.0,49500.0,,,2022,US,,51,Production Occupations
99,U.S.,1,0,Cross-industry,cross-industry,1235,51-7042,"Woodworking Machine Setters, Operators, and Tenders, Except Sawing",detailed,63680,1.5,,,,18.3,38060.0,0.4,13.42,14.96,17.71,21.29,23.8,27910.0,31120.0,36830.0,44290.0,49510.0,,,2022,US,,51,Production Occupations
99,U.S.,1,0,Cross-industry,cross-industry,1235,51-7099,"Woodworkers, All Other",detailed,9120,5.4,,,,17.73,36870.0,1.2,12.38,14.01,17.01,20.33,24.67,25750.0,29150.0,35370.0,42290.0,51310.0,,,2022,US,,51,Production Occupations
99,U.S.,1,0,Cross-industry,cross-industry,1235,51-8011,Nuclear Power Reactor Operators,detailed,5450,1.2,,,,56.5,117510.0,0.3,41.15,48.17,55.71,62.99,70.24,85580.0,100190.0,115870.0,131030.0,146100.0,,,2022,US,,51,Production Occupations
99,U.S.,1,0,Cross-industry,cross-industry,1235,51-8012,Power Distributors and Dispatchers,detailed,9380,2.9,,,,48.73,101360.0,0.8,31.78,39.94,48.87,56.9,65.2,66090.0,83070.0,101650.0,118350.0,135620.0,,,2022,US,,51,Production Occupations
99,U.S.,1,0,Cross-industry,cross-industry,1235,51-8013,Power Plant Operators,detailed,31590,2.1,,,,42.77,88960.0,0.5,25.0,34.21,44.74,50.35,57.63,52000.0,71160.0,93060.0,104720.0,119880.0,,,2022,US,,51,Production Occupations
99,U.S.,1,0,Cross-industry,cross-industry,1235,51-8021,Stationary Engineers and Boiler Operators,detailed,31470,1.7,,,,34.89,72570.0,0.7,19.67,25.31,32.27,41.84,52.3,40910.0,52640.0,67120.0,87030.0,108790.0,,,2022,US,,51,Production Occupations
99,U.S.,1,0,Cross-industry,cross-industry,1235,51-8031,Water and Wastewater Treatment Plant and System Operators,detailed,119350,1.2,,,,26.78,55690.0,0.3,16.39,19.61,24.81,31.11,39.04,34100.0,40780.0,51600.0,64720.0,81210.0,,,2022,US,,51,Production Occupations
99,U.S.,1,0,Cross-industry,cross-industry,1235,51-8091,Chemical Plant and System Operators,detailed,18710,4.9,,,,38.12,79290.0,1.4,22.08,29.65,39.75,47.81,51.77,45930.0,61680.0,82670.0,99430.0,107680.0,,,2022,US,,51,Production Occupations
99,U.S.,1,0,Cross-industry,cross-industry,1235,51-8092,Gas Plant Operators,detailed,14290,5.5,,,,37.71,78430.0,1.6,22.21,29.91,38.2,45.64,51.78,46190.0,62220.0,79460.0,94930.0,107700.0,,,2022,US,,51,Production Occupations
99,U.S.,1,0,Cross-industry,cross-industry,1235,51-8093,"Petroleum Pump System Operators, Refinery Operators, and Gaugers",detailed,31360,2.2,,,,40.45,84140.0,0.9,25.44,34.77,40.91,48.01,51.83,52920.0,72320.0,85090.0,99860.0,107810.0,,,2022,US,,51,Production Occupations
99,U.S.,1,0,Cross-industry,cross-industry,1235,51-8099,"Plant and System Operators, All Other",detailed,15370,3.1,,,,28.88,60070.0,1.1,17.84,22.05,27.63,34.09,41.23,37100.0,45860.0,57470.0,70910.0,85760.0,,,2022,US,,51,Production Occupations
99,U.S.,1,0,Cross-industry,cross-industry,1235,51-9011,Chemical Equipment Operators and Tenders,detailed,115370,1.7,,,,26.06,54210.0,0.7,16.52,18.92,23.72,30.69,38.69,34360.0,39360.0,49330.0,63830.0,80480.0,,,2022,US,,51,Production Occupations
99,U.S.,1,0,Cross-industry,cross-industry,1235,51-9012,"Separating, Filtering, Clarifying, Precipitating, and Still Machine Setters, Operators, and Tenders",detailed,52470,2.8,,,,23.55,48980.0,0.7,15.11,17.88,22.24,27.32,33.62,31430.0,37190.0,46250.0,56820.0,69920.0,,,2022,US,,51,Production Occupations
99,U.S.,1,0,Cross-industry,cross-industry,1235,51-9021,"Crushing, Grinding, and Polishing Machine Setters, Operators, and Tenders",detailed,27320,2.1,,,,21.79,45310.0,0.7,14.53,17.26,20.81,24.98,30.52,30220.0,35910.0,43290.0,51960.0,63490.0,,,2022,US,,51,Production Occupations
99,U.S.,1,0,Cross-industry,cross-industry,1235,51-9022,"Grinding and Polishing Workers, Hand",detailed,14190,3.8,,,,18.64,38770.0,0.8,13.83,15.35,17.77,20.84,24.14,28760.0,31930.0,36960.0,43350.0,50210.0,,,2022,US,,51,Production Occupations
99,U.S.,1,0,Cross-industry,cross-industry,1235,51-9023,"Mixing and Blending Machine Setters, Operators, and Tenders",detailed,108900,1.4,,,,21.74,45220.0,0.5,14.85,17.5,20.87,24.49,29.56,30880.0,36400.0,43410.0,50950.0,61480.0,,,2022,US,,51,Production Occupations
99,U.S.,1,0,Cross-industry,cross-industry,1235,51-9031,"Cutters and Trimmers, Hand",detailed,8250,3.3,,,,18.19,37830.0,1.2,13.0,14.65,17.37,20.17,24.98,27040.0,30470.0,36130.0,41960.0,51970.0,,,2022,US,,51,Production Occupations
99,U.S.,1,0,Cross-industry,cross-industry,1235,51-9032,"Cutting and Slicing Machine Setters, Operators, and Tenders",detailed,54110,2.3,,,,20.18,41980.0,0.5,14.53,16.85,19.17,23.17,26.81,30220.0,35050.0,39880.0,48190.0,55760.0,,,2022,US,,51,Production Occupations
99,U.S.,1,0,Cross-industry,cross-industry,1235,51-9041,"Extruding, Forming, Pressing, and Compacting Machine Setters, Operators, and Tenders",detailed,58740,2.0,,,,20.17,41940.0,0.5,14.56,16.69,18.98,23.01,27.46,30290.0,34720.0,39480.0,47870.0,57120.0,,,2022,US,,51,Production Occupations
99,U.S.,1,0,Cross-industry,cross-industry,1235,51-9051,"Furnace, Kiln, Oven, Drier, and Kettle Operators and Tenders",detailed,15030,2.6,,,,22.2,46180.0,0.7,15.12,17.54,21.41,26.23,30.0,31450.0,36470.0,44530.0,54560.0,62410.0,,,2022,US,,51,Production Occupations
99,U.S.,1,0,Cross-industry,cross-industry,1235,51-9061,"Inspectors, Testers, Sorters, Samplers, and Weighers",detailed,579740,0.9,,,,22.74,47290.0,0.3,14.4,17.13,21.11,26.69,33.22,29950.0,35630.0,43900.0,55510.0,69100.0,,,2022,US,,51,Production Occupations
99,U.S.,1,0,Cross-industry,cross-industry,1235,51-9071,Jewelers and Precious Stone and Metal Workers,detailed,26280,3.4,,,,24.29,50530.0,1.2,14.5,17.41,22.66,28.91,36.6,30150.0,36210.0,47140.0,60130.0,76130.0,,,2022,US,,51,Production Occupations
99,U.S.,1,0,Cross-industry,cross-industry,1235,51-9081,Dental Laboratory Technicians,detailed,33330,2.5,,,,24.01,49930.0,0.9,14.79,17.75,22.14,28.15,35.96,30770.0,36920.0,46050.0,58560.0,74800.0,,,2022,US,,51,Production Occupations
99,U.S.,1,0,Cross-industry,cross-industry,1235,51-9082,Medical Appliance Technicians,detailed,15680,6.2,,,,22.23,46240.0,1.6,15.38,17.13,20.27,24.44,31.05,31990.0,35620.0,42160.0,50840.0,64580.0,,,2022,US,,51,Production Occupations
99,U.S.,1,0,Cross-industry,cross-industry,1235,51-9083,Ophthalmic Laboratory Technicians,detailed,20200,4.9,,,,19.3,40140.0,1.3,13.43,15.2,17.7,21.72,28.09,27930.0,31620.0,36810.0,45180.0,58430.0,,,2022,US,,51,Production Occupations
99,U.S.,1,0,Cross-industry,cross-industry,1235,51-9111,Packaging and Filling Machine Operators and Tenders,detailed,369330,0.8,,,,18.78,39060.0,0.4,13.6,15.16,17.67,21.53,25.37,28300.0,31530.0,36750.0,44780.0,52760.0,,,2022,US,,51,Production Occupations
99,U.S.,1,0,Cross-industry,cross-industry,1235,51-9123,"Painting, Coating, and Decorating Workers",detailed,11990,4.8,,,,20.08,41770.0,1.6,13.87,15.75,18.4,22.15,26.5,28850.0,32760.0,38270.0,46070.0,55120.0,,,2022,US,,51,Production Occupations
99,U.S.,1,0,Cross-industry,cross-industry,1235,51-9124,"Coating, Painting, and Spraying Machine Setters, Operators, and Tenders",detailed,152120,1.3,,,,22.33,46440.0,0.5,15.0,17.54,21.14,24.78,30.5,31200.0,36490.0,43960.0,51540.0,63430.0,,,2022,US,,51,Production Occupations
99,U.S.,1,0,Cross-industry,cross-industry,1235,51-9141,Semiconductor Processing Technicians,detailed,23860,3.7,,,,23.25,48370.0,0.5,15.92,17.84,21.49,26.75,34.63,33120.0,37100.0,44690.0,55630.0,72030.0,,,2022,US,,51,Production Occupations
99,U.S.,1,0,Cross-industry,cross-industry,1235,51-9151,Photographic Process Workers and Processing Machine Operators,detailed,5380,4.1,,,,20.55,42750.0,1.3,13.29,14.89,17.44,23.17,31.8,27650.0,30960.0,36280.0,48190.0,66150.0,,,2022,US,,51,Production Occupations
99,U.S.,1,0,Cross-industry,cross-industry,1235,51-9161,Computer Numerically Controlled Tool Operators,detailed,179360,1.6,,,,23.05,47940.0,0.3,16.04,18.25,22.48,26.94,30.58,33360.0,37960.0,46760.0,56030.0,63600.0,,,2022,US,,51,Production Occupations
99,U.S.,1,0,Cross-industry,cross-industry,1235,51-9162,Computer Numerically Controlled Tool Programmers,detailed,28120,1.9,,,,31.05,64580.0,0.5,20.67,24.35,29.23,36.57,43.31,42990.0,50650.0,60800.0,76060.0,90090.0,,,2022,US,,51,Production Occupations
99,U.S.,1,0,Cross-industry,cross-industry,1235,51-9191,Adhesive Bonding Machine Operators and Tenders,detailed,11320,3.3,,,,19.28,40100.0,1.1,13.32,15.01,18.65,22.77,24.99,27700.0,31210.0,38780.0,47370.0,51990.0,,,2022,US,,51,Production Occupations
99,U.S.,1,0,Cross-industry,cross-industry,1235,51-9192,"Cleaning, Washing, and Metal Pickling Equipment Operators and Tenders",detailed,13200,2.9,,,,18.81,39130.0,0.7,13.69,15.3,17.88,21.64,25.22,28460.0,31830.0,37190.0,45020.0,52460.0,,,2022,US,,51,Production Occupations
99,U.S.,1,0,Cross-industry,cross-industry,1235,51-9193,Cooling and Freezing Equipment Operators and Tenders,detailed,6420,3.0,,,,21.27,44240.0,0.9,14.38,17.47,20.62,24.33,29.6,29910.0,36340.0,42890.0,50600.0,61560.0,,,2022,US,,51,Production Occupations
99,U.S.,1,0,Cross-industry,cross-industry,1235,51-9194,Etchers and Engravers,detailed,8400,9.5,,,,19.69,40950.0,2.2,13.2,15.31,18.26,22.13,28.62,27460.0,31840.0,37980.0,46030.0,59530.0,,,2022,US,,51,Production Occupations
99,U.S.,1,0,Cross-industry,cross-industry,1235,51-9195,"Molders, Shapers, and Casters, Except Metal and Plastic",detailed,39060,2.7,,,,20.04,41680.0,0.6,14.44,16.85,19.03,22.69,27.15,30040.0,35050.0,39590.0,47200.0,56470.0,,,2022,US,,51,Production Occupations
99,U.S.,1,0,Cross-industry,cross-industry,1235,51-9196,"Paper Goods Machine Setters, Operators, and Tenders",detailed,92050,1.9,,,,22.3,46390.0,0.5,15.04,17.94,21.97,24.97,30.16,31290.0,37310.0,45710.0,51940.0,62730.0,,,2022,US,,51,Production Occupations
99,U.S.,1,0,Cross-industry,cross-industry,1235,51-9197,Tire Builders,detailed,18360,1.9,,,,24.33,50600.0,0.5,17.21,19.97,24.83,28.91,30.4,35800.0,41540.0,51650.0,60140.0,63230.0,,,2022,US,,51,Production Occupations
99,U.S.,1,0,Cross-industry,cross-industry,1235,51-9198,Helpers--Production Workers,detailed,190680,1.1,,,,17.18,35740.0,0.4,12.38,14.54,16.67,18.93,22.92,25740.0,30250.0,34670.0,39370.0,47680.0,,,2022,US,,51,Production Occupations
99,U.S.,1,0,Cross-industry,cross-industry,1235,51-9199,"Production Workers, All Other",detailed,252660,1.2,,,,18.68,38860.0,0.3,13.23,14.68,17.06,21.0,27.01,27510.0,30530.0,35490.0,43690.0,56180.0,,,2022,US,,51,Production Occupations
99,U.S.,1,0,Cross-industry,cross-industry,1235,53-1041,Aircraft Cargo Handling Supervisors,detailed,7950,2.8,,,,29.4,61150.0,0.8,19.73,22.37,25.72,36.65,41.91,41030.0,46540.0,53490.0,76230.0,87170.0,,,2022,US,,53,Transportation and Material Moving Occupations
99,U.S.,1,0,Cross-industry,cross-industry,1235,53-1047,"First-Line Supervisors of Transportation and Material Moving Workers, Except Aircraft Cargo Handling Supervisors",detailed,591760,0.7,,,,29.25,60850.0,0.4,17.94,21.68,27.82,35.06,42.26,37310.0,45090.0,57860.0,72920.0,87900.0,,,2022,US,,53,Transportation and Material Moving Occupations
99,U.S.,1,0,Cross-industry,cross-industry,1235,53-2011,"Airline Pilots, Copilots, and Flight Engineers",detailed,89580,0.9,,,,,225740.0,2.7,,,,,,98680.0,129520.0,211790.0,,,True,,2022,US,,53,Transportation and Material Moving Occupations
99,U.S.,1,0,Cross-industry,cross-industry,1235,53-2012,Commercial Pilots,detailed,48750,2.4,,,,,123250.0,1.0,,,,,,54100.0,76320.0,103910.0,149170.0,217530.0,True,,2022,US,,53,Transportation and Material Moving Occupations
99,U.S.,1,0,Cross-industry,cross-industry,1235,53-2021,Air Traffic Controllers,detailed,21250,0.9,,,,62.9,130840.0,0.4,35.38,44.51,63.58,81.14,91.25,73590.0,92580.0,132250.0,168770.0,189800.0,,,2022,US,,53,Transportation and Material Moving Occupations
99,U.S.,1,0,Cross-industry,cross-industry,1235,53-2022,Airfield Operations Specialists,detailed,14760,2.9,,,,30.79,64050.0,1.2,14.64,18.3,23.85,36.59,53.28,30460.0,38060.0,49600.0,76100.0,110830.0,,,2022,US,,53,Transportation and Material Moving Occupations
99,U.S.,1,0,Cross-industry,cross-industry,1235,53-2031,Flight Attendants,detailed,108480,0.8,,,,,67020.0,0.4,,,,,,37690.0,47760.0,63760.0,82410.0,97170.0,True,,2022,US,,53,Transportation and Material Moving Occupations
99,U.S.,1,0,Cross-industry,cross-industry,1235,53-3011,"Ambulance Drivers and Attendants, Except Emergency Medical Technicians",detailed,9910,3.4,,,,16.14,33570.0,2.3,10.77,12.5,14.61,17.37,22.65,22410.0,26000.0,30380.0,36120.0,47120.0,,,2022,US,,53,Transportation and Material Moving Occupations
99,U.S.,1,0,Cross-industry,cross-industry,1235,53-3031,Driver/Sales Workers,detailed,489510,2.0,,,,17.1,35560.0,0.8,9.49,11.84,15.72,21.27,26.54,19730.0,24630.0,32690.0,44250.0,55200.0,,,2022,US,,53,Transportation and Material Moving Occupations
99,U.S.,1,0,Cross-industry,cross-industry,1235,53-3032,Heavy and Tractor-Trailer Truck Drivers,detailed,1984180,0.9,,,,25.52,53090.0,0.3,16.97,20.43,24.0,29.42,36.16,35300.0,42490.0,49920.0,61200.0,75220.0,,,2022,US,,53,Transportation and Material Moving Occupations
99,U.S.,1,0,Cross-industry,cross-industry,1235,53-3033,Light Truck Drivers,detailed,1059840,0.7,,,,21.65,45020.0,0.3,12.86,16.15,19.43,24.35,36.43,26740.0,33590.0,40410.0,50650.0,75780.0,,,2022,US,,53,Transportation and Material Moving Occupations
99,U.S.,1,0,Cross-industry,cross-industry,1235,53-3051,"Bus Drivers, School",detailed,366550,1.3,,,,20.39,42400.0,0.4,12.21,16.27,19.84,23.66,28.07,25390.0,33850.0,41270.0,49210.0,58390.0,,,2022,US,,53,Transportation and Material Moving Occupations
99,U.S.,1,0,Cross-industry,cross-industry,1235,53-3052,"Bus Drivers, Transit and Intercity",detailed,141530,1.1,,,,25.92,53920.0,0.4,16.16,19.18,24.47,31.46,38.67,33610.0,39900.0,50890.0,65430.0,80420.0,,,2022,US,,53,Transportation and Material Moving Occupations
99,U.S.,1,0,Cross-industry,cross-industry,1235,53-3053,Shuttle Drivers and Chauffeurs,detailed,201070,1.1,,,,16.83,35000.0,0.7,11.38,13.55,15.77,18.56,23.11,23680.0,28190.0,32800.0,38610.0,48070.0,,,2022,US,,53,Transportation and Material Moving Occupations
99,U.S.,1,0,Cross-industry,cross-industry,1235,53-3054,Taxi Drivers,detailed,13820,3.6,,,,15.73,32710.0,1.7,11.0,13.34,14.75,16.9,20.05,22880.0,27740.0,30670.0,35150.0,41710.0,,,2022,US,,53,Transportation and Material Moving Occupations
99,U.S.,1,0,Cross-industry,cross-industry,1235,53-3099,"Motor Vehicle Operators, All Other",detailed,49340,3.3,,,,18.1,37650.0,1.5,10.77,12.72,15.96,21.55,28.72,22390.0,26460.0,33210.0,44820.0,59740.0,,,2022,US,,53,Transportation and Material Moving Occupations
99,U.S.,1,0,Cross-industry,cross-industry,1235,53-4011,Locomotive Engineers,detailed,36440,2.0,,,,35.5,73850.0,0.7,25.51,30.24,35.85,41.8,42.82,53060.0,62890.0,74570.0,86950.0,89060.0,,,2022,US,,53,Transportation and Material Moving Occupations
99,U.S.,1,0,Cross-industry,cross-industry,1235,53-4013,"Rail Yard Engineers, Dinkey Operators, and Hostlers",detailed,2680,4.8,,,,28.09,58430.0,1.4,16.99,23.19,27.09,32.04,40.09,35340.0,48230.0,56340.0,66640.0,83390.0,,,2022,US,,53,Transportation and Material Moving Occupations
99,U.S.,1,0,Cross-industry,cross-industry,1235,53-4022,"Railroad Brake, Signal, and Switch Operators and Locomotive Firers",detailed,14210,1.4,,,,31.16,64810.0,0.8,21.07,29.15,32.47,33.72,38.26,43830.0,60640.0,67540.0,70140.0,79580.0,,,2022,US,,53,Transportation and Material Moving Occupations
99,U.S.,1,0,Cross-industry,cross-industry,1235,53-4031,Railroad Conductors and Yardmasters,detailed,40940,0.4,,,,33.26,69190.0,0.4,23.88,29.6,32.78,35.7,42.42,49680.0,61570.0,68180.0,74260.0,88230.0,,,2022,US,,53,Transportation and Material Moving Occupations
99,U.S.,1,0,Cross-industry,cross-industry,1235,53-4041,Subway and Streetcar Operators,detailed,9120,0.8,,,,36.48,75880.0,0.9,23.68,29.69,42.43,42.88,42.88,49260.0,61740.0,88260.0,89180.0,89180.0,,,2022,US,,53,Transportation and Material Moving Occupations
99,U.S.,1,0,Cross-industry,cross-industry,1235,53-4099,"Rail Transportation Workers, All Other",detailed,2240,8.8,,,,22.49,46780.0,1.3,17.04,19.06,20.33,23.98,32.32,35440.0,39640.0,42280.0,49870.0,67230.0,,,2022,US,,53,Transportation and Material Moving Occupations
99,U.S.,1,0,Cross-industry,cross-industry,1235,53-5011,Sailors and Marine Oilers,detailed,28500,3.6,,,,25.65,53350.0,1.8,14.68,17.88,22.83,29.18,36.16,30530.0,37190.0,47490.0,60690.0,75210.0,,,2022,US,,53,Transportation and Material Moving Occupations
99,U.S.,1,0,Cross-industry,cross-industry,1235,53-5021,"Captains, Mates, and Pilots of Water Vessels",detailed,34940,3.7,,,,50.09,104190.0,1.5,20.24,29.51,45.77,60.43,76.99,42090.0,61390.0,95210.0,125700.0,160140.0,,,2022,US,,53,Transportation and Material Moving Occupations
99,U.S.,1,0,Cross-industry,cross-industry,1235,53-5022,Motorboat Operators,detailed,3110,7.0,,,,22.74,47300.0,2.6,14.25,16.76,19.92,28.24,35.41,29640.0,34870.0,41430.0,58750.0,73650.0,,,2022,US,,53,Transportation and Material Moving Occupations
99,U.S.,1,0,Cross-industry,cross-industry,1235,53-5031,Ship Engineers,detailed,8650,6.1,,,,48.55,100980.0,2.6,25.25,34.81,41.97,51.72,67.3,52520.0,72410.0,87300.0,107580.0,139990.0,,,2022,US,,53,Transportation and Material Moving Occupations
99,U.S.,1,0,Cross-industry,cross-industry,1235,53-6011,Bridge and Lock Tenders,detailed,3690,5.8,,,,22.55,46910.0,1.9,12.8,14.6,22.73,29.51,32.37,26630.0,30370.0,47280.0,61380.0,67330.0,,,2022,US,,53,Transportation and Material Moving Occupations
99,U.S.,1,0,Cross-industry,cross-industry,1235,53-6021,Parking Attendants,detailed,105290,6.4,,,,15.01,31230.0,0.7,10.86,13.0,14.7,16.63,18.63,22580.0,27040.0,30570.0,34590.0,38760.0,,,2022,US,,53,Transportation and Material Moving Occupations
99,U.S.,1,0,Cross-industry,cross-industry,1235,53-6031,Automotive and Watercraft Service Attendants,detailed,99600,1.3,,,,15.55,32340.0,0.5,11.86,13.37,14.83,17.09,19.37,24660.0,27820.0,30850.0,35550.0,40290.0,,,2022,US,,53,Transportation and Material Moving Occupations
99,U.S.,1,0,Cross-industry,cross-industry,1235,53-6032,Aircraft Service Attendants,detailed,19720,4.0,,,,18.94,39400.0,0.8,14.14,15.26,17.81,20.94,24.94,29400.0,31740.0,37050.0,43560.0,51880.0,,,2022,US,,53,Transportation and Material Moving Occupations
99,U.S.,1,0,Cross-industry,cross-industry,1235,53-6041,Traffic Technicians,detailed,7310,4.5,,,,26.31,54720.0,1.2,16.52,19.42,24.06,31.17,40.64,34370.0,40390.0,50050.0,64830.0,84520.0,,,2022,US,,53,Transportation and Material Moving Occupations
99,U.S.,1,0,Cross-industry,cross-industry,1235,53-6051,Transportation Inspectors,detailed,24420,2.5,,,,38.35,79770.0,0.8,17.68,26.09,38.26,46.88,60.65,36770.0,54270.0,79570.0,97510.0,126150.0,,,2022,US,,53,Transportation and Material Moving Occupations
99,U.S.,1,0,Cross-industry,cross-industry,1235,53-6061,Passenger Attendants,detailed,13200,5.1,,,,17.42,36230.0,2.2,10.59,14.18,16.65,19.44,24.04,22020.0,29490.0,34630.0,40430.0,50000.0,,,2022,US,,53,Transportation and Material Moving Occupations
99,U.S.,1,0,Cross-industry,cross-industry,1235,53-6099,"Transportation Workers, All Other",detailed,11590,5.3,,,,19.37,40290.0,1.7,11.5,14.16,17.99,22.59,29.19,23920.0,29460.0,37430.0,47000.0,60720.0,,,2022,US,,53,Transportation and Material Moving Occupations
99,U.S.,1,0,Cross-industry,cross-industry,1235,53-7011,Conveyor Operators and Tenders,detailed,27780,2.8,,,,19.26,40060.0,0.5,14.79,15.93,17.74,21.46,25.57,30770.0,33130.0,36890.0,44630.0,53190.0,,,2022,US,,53,Transportation and Material Moving Occupations
99,U.S.,1,0,Cross-industry,cross-industry,1235,53-7021,Crane and Tower Operators,detailed,45210,5.7,,,,31.36,65220.0,1.3,18.12,23.0,29.49,36.76,44.91,37680.0,47840.0,61340.0,76450.0,93410.0,,,2022,US,,53,Transportation and Material Moving Occupations
99,U.S.,1,0,Cross-industry,cross-industry,1235,53-7031,Dredge Operators,detailed,940,11.1,,,,24.89,51770.0,2.4,16.4,19.24,22.64,29.0,37.06,34110.0,40030.0,47090.0,60320.0,77080.0,,,2022,US,,53,Transportation and Material Moving Occupations
99,U.S.,1,0,Cross-industry,cross-industry,1235,53-7041,Hoist and Winch Operators,detailed,2440,8.2,,,,33.23,69120.0,5.3,16.09,19.41,28.34,45.85,58.39,33480.0,40360.0,58950.0,95380.0,121450.0,,,2022,US,,53,Transportation and Material Moving Occupations
99,U.S.,1,0,Cross-industry,cross-industry,1235,53-7051,Industrial Truck and Tractor Operators,detailed,780890,0.6,,,,20.79,43240.0,0.3,15.4,17.61,19.82,22.97,27.6,32040.0,36640.0,41230.0,47780.0,57410.0,,,2022,US,,53,Transportation and Material Moving Occupations
99,U.S.,1,0,Cross-industry,cross-industry,1235,53-7061,Cleaners of Vehicles and Equipment,detailed,359530,0.9,,,,15.74,32730.0,0.4,10.82,13.21,14.9,17.46,20.92,22500.0,27470.0,31000.0,36310.0,43520.0,,,2022,US,,53,Transportation and Material Moving Occupations
99,U.S.,1,0,Cross-industry,cross-industry,1235,53-7062,"Laborers and Freight, Stock, and Material Movers, Hand",detailed,2934050,0.4,,,,18.03,37510.0,0.4,13.27,14.97,17.36,20.42,23.35,27610.0,31130.0,36110.0,42470.0,48560.0,,,2022,US,,53,Transportation and Material Moving Occupations
99,U.S.,1,0,Cross-industry,cross-industry,1235,53-7063,Machine Feeders and Offbearers,detailed,51010,1.9,,,,18.8,39100.0,0.6,13.55,15.29,18.29,21.84,24.48,28190.0,31800.0,38040.0,45420.0,50910.0,,,2022,US,,53,Transportation and Material Moving Occupations
99,U.S.,1,0,Cross-industry,cross-industry,1235,53-7064,"Packers and Packagers, Hand",detailed,653870,0.8,,,,16.02,33310.0,0.4,11.48,13.76,15.83,17.9,20.23,23870.0,28620.0,32920.0,37230.0,42070.0,,,2022,US,,53,Transportation and Material Moving Occupations
99,U.S.,1,0,Cross-industry,cross-industry,1235,53-7065,Stockers and Order Fillers,detailed,2842060,0.3,,,,17.09,35550.0,0.4,12.35,14.29,16.45,18.66,22.77,25680.0,29730.0,34220.0,38810.0,47360.0,,,2022,US,,53,Transportation and Material Moving Occupations
99,U.S.,1,0,Cross-industry,cross-industry,1235,53-7071,Gas Compressor and Gas Pumping Station Operators,detailed,3740,6.6,,,,29.57,61500.0,1.8,16.19,21.42,28.84,36.61,43.61,33680.0,44550.0,59990.0,76140.0,90720.0,,,2022,US,,53,Transportation and Material Moving Occupations
99,U.S.,1,0,Cross-industry,cross-industry,1235,53-7072,"Pump Operators, Except Wellhead Pumpers",detailed,10870,6.5,,,,28.44,59150.0,2.0,17.65,21.51,26.86,35.67,41.07,36700.0,44740.0,55860.0,74200.0,85430.0,,,2022,US,,53,Transportation and Material Moving Occupations
99,U.S.,1,0,Cross-industry,cross-industry,1235,53-7073,Wellhead Pumpers,detailed,14550,6.2,,,,31.5,65510.0,2.7,17.36,22.8,30.42,38.04,45.06,36100.0,47430.0,63280.0,79120.0,93730.0,,,2022,US,,53,Transportation and Material Moving Occupations
99,U.S.,1,0,Cross-industry,cross-industry,1235,53-7081,Refuse and Recyclable Material Collectors,detailed,132240,1.3,,,,21.91,45560.0,0.6,13.55,16.37,20.94,25.87,30.96,28190.0,34040.0,43540.0,53800.0,64390.0,,,2022,US,,53,Transportation and Material Moving Occupations
99,U.S.,1,0,Cross-industry,cross-industry,1235,53-7121,"Tank Car, Truck, and Ship Loaders",detailed,12470,5.6,,,,28.21,58680.0,2.3,17.66,21.4,25.93,36.38,42.62,36730.0,44500.0,53930.0,75670.0,88650.0,,,2022,US,,53,Transportation and Material Moving Occupations
99,U.S.,1,0,Cross-industry,cross-industry,1235,53-7199,"Material Moving Workers, All Other",detailed,24880,2.9,,,,20.81,43290.0,1.0,14.46,16.0,18.65,23.48,28.88,30070.0,33280.0,38800.0,48840.0,60070.0,,,2022,US,,53,Transportation and Material Moving Occupations
99,U.S.,1,0,Cross-industry,cross-industry,1235,11-1011,Chief Executives,detailed,211850,1.2,,,,126.41,262930.0,0.9,35.44,60.61,99.24,,,73710.0,126080.0,206420.0,,,,,2024,US,,11,Management Occupations
99,U.S.,1,0,Cross-industry,cross-industry,1235,11-1021,General and Operations Managers,detailed,3584420,0.4,,,,64.0,133120.0,0.4,22.8,32.29,49.5,78.91,,47420.0,67160.0,102950.0,164130.0,,,,2024,US,,11,Management Occupations
99,U.S.,1,0,Cross-industry,cross-industry,1235,11-1031,Legislators,detailed,26510,3.9,,,,,67390.0,1.6,,,,,,20380.0,29120.0,44810.0,80350.0,137820.0,True,,2024,US,,11,Management Occupations
99,U.S.,1,0,Cross-industry,cross-industry,1235,11-2011,Advertising and Promotions Managers,detailed,21100,4.6,,,,71.76,149270.0,2.3,30.29,41.34,61.04,85.85,,63000.0,85990.0,126960.0,178570.0,,,,2024,US,,11,Management Occupations
99,U.S.,1,0,Cross-industry,cross-industry,1235,11-2021,Marketing Managers,detailed,384980,0.8,,,,82.46,171520.0,0.6,39.38,53.47,77.42,101.48,,81900.0,111210.0,161030.0,211080.0,,,,2024,US,,11,Management Occupations
99,U.S.,1,0,Cross-industry,cross-industry,1235,11-2022,Sales Managers,detailed,603710,0.8,,,,77.37,160930.0,0.5,32.17,46.11,66.38,96.87,,66910.0,95910.0,138060.0,201490.0,,,,2024,US,,11,Management Occupations
99,U.S.,1,0,Cross-industry,cross-industry,1235,11-2032,Public Relations Managers,detailed,76060,1.3,,,,78.61,163520.0,1.1,37.92,49.19,66.6,95.19,,78880.0,102300.0,138520.0,198000.0,,,,2024,US,,11,Management Occupations
99,U.S.,1,0,Cross-industry,cross-industry,1235,11-2033,Fundraising Managers,detailed,36920,1.6,,,,66.01,137290.0,0.8,35.43,44.66,59.36,80.01,104.16,73700.0,92880.0,123480.0,166420.0,216660.0,,,2024,US,,11,Management Occupations
99,U.S.,1,0,Cross-industry,cross-industry,1235,11-3012,Administrative Services Managers,detailed,254140,0.7,,,,60.59,126030.0,0.4,31.13,40.22,52.11,70.74,96.16,64740.0,83660.0,108390.0,147150.0,200010.0,,,2024,US,,11,Management Occupations
99,U.S.,1,0,Cross-industry,cross-industry,1235,11-3013,Facilities Managers,detailed,141090,0.7,,,,55.06,114520.0,0.4,30.07,38.54,50.33,65.22,83.21,62550.0,80150.0,104690.0,135650.0,173080.0,,,2024,US,,11,Management Occupations
99,U.S.,1,0,Cross-industry,cross-industry,1235,11-3021,Computer and Information Systems Managers,detailed,645970,0.6,,,,90.38,187990.0,0.3,50.22,64.59,82.31,103.95,,104450.0,134350.0,171200.0,216220.0,,,,2024,US,,11,Management Occupations
99,U.S.,1,0,Cross-industry,cross-industry,1235,11-3031,Financial Managers,detailed,818620,0.7,,,,86.76,180470.0,0.3,41.58,56.91,77.74,102.98,,86490.0,118360.0,161700.0,214210.0,,,,2024,US,,11,Management Occupations
99,U.S.,1,0,Cross-industry,cross-industry,1235,11-3051,Industrial Production Managers,detailed,234380,0.6,,,,62.11,129180.0,0.3,36.01,45.49,58.39,75.16,94.86,74900.0,94620.0,121440.0,156330.0,197310.0,,,2024,US,,11,Management Occupations
99,U.S.,1,0,Cross-industry,cross-industry,1235,11-3061,Purchasing Managers,detailed,81240,0.8,,,,72.42,150630.0,0.3,41.1,51.65,67.07,84.36,105.35,85500.0,107430.0,139510.0,175460.0,219140.0,,,2024,US,,11,Management Occupations
99,U.S.,1,0,Cross-industry,cross-industry,1235,11-3071,"Transportation, Storage, and Distribution Managers",detailed,213000,0.8,,,,55.77,116010.0,0.6,29.42,37.67,49.05,65.41,86.82,61200.0,78360.0,102010.0,136050.0,180590.0,,,2024,US,,11,Management Occupations
99,U.S.,1,0,Cross-industry,cross-industry,1235,11-3111,Compensation and Benefits Managers,detailed,20070,2.1,,,,75.11,156230.0,1.1,39.26,50.58,67.48,91.78,,81660.0,105210.0,140360.0,190890.0,,,,2024,US,,11,Management Occupations
99,U.S.,1,0,Cross-industry,cross-industry,1235,11-3121,Human Resources Managers,detailed,215520,0.6,,,,77.15,160480.0,0.4,40.28,50.76,67.32,91.33,,83790.0,105590.0,140030.0,189960.0,,,,2024,US,,11,Management Occupations
99,U.S.,1,0,Cross-industry,cross-industry,1235,11-3131,Training and Development Managers,detailed,44960,1.7,,,,67.59,140590.0,0.6,36.45,46.21,61.1,81.4,105.76,75810.0,96110.0,127090.0,169310.0,219990.0,,,2024,US,,11,Management Occupations
99,U.S.,1,0,Cross-industry,cross-industry,1235,11-9013,"Farmers, Ranchers, and Other Agricultural Managers",detailed,5910,4.2,,,,46.75,97240.0,1.8,24.85,32.68,42.3,55.38,75.26,51700.0,67970.0,87980.0,115200.0,156530.0,,,2024,US,,11,Management Occupations
99,U.S.,1,0,Cross-industry,cross-industry,1235,11-9021,Construction Managers,detailed,348330,1.0,,,,57.53,119660.0,0.4,31.33,40.14,51.43,66.99,85.09,65160.0,83480.0,106980.0,139330.0,176990.0,,,2024,US,,11,Management Occupations
99,U.S.,1,0,Cross-industry,cross-industry,1235,11-9031,"Education and Childcare Administrators, Preschool and Daycare",detailed,71620,1.8,,,,30.12,62640.0,1.0,17.82,21.78,27.05,34.95,46.35,37060.0,45310.0,56270.0,72690.0,96400.0,,,2024,US,,11,Management Occupations
99,U.S.,1,0,Cross-industry,cross-industry,1235,11-9032,"Education Administrators, Kindergarten through Secondary",detailed,319630,0.7,,,,,113360.0,0.4,,,,,,72400.0,83840.0,104070.0,132550.0,165820.0,True,,2024,US,,11,Management Occupations
99,U.S.,1,0,Cross-industry,cross-industry,1235,11-9033,"Education Administrators, Postsecondary",detailed,176420,0.3,,,,59.83,124450.0,0.3,30.68,38.41,49.98,67.76,102.12,63820.0,79880.0,103960.0,140940.0,212420.0,,,2024,US,,11,Management Occupations
99,U.S.,1,0,Cross-industry,cross-industry,1235,11-9039,"Education Administrators, All Other",detailed,53330,1.9,,,,47.82,99460.0,0.9,23.8,31.34,42.81,58.52,75.98,49490.0,65180.0,89040.0,121720.0,158050.0,,,2024,US,,11,Management Occupations
99,U.S.,1,0,Cross-industry,cross-industry,1235,11-9041,Architectural and Engineering Managers,detailed,210340,0.8,,,,84.48,175710.0,0.5,53.58,64.87,80.64,99.62,,111450.0,134930.0,167740.0,207210.0,,,,2024,US,,11,Management Occupations
99,U.S.,1,0,Cross-industry,cross-industry,1235,11-9051,Food Service Managers,detailed,244230,1.6,,,,34.79,72370.0,0.7,20.37,25.52,31.4,39.57,50.68,42380.0,53090.0,65310.0,82300.0,105420.0,,,2024,US,,11,Management Occupations
99,U.S.,1,0,Cross-industry,cross-industry,1235,11-9071,Gambling Managers,detailed,4620,2.2,,,,49.27,102480.0,1.6,24.84,33.74,41.14,57.93,79.43,51670.0,70190.0,85580.0,120490.0,165220.0,,,2024,US,,11,Management Occupations
99,U.S.,1,0,Cross-industry,cross-industry,1235,11-9072,"Entertainment and Recreation Managers, Except Gambling",detailed,36700,2.0,,,,41.86,87060.0,0.9,21.79,28.07,37.11,48.92,64.75,45320.0,58380.0,77180.0,101750.0,134680.0,,,2024,US,,11,Management Occupations
99,U.S.,1,0,Cross-industry,cross-industry,1235,11-9081,Lodging Managers,detailed,41350,2.7,,,,37.24,77460.0,1.2,18.99,24.06,32.76,43.59,61.05,39490.0,50040.0,68130.0,90670.0,126990.0,,,2024,US,,11,Management Occupations
99,U.S.,1,0,Cross-industry,cross-industry,1235,11-9111,Medical and Health Services Managers,detailed,565840,0.5,,,,66.22,137730.0,0.4,33.5,42.58,56.71,78.09,105.33,69680.0,88560.0,117960.0,162420.0,219080.0,,,2024,US,,11,Management Occupations
99,U.S.,1,0,Cross-industry,cross-industry,1235,11-9121,Natural Sciences Managers,detailed,100870,1.6,,,,83.41,173500.0,0.9,38.38,54.86,77.49,103.28,,79830.0,114110.0,161180.0,214820.0,,,,2024,US,,11,Management Occupations
99,U.S.,1,0,Cross-industry,cross-industry,1235,11-9131,Postmasters and Mail Superintendents,detailed,13810,0.0,,,,45.08,93760.0,0.0,39.15,41.9,44.58,47.88,52.47,81430.0,87150.0,92730.0,99590.0,109140.0,,,2024,US,,11,Management Occupations
99,U.S.,1,0,Cross-industry,cross-industry,1235,11-9141,"Property, Real Estate, and Community Association Managers",detailed,296640,1.8,,,,39.77,82720.0,3.4,18.92,23.81,32.07,46.04,67.81,39360.0,49530.0,66700.0,95760.0,141040.0,,,2024,US,,11,Management Occupations
99,U.S.,1,0,Cross-industry,cross-industry,1235,11-9151,Social and Community Service Managers,detailed,195490,1.1,,,,41.39,86100.0,1.0,24.05,30.01,37.61,48.36,62.41,50020.0,62420.0,78240.0,100600.0,129820.0,,,2024,US,,11,Management Occupations
99,U.S.,1,0,Cross-industry,cross-industry,1235,11-9161,Emergency Management Directors,detailed,12570,1.3,,,,46.97,97700.0,0.7,24.64,30.99,41.41,57.54,77.12,51260.0,64470.0,86130.0,119690.0,160420.0,,,2024,US,,11,Management Occupations
99,U.S.,1,0,Cross-industry,cross-industry,1235,11-9171,Funeral Home Managers,detailed,13120,1.9,,,,41.18,85650.0,1.1,22.03,28.74,36.94,47.75,63.69,45820.0,59780.0,76830.0,99330.0,132470.0,,,2024,US,,11,Management Occupations
99,U.S.,1,0,Cross-industry,cross-industry,1235,11-9179,"Personal Service Managers, All Other",detailed,10490,5.5,,,,33.95,70620.0,1.7,17.73,22.92,29.49,39.85,53.43,36880.0,47670.0,61340.0,82890.0,111130.0,,,2024,US,,11,Management Occupations
99,U.S.,1,0,Cross-industry,cross-industry,1235,11-9199,"Managers, All Other",detailed,630980,0.5,,,,72.06,149890.0,0.4,33.11,48.08,65.65,86.15,109.42,68860.0,100010.0,136550.0,179190.0,227590.0,,,2024,US,,11,Management Occupations
99,U.S.,1,0,Cross-industry,cross-industry,1235,13-1011,"Agents and Business Managers of Artists, Performers, and Athletes",detailed,14220,6.7,,,,79.62,165600.0,10.2,23.33,30.34,46.3,81.18,,48530.0,63100.0,96310.0,168850.0,,,,2024,US,,13,Business and Financial Operations Occupations
99,U.S.,1,0,Cross-industry,cross-industry,1235,13-1020,Buyers and Purchasing Agents,detailed,486900,0.6,,,,39.29,81720.0,0.4,22.34,28.21,36.37,47.69,61.31,46460.0,58670.0,75650.0,99190.0,127520.0,,,2024,US,,13,Business and Financial Operations Occupations
99,U.S.,1,0,Cross-industry,cross-industry,1235,13-1031,"Claims Adjusters, Examiners, and Investigators",detailed,305020,1.2,,,,37.87,78770.0,0.4,22.99,28.89,36.92,46.15,53.92,47810.0,60100.0,76790.0,95990.0,112150.0,,,2024,US,,13,Business and Financial Operations Occupations
99,U.S.,1,0,Cross-industry,cross-industry,1235,13-1032,"Insurance Appraisers, Auto Damage",detailed,7790,7.5,,,,37.04,77050.0,1.8,27.26,30.9,36.85,41.55,48.94,56690.0,64280.0,76650.0,86430.0,101800.0,,,2024,US,,13,Business and Financial Operations Occupations
99,U.S.,1,0,Cross-industry,cross-industry,1235,13-1041,Compliance Officers,detailed,397770,0.7,,,,40.86,84980.0,0.3,22.22,28.43,37.7,50.39,62.52,46230.0,59130.0,78420.0,104800.0,130030.0,,,2024,US,,13,Business and Financial Operations Occupations
99,U.S.,1,0,Cross-industry,cross-industry,1235,13-1051,Cost Estimators,detailed,219530,1.1,,,,39.98,83160.0,0.6,22.27,28.77,37.05,47.9,61.85,46330.0,59830.0,77070.0,99630.0,128640.0,,,2024,US,,13,Business and Financial Operations Occupations
99,U.S.,1,0,Cross-industry,cross-industry,1235,13-1071,Human Resources Specialists,detailed,917460,0.6,,,,38.33,79730.0,0.3,21.85,26.86,35.05,46.77,60.84,45440.0,55870.0,72910.0,97270.0,126540.0,,,2024,US,,13,Business and Financial Operations Occupations
99,U.S.,1,0,Cross-industry,cross-industry,1235,13-1074,Farm Labor Contractors,detailed,410,28.3,,,,24.96,51910.0,8.7,14.33,15.8,23.41,28.0,41.76,29800.0,32860.0,48690.0,58250.0,86860.0,,,2024,US,,13,Business and Financial Operations Occupations
99,U.S.,1,0,Cross-industry,cross-industry,1235,13-1075,Labor Relations Specialists,detailed,64590,1.5,,,,46.7,97130.0,1.0,23.98,32.54,44.95,59.18,73.77,49880.0,67670.0,93500.0,123090.0,153440.0,,,2024,US,,13,Business and Financial Operations Occupations
99,U.S.,1,0,Cross-industry,cross-industry,1235,13-1081,Logisticians,detailed,235640,1.0,,,,42.12,87600.0,0.4,23.68,30.25,38.89,50.16,63.51,49260.0,62920.0,80880.0,104330.0,132110.0,,,2024,US,,13,Business and Financial Operations Occupations
99,U.S.,1,0,Cross-industry,cross-industry,1235,13-1082,Project Management Specialists,detailed,1006160,0.5,,,,51.97,108100.0,0.4,28.77,36.99,48.44,63.3,79.71,59830.0,76950.0,100750.0,131660.0,165790.0,,,2024,US,,13,Business and Financial Operations Occupations
99,U.S.,1,0,Cross-industry,cross-industry,1235,13-1111,Management Analysts,detailed,893900,1.2,,,,55.15,114710.0,3.3,28.71,36.91,48.65,64.01,83.72,59720.0,76770.0,101190.0,133140.0,174140.0,,,2024,US,,13,Business and Financial Operations Occupations
99,U.S.,1,0,Cross-industry,cross-industry,1235,13-1121,"Meeting, Convention, and Event Planners",detailed,134670,1.6,,,,31.29,65090.0,1.1,17.3,21.93,28.58,37.09,48.71,35990.0,45610.0,59440.0,77150.0,101310.0,,,2024,US,,13,Business and Financial Operations Occupations
99,U.S.,1,0,Cross-industry,cross-industry,1235,13-1131,Fundraisers,detailed,105930,2.0,,,,35.16,73130.0,0.7,20.77,25.28,31.97,41.0,51.42,43200.0,52590.0,66490.0,85280.0,106960.0,,,2024,US,,13,Business and Financial Operations Occupations
99,U.S.,1,0,Cross-industry,cross-industry,1235,13-1141,"Compensation, Benefits, and Job Analysis Specialists",detailed,102370,2.7,,,,39.86,82920.0,0.7,23.22,28.7,37.03,47.7,61.94,48300.0,59700.0,77020.0,99210.0,128830.0,,,2024,US,,13,Business and Financial Operations Occupations
99,U.S.,1,0,Cross-industry,cross-industry,1235,13-1151,Training and Development Specialists,detailed,436610,0.8,,,,35.46,73760.0,0.5,18.03,23.51,31.66,44.02,57.78,37510.0,48900.0,65850.0,91550.0,120190.0,,,2024,US,,13,Business and Financial Operations Occupations
99,U.S.,1,0,Cross-industry,cross-industry,1235,13-1161,Market Research Analysts and Marketing Specialists,detailed,861140,0.7,,,,41.58,86480.0,0.4,20.23,27.03,37.0,50.42,69.52,42070.0,56220.0,76950.0,104870.0,144610.0,,,2024,US,,13,Business and Financial Operations Occupations
99,U.S.,1,0,Cross-industry,cross-industry,1235,13-1199,"Business Operations Specialists, All Other",detailed,1128200,0.6,,,,44.41,92380.0,0.4,22.23,29.24,39.07,52.9,71.07,46230.0,60820.0,81270.0,110030.0,147830.0,,,2024,US,,13,Business and Financial Operations Occupations
99,U.S.,1,0,Cross-industry,cross-industry,1235,13-2011,Accountants and Auditors,detailed,1448290,0.7,,,,44.96,93520.0,0.3,25.38,31.09,39.27,51.18,67.99,52780.0,64660.0,81680.0,106450.0,141420.0,,,2024,US,,13,Business and Financial Operations Occupations
99,U.S.,1,0,Cross-industry,cross-industry,1235,13-2020,Property Appraisers and Assessors,detailed,59070,2.7,,,,37.1,77160.0,2.5,18.5,23.71,31.45,43.66,59.02,38480.0,49310.0,65420.0,90810.0,122760.0,,,2024,US,,13,Business and Financial Operations Occupations
99,U.S.,1,0,Cross-industry,cross-industry,1235,13-2031,Budget Analysts,detailed,47170,1.1,,,,45.15,93920.0,0.5,29.09,34.73,42.27,53.07,64.73,60510.0,72240.0,87930.0,110380.0,134640.0,,,2024,US,,13,Business and Financial Operations Occupations
99,U.S.,1,0,Cross-industry,cross-industry,1235,13-2041,Credit Analysts,detailed,67370,1.7,,,,47.14,98040.0,0.8,25.45,30.7,38.93,54.74,81.17,52930.0,63850.0,80970.0,113850.0,168840.0,,,2024,US,,13,Business and Financial Operations Occupations
99,U.S.,1,0,Cross-industry,cross-industry,1235,13-2051,Financial and Investment Analysts,detailed,340580,1.1,,,,56.01,116490.0,0.7,30.0,37.64,48.73,63.49,86.8,62410.0,78300.0,101350.0,132050.0,180550.0,,,2024,US,,13,Business and Financial Operations Occupations
99,U.S.,1,0,Cross-industry,cross-industry,1235,13-2052,Personal Financial Advisors,detailed,270480,1.6,,,,77.02,160210.0,2.5,24.03,33.95,49.11,82.95,,49990.0,70620.0,102140.0,172540.0,,,,2024,US,,13,Business and Financial Operations Occupations
99,U.S.,1,0,Cross-industry,cross-industry,1235,13-2053,Insurance Underwriters,detailed,107820,2.4,,,,43.67,90830.0,0.8,24.83,30.32,38.4,50.4,66.36,51640.0,63070.0,79880.0,104820.0,138020.0,,,2024,US,,13,Business and Financial Operations Occupations
99,U.S.,1,0,Cross-industry,cross-industry,1235,13-2054,Financial Risk Specialists,detailed,56320,1.8,,,,57.66,119930.0,0.7,29.94,38.6,50.96,69.72,87.65,62270.0,80280.0,106000.0,145020.0,182310.0,,,2024,US,,13,Business and Financial Operations Occupations
99,U.S.,1,0,Cross-industry,cross-industry,1235,13-2061,Financial Examiners,detailed,62830,1.8,,,,49.83,103650.0,0.6,25.69,32.11,43.46,61.16,82.47,53420.0,66800.0,90400.0,127210.0,171540.0,,,2024,US,,13,Business and Financial Operations Occupations
99,U.S.,1,0,Cross-industry,cross-industry,1235,13-2071,Credit Counselors,detailed,28110,2.8,,,,26.87,55890.0,0.6,18.74,21.84,24.27,29.69,37.46,38980.0,45420.0,50480.0,61760.0,77920.0,,,2024,US,,13,Business and Financial Operations Occupations
99,U.S.,1,0,Cross-industry,cross-industry,1235,13-2072,Loan Officers,detailed,290530,1.1,,,,41.35,86020.0,0.6,18.51,24.26,35.66,49.0,70.09,38490.0,50460.0,74180.0,101920.0,145780.0,,,2024,US,,13,Business and Financial Operations Occupations
99,U.S.,1,0,Cross-industry,cross-industry,1235,13-2081,"Tax Examiners and Collectors, and Revenue Agents",detailed,53530,0.8,,,,32.49,67570.0,0.3,19.24,22.51,28.72,38.14,53.03,40020.0,46820.0,59740.0,79330.0,110300.0,,,2024,US,,13,Business and Financial Operations Occupations
99,U.S.,1,0,Cross-industry,cross-industry,1235,13-2082,Tax Preparers,detailed,73570,3.1,,,,28.3,58860.0,1.4,14.66,18.15,24.31,36.34,46.27,30500.0,37750.0,50560.0,75590.0,96240.0,,,2024,US,,13,Business and Financial Operations Occupations
99,U.S.,1,0,Cross-industry,cross-industry,1235,13-2099,"Financial Specialists, All Other",detailed,127450,1.3,,,,45.14,93890.0,1.0,22.32,28.91,38.55,52.46,72.97,46420.0,60140.0,80190.0,109120.0,151780.0,,,2024,US,,13,Business and Financial Operations Occupations
99,U.S.,1,0,Cross-industry,cross-industry,1235,15-1211,Computer Systems Analysts,detailed,497800,0.9,,,,53.83,111960.0,0.5,30.36,38.89,49.9,63.64,79.82,63160.0,80900.0,103790.0,132360.0,166030.0,,,2024,US,,15,Computer and Mathematical Occupations
99,U.S.,1,0,Cross-industry,cross-industry,1235,15-1212,Information Security Analysts,detailed,179430,2.1,,,,61.41,127730.0,0.6,33.49,44.31,60.05,76.73,89.63,69660.0,92160.0,124910.0,159600.0,186420.0,,,2024,US,,15,Computer and Mathematical Occupations
99,U.S.,1,0,Cross-industry,cross-industry,1235,15-1221,Computer and Information Research Scientists,detailed,38480,3.5,,,,73.23,152310.0,1.1,38.78,49.38,67.74,87.12,111.6,80670.0,102710.0,140910.0,181210.0,232120.0,,,2024,US,,15,Computer and Mathematical Occupations
99,U.S.,1,0,Cross-industry,cross-industry,1235,15-1231,Computer Network Support Specialists,detailed,146450,2.3,,,,38.27,79610.0,0.8,22.12,27.27,35.26,46.01,59.84,46010.0,56720.0,73340.0,95710.0,124470.0,,,2024,US,,15,Computer and Mathematical Occupations
99,U.S.,1,0,Cross-industry,cross-industry,1235,15-1232,Computer User Support Specialists,detailed,697210,0.9,,,,31.25,64990.0,0.4,18.65,22.87,29.01,37.02,47.12,38780.0,47580.0,60340.0,77010.0,98010.0,,,2024,US,,15,Computer and Mathematical Occupations
99,U.S.,1,0,Cross-industry,cross-industry,1235,15-1241,Computer Network Architects,detailed,177010,1.5,,,,65.33,135890.0,0.9,38.23,49.1,62.69,79.06,95.21,79520.0,102120.0,130390.0,164440.0,198030.0,,,2024,US,,15,Computer and Mathematical Occupations
99,U.S.,1,0,Cross-industry,cross-industry,1235,15-1242,Database Administrators,detailed,73180,3.4,,,,51.65,107440.0,0.6,27.32,36.59,50.3,63.87,77.35,56820.0,76100.0,104620.0,132850.0,160890.0,,,2024,US,,15,Computer and Mathematical Occupations
99,U.S.,1,0,Cross-industry,cross-industry,1235,15-1243,Database Architects,detailed,64770,2.7,,,,68.57,142620.0,1.1,39.24,51.88,65.37,81.48,100.96,81630.0,107900.0,135980.0,169480.0,209990.0,,,2024,US,,15,Computer and Mathematical Occupations
99,U.S.,1,0,Cross-industry,cross-industry,1235,15-1244,Network and Computer Systems Administrators,detailed,318570,1.1,,,,48.65,101190.0,0.6,29.0,36.47,46.54,59.32,72.27,60320.0,75860.0,96800.0,123390.0,150320.0,,,2024,US,,15,Computer and Mathematical Occupations
99,U.S.,1,0,Cross-industry,cross-industry,1235,15-1251,Computer Programmers,detailed,109870,2.5,,,,49.83,103640.0,4.3,25.09,34.55,47.44,62.0,77.93,52190.0,71860.0,98670.0,128960.0,162090.0,,,2024,US,,15,Computer and Mathematical Occupations
99,U.S.,1,0,Cross-industry,cross-industry,1235,15-1252,Software Developers,detailed,1654440,0.7,,,,69.5,144570.0,0.6,38.39,49.55,63.98,81.25,101.66,79850.0,103050.0,133080.0,169000.0,211450.0,,,2024,US,,15,Computer and Mathematical Occupations
99,U.S.,1,0,Cross-industry,cross-industry,1235,15-1253,Software Quality Assurance Analysts and Testers,detailed,199800,1.7,,,,53.01,110260.0,0.7,29.18,38.23,49.33,63.4,80.27,60690.0,79520.0,102610.0,131870.0,166960.0,,,2024,US,,15,Computer and Mathematical Occupations
99,U.S.,1,0,Cross-industry,cross-industry,1235,15-1254,Web Developers,detailed,78860,2.6,,,,47.5,98790.0,1.1,23.35,30.36,43.72,59.76,78.3,48560.0,63140.0,90930.0,124300.0,162870.0,,,2024,US,,15,Computer and Mathematical Occupations
99,U.S.,1,0,Cross-industry,cross-industry,1235,15-1255,Web and Digital Interface Designers,detailed,111400,3.1,,,,53.58,111450.0,0.9,23.0,31.25,47.16,68.2,92.39,47840.0,64990.0,98090.0,141860.0,192180.0,,,2024,US,,15,Computer and Mathematical Occupations
99,U.S.,1,0,Cross-industry,cross-industry,1235,15-1299,"Computer Occupations, All Other",detailed,439380,1.0,,,,56.11,116700.0,0.6,25.31,36.71,52.39,70.93,85.0,52650.0,76360.0,108970.0,147530.0,176800.0,,,2024,US,,15,Computer and Mathematical Occupations
99,U.S.,1,0,Cross-industry,cross-industry,1235,15-2011,Actuaries,detailed,28340,3.6,,,,64.9,134990.0,2.2,36.18,43.73,60.47,79.26,99.24,75240.0,90970.0,125770.0,164860.0,206430.0,,,2024,US,,15,Computer and Mathematical Occupations
99,U.S.,1,0,Cross-industry,cross-industry,1235,15-2021,Mathematicians,detailed,2220,2.8,,,,58.91,122520.0,1.1,30.5,41.21,58.5,73.72,90.22,63430.0,85720.0,121680.0,153340.0,187660.0,,,2024,US,,15,Computer and Mathematical Occupations
99,U.S.,1,0,Cross-industry,cross-industry,1235,15-2031,Operations Research Analysts,detailed,107760,1.5,,,,47.66,99120.0,0.9,25.92,32.17,43.89,59.67,76.58,53910.0,66910.0,91290.0,124120.0,159280.0,,,2024,US,,15,Computer and Mathematical Occupations
99,U.S.,1,0,Cross-industry,cross-industry,1235,15-2041,Statisticians,detailed,29800,3.2,,,,54.01,112330.0,1.4,29.04,38.08,49.66,66.16,82.07,60390.0,79210.0,103300.0,137610.0,170700.0,,,2024,US,,15,Computer and Mathematical Occupations
99,U.S.,1,0,Cross-industry,cross-industry,1235,15-2051,Data Scientists,detailed,233440,1.7,,,,59.9,124590.0,0.9,30.6,39.73,54.13,74.91,93.47,63650.0,82630.0,112590.0,155810.0,194410.0,,,2024,US,,15,Computer and Mathematical Occupations
99,U.S.,1,0,Cross-industry,cross-industry,1235,15-2099,"Mathematical Science Occupations, All Other",detailed,4660,6.5,,,,40.72,84700.0,3.5,19.39,25.21,34.37,49.0,74.11,40330.0,52440.0,71490.0,101920.0,154140.0,,,2024,US,,15,Computer and Mathematical Occupations
99,U.S.,1,0,Cross-industry,cross-industry,1235,17-1011,"Architects, Except Landscape and Naval",detailed,111140,1.9,,,,49.71,103390.0,1.0,29.09,36.59,46.49,59.28,76.83,60510.0,76110.0,96690.0,123300.0,159800.0,,,2024,US,,17,Architecture and Engineering Occupations
99,U.S.,1,0,Cross-industry,cross-industry,1235,17-1012,Landscape Architects,detailed,19580,11.3,,,,42.31,88000.0,1.6,25.0,30.12,38.3,48.84,63.58,51990.0,62650.0,79660.0,101580.0,132250.0,,,2024,US,,17,Architecture and Engineering Occupations
99,U.S.,1,0,Cross-industry,cross-industry,1235,17-1021,Cartographers and Photogrammetrists,detailed,12790,4.0,,,,39.84,82860.0,1.1,24.28,30.22,37.68,47.91,58.39,50500.0,62860.0,78380.0,99650.0,121440.0,,,2024,US,,17,Architecture and Engineering Occupations
99,U.S.,1,0,Cross-industry,cross-industry,1235,17-1022,Surveyors,detailed,53080,2.7,,,,36.89,76730.0,1.2,21.0,25.76,34.97,45.46,55.93,43680.0,53590.0,72740.0,94550.0,116330.0,,,2024,US,,17,Architecture and Engineering Occupations
99,U.S.,1,0,Cross-industry,cross-industry,1235,17-2011,Aerospace Engineers,detailed,68440,2.3,,,,67.88,141180.0,0.8,41.04,50.36,64.82,83.88,98.97,85350.0,104740.0,134830.0,174480.0,205850.0,,,2024,US,,17,Architecture and Engineering Occupations
99,U.S.,1,0,Cross-industry,cross-industry,1235,17-2021,Agricultural Engineers,detailed,1680,33.6,,,,40.5,84240.0,13.6,20.68,24.01,40.69,49.97,63.8,43020.0,49930.0,84630.0,103940.0,132700.0,,,2024,US,,17,Architecture and Engineering Occupations
99,U.S.,1,0,Cross-industry,cross-industry,1235,17-2031,Bioengineers and Biomedical Engineers,detailed,21860,4.0,,,,55.3,115020.0,0.9,34.55,41.65,51.42,64.22,79.36,71860.0,86630.0,106950.0,133570.0,165060.0,,,2024,US,,17,Architecture and Engineering Occupations
99,U.S.,1,0,Cross-industry,cross-industry,1235,17-2041,Chemical Engineers,detailed,20330,3.7,,,,61.75,128430.0,2.4,37.75,46.17,58.59,73.22,87.57,78520.0,96040.0,121860.0,152290.0,182150.0,,,2024,US,,17,Architecture and Engineering Occupations
99,U.S.,1,0,Cross-industry,cross-industry,1235,17-2051,Civil Engineers,detailed,355410,1.1,,,,51.47,107050.0,0.7,31.69,37.88,47.88,61.68,77.4,65920.0,78790.0,99590.0,128290.0,160990.0,,,2024,US,,17,Architecture and Engineering Occupations
99,U.S.,1,0,Cross-industry,cross-industry,1235,17-2061,Computer Hardware Engineers,detailed,75710,2.8,,,,75.37,156770.0,1.1,41.07,55.53,74.53,89.12,107.61,85430.0,115500.0,155020.0,185380.0,223820.0,,,2024,US,,17,Architecture and Engineering Occupations
99,U.S.,1,0,Cross-industry,cross-industry,1235,17-2071,Electrical Engineers,detailed,188790,1.4,,,,58.16,120980.0,0.7,35.9,42.11,53.8,68.09,84.36,74670.0,87590.0,111910.0,141630.0,175460.0,,,2024,US,,17,Architecture and Engineering Occupations
99,U.S.,1,0,Cross-industry,cross-industry,1235,17-2072,"Electronics Engineers, Except Computer",detailed,93940,1.7,,,,63.7,132500.0,0.6,38.17,47.56,61.34,78.85,95.7,79390.0,98920.0,127590.0,164000.0,199060.0,,,2024,US,,17,Architecture and Engineering Occupations
99,U.S.,1,0,Cross-industry,cross-industry,1235,17-2081,Environmental Engineers,detailed,37950,3.2,,,,53.16,110570.0,0.9,31.23,38.71,50.08,62.9,77.84,64950.0,80510.0,104170.0,130830.0,161910.0,,,2024,US,,17,Architecture and Engineering Occupations
99,U.S.,1,0,Cross-industry,cross-industry,1235,17-2111,"Health and Safety Engineers, Except Mining Safety Engineers and Inspectors",detailed,23220,3.5,,,,54.7,113770.0,1.2,29.83,41.06,52.72,65.46,80.13,62050.0,85400.0,109660.0,136150.0,166670.0,,,2024,US,,17,Architecture and Engineering Occupations
99,U.S.,1,0,Cross-industry,cross-industry,1235,17-2112,Industrial Engineers,detailed,350230,0.6,,,,51.87,107900.0,0.3,33.66,39.38,48.63,61.29,75.55,70000.0,81910.0,101140.0,127480.0,157140.0,,,2024,US,,17,Architecture and Engineering Occupations
99,U.S.,1,0,Cross-industry,cross-industry,1235,17-2121,Marine Engineers and Naval Architects,detailed,8440,5.2,,,,56.1,116680.0,1.4,38.32,42.54,50.8,64.32,80.61,79700.0,88480.0,105670.0,133780.0,167660.0,,,2024,US,,17,Architecture and Engineering Occupations
99,U.S.,1,0,Cross-industry,cross-industry,1235,17-2131,Materials Engineers,detailed,22770,2.4,,,,55.95,116380.0,0.7,32.71,41.26,52.07,66.52,82.69,68040.0,85820.0,108310.0,138370.0,172000.0,,,2024,US,,17,Architecture and Engineering Occupations
99,U.S.,1,0,Cross-industry,cross-industry,1235,17-2141,Mechanical Engineers,detailed,286760,1.0,,,,52.92,110080.0,0.5,33.05,39.33,49.19,62.64,77.52,68740.0,81800.0,102320.0,130290.0,161240.0,,,2024,US,,17,Architecture and Engineering Occupations
99,U.S.,1,0,Cross-industry,cross-industry,1235,17-2151,"Mining and Geological Engineers, Including Mining Safety Engineers",detailed,6770,7.0,,,,52.37,108940.0,2.4,30.05,38.96,48.57,62.44,78.72,62500.0,81040.0,101020.0,129860.0,163740.0,,,2024,US,,17,Architecture and Engineering Occupations
99,U.S.,1,0,Cross-industry,cross-industry,1235,17-2161,Nuclear Engineers,detailed,14740,3.7,,,,64.89,134980.0,1.4,42.45,49.53,61.31,75.77,90.11,88290.0,103010.0,127520.0,157600.0,187430.0,,,2024,US,,17,Architecture and Engineering Occupations
99,U.S.,1,0,Cross-industry,cross-industry,1235,17-2171,Petroleum Engineers,detailed,18970,5.8,,,,73.83,153560.0,1.9,37.9,51.6,67.92,91.87,110.0,78840.0,107330.0,141280.0,191100.0,228790.0,,,2024,US,,17,Architecture and Engineering Occupations
99,U.S.,1,0,Cross-industry,cross-industry,1235,17-2199,"Engineers, All Other",detailed,150750,1.2,,,,58.52,121720.0,0.6,30.21,41.23,56.61,73.4,88.22,62840.0,85750.0,117750.0,152670.0,183510.0,,,2024,US,,17,Architecture and Engineering Occupations
99,U.S.,1,0,Cross-industry,cross-industry,1235,17-3011,Architectural and Civil Drafters,detailed,109550,2.0,,,,33.11,68860.0,0.6,21.17,25.42,30.9,38.23,47.21,44040.0,52880.0,64280.0,79510.0,98190.0,,,2024,US,,17,Architecture and Engineering Occupations
99,U.S.,1,0,Cross-industry,cross-industry,1235,17-3012,Electrical and Electronics Drafters,detailed,20020,3.6,,,,37.48,77960.0,0.9,23.41,28.27,35.44,44.12,52.97,48680.0,58800.0,73720.0,91780.0,110180.0,,,2024,US,,17,Architecture and Engineering Occupations
99,U.S.,1,0,Cross-industry,cross-industry,1235,17-3013,Mechanical Drafters,detailed,39900,3.4,,,,35.59,74040.0,1.3,22.36,27.15,32.94,41.14,51.73,46500.0,56470.0,68510.0,85580.0,107600.0,,,2024,US,,17,Architecture and Engineering Occupations
99,U.S.,1,0,Cross-industry,cross-industry,1235,17-3019,"Drafters, All Other",detailed,16010,3.6,,,,31.99,66530.0,0.9,20.28,24.51,29.81,37.38,46.45,42170.0,50970.0,62010.0,77750.0,96620.0,,,2024,US,,17,Architecture and Engineering Occupations
99,U.S.,1,0,Cross-industry,cross-industry,1235,17-3021,Aerospace Engineering and Operations Technologists and Technicians,detailed,9060,4.3,,,,41.5,86330.0,1.4,25.83,31.04,38.38,49.14,57.91,53730.0,64570.0,79830.0,102220.0,120440.0,,,2024,US,,17,Architecture and Engineering Occupations
99,U.S.,1,0,Cross-industry,cross-industry,1235,17-3022,Civil Engineering Technologists and Technicians,detailed,62130,2.2,,,,32.91,68450.0,1.1,20.94,24.87,30.86,38.24,47.04,43550.0,51730.0,64200.0,79550.0,97840.0,,,2024,US,,17,Architecture and Engineering Occupations
99,U.S.,1,0,Cross-industry,cross-industry,1235,17-3023,Electrical and Electronic Engineering Technologists and Technicians,detailed,92710,1.4,,,,37.78,78580.0,0.4,23.2,29.14,37.11,45.58,53.75,48250.0,60610.0,77180.0,94810.0,111790.0,,,2024,US,,17,Architecture and Engineering Occupations
99,U.S.,1,0,Cross-industry,cross-industry,1235,17-3024,Electro-Mechanical and Mechatronics Technologists and Technicians,detailed,14680,3.0,,,,36.4,75710.0,0.9,22.97,28.16,34.02,41.98,52.68,47770.0,58570.0,70760.0,87320.0,109580.0,,,2024,US,,17,Architecture and Engineering Occupations
99,U.S.,1,0,Cross-industry,cross-industry,1235,17-3025,Environmental Engineering Technologists and Technicians,detailed,12500,6.4,,,,30.32,63070.0,1.3,19.07,23.2,28.31,36.2,44.37,39670.0,48250.0,58890.0,75290.0,92280.0,,,2024,US,,17,Architecture and Engineering Occupations
99,U.S.,1,0,Cross-industry,cross-industry,1235,17-3026,Industrial Engineering Technologists and Technicians,detailed,73410,1.1,,,,33.55,69780.0,0.6,22.29,25.59,31.15,38.0,46.96,46370.0,53230.0,64790.0,79040.0,97670.0,,,2024,US,,17,Architecture and Engineering Occupations
99,U.S.,1,0,Cross-industry,cross-industry,1235,17-3027,Mechanical Engineering Technologists and Technicians,detailed,37450,2.4,,,,34.83,72450.0,0.7,22.57,27.56,33.04,39.89,48.51,46940.0,57330.0,68730.0,82980.0,100890.0,,,2024,US,,17,Architecture and Engineering Occupations
99,U.S.,1,0,Cross-industry,cross-industry,1235,17-3028,Calibration Technologists and Technicians,detailed,15320,4.5,,,,34.18,71080.0,1.5,21.51,25.12,31.27,40.19,50.69,44730.0,52250.0,65040.0,83600.0,105440.0,,,2024,US,,17,Architecture and Engineering Occupations
99,U.S.,1,0,Cross-industry,cross-industry,1235,17-3029,"Engineering Technologists and Technicians, Except Drafters, All Other",detailed,64410,2.3,,,,38.34,79740.0,0.8,22.6,28.7,37.21,47.0,55.11,47010.0,59700.0,77390.0,97760.0,114630.0,,,2024,US,,17,Architecture and Engineering Occupations
99,U.S.,1,0,Cross-industry,cross-industry,1235,17-3031,Surveying and Mapping Technicians,detailed,56720,2.6,,,,27.35,56890.0,0.7,17.75,21.24,24.97,31.37,38.88,36910.0,44180.0,51940.0,65240.0,80870.0,,,2024,US,,17,Architecture and Engineering Occupations
99,U.S.,1,0,Cross-industry,cross-industry,1235,19-1011,Animal Scientists,detailed,2470,10.2,,,,50.47,104970.0,10.9,23.29,28.66,38.04,61.75,113.34,48440.0,59610.0,79120.0,128450.0,235750.0,,,2024,US,,19,"Life, Physical, and Social Science Occupations"
99,U.S.,1,0,Cross-industry,cross-industry,1235,19-1012,Food Scientists and Technologists,detailed,14370,5.9,,,,44.32,92190.0,1.7,23.84,31.37,41.02,53.7,68.2,49580.0,65240.0,85310.0,111700.0,141860.0,,,2024,US,,19,"Life, Physical, and Social Science Occupations"
99,U.S.,1,0,Cross-industry,cross-industry,1235,19-1013,Soil and Plant Scientists,detailed,16600,4.9,,,,39.92,83040.0,2.9,21.79,27.86,34.33,47.17,63.19,45320.0,57950.0,71410.0,98110.0,131440.0,,,2024,US,,19,"Life, Physical, and Social Science Occupations"
99,U.S.,1,0,Cross-industry,cross-industry,1235,19-1021,Biochemists and Biophysicists,detailed,34520,3.6,,,,55.56,115570.0,1.4,31.2,37.85,49.83,64.64,81.2,64890.0,78730.0,103650.0,134460.0,168900.0,,,2024,US,,19,"Life, Physical, and Social Science Occupations"
99,U.S.,1,0,Cross-industry,cross-industry,1235,19-1022,Microbiologists,detailed,19760,4.0,,,,45.77,95200.0,0.9,24.63,30.73,41.98,58.05,72.43,51220.0,63920.0,87330.0,120750.0,150650.0,,,2024,US,,19,"Life, Physical, and Social Science Occupations"
99,U.S.,1,0,Cross-industry,cross-industry,1235,19-1023,Zoologists and Wildlife Biologists,detailed,16920,2.3,,,,37.46,77920.0,0.6,23.19,28.06,35.03,43.55,54.5,48240.0,58360.0,72860.0,90590.0,113350.0,,,2024,US,,19,"Life, Physical, and Social Science Occupations"
99,U.S.,1,0,Cross-industry,cross-industry,1235,19-1029,"Biological Scientists, All Other",detailed,59710,1.9,,,,48.29,100440.0,0.8,26.2,32.67,44.87,58.34,76.82,54500.0,67950.0,93330.0,121350.0,159780.0,,,2024,US,,19,"Life, Physical, and Social Science Occupations"
99,U.S.,1,0,Cross-industry,cross-industry,1235,19-1031,Conservation Scientists,detailed,25590,2.2,,,,35.73,74310.0,0.7,21.76,25.57,32.67,42.3,51.79,45260.0,53190.0,67950.0,87980.0,107720.0,,,2024,US,,19,"Life, Physical, and Social Science Occupations"
99,U.S.,1,0,Cross-industry,cross-industry,1235,19-1032,Foresters,detailed,9650,4.3,,,,35.9,74670.0,1.5,23.68,28.27,33.97,41.08,49.62,49240.0,58810.0,70660.0,85450.0,103220.0,,,2024,US,,19,"Life, Physical, and Social Science Occupations"
99,U.S.,1,0,Cross-industry,cross-industry,1235,19-1041,Epidemiologists,detailed,11460,2.6,,,,45.27,94160.0,1.6,27.38,32.71,40.38,50.98,64.84,56950.0,68040.0,83980.0,106040.0,134860.0,,,2024,US,,19,"Life, Physical, and Social Science Occupations"
99,U.S.,1,0,Cross-industry,cross-industry,1235,19-1042,"Medical Scientists, Except Epidemiologists",detailed,156300,1.3,,,,54.18,112690.0,0.9,29.74,37.14,48.36,64.36,80.87,61860.0,77260.0,100590.0,133870.0,168210.0,,,2024,US,,19,"Life, Physical, and Social Science Occupations"
99,U.S.,1,0,Cross-industry,cross-industry,1235,19-1099,"Life Scientists, All Other",detailed,7320,5.2,,,,49.01,101940.0,2.7,25.17,31.89,42.21,59.48,81.18,52360.0,66340.0,87800.0,123720.0,168860.0,,,2024,US,,19,"Life, Physical, and Social Science Occupations"
99,U.S.,1,0,Cross-industry,cross-industry,1235,19-2011,Astronomers,detailed,1560,8.4,,,,64.63,134430.0,3.2,34.0,45.67,63.54,85.43,92.25,70730.0,94990.0,132170.0,177690.0,191880.0,,,2024,US,,19,"Life, Physical, and Social Science Occupations"
99,U.S.,1,0,Cross-industry,cross-industry,1235,19-2012,Physicists,detailed,21340,2.2,,,,79.81,166000.0,0.8,38.47,56.47,79.95,101.09,,80020.0,117450.0,166290.0,210260.0,,,,2024,US,,19,"Life, Physical, and Social Science Occupations"
99,U.S.,1,0,Cross-industry,cross-industry,1235,19-2021,Atmospheric and Space Scientists,detailed,8780,2.7,,,,49.99,103980.0,1.3,24.03,33.39,46.85,61.99,77.26,49990.0,69440.0,97450.0,128940.0,160710.0,,,2024,US,,19,"Life, Physical, and Social Science Occupations"
99,U.S.,1,0,Cross-industry,cross-industry,1235,19-2031,Chemists,detailed,83250,2.5,,,,46.13,95940.0,1.0,25.58,30.74,40.46,57.79,74.25,53210.0,63930.0,84150.0,120210.0,154430.0,,,2024,US,,19,"Life, Physical, and Social Science Occupations"
99,U.S.,1,0,Cross-industry,cross-industry,1235,19-2032,Materials Scientists,detailed,8330,5.9,,,,53.56,111410.0,1.4,29.55,38.45,50.08,64.49,81.01,61460.0,79980.0,104160.0,134140.0,168500.0,,,2024,US,,19,"Life, Physical, and Social Science Occupations"
99,U.S.,1,0,Cross-industry,cross-industry,1235,19-2041,"Environmental Scientists and Specialists, Including Health",detailed,84930,1.5,,,,42.62,88640.0,0.7,24.1,29.85,38.49,49.87,64.82,50130.0,62090.0,80060.0,103730.0,134830.0,,,2024,US,,19,"Life, Physical, and Social Science Occupations"
99,U.S.,1,0,Cross-industry,cross-industry,1235,19-2042,"Geoscientists, Except Hydrologists and Geographers",detailed,22510,3.6,,,,53.52,111310.0,1.9,28.27,34.83,47.71,64.59,86.0,58790.0,72440.0,99240.0,134350.0,178880.0,,,2024,US,,19,"Life, Physical, and Social Science Occupations"
99,U.S.,1,0,Cross-industry,cross-industry,1235,19-2043,Hydrologists,detailed,5720,3.9,,,,47.18,98130.0,1.2,28.85,35.25,44.26,55.26,67.03,60010.0,73330.0,92060.0,114940.0,139420.0,,,2024,US,,19,"Life, Physical, and Social Science Occupations"
99,U.S.,1,0,Cross-industry,cross-industry,1235,19-2099,"Physical Scientists, All Other",detailed,22580,2.4,,,,59.17,123070.0,1.0,29.8,39.64,56.71,74.47,92.25,61990.0,82450.0,117960.0,154900.0,191880.0,,,2024,US,,19,"Life, Physical, and Social Science Occupations"
99,U.S.,1,0,Cross-industry,cross-industry,1235,19-3011,Economists,detailed,15880,2.8,,,,62.94,130910.0,1.4,29.97,39.55,55.5,79.82,102.27,62340.0,82260.0,115440.0,166030.0,212710.0,,,2024,US,,19,"Life, Physical, and Social Science Occupations"
99,U.S.,1,0,Cross-industry,cross-industry,1235,19-3022,Survey Researchers,detailed,7720,8.2,,,,35.32,73470.0,3.5,17.77,22.17,30.47,41.04,57.08,36950.0,46110.0,63380.0,85370.0,118730.0,,,2024,US,,19,"Life, Physical, and Social Science Occupations"
99,U.S.,1,0,Cross-industry,cross-industry,1235,19-3032,Industrial-Organizational Psychologists,detailed,1050,24.7,,,,64.62,134400.0,11.6,24.94,38.84,52.81,95.27,107.97,51880.0,80790.0,109840.0,198170.0,224590.0,,,2024,US,,19,"Life, Physical, and Social Science Occupations"
99,U.S.,1,0,Cross-industry,cross-industry,1235,19-3033,Clinical and Counseling Psychologists,detailed,72190,2.8,,,,51.37,106850.0,1.7,24.26,32.44,46.07,63.23,81.8,50470.0,67470.0,95830.0,131510.0,170150.0,,,2024,US,,19,"Life, Physical, and Social Science Occupations"
99,U.S.,1,0,Cross-industry,cross-industry,1235,19-3034,School Psychologists,detailed,63830,2.4,,,,45.01,93610.0,0.7,29.27,35.21,41.79,52.03,63.62,60880.0,73240.0,86930.0,108210.0,132320.0,,,2024,US,,19,"Life, Physical, and Social Science Occupations"
99,U.S.,1,0,Cross-industry,cross-industry,1235,19-3039,"Psychologists, All Other",detailed,17790,4.0,,,,53.53,111340.0,1.1,24.71,35.49,56.53,69.81,78.64,51410.0,73820.0,117580.0,145200.0,163570.0,,,2024,US,,19,"Life, Physical, and Social Science Occupations"
99,U.S.,1,0,Cross-industry,cross-industry,1235,19-3041,Sociologists,detailed,2950,7.2,,,,53.69,111670.0,2.2,29.19,37.57,48.89,64.8,81.05,60710.0,78150.0,101690.0,134780.0,168590.0,,,2024,US,,19,"Life, Physical, and Social Science Occupations"
99,U.S.,1,0,Cross-industry,cross-industry,1235,19-3051,Urban and Regional Planners,detailed,43040,1.4,,,,43.14,89730.0,0.5,26.73,31.83,40.25,50.22,61.8,55590.0,66210.0,83720.0,104450.0,128550.0,,,2024,US,,19,"Life, Physical, and Social Science Occupations"
99,U.S.,1,0,Cross-industry,cross-industry,1235,19-3091,Anthropologists and Archeologists,detailed,8070,6.2,,,,34.17,71070.0,1.4,21.4,24.63,31.21,39.94,50.24,44510.0,51240.0,64910.0,83080.0,104510.0,,,2024,US,,19,"Life, Physical, and Social Science Occupations"
99,U.S.,1,0,Cross-industry,cross-industry,1235,19-3092,Geographers,detailed,1380,3.2,,,,47.19,98160.0,0.8,30.0,36.34,46.73,56.34,64.27,62390.0,75590.0,97200.0,117190.0,133680.0,,,2024,US,,19,"Life, Physical, and Social Science Occupations"
99,U.S.,1,0,Cross-industry,cross-industry,1235,19-3093,Historians,detailed,3140,8.8,,,,37.73,78470.0,1.2,18.57,26.54,35.6,46.31,61.78,38630.0,55190.0,74050.0,96330.0,128500.0,,,2024,US,,19,"Life, Physical, and Social Science Occupations"
99,U.S.,1,0,Cross-industry,cross-industry,1235,19-3094,Political Scientists,detailed,5950,3.7,,,,66.15,137600.0,1.1,35.94,49.54,67.01,82.72,92.25,74750.0,103030.0,139380.0,172050.0,191880.0,,,2024,US,,19,"Life, Physical, and Social Science Occupations"
99,U.S.,1,0,Cross-industry,cross-industry,1235,19-3099,"Social Scientists and Related Workers, All Other",detailed,36970,1.8,,,,51.17,106440.0,0.6,30.08,38.08,48.24,61.48,77.31,62570.0,79210.0,100340.0,127880.0,160810.0,,,2024,US,,19,"Life, Physical, and Social Science Occupations"
99,U.S.,1,0,Cross-industry,cross-industry,1235,19-4012,Agricultural Technicians,detailed,14340,4.9,,,,23.88,49680.0,1.2,15.8,18.5,22.49,28.55,33.18,32860.0,38480.0,46790.0,59370.0,69010.0,,,2024,US,,19,"Life, Physical, and Social Science Occupations"
99,U.S.,1,0,Cross-industry,cross-industry,1235,19-4013,Food Science Technicians,detailed,14200,3.0,,,,26.15,54400.0,0.8,18.15,21.15,23.76,29.3,36.11,37760.0,43990.0,49430.0,60940.0,75100.0,,,2024,US,,19,"Life, Physical, and Social Science Occupations"
99,U.S.,1,0,Cross-industry,cross-industry,1235,19-4021,Biological Technicians,detailed,76190,1.7,,,,27.89,58020.0,0.6,18.3,21.82,25.0,31.93,39.42,38060.0,45380.0,52000.0,66410.0,81990.0,,,2024,US,,19,"Life, Physical, and Social Science Occupations"
99,U.S.,1,0,Cross-industry,cross-industry,1235,19-4031,Chemical Technicians,detailed,55640,2.1,,,,29.47,61300.0,0.8,18.76,22.44,27.78,35.07,43.75,39030.0,46680.0,57790.0,72940.0,90990.0,,,2024,US,,19,"Life, Physical, and Social Science Occupations"
99,U.S.,1,0,Cross-industry,cross-industry,1235,19-4042,"Environmental Science and Protection Technicians, Including Health",detailed,39390,2.5,,,,27.29,56770.0,1.3,17.37,18.29,23.79,30.85,41.17,36130.0,38050.0,49490.0,64170.0,85630.0,,,2024,US,,19,"Life, Physical, and Social Science Occupations"
99,U.S.,1,0,Cross-industry,cross-industry,1235,19-4043,"Geological Technicians, Except Hydrologic Technicians",detailed,9710,8.6,,,,27.99,58220.0,3.1,15.78,18.85,23.27,31.0,44.33,32830.0,39200.0,48390.0,64470.0,92210.0,,,2024,US,,19,"Life, Physical, and Social Science Occupations"
99,U.S.,1,0,Cross-industry,cross-industry,1235,19-4044,Hydrologic Technicians,detailed,2940,7.9,,,,30.97,64410.0,1.5,19.39,22.81,28.16,38.36,45.34,40330.0,47450.0,58570.0,79790.0,94310.0,,,2024,US,,19,"Life, Physical, and Social Science Occupations"
99,U.S.,1,0,Cross-industry,cross-industry,1235,19-4051,Nuclear Technicians,detailed,5990,2.6,,,,48.43,100730.0,1.0,30.95,40.06,50.11,54.67,61.0,64370.0,83330.0,104240.0,113710.0,126890.0,,,2024,US,,19,"Life, Physical, and Social Science Occupations"
99,U.S.,1,0,Cross-industry,cross-industry,1235,19-4061,Social Science Research Assistants,detailed,32940,3.2,,,,30.56,63560.0,1.3,17.5,22.21,27.9,35.13,48.38,36410.0,46190.0,58040.0,73060.0,100620.0,,,2024,US,,19,"Life, Physical, and Social Science Occupations"
99,U.S.,1,0,Cross-industry,cross-industry,1235,19-4071,Forest and Conservation Technicians,detailed,31080,1.3,,,,27.24,56660.0,0.3,17.4,20.46,26.11,31.74,38.84,36190.0,42560.0,54310.0,66020.0,80790.0,,,2024,US,,19,"Life, Physical, and Social Science Occupations"
99,U.S.,1,0,Cross-industry,cross-industry,1235,19-4092,Forensic Science Technicians,detailed,19450,1.8,,,,36.18,75260.0,0.9,21.91,25.63,32.42,42.65,53.23,45560.0,53310.0,67440.0,88710.0,110710.0,,,2024,US,,19,"Life, Physical, and Social Science Occupations"
99,U.S.,1,0,Cross-industry,cross-industry,1235,19-4099,"Life, Physical, and Social Science Technicians, All Other",detailed,71400,1.9,,,,31.08,64640.0,0.7,17.94,22.25,28.91,37.5,48.98,37310.0,46270.0,60130.0,77990.0,101870.0,,,2024,US,,19,"Life, Physical, and Social Science Occupations"
99,U.S.,1,0,Cross-industry,cross-industry,1235,19-5011,Occupational Health and Safety Specialists,detailed,128430,1.7,,,,42.63,88660.0,0.6,24.33,30.96,40.34,50.67,62.72,50610.0,64410.0,83910.0,105390.0,130460.0,,,2024,US,,19,"Life, Physical, and Social Science Occupations"
99,U.S.,1,0,Cross-industry,cross-industry,1235,19-5012,Occupational Health and Safety Technicians,detailed,31450,3.3,,,,30.67,63800.0,1.2,19.5,23.81,28.1,35.97,45.51,40550.0,49510.0,58440.0,74810.0,94670.0,,,2024,US,,19,"Life, Physical, and Social Science Occupations"
99,U.S.,1,0,Cross-industry,cross-industry,1235,21-1012,"Educational, Guidance, and Career Counselors and Advisors",detailed,342350,0.6,,,,34.38,71520.0,0.4,20.95,24.85,31.32,40.14,50.9,43580.0,51690.0,65140.0,83490.0,105870.0,,,2024,US,,21,Community and Social Service Occupations
99,U.S.,1,0,Cross-industry,cross-industry,1235,21-1013,Marriage and Family Therapists,detailed,65870,4.0,,,,34.96,72720.0,2.6,20.49,23.36,30.66,40.87,53.66,42610.0,48600.0,63780.0,85020.0,111610.0,,,2024,US,,21,Community and Social Service Occupations
99,U.S.,1,0,Cross-industry,cross-industry,1235,21-1015,Rehabilitation Counselors,detailed,88930,1.8,,,,24.64,51260.0,0.6,16.58,18.61,22.17,28.39,37.12,34480.0,38700.0,46110.0,59040.0,77200.0,,,2024,US,,21,Community and Social Service Occupations
99,U.S.,1,0,Cross-industry,cross-industry,1235,21-1018,"Substance Abuse, Behavioral Disorder, and Mental Health Counselors",detailed,440380,1.0,,,,31.3,65100.0,0.6,18.79,22.68,28.46,36.65,47.22,39090.0,47170.0,59190.0,76230.0,98210.0,,,2024,US,,21,Community and Social Service Occupations
99,U.S.,1,0,Cross-industry,cross-industry,1235,21-1019,"Counselors, All Other",detailed,33340,4.9,,,,27.92,58070.0,2.0,17.39,20.56,23.96,31.98,43.95,36160.0,42760.0,49830.0,66510.0,91420.0,,,2024,US,,21,Community and Social Service Occupations
99,U.S.,1,0,Cross-industry,cross-industry,1235,21-1021,"Child, Family, and School Social Workers",detailed,382960,0.8,,,,30.25,62920.0,0.4,19.51,22.83,28.16,35.61,45.21,40580.0,47480.0,58570.0,74060.0,94030.0,,,2024,US,,21,Community and Social Service Occupations
99,U.S.,1,0,Cross-industry,cross-industry,1235,21-1022,Healthcare Social Workers,detailed,185940,1.1,,,,34.63,72030.0,0.6,21.65,26.62,32.74,40.1,48.5,45030.0,55360.0,68090.0,83410.0,100870.0,,,2024,US,,21,Community and Social Service Occupations
99,U.S.,1,0,Cross-industry,cross-industry,1235,21-1023,Mental Health and Substance Abuse Social Workers,detailed,125910,2.5,,,,32.83,68290.0,1.9,19.05,22.38,28.88,37.97,50.06,39620.0,46550.0,60060.0,78980.0,104130.0,,,2024,US,,21,Community and Social Service Occupations
99,U.S.,1,0,Cross-industry,cross-industry,1235,21-1029,"Social Workers, All Other",detailed,64940,1.9,,,,35.91,74680.0,0.4,21.41,25.01,33.4,45.86,54.2,44530.0,52010.0,69480.0,95390.0,112740.0,,,2024,US,,21,Community and Social Service Occupations
99,U.S.,1,0,Cross-industry,cross-industry,1235,21-1091,Health Education Specialists,detailed,65150,1.9,,,,34.47,71700.0,0.6,20.3,23.98,30.29,40.6,54.28,42210.0,49880.0,63000.0,84460.0,112900.0,,,2024,US,,21,Community and Social Service Occupations
99,U.S.,1,0,Cross-industry,cross-industry,1235,21-1092,Probation Officers and Correctional Treatment Specialists,detailed,86820,0.4,,,,34.39,71530.0,0.2,21.82,25.28,31.02,40.4,51.1,45390.0,52580.0,64520.0,84030.0,106290.0,,,2024,US,,21,Community and Social Service Occupations
99,U.S.,1,0,Cross-industry,cross-industry,1235,21-1093,Social and Human Service Assistants,detailed,424220,0.9,,,,22.64,47090.0,0.4,16.0,18.16,21.69,25.5,30.7,33280.0,37770.0,45120.0,53040.0,63850.0,,,2024,US,,21,Community and Social Service Occupations
99,U.S.,1,0,Cross-industry,cross-industry,1235,21-1094,Community Health Workers,detailed,60730,2.2,,,,26.91,55970.0,0.6,18.24,21.33,24.54,30.36,37.77,37930.0,44370.0,51030.0,63150.0,78560.0,,,2024,US,,21,Community and Social Service Occupations
99,U.S.,1,0,Cross-industry,cross-industry,1235,21-1099,"Community and Social Service Specialists, All Other",detailed,110390,2.0,,,,28.06,58360.0,0.5,17.53,21.84,26.41,32.5,40.0,36470.0,45420.0,54940.0,67590.0,83210.0,,,2024,US,,21,Community and Social Service Occupations
99,U.S.,1,0,Cross-industry,cross-industry,1235,21-2011,Clergy,detailed,58080,2.4,,,,32.29,67160.0,1.3,17.86,22.7,29.24,36.7,47.94,37140.0,47220.0,60820.0,76340.0,99720.0,,,2024,US,,21,Community and Social Service Occupations
99,U.S.,1,0,Cross-industry,cross-industry,1235,21-2021,"Directors, Religious Activities and Education",detailed,21460,4.2,,,,31.27,65040.0,2.4,16.34,20.29,26.37,36.05,51.22,33990.0,42210.0,54840.0,74990.0,106530.0,,,2024,US,,21,Community and Social Service Occupations
99,U.S.,1,0,Cross-industry,cross-industry,1235,21-2099,"Religious Workers, All Other",detailed,12170,9.0,,,,23.96,49830.0,3.2,14.0,16.69,21.69,28.99,36.5,29120.0,34700.0,45120.0,60310.0,75920.0,,,2024,US,,21,Community and Social Service Occupations
99,U.S.,1,0,Cross-industry,cross-industry,1235,23-1011,Lawyers,detailed,747750,0.8,,,,87.86,182760.0,2.2,34.99,47.96,72.67,103.57,,72780.0,99760.0,151160.0,215420.0,,,,2024,US,,23,Legal Occupations
99,U.S.,1,0,Cross-industry,cross-industry,1235,23-1012,Judicial Law Clerks,detailed,13220,1.6,,,,33.58,69850.0,0.5,20.19,23.96,29.04,37.53,54.4,42000.0,49840.0,60400.0,78060.0,113150.0,,,2024,US,,23,Legal Occupations
99,U.S.,1,0,Cross-industry,cross-industry,1235,23-1021,"Administrative Law Judges, Adjudicators, and Hearing Officers",detailed,16230,0.4,,,,58.95,122620.0,0.3,27.39,36.98,55.4,77.55,98.07,56970.0,76920.0,115230.0,161290.0,203990.0,,,2024,US,,23,Legal Occupations
99,U.S.,1,0,Cross-industry,cross-industry,1235,23-1022,"Arbitrators, Mediators, and Conciliators",detailed,7860,8.3,,,,43.83,91170.0,11.7,22.21,28.86,32.55,48.56,64.18,46200.0,60030.0,67710.0,101010.0,133480.0,,,2024,US,,23,Legal Occupations
99,U.S.,1,0,Cross-industry,cross-industry,1235,23-1023,"Judges, Magistrate Judges, and Magistrates",detailed,25580,0.8,,,,68.8,143110.0,0.8,22.37,41.38,75.1,91.29,104.11,46520.0,86060.0,156210.0,189890.0,216540.0,,,2024,US,,23,Legal Occupations
99,U.S.,1,0,Cross-industry,cross-industry,1235,23-2011,Paralegals and Legal Assistants,detailed,367220,1.3,,,,31.98,66510.0,1.0,19.09,23.17,29.33,37.63,47.59,39710.0,48190.0,61010.0,78280.0,98990.0,,,2024,US,,23,Legal Occupations
99,U.S.,1,0,Cross-industry,cross-industry,1235,23-2093,"Title Examiners, Abstractors, and Searchers",detailed,48170,2.9,,,,28.65,59600.0,1.4,17.65,21.64,26.43,33.79,41.94,36710.0,45020.0,54980.0,70290.0,87240.0,,,2024,US,,23,Legal Occupations
99,U.S.,1,0,Cross-industry,cross-industry,1235,23-2099,"Legal Support Workers, All Other",detailed,47380,2.6,,,,41.45,86220.0,1.1,19.96,24.5,33.06,49.74,85.07,41510.0,50960.0,68760.0,103460.0,176950.0,,,2024,US,,23,Legal Occupations
99,U.S.,1,0,Cross-industry,cross-industry,1235,25-1011,"Business Teachers, Postsecondary",detailed,81780,0.7,,,,,113840.0,0.6,,,,,,46460.0,63040.0,97270.0,140360.0,210530.0,True,,2024,US,,25,Educational Instruction and Library Occupations
99,U.S.,1,0,Cross-industry,cross-industry,1235,25-1021,"Computer Science Teachers, Postsecondary",detailed,36240,0.6,,,,,105830.0,0.7,,,,,,48910.0,65200.0,96690.0,132200.0,172380.0,True,,2024,US,,25,Educational Instruction and Library Occupations
99,U.S.,1,0,Cross-industry,cross-industry,1235,25-1022,"Mathematical Science Teachers, Postsecondary",detailed,48820,0.3,,,,,92880.0,0.6,,,,,,48150.0,60880.0,79350.0,106270.0,161020.0,True,,2024,US,,25,Educational Instruction and Library Occupations
99,U.S.,1,0,Cross-industry,cross-industry,1235,25-1031,"Architecture Teachers, Postsecondary",detailed,9120,1.2,,,,,110360.0,0.9,,,,,,59590.0,78090.0,101480.0,129310.0,166720.0,True,,2024,US,,25,Educational Instruction and Library Occupations
99,U.S.,1,0,Cross-industry,cross-industry,1235,25-1032,"Engineering Teachers, Postsecondary",detailed,39910,0.5,,,,,119340.0,0.6,,,,,,59790.0,80060.0,106120.0,136400.0,200650.0,True,,2024,US,,25,Educational Instruction and Library Occupations
99,U.S.,1,0,Cross-industry,cross-industry,1235,25-1041,"Agricultural Sciences Teachers, Postsecondary",detailed,8700,1.8,,,,,97790.0,0.7,,,,,,49080.0,63980.0,86350.0,123290.0,160870.0,True,,2024,US,,25,Educational Instruction and Library Occupations
99,U.S.,1,0,Cross-industry,cross-industry,1235,25-1042,"Biological Science Teachers, Postsecondary",detailed,53250,0.4,,,,,101340.0,0.6,,,,,,50760.0,64010.0,83460.0,125310.0,169560.0,True,,2024,US,,25,Educational Instruction and Library Occupations
99,U.S.,1,0,Cross-industry,cross-industry,1235,25-1043,"Forestry and Conservation Science Teachers, Postsecondary",detailed,1310,2.9,,,,,103780.0,0.8,,,,,,58670.0,81380.0,100830.0,125080.0,154630.0,True,,2024,US,,25,Educational Instruction and Library Occupations
99,U.S.,1,0,Cross-industry,cross-industry,1235,25-1051,"Atmospheric, Earth, Marine, and Space Sciences Teachers, Postsecondary",detailed,11480,1.3,,,,,112950.0,0.5,,,,,,53310.0,66620.0,101390.0,135500.0,199260.0,True,,2024,US,,25,Educational Instruction and Library Occupations
99,U.S.,1,0,Cross-industry,cross-industry,1235,25-1052,"Chemistry Teachers, Postsecondary",detailed,20390,0.3,,,,,103030.0,0.5,,,,,,52870.0,64980.0,86220.0,125920.0,171600.0,True,,2024,US,,25,Educational Instruction and Library Occupations
99,U.S.,1,0,Cross-industry,cross-industry,1235,25-1053,"Environmental Science Teachers, Postsecondary",detailed,7130,1.8,,,,,100360.0,0.6,,,,,,50670.0,64360.0,87710.0,124680.0,164290.0,True,,2024,US,,25,Educational Instruction and Library Occupations
99,U.S.,1,0,Cross-industry,cross-industry,1235,25-1054,"Physics Teachers, Postsecondary",detailed,13590,0.5,,,,,105460.0,0.7,,,,,,54880.0,66730.0,97360.0,130150.0,169740.0,True,,2024,US,,25,Educational Instruction and Library Occupations
99,U.S.,1,0,Cross-industry,cross-industry,1235,25-1061,"Anthropology and Archeology Teachers, Postsecondary",detailed,5260,1.2,,,,,102530.0,0.6,,,,,,51380.0,67410.0,95770.0,122870.0,169090.0,True,,2024,US,,25,Educational Instruction and Library Occupations
99,U.S.,1,0,Cross-industry,cross-industry,1235,25-1062,"Area, Ethnic, and Cultural Studies Teachers, Postsecondary",detailed,11430,0.7,,,,,97350.0,0.6,,,,,,51130.0,64320.0,84290.0,107810.0,164650.0,True,,2024,US,,25,Educational Instruction and Library Occupations
99,U.S.,1,0,Cross-industry,cross-industry,1235,25-1063,"Economics Teachers, Postsecondary",detailed,12420,0.4,,,,,133140.0,0.6,,,,,,57550.0,80850.0,119980.0,166600.0,217160.0,True,,2024,US,,25,Educational Instruction and Library Occupations
99,U.S.,1,0,Cross-industry,cross-industry,1235,25-1064,"Geography Teachers, Postsecondary",detailed,3290,0.6,,,,,99020.0,0.7,,,,,,49990.0,66400.0,86730.0,120220.0,164350.0,True,,2024,US,,25,Educational Instruction and Library Occupations
99,U.S.,1,0,Cross-industry,cross-industry,1235,25-1065,"Political Science Teachers, Postsecondary",detailed,17170,0.5,,,,,105160.0,0.5,,,,,,50490.0,65330.0,94680.0,127480.0,173380.0,True,,2024,US,,25,Educational Instruction and Library Occupations
99,U.S.,1,0,Cross-industry,cross-industry,1235,25-1066,"Psychology Teachers, Postsecondary",detailed,41610,2.8,,,,,93530.0,0.7,,,,,,47870.0,62290.0,80330.0,106640.0,158900.0,True,,2024,US,,25,Educational Instruction and Library Occupations
99,U.S.,1,0,Cross-industry,cross-industry,1235,25-1067,"Sociology Teachers, Postsecondary",detailed,12380,0.8,,,,,97270.0,0.6,,,,,,49330.0,64130.0,82540.0,113000.0,167240.0,True,,2024,US,,25,Educational Instruction and Library Occupations
99,U.S.,1,0,Cross-industry,cross-industry,1235,25-1069,"Social Sciences Teachers, Postsecondary, All Other",detailed,17540,0.9,,,,,92950.0,0.6,,,,,,45280.0,59550.0,75040.0,105390.0,176350.0,True,,2024,US,,25,Educational Instruction and Library Occupations
99,U.S.,1,0,Cross-industry,cross-industry,1235,25-1071,"Health Specialties Teachers, Postsecondary",detailed,229720,0.9,,,,,137900.0,0.7,,,,,,51760.0,74400.0,105620.0,176090.0,,True,,2024,US,,25,Educational Instruction and Library Occupations
99,U.S.,1,0,Cross-industry,cross-industry,1235,25-1072,"Nursing Instructors and Teachers, Postsecondary",detailed,74250,1.0,,,,,87090.0,0.7,,,,,,47950.0,62210.0,79940.0,102020.0,130040.0,True,,2024,US,,25,Educational Instruction and Library Occupations
99,U.S.,1,0,Cross-industry,cross-industry,1235,25-1081,"Education Teachers, Postsecondary",detailed,59090,0.8,,,,,78500.0,0.6,,,,,,38650.0,50630.0,72090.0,96260.0,126450.0,True,,2024,US,,25,Educational Instruction and Library Occupations
99,U.S.,1,0,Cross-industry,cross-industry,1235,25-1082,"Library Science Teachers, Postsecondary",detailed,4100,1.2,,,,,84320.0,0.6,,,,,,53590.0,62130.0,78630.0,97020.0,126200.0,True,,2024,US,,25,Educational Instruction and Library Occupations
99,U.S.,1,0,Cross-industry,cross-industry,1235,25-1111,"Criminal Justice and Law Enforcement Teachers, Postsecondary",detailed,13560,1.2,,,,,84820.0,0.9,,,,,,45640.0,56100.0,71470.0,99730.0,143130.0,True,,2024,US,,25,Educational Instruction and Library Occupations
99,U.S.,1,0,Cross-industry,cross-industry,1235,25-1112,"Law Teachers, Postsecondary",detailed,22800,1.9,,,,,139950.0,0.7,,,,,,58330.0,84540.0,126650.0,173580.0,,True,,2024,US,,25,Educational Instruction and Library Occupations
99,U.S.,1,0,Cross-industry,cross-industry,1235,25-1113,"Social Work Teachers, Postsecondary",detailed,13350,1.5,,,,,81880.0,0.9,,,,,,45370.0,57080.0,76210.0,98570.0,129280.0,True,,2024,US,,25,Educational Instruction and Library Occupations
99,U.S.,1,0,Cross-industry,cross-industry,1235,25-1121,"Art, Drama, and Music Teachers, Postsecondary",detailed,97890,0.8,,,,,102240.0,0.7,,,,,,47040.0,60730.0,80190.0,121600.0,194530.0,True,,2024,US,,25,Educational Instruction and Library Occupations
99,U.S.,1,0,Cross-industry,cross-industry,1235,25-1122,"Communications Teachers, Postsecondary",detailed,29260,0.5,,,,,90340.0,0.6,,,,,,47100.0,60060.0,77800.0,103230.0,160210.0,True,,2024,US,,25,Educational Instruction and Library Occupations
99,U.S.,1,0,Cross-industry,cross-industry,1235,25-1123,"English Language and Literature Teachers, Postsecondary",detailed,59590,0.4,,,,,90400.0,0.5,,,,,,47540.0,59780.0,78270.0,103730.0,154800.0,True,,2024,US,,25,Educational Instruction and Library Occupations
99,U.S.,1,0,Cross-industry,cross-industry,1235,25-1124,"Foreign Language and Literature Teachers, Postsecondary",detailed,21170,0.6,,,,,87670.0,0.6,,,,,,47090.0,59790.0,77010.0,101680.0,134960.0,True,,2024,US,,25,Educational Instruction and Library Occupations
99,U.S.,1,0,Cross-industry,cross-industry,1235,25-1125,"History Teachers, Postsecondary",detailed,19860,0.4,,,,,93710.0,0.7,,,,,,47730.0,62370.0,81500.0,106770.0,158140.0,True,,2024,US,,25,Educational Instruction and Library Occupations
99,U.S.,1,0,Cross-industry,cross-industry,1235,25-1126,"Philosophy and Religion Teachers, Postsecondary",detailed,20840,2.0,,,,,88210.0,0.8,,,,,,47550.0,60980.0,78050.0,101680.0,134910.0,True,,2024,US,,25,Educational Instruction and Library Occupations
99,U.S.,1,0,Cross-industry,cross-industry,1235,25-1192,"Family and Consumer Sciences Teachers, Postsecondary",detailed,2630,1.7,,,,,84450.0,0.7,,,,,,47580.0,56870.0,77280.0,99530.0,133180.0,True,,2024,US,,25,Educational Instruction and Library Occupations
99,U.S.,1,0,Cross-industry,cross-industry,1235,25-1193,"Recreation and Fitness Studies Teachers, Postsecondary",detailed,12680,1.1,,,,,87980.0,0.5,,,,,,44150.0,57290.0,75890.0,101420.0,158240.0,True,,2024,US,,25,Educational Instruction and Library Occupations
99,U.S.,1,0,Cross-industry,cross-industry,1235,25-1194,"Career/Technical Education Teachers, Postsecondary",detailed,111150,1.6,,,,33.03,68710.0,0.7,18.59,23.09,29.56,38.5,51.24,38680.0,48030.0,61490.0,80070.0,106580.0,,,2024,US,,25,Educational Instruction and Library Occupations
99,U.S.,1,0,Cross-industry,cross-industry,1235,25-1199,"Postsecondary Teachers, All Other",detailed,151530,0.8,,,,,94470.0,0.6,,,,,,39720.0,55500.0,78490.0,122510.0,172850.0,True,,2024,US,,25,Educational Instruction and Library Occupations
99,U.S.,1,0,Cross-industry,cross-industry,1235,25-2011,"Preschool Teachers, Except Special Education",detailed,445080,1.4,,,,19.93,41450.0,0.7,13.61,15.03,17.85,22.38,28.88,28300.0,31250.0,37120.0,46550.0,60070.0,,,2024,US,,25,Educational Instruction and Library Occupations
99,U.S.,1,0,Cross-industry,cross-industry,1235,25-2012,"Kindergarten Teachers, Except Special Education",detailed,114410,1.4,,,,,67020.0,0.7,,,,,,45750.0,50290.0,61430.0,77720.0,99360.0,True,,2024,US,,25,Educational Instruction and Library Occupations
99,U.S.,1,0,Cross-industry,cross-industry,1235,25-2021,"Elementary School Teachers, Except Special Education",detailed,1393310,0.8,,,,,69790.0,0.6,,,,,,46440.0,50680.0,62340.0,79410.0,102010.0,True,,2024,US,,25,Educational Instruction and Library Occupations
99,U.S.,1,0,Cross-industry,cross-industry,1235,25-2022,"Middle School Teachers, Except Special and Career/Technical Education",detailed,620370,1.5,,,,,70040.0,0.8,,,,,,47050.0,53540.0,62970.0,79380.0,100980.0,True,,2024,US,,25,Educational Instruction and Library Occupations
99,U.S.,1,0,Cross-industry,cross-industry,1235,25-2023,"Career/Technical Education Teachers, Middle School",detailed,14200,3.6,,,,,68690.0,1.3,,,,,,47090.0,55920.0,63620.0,78270.0,98430.0,True,,2024,US,,25,Educational Instruction and Library Occupations
99,U.S.,1,0,Cross-industry,cross-industry,1235,25-2031,"Secondary School Teachers, Except Special and Career/Technical Education",detailed,1072540,1.0,,,,,73700.0,0.6,,,,,,47330.0,57800.0,64580.0,83010.0,104670.0,True,,2024,US,,25,Educational Instruction and Library Occupations
99,U.S.,1,0,Cross-industry,cross-industry,1235,25-2032,"Career/Technical Education Teachers, Secondary School",detailed,104450,2.0,,,,,70550.0,0.8,,,,,,48840.0,58840.0,63910.0,78650.0,98720.0,True,,2024,US,,25,Educational Instruction and Library Occupations
99,U.S.,1,0,Cross-industry,cross-industry,1235,25-2051,"Special Education Teachers, Preschool",detailed,28200,6.2,,,,,72610.0,2.9,,,,,,38740.0,49370.0,62190.0,81330.0,132530.0,True,,2024,US,,25,Educational Instruction and Library Occupations
99,U.S.,1,0,Cross-industry,cross-industry,1235,25-2052,"Special Education Teachers, Kindergarten and Elementary School",detailed,231570,1.2,,,,,70150.0,0.6,,,,,,47590.0,57050.0,63000.0,79320.0,100620.0,True,,2024,US,,25,Educational Instruction and Library Occupations
99,U.S.,1,0,Cross-industry,cross-industry,1235,25-2057,"Special Education Teachers, Middle School",detailed,95330,2.4,,,,,72310.0,1.0,,,,,,48070.0,58590.0,64880.0,81940.0,102730.0,True,,2024,US,,25,Educational Instruction and Library Occupations
99,U.S.,1,0,Cross-industry,cross-industry,1235,25-2058,"Special Education Teachers, Secondary School",detailed,162780,1.5,,,,,74610.0,0.7,,,,,,47930.0,58180.0,69590.0,87140.0,106050.0,True,,2024,US,,25,Educational Instruction and Library Occupations
99,U.S.,1,0,Cross-industry,cross-industry,1235,25-2059,"Special Education Teachers, All Other",detailed,39350,4.4,,,,,74180.0,1.5,,,,,,43220.0,53470.0,67430.0,87890.0,109360.0,True,,2024,US,,25,Educational Instruction and Library Occupations
99,U.S.,1,0,Cross-industry,cross-industry,1235,25-3011,"Adult Basic Education, Adult Secondary Education, and English as a Second Language Instructors",detailed,36260,2.5,,,,31.09,64660.0,0.9,19.11,23.05,28.82,36.82,46.04,39750.0,47950.0,59950.0,76580.0,95750.0,,,2024,US,,25,Educational Instruction and Library Occupations
99,U.S.,1,0,Cross-industry,cross-industry,1235,25-3021,Self-Enrichment Teachers,detailed,308520,1.3,,,,25.64,53330.0,0.9,13.93,17.02,21.92,29.9,43.64,28980.0,35410.0,45590.0,62180.0,90780.0,,,2024,US,,25,Educational Instruction and Library Occupations
99,U.S.,1,0,Cross-industry,cross-industry,1235,25-3031,"Substitute Teachers, Short-Term",detailed,481300,1.6,,,,21.6,44930.0,1.0,12.62,15.05,18.5,24.97,30.51,26240.0,31310.0,38470.0,51930.0,63460.0,,,2024,US,,25,Educational Instruction and Library Occupations
99,U.S.,1,0,Cross-industry,cross-industry,1235,25-3041,Tutors,detailed,174660,1.8,,,,22.97,47780.0,1.2,13.67,16.06,19.27,26.62,37.89,28430.0,33410.0,40090.0,55380.0,78810.0,,,2024,US,,25,Educational Instruction and Library Occupations
99,U.S.,1,0,Cross-industry,cross-industry,1235,25-3099,"Teachers and Instructors, All Other",detailed,125010,4.1,,,,,71610.0,1.9,,,,,,33280.0,46700.0,64690.0,93180.0,116690.0,True,,2024,US,,25,Educational Instruction and Library Occupations
99,U.S.,1,0,Cross-industry,cross-industry,1235,25-4011,Archivists,detailed,7050,4.2,,,,32.51,67620.0,1.2,18.91,23.02,29.6,38.39,50.37,39330.0,47890.0,61570.0,79850.0,104780.0,,,2024,US,,25,Educational Instruction and Library Occupations
99,U.S.,1,0,Cross-industry,cross-industry,1235,25-4012,Curators,detailed,12280,2.2,,,,33.68,70060.0,4.1,17.84,22.73,29.7,39.11,50.73,37110.0,47270.0,61770.0,81350.0,105520.0,,,2024,US,,25,Educational Instruction and Library Occupations
99,U.S.,1,0,Cross-industry,cross-industry,1235,25-4013,Museum Technicians and Conservators,detailed,13070,2.6,,,,25.78,53630.0,1.0,14.77,18.01,22.82,30.29,39.8,30720.0,37460.0,47460.0,62990.0,82790.0,,,2024,US,,25,Educational Instruction and Library Occupations
99,U.S.,1,0,Cross-industry,cross-industry,1235,25-4022,Librarians and Media Collections Specialists,detailed,131830,1.0,,,,33.26,69180.0,0.6,18.71,24.48,30.92,38.77,48.5,38920.0,50920.0,64320.0,80640.0,100880.0,,,2024,US,,25,Educational Instruction and Library Occupations
99,U.S.,1,0,Cross-industry,cross-industry,1235,25-4031,Library Technicians,detailed,73770,1.7,,,,20.7,43050.0,0.7,13.41,16.11,19.22,23.91,29.31,27890.0,33510.0,39970.0,49740.0,60960.0,,,2024,US,,25,Educational Instruction and Library Occupations
99,U.S.,1,0,Cross-industry,cross-industry,1235,25-9021,Farm and Home Management Educators,detailed,10260,5.1,,,,29.07,60470.0,1.5,17.68,22.12,27.94,33.23,40.98,36780.0,46010.0,58120.0,69110.0,85230.0,,,2024,US,,25,Educational Instruction and Library Occupations
99,U.S.,1,0,Cross-industry,cross-industry,1235,25-9031,Instructional Coordinators,detailed,210850,1.0,,,,37.31,77600.0,0.6,22.39,28.43,35.92,45.57,55.49,46560.0,59120.0,74720.0,94780.0,115410.0,,,2024,US,,25,Educational Instruction and Library Occupations
99,U.S.,1,0,Cross-industry,cross-industry,1235,25-9044,"Teaching Assistants, Postsecondary",detailed,155010,0.4,,,,,47560.0,0.5,,,,,,28020.0,32640.0,44930.0,60410.0,73560.0,True,,2024,US,,25,Educational Instruction and Library Occupations
99,U.S.,1,0,Cross-industry,cross-industry,1235,25-9045,"Teaching Assistants, Except Postsecondary",detailed,1375300,0.5,,,,,35960.0,0.5,,,,,,23710.0,29120.0,35240.0,40400.0,48140.0,True,,2024,US,,25,Educational Instruction and Library Occupations
99,U.S.,1,0,Cross-industry,cross-industry,1235,25-9099,"Educational Instruction and Library Workers, All Other",detailed,114640,1.1,,,,26.78,55700.0,0.9,11.62,16.0,23.27,33.08,45.82,24160.0,33280.0,48400.0,68800.0,95310.0,,,2024,US,,25,Educational Instruction and Library Occupations
99,U.S.,1,0,Cross-industry,cross-industry,1235,27-1011,Art Directors,detailed,50370,2.9,,,,61.59,128100.0,1.2,29.35,38.53,53.38,77.14,101.64,61060.0,80130.0,111040.0,160460.0,211410.0,,,2024,US,,27,"Arts, Design, Entertainment, Sports, and Media Occupations"
99,U.S.,1,0,Cross-industry,cross-industry,1235,27-1012,Craft Artists,detailed,4370,8.7,,,,21.8,45340.0,2.8,10.88,15.07,18.5,25.04,31.66,22620.0,31350.0,38480.0,52070.0,65850.0,,,2024,US,,27,"Arts, Design, Entertainment, Sports, and Media Occupations"
99,U.S.,1,0,Cross-industry,cross-industry,1235,27-1013,"Fine Artists, Including Painters, Sculptors, and Illustrators",detailed,10000,7.7,,,,36.76,76450.0,5.4,12.7,19.11,29.12,43.09,67.62,26420.0,39740.0,60560.0,89630.0,140660.0,,,2024,US,,27,"Arts, Design, Entertainment, Sports, and Media Occupations"
99,U.S.,1,0,Cross-industry,cross-industry,1235,27-1014,Special Effects Artists and Animators,detailed,21280,7.2,,,,52.94,110110.0,2.1,27.51,35.11,47.98,65.19,83.96,57220.0,73030.0,99800.0,135600.0,174630.0,,,2024,US,,27,"Arts, Design, Entertainment, Sports, and Media Occupations"
99,U.S.,1,0,Cross-industry,cross-industry,1235,27-1019,"Artists and Related Workers, All Other",detailed,7370,7.9,,,,38.22,79490.0,3.3,16.21,21.52,34.98,54.05,64.03,33720.0,44760.0,72760.0,112420.0,133180.0,,,2024,US,,27,"Arts, Design, Entertainment, Sports, and Media Occupations"
99,U.S.,1,0,Cross-industry,cross-industry,1235,27-1021,Commercial and Industrial Designers,detailed,30250,2.6,,,,42.31,88000.0,1.0,23.74,29.83,38.2,49.6,64.83,49390.0,62040.0,79450.0,103170.0,134840.0,,,2024,US,,27,"Arts, Design, Entertainment, Sports, and Media Occupations"
99,U.S.,1,0,Cross-industry,cross-industry,1235,27-1022,Fashion Designers,detailed,20910,7.0,,,,58.86,122430.0,13.2,17.29,25.83,38.79,51.92,81.55,35970.0,53730.0,80690.0,107990.0,169620.0,,,2024,US,,27,"Arts, Design, Entertainment, Sports, and Media Occupations"
99,U.S.,1,0,Cross-industry,cross-industry,1235,27-1023,Floral Designers,detailed,40160,1.8,,,,18.13,37700.0,0.8,13.1,14.52,17.37,20.87,23.41,27260.0,30200.0,36120.0,43420.0,48690.0,,,2024,US,,27,"Arts, Design, Entertainment, Sports, and Media Occupations"
99,U.S.,1,0,Cross-industry,cross-industry,1235,27-1024,Graphic Designers,detailed,214260,1.8,,,,32.98,68610.0,2.1,18.08,22.69,29.47,37.98,49.53,37600.0,47200.0,61300.0,79000.0,103030.0,,,2024,US,,27,"Arts, Design, Entertainment, Sports, and Media Occupations"
99,U.S.,1,0,Cross-industry,cross-industry,1235,27-1025,Interior Designers,detailed,69580,2.4,,,,34.34,71430.0,1.3,18.5,23.93,30.52,38.86,51.01,38480.0,49770.0,63490.0,80830.0,106090.0,,,2024,US,,27,"Arts, Design, Entertainment, Sports, and Media Occupations"
99,U.S.,1,0,Cross-industry,cross-industry,1235,27-1026,Merchandise Displayers and Window Trimmers,detailed,192480,1.5,,,,19.49,40540.0,0.6,14.45,16.15,17.96,21.52,25.86,30050.0,33580.0,37350.0,44750.0,53800.0,,,2024,US,,27,"Arts, Design, Entertainment, Sports, and Media Occupations"
99,U.S.,1,0,Cross-industry,cross-industry,1235,27-1027,Set and Exhibit Designers,detailed,10850,5.8,,,,37.71,78450.0,2.8,17.31,23.52,31.87,48.09,62.22,35990.0,48920.0,66280.0,100020.0,129420.0,,,2024,US,,27,"Arts, Design, Entertainment, Sports, and Media Occupations"
99,U.S.,1,0,Cross-industry,cross-industry,1235,27-1029,"Designers, All Other",detailed,9680,9.7,,,,37.5,78000.0,2.8,17.56,22.52,31.84,45.83,63.44,36530.0,46850.0,66220.0,95330.0,131950.0,,,2024,US,,27,"Arts, Design, Entertainment, Sports, and Media Occupations"
99,U.S.,1,0,Cross-industry,cross-industry,1235,27-2011,Actors,detailed,38800,6.0,,,,44.4,,15.9,14.0,16.94,23.33,41.09,97.19,,,,,,,True,2024,US,,27,"Arts, Design, Entertainment, Sports, and Media Occupations"
99,U.S.,1,0,Cross-industry,cross-industry,1235,27-2012,Producers and Directors,detailed,145270,1.6,,,,54.94,114280.0,2.0,20.7,28.75,40.13,63.06,95.45,43060.0,59810.0,83480.0,131160.0,198530.0,,,2024,US,,27,"Arts, Design, Entertainment, Sports, and Media Occupations"
99,U.S.,1,0,Cross-industry,cross-industry,1235,27-2021,Athletes and Sports Competitors,detailed,14370,7.3,,,,,259750.0,12.9,,,,,,24960.0,36750.0,62360.0,130770.0,,True,,2024,US,,27,"Arts, Design, Entertainment, Sports, and Media Occupations"
99,U.S.,1,0,Cross-industry,cross-industry,1235,27-2022,Coaches and Scouts,detailed,250940,1.4,,,,,58910.0,0.9,,,,,,27490.0,33960.0,45920.0,61930.0,93980.0,True,,2024,US,,27,"Arts, Design, Entertainment, Sports, and Media Occupations"
99,U.S.,1,0,Cross-industry,cross-industry,1235,27-2023,"Umpires, Referees, and Other Sports Officials",detailed,15080,5.6,,,,,52800.0,10.2,,,,,,25070.0,30920.0,38820.0,53560.0,93180.0,True,,2024,US,,27,"Arts, Design, Entertainment, Sports, and Media Occupations"
99,U.S.,1,0,Cross-industry,cross-industry,1235,27-2031,Dancers,detailed,9060,9.6,,,,30.3,,4.9,13.96,16.83,23.97,37.43,53.66,,,,,,,True,2024,US,,27,"Arts, Design, Entertainment, Sports, and Media Occupations"
99,U.S.,1,0,Cross-industry,cross-industry,1235,27-2032,Choreographers,detailed,3430,9.4,,,,29.82,62020.0,3.3,15.91,19.04,26.73,34.23,45.24,33080.0,39600.0,55600.0,71190.0,94090.0,,,2024,US,,27,"Arts, Design, Entertainment, Sports, and Media Occupations"
99,U.S.,1,0,Cross-industry,cross-industry,1235,27-2041,Music Directors and Composers,detailed,12330,6.0,,,,40.5,84230.0,3.3,16.82,22.75,30.61,46.44,75.49,34990.0,47330.0,63670.0,96590.0,157010.0,,,2024,US,,27,"Arts, Design, Entertainment, Sports, and Media Occupations"
99,U.S.,1,0,Cross-industry,cross-industry,1235,27-2042,Musicians and Singers,detailed,38350,20.3,,,,55.13,,9.1,18.68,26.02,42.45,62.83,105.44,,,,,,,True,2024,US,,27,"Arts, Design, Entertainment, Sports, and Media Occupations"
99,U.S.,1,0,Cross-industry,cross-industry,1235,27-2091,"Disc Jockeys, Except Radio",detailed,8170,10.0,,,,33.25,,11.6,10.65,15.13,20.59,38.69,95.5,,,,,,,True,2024,US,,27,"Arts, Design, Entertainment, Sports, and Media Occupations"
99,U.S.,1,0,Cross-industry,cross-industry,1235,27-2099,"Entertainers and Performers, Sports and Related Workers, All Other",detailed,15040,5.7,,,,29.74,,5.3,13.1,16.47,20.99,33.32,51.9,,,,,,,True,2024,US,,27,"Arts, Design, Entertainment, Sports, and Media Occupations"
99,U.S.,1,0,Cross-industry,cross-industry,1235,27-3011,Broadcast Announcers and Radio Disc Jockeys,detailed,23880,2.7,,,,38.52,80110.0,2.0,12.5,16.0,21.96,34.65,63.36,26000.0,33280.0,45680.0,72080.0,131780.0,,,2024,US,,27,"Arts, Design, Entertainment, Sports, and Media Occupations"
99,U.S.,1,0,Cross-industry,cross-industry,1235,27-3023,"News Analysts, Reporters, and Journalists",detailed,41550,2.2,,,,50.98,106030.0,1.9,16.63,19.43,28.98,46.86,78.09,34590.0,40420.0,60280.0,97460.0,162430.0,,,2024,US,,27,"Arts, Design, Entertainment, Sports, and Media Occupations"
99,U.S.,1,0,Cross-industry,cross-industry,1235,27-3031,Public Relations Specialists,detailed,280590,0.8,,,,38.61,80310.0,0.9,19.59,24.99,33.55,46.13,62.25,40750.0,51970.0,69780.0,95940.0,129480.0,,,2024,US,,27,"Arts, Design, Entertainment, Sports, and Media Occupations"
99,U.S.,1,0,Cross-industry,cross-industry,1235,27-3041,Editors,detailed,95480,2.1,,,,41.2,85700.0,1.1,17.4,24.14,36.18,48.66,67.71,36200.0,50210.0,75260.0,101210.0,140840.0,,,2024,US,,27,"Arts, Design, Entertainment, Sports, and Media Occupations"
99,U.S.,1,0,Cross-industry,cross-industry,1235,27-3042,Technical Writers,detailed,55530,2.2,,,,44.39,92330.0,0.9,26.16,33.0,44.07,49.4,62.71,54400.0,68640.0,91670.0,102740.0,130430.0,,,2024,US,,27,"Arts, Design, Entertainment, Sports, and Media Occupations"
99,U.S.,1,0,Cross-industry,cross-industry,1235,27-3043,Writers and Authors,detailed,47800,5.3,,,,41.24,85780.0,7.7,19.75,25.43,34.75,47.27,64.27,41080.0,52890.0,72270.0,98320.0,133680.0,,,2024,US,,27,"Arts, Design, Entertainment, Sports, and Media Occupations"
99,U.S.,1,0,Cross-industry,cross-industry,1235,27-3091,Interpreters and Translators,detailed,53360,3.1,,,,31.22,64950.0,1.6,17.13,21.64,28.58,38.47,47.99,35630.0,45020.0,59440.0,80020.0,99830.0,,,2024,US,,27,"Arts, Design, Entertainment, Sports, and Media Occupations"
99,U.S.,1,0,Cross-industry,cross-industry,1235,27-3092,Court Reporters and Simultaneous Captioners,detailed,12630,3.1,,,,35.88,74630.0,1.3,18.8,24.14,32.36,44.57,61.07,39100.0,50210.0,67310.0,92710.0,127020.0,,,2024,US,,27,"Arts, Design, Entertainment, Sports, and Media Occupations"
99,U.S.,1,0,Cross-industry,cross-industry,1235,27-3099,"Media and Communication Workers, All Other",detailed,23590,7.7,,,,40.81,84870.0,2.3,18.52,25.33,34.51,47.85,71.19,38530.0,52690.0,71770.0,99520.0,148070.0,,,2024,US,,27,"Arts, Design, Entertainment, Sports, and Media Occupations"
99,U.S.,1,0,Cross-industry,cross-industry,1235,27-4011,Audio and Video Technicians,detailed,70080,2.7,,,,29.51,61370.0,1.3,16.97,21.09,26.36,35.38,47.21,35290.0,43860.0,54830.0,73590.0,98190.0,,,2024,US,,27,"Arts, Design, Entertainment, Sports, and Media Occupations"
99,U.S.,1,0,Cross-industry,cross-industry,1235,27-4012,Broadcast Technicians,detailed,21080,2.2,,,,30.87,64220.0,1.2,14.04,17.74,25.92,38.65,55.48,29190.0,36900.0,53920.0,80390.0,115400.0,,,2024,US,,27,"Arts, Design, Entertainment, Sports, and Media Occupations"
99,U.S.,1,0,Cross-industry,cross-industry,1235,27-4014,Sound Engineering Technicians,detailed,13050,7.2,,,,38.12,79280.0,3.9,17.6,22.92,31.94,48.05,64.9,36600.0,47680.0,66430.0,99950.0,134980.0,,,2024,US,,27,"Arts, Design, Entertainment, Sports, and Media Occupations"
99,U.S.,1,0,Cross-industry,cross-industry,1235,27-4015,Lighting Technicians,detailed,10130,6.6,,,,33.65,70000.0,2.7,17.47,22.65,29.11,40.07,56.58,36340.0,47100.0,60560.0,83340.0,117690.0,,,2024,US,,27,"Arts, Design, Entertainment, Sports, and Media Occupations"
99,U.S.,1,0,Cross-industry,cross-industry,1235,27-4021,Photographers,detailed,51230,2.0,,,,26.76,55650.0,2.5,14.23,16.73,20.44,29.99,45.56,29610.0,34790.0,42520.0,62370.0,94760.0,,,2024,US,,27,"Arts, Design, Entertainment, Sports, and Media Occupations"
99,U.S.,1,0,Cross-industry,cross-industry,1235,27-4031,"Camera Operators, Television, Video, and Film",detailed,24460,4.0,,,,38.4,79870.0,1.6,17.42,23.1,33.08,49.23,63.18,36240.0,48060.0,68810.0,102400.0,131420.0,,,2024,US,,27,"Arts, Design, Entertainment, Sports, and Media Occupations"
99,U.S.,1,0,Cross-industry,cross-industry,1235,27-4032,Film and Video Editors,detailed,28860,4.9,,,,40.16,83530.0,1.7,18.83,24.15,34.12,48.83,70.15,39170.0,50230.0,70980.0,101570.0,145900.0,,,2024,US,,27,"Arts, Design, Entertainment, Sports, and Media Occupations"
99,U.S.,1,0,Cross-industry,cross-industry,1235,27-4099,"Media and Communication Equipment Workers, All Other",detailed,13020,9.9,,,,37.67,78350.0,2.4,17.15,23.31,32.3,49.35,64.26,35670.0,48490.0,67190.0,102650.0,133650.0,,,2024,US,,27,"Arts, Design, Entertainment, Sports, and Media Occupations"
99,U.S.,1,0,Cross-industry,cross-industry,1235,29-1011,Chiropractors,detailed,37630,2.9,,,,44.15,91830.0,1.8,21.53,28.52,37.98,50.0,72.11,44780.0,59320.0,79000.0,104000.0,149990.0,,,2024,US,,29,Healthcare Practitioners and Technical Occupations
99,U.S.,1,0,Cross-industry,cross-industry,1235,29-1021,"Dentists, General",detailed,113490,2.5,,,,94.28,196100.0,1.5,40.32,60.62,83.07,105.95,,83860.0,126090.0,172790.0,220380.0,,,,2024,US,,29,Healthcare Practitioners and Technical Occupations
99,U.S.,1,0,Cross-industry,cross-industry,1235,29-1022,Oral and Maxillofacial Surgeons,detailed,5330,15.3,,,,173.19,360240.0,11.7,39.89,113.84,,,,82960.0,236780.0,,,,,,2024,US,,29,Healthcare Practitioners and Technical Occupations
99,U.S.,1,0,Cross-industry,cross-industry,1235,29-1023,Orthodontists,detailed,5150,18.7,,,,122.41,254620.0,4.2,47.38,66.02,,,,98560.0,137320.0,,,,,,2024,US,,29,Healthcare Practitioners and Technical Occupations
99,U.S.,1,0,Cross-industry,cross-industry,1235,29-1024,Prosthodontists,detailed,760,36.3,,,,124.36,258660.0,5.7,46.81,111.54,,,,97370.0,232000.0,,,,,,2024,US,,29,Healthcare Practitioners and Technical Occupations
99,U.S.,1,0,Cross-industry,cross-industry,1235,29-1029,"Dentists, All Other Specialists",detailed,5900,10.7,,,,118.52,246530.0,8.5,36.23,83.07,108.54,,,75360.0,172780.0,225770.0,,,,,2024,US,,29,Healthcare Practitioners and Technical Occupations
99,U.S.,1,0,Cross-industry,cross-industry,1235,29-1031,Dietitians and Nutritionists,detailed,76570,1.9,,,,35.95,74770.0,0.5,23.48,29.45,35.5,40.96,48.92,48830.0,61260.0,73850.0,85200.0,101760.0,,,2024,US,,29,Healthcare Practitioners and Technical Occupations
99,U.S.,1,0,Cross-industry,cross-industry,1235,29-1041,Optometrists,detailed,41890,2.7,,,,67.76,140940.0,1.3,33.68,49.67,64.82,78.71,97.7,70060.0,103310.0,134830.0,163710.0,203210.0,,,2024,US,,29,Healthcare Practitioners and Technical Occupations
99,U.S.,1,0,Cross-industry,cross-industry,1235,29-1051,Pharmacists,detailed,328870,0.9,,,,65.97,137210.0,0.3,41.8,61.18,66.1,76.26,82.71,86930.0,127250.0,137480.0,158620.0,172040.0,,,2024,US,,29,Healthcare Practitioners and Technical Occupations
99,U.S.,1,0,Cross-industry,cross-industry,1235,29-1071,Physician Assistants,detailed,155540,2.1,,,,65.82,136900.0,0.6,45.79,54.7,64.07,77.0,87.6,95240.0,113770.0,133260.0,160160.0,182200.0,,,2024,US,,29,Healthcare Practitioners and Technical Occupations
99,U.S.,1,0,Cross-industry,cross-industry,1235,29-1081,Podiatrists,detailed,9520,7.0,,,,78.83,163960.0,3.0,27.65,43.81,73.46,104.79,,57500.0,91130.0,152800.0,217960.0,,,,2024,US,,29,Healthcare Practitioners and Technical Occupations
99,U.S.,1,0,Cross-industry,cross-industry,1235,29-1122,Occupational Therapists,detailed,152280,1.1,,,,47.23,98240.0,0.4,32.25,38.7,47.28,53.11,62.42,67090.0,80490.0,98340.0,110460.0,129830.0,,,2024,US,,29,Healthcare Practitioners and Technical Occupations
99,U.S.,1,0,Cross-industry,cross-industry,1235,29-1123,Physical Therapists,detailed,248630,1.1,,,,49.23,102400.0,0.5,35.78,40.13,48.57,56.34,63.7,74420.0,83470.0,101020.0,117190.0,132500.0,,,2024,US,,29,Healthcare Practitioners and Technical Occupations
99,U.S.,1,0,Cross-industry,cross-industry,1235,29-1124,Radiation Therapists,detailed,18700,6.7,,,,53.28,110820.0,1.0,37.43,41.6,49.03,57.87,68.05,77860.0,86520.0,101990.0,120360.0,141550.0,,,2024,US,,29,Healthcare Practitioners and Technical Occupations
99,U.S.,1,0,Cross-industry,cross-industry,1235,29-1125,Recreational Therapists,detailed,15060,2.0,,,,31.42,65350.0,2.2,19.0,23.19,28.98,37.35,46.44,39520.0,48230.0,60280.0,77680.0,96600.0,,,2024,US,,29,Healthcare Practitioners and Technical Occupations
99,U.S.,1,0,Cross-industry,cross-industry,1235,29-1126,Respiratory Therapists,detailed,136420,1.3,,,,40.51,84260.0,0.4,29.76,32.89,38.68,45.93,52.32,61900.0,68410.0,80450.0,95530.0,108820.0,,,2024,US,,29,Healthcare Practitioners and Technical Occupations
99,U.S.,1,0,Cross-industry,cross-industry,1235,29-1127,Speech-Language Pathologists,detailed,178790,1.2,,,,46.08,95840.0,0.5,29.08,36.21,45.87,54.09,63.87,60480.0,75310.0,95410.0,112510.0,132850.0,,,2024,US,,29,Healthcare Practitioners and Technical Occupations
99,U.S.,1,0,Cross-industry,cross-industry,1235,29-1128,Exercise Physiologists,detailed,8110,5.7,,,,28.66,59620.0,1.7,19.68,23.39,27.96,31.46,38.38,40930.0,48650.0,58160.0,65430.0,79830.0,,,2024,US,,29,Healthcare Practitioners and Technical Occupations
99,U.S.,1,0,Cross-industry,cross-industry,1235,29-1129,"Therapists, All Other",detailed,19320,5.2,,,,35.48,73800.0,1.9,18.67,23.8,31.26,40.87,57.71,38840.0,49510.0,65010.0,85010.0,120050.0,,,2024,US,,29,Healthcare Practitioners and Technical Occupations
99,U.S.,1,0,Cross-industry,cross-industry,1235,29-1131,Veterinarians,detailed,80630,1.2,,,,67.44,140270.0,1.5,33.82,47.32,60.34,77.7,102.35,70350.0,98420.0,125510.0,161610.0,212890.0,,,2024,US,,29,Healthcare Practitioners and Technical Occupations
99,U.S.,1,0,Cross-industry,cross-industry,1235,29-1141,Registered Nurses,detailed,3282010,0.2,,,,47.32,98430.0,0.2,31.75,37.79,45.0,51.9,65.06,66030.0,78610.0,93600.0,107960.0,135320.0,,,2024,US,,29,Healthcare Practitioners and Technical Occupations
99,U.S.,1,0,Cross-industry,cross-industry,1235,29-1151,Nurse Anesthetists,detailed,50350,5.1,,,,111.39,231700.0,1.6,65.98,89.96,107.31,,,137230.0,187110.0,223210.0,,,,,2024,US,,29,Healthcare Practitioners and Technical Occupations
99,U.S.,1,0,Cross-industry,cross-industry,1235,29-1161,Nurse Midwives,detailed,8280,6.5,,,,61.59,128110.0,1.6,35.9,50.13,61.92,70.44,85.11,74670.0,104260.0,128790.0,146520.0,177040.0,,,2024,US,,29,Healthcare Practitioners and Technical Occupations
99,U.S.,1,0,Cross-industry,cross-industry,1235,29-1171,Nurse Practitioners,detailed,307390,1.3,,,,63.46,132000.0,0.5,47.1,52.86,62.12,71.91,81.71,97960.0,109940.0,129210.0,149570.0,169950.0,,,2024,US,,29,Healthcare Practitioners and Technical Occupations
99,U.S.,1,0,Cross-industry,cross-industry,1235,29-1181,Audiologists,detailed,14730,5.8,,,,45.83,95320.0,1.6,29.77,36.75,44.29,52.56,62.42,61930.0,76440.0,92120.0,109330.0,129830.0,,,2024,US,,29,Healthcare Practitioners and Technical Occupations
99,U.S.,1,0,Cross-industry,cross-industry,1235,29-1211,Anesthesiologists,detailed,41890,7.9,,,,161.85,336640.0,22.1,59.83,89.75,,,,124450.0,186680.0,,,,,,2024,US,,29,Healthcare Practitioners and Technical Occupations
99,U.S.,1,0,Cross-industry,cross-industry,1235,29-1212,Cardiologists,detailed,18020,10.5,,,,207.93,432490.0,3.2,57.68,110.63,,,,119970.0,230100.0,,,,,,2024,US,,29,Healthcare Practitioners and Technical Occupations
99,U.S.,1,0,Cross-industry,cross-industry,1235,29-1213,Dermatologists,detailed,10080,11.6,,,,167.22,347810.0,5.1,56.99,82.94,,,,118540.0,172510.0,,,,,,2024,US,,29,Healthcare Practitioners and Technical Occupations
99,U.S.,1,0,Cross-industry,cross-industry,1235,29-1214,Emergency Medicine Physicians,detailed,33680,6.4,,,,154.19,320700.0,2.9,55.14,87.06,,,,114680.0,181070.0,,,,,,2024,US,,29,Healthcare Practitioners and Technical Occupations
99,U.S.,1,0,Cross-industry,cross-industry,1235,29-1215,Family Medicine Physicians,detailed,107950,3.1,,,,123.47,256830.0,1.6,39.1,80.57,114.61,,,81330.0,167580.0,238380.0,,,,,2024,US,,29,Healthcare Practitioners and Technical Occupations
99,U.S.,1,0,Cross-industry,cross-industry,1235,29-1216,General Internal Medicine Physicians,detailed,66640,4.1,,,,126.31,262710.0,3.0,33.7,65.02,113.63,,,70100.0,135240.0,236350.0,,,,,2024,US,,29,Healthcare Practitioners and Technical Occupations
99,U.S.,1,0,Cross-industry,cross-industry,1235,29-1217,Neurologists,detailed,7700,10.6,,,,137.65,286310.0,4.0,40.14,67.77,,,,83500.0,140970.0,,,,,,2024,US,,29,Healthcare Practitioners and Technical Occupations
99,U.S.,1,0,Cross-industry,cross-industry,1235,29-1218,Obstetricians and Gynecologists,detailed,19900,5.7,,,,135.16,281130.0,4.1,45.55,90.45,,,,94750.0,188130.0,,,,,,2024,US,,29,Healthcare Practitioners and Technical Occupations
99,U.S.,1,0,Cross-industry,cross-industry,1235,29-1221,"Pediatricians, General",detailed,42960,7.8,,,,106.89,222340.0,4.5,46.27,76.69,101.03,,,96240.0,159510.0,210130.0,,,,,2024,US,,29,Healthcare Practitioners and Technical Occupations
99,U.S.,1,0,Cross-industry,cross-industry,1235,29-1222,"Physicians, Pathologists",detailed,11800,9.1,,,,127.89,266020.0,3.2,40.35,79.78,,,,83930.0,165940.0,,,,,,2024,US,,29,Healthcare Practitioners and Technical Occupations
99,U.S.,1,0,Cross-industry,cross-industry,1235,29-1223,Psychiatrists,detailed,24800,3.3,,,,129.39,269120.0,4.1,37.19,67.93,,,,77360.0,141290.0,,,,,,2024,US,,29,Healthcare Practitioners and Technical Occupations
99,U.S.,1,0,Cross-industry,cross-industry,1235,29-1224,Radiologists,detailed,26290,7.0,,,,172.99,359820.0,2.8,39.81,98.24,,,,82810.0,204330.0,,,,,,2024,US,,29,Healthcare Practitioners and Technical Occupations
99,U.S.,1,0,Cross-industry,cross-industry,1235,29-1229,"Physicians, All Other",detailed,315360,1.5,,,,121.86,253470.0,0.9,32.15,45.71,,,,66860.0,95080.0,,,,,,2024,US,,29,Healthcare Practitioners and Technical Occupations
99,U.S.,1,0,Cross-industry,cross-industry,1235,29-1241,"Ophthalmologists, Except Pediatric",detailed,12110,8.1,,,,144.95,301500.0,3.6,50.11,87.26,,,,104240.0,181490.0,,,,,,2024,US,,29,Healthcare Practitioners and Technical Occupations
99,U.S.,1,0,Cross-industry,cross-industry,1235,29-1242,"Orthopedic Surgeons, Except Pediatric",detailed,14160,11.2,,,,175.51,365060.0,4.6,40.09,100.83,,,,83390.0,209730.0,,,,,,2024,US,,29,Healthcare Practitioners and Technical Occupations
99,U.S.,1,0,Cross-industry,cross-industry,1235,29-1243,Pediatric Surgeons,detailed,1050,23.4,,,,216.74,450810.0,5.4,91.21,,,,,189720.0,,,,,,,2024,US,,29,Healthcare Practitioners and Technical Occupations
99,U.S.,1,0,Cross-industry,cross-industry,1235,29-1249,"Surgeons, All Other",detailed,24080,10.5,,,,178.5,371280.0,4.4,37.16,66.86,,,,77290.0,139070.0,,,,,,2024,US,,29,Healthcare Practitioners and Technical Occupations
99,U.S.,1,0,Cross-industry,cross-industry,1235,29-1291,Acupuncturists,detailed,8440,19.5,,,,43.15,89750.0,3.4,20.11,26.0,37.57,51.5,76.22,41840.0,54090.0,78140.0,107120.0,158540.0,,,2024,US,,29,Healthcare Practitioners and Technical Occupations
99,U.S.,1,0,Cross-industry,cross-industry,1235,29-1292,Dental Hygienists,detailed,219070,2.1,,,,45.14,93890.0,1.6,31.96,38.49,45.32,49.48,57.72,66470.0,80060.0,94260.0,102920.0,120060.0,,,2024,US,,29,Healthcare Practitioners and Technical Occupations
99,U.S.,1,0,Cross-industry,cross-industry,1235,29-1299,"Healthcare Diagnosing or Treating Practitioners, All Other",detailed,30870,3.2,,,,61.86,128680.0,1.8,31.35,40.07,54.68,77.57,93.27,65210.0,83350.0,113730.0,161350.0,194000.0,,,2024,US,,29,Healthcare Practitioners and Technical Occupations
99,U.S.,1,0,Cross-industry,cross-industry,1235,29-2010,Clinical Laboratory Technologists and Technicians,detailed,343040,1.0,,,,31.41,65320.0,0.3,18.28,22.39,29.75,38.46,47.11,38020.0,46580.0,61890.0,80010.0,97990.0,,,2024,US,,29,Healthcare Practitioners and Technical Occupations
99,U.S.,1,0,Cross-industry,cross-industry,1235,29-2031,Cardiovascular Technologists and Technicians,detailed,61180,3.3,,,,35.04,72890.0,1.2,18.22,22.34,32.34,43.96,52.36,37890.0,46470.0,67260.0,91430.0,108900.0,,,2024,US,,29,Healthcare Practitioners and Technical Occupations
99,U.S.,1,0,Cross-industry,cross-industry,1235,29-2032,Diagnostic Medical Sonographers,detailed,86460,1.6,,,,44.49,92550.0,0.4,31.13,37.54,42.95,49.82,59.22,64760.0,78080.0,89340.0,103630.0,123170.0,,,2024,US,,29,Healthcare Practitioners and Technical Occupations
99,U.S.,1,0,Cross-industry,cross-industry,1235,29-2033,Nuclear Medicine Technologists,detailed,16960,1.8,,,,47.93,99690.0,0.5,36.33,39.91,46.64,52.02,61.58,75570.0,83020.0,97020.0,108190.0,128090.0,,,2024,US,,29,Healthcare Practitioners and Technical Occupations
99,U.S.,1,0,Cross-industry,cross-industry,1235,29-2034,Radiologic Technologists and Technicians,detailed,223460,0.7,,,,38.35,79760.0,0.3,25.18,30.24,37.34,45.01,51.44,52360.0,62910.0,77660.0,93610.0,106990.0,,,2024,US,,29,Healthcare Practitioners and Technical Occupations
99,U.S.,1,0,Cross-industry,cross-industry,1235,29-2035,Magnetic Resonance Imaging Technologists,detailed,41530,1.8,,,,43.76,91020.0,0.4,31.21,37.57,42.4,49.25,58.37,64910.0,78150.0,88180.0,102440.0,121420.0,,,2024,US,,29,Healthcare Practitioners and Technical Occupations
99,U.S.,1,0,Cross-industry,cross-industry,1235,29-2036,Medical Dosimetrists,detailed,3970,7.9,,,,67.99,141420.0,1.4,49.88,60.39,66.4,75.88,84.79,103760.0,125600.0,138110.0,157840.0,176360.0,,,2024,US,,29,Healthcare Practitioners and Technical Occupations
99,U.S.,1,0,Cross-industry,cross-industry,1235,29-2042,Emergency Medical Technicians,detailed,177980,1.2,,,,21.54,44790.0,0.3,15.1,17.66,19.88,23.16,29.22,31410.0,36730.0,41340.0,48160.0,60780.0,,,2024,US,,29,Healthcare Practitioners and Technical Occupations
99,U.S.,1,0,Cross-industry,cross-industry,1235,29-2043,Paramedics,detailed,99530,1.2,,,,29.14,60610.0,0.5,19.29,23.04,28.08,32.9,39.63,40130.0,47920.0,58410.0,68420.0,82420.0,,,2024,US,,29,Healthcare Practitioners and Technical Occupations
99,U.S.,1,0,Cross-industry,cross-industry,1235,29-2051,Dietetic Technicians,detailed,29950,2.9,,,,19.02,39560.0,0.7,13.6,15.61,17.81,21.29,25.69,28280.0,32460.0,37040.0,44290.0,53440.0,,,2024,US,,29,Healthcare Practitioners and Technical Occupations
99,U.S.,1,0,Cross-industry,cross-industry,1235,29-2052,Pharmacy Technicians,detailed,487920,0.7,,,,21.54,44800.0,0.2,16.88,17.75,20.9,23.36,28.58,35100.0,36920.0,43460.0,48580.0,59450.0,,,2024,US,,29,Healthcare Practitioners and Technical Occupations
99,U.S.,1,0,Cross-industry,cross-industry,1235,29-2053,Psychiatric Technicians,detailed,136300,2.0,,,,21.64,45000.0,0.4,15.86,17.87,20.47,23.51,28.92,32980.0,37170.0,42590.0,48910.0,60150.0,,,2024,US,,29,Healthcare Practitioners and Technical Occupations
99,U.S.,1,0,Cross-industry,cross-industry,1235,29-2055,Surgical Technologists,detailed,113890,1.3,,,,31.64,65810.0,0.3,20.81,24.87,30.21,37.09,43.61,43290.0,51740.0,62830.0,77140.0,90700.0,,,2024,US,,29,Healthcare Practitioners and Technical Occupations
99,U.S.,1,0,Cross-industry,cross-industry,1235,29-2056,Veterinary Technologists and Technicians,detailed,131320,1.5,,,,22.25,46280.0,0.4,15.44,17.97,22.11,24.5,29.27,32120.0,37390.0,45980.0,50960.0,60880.0,,,2024,US,,29,Healthcare Practitioners and Technical Occupations
99,U.S.,1,0,Cross-industry,cross-industry,1235,29-2057,Ophthalmic Medical Technicians,detailed,76520,3.9,,,,21.81,45360.0,0.6,16.45,17.84,21.19,23.91,29.24,34210.0,37100.0,44080.0,49730.0,60810.0,,,2024,US,,29,Healthcare Practitioners and Technical Occupations
99,U.S.,1,0,Cross-industry,cross-industry,1235,29-2061,Licensed Practical and Licensed Vocational Nurses,detailed,632430,0.8,,,,30.84,64150.0,0.3,23.06,26.55,29.97,35.17,38.71,47960.0,55220.0,62340.0,73160.0,80510.0,,,2024,US,,29,Healthcare Practitioners and Technical Occupations
99,U.S.,1,0,Cross-industry,cross-industry,1235,29-2072,Medical Records Specialists,detailed,187910,1.0,,,,26.91,55970.0,0.6,17.2,20.0,24.16,30.8,38.92,35780.0,41600.0,50250.0,64070.0,80950.0,,,2024,US,,29,Healthcare Practitioners and Technical Occupations
99,U.S.,1,0,Cross-industry,cross-industry,1235,29-2081,"Opticians, Dispensing",detailed,79690,1.8,,,,24.02,49970.0,0.6,16.57,18.22,22.38,28.69,35.21,34470.0,37900.0,46560.0,59680.0,73240.0,,,2024,US,,29,Healthcare Practitioners and Technical Occupations
99,U.S.,1,0,Cross-industry,cross-industry,1235,29-2091,Orthotists and Prosthetists,detailed,9930,6.0,,,,39.1,81330.0,1.2,22.22,28.84,37.65,47.54,57.08,46220.0,59990.0,78310.0,98880.0,118730.0,,,2024,US,,29,Healthcare Practitioners and Technical Occupations
99,U.S.,1,0,Cross-industry,cross-industry,1235,29-2092,Hearing Aid Specialists,detailed,10580,7.5,,,,30.74,63930.0,1.9,17.76,22.67,29.6,37.55,43.75,36950.0,47150.0,61560.0,78110.0,91000.0,,,2024,US,,29,Healthcare Practitioners and Technical Occupations
99,U.S.,1,0,Cross-industry,cross-industry,1235,29-2099,"Health Technologists and Technicians, All Other",detailed,174060,1.2,,,,27.1,56370.0,0.6,17.93,19.59,23.46,29.94,39.08,37290.0,40740.0,48790.0,62280.0,81290.0,,,2024,US,,29,Healthcare Practitioners and Technical Occupations
99,U.S.,1,0,Cross-industry,cross-industry,1235,29-9021,Health Information Technologists and Medical Registrars,detailed,37620,2.7,,,,35.3,73410.0,0.9,18.81,23.27,32.36,44.43,53.91,39120.0,48400.0,67310.0,92410.0,112130.0,,,2024,US,,29,Healthcare Practitioners and Technical Occupations
99,U.S.,1,0,Cross-industry,cross-industry,1235,29-9091,Athletic Trainers,detailed,28950,2.2,,,,,63960.0,0.5,,,,,,45380.0,51590.0,60250.0,70880.0,84100.0,True,,2024,US,,29,Healthcare Practitioners and Technical Occupations
99,U.S.,1,0,Cross-industry,cross-industry,1235,29-9092,Genetic Counselors,detailed,3510,7.4,,,,49.47,102890.0,1.3,37.83,41.86,47.55,54.44,66.24,78680.0,87060.0,98910.0,113220.0,137780.0,,,2024,US,,29,Healthcare Practitioners and Technical Occupations
99,U.S.,1,0,Cross-industry,cross-industry,1235,29-9093,Surgical Assistants,detailed,22860,6.8,,,,32.3,67190.0,1.6,19.01,23.63,28.99,38.88,49.23,39540.0,49140.0,60290.0,80860.0,102390.0,,,2024,US,,29,Healthcare Practitioners and Technical Occupations
99,U.S.,1,0,Cross-industry,cross-industry,1235,29-9099,"Healthcare Practitioners and Technical Workers, All Other",detailed,36970,1.9,,,,35.19,73200.0,1.0,17.9,21.76,30.78,43.75,61.22,37220.0,45250.0,64030.0,91000.0,127340.0,,,2024,US,,29,Healthcare Practitioners and Technical Occupations
99,U.S.,1,0,Cross-industry,cross-industry,1235,31-1120,Home Health and Personal Care Aides,detailed,3988140,0.3,,,,16.82,34990.0,0.3,12.31,14.6,16.78,18.26,21.25,25600.0,30370.0,34900.0,37980.0,44190.0,,,2024,US,,31,Healthcare Support Occupations
99,U.S.,1,0,Cross-industry,cross-industry,1235,31-1131,Nursing Assistants,detailed,1388430,0.5,,,,19.84,41270.0,0.2,15.09,17.44,19.01,22.15,24.11,31390.0,36260.0,39530.0,46070.0,50140.0,,,2024,US,,31,Healthcare Support Occupations
99,U.S.,1,0,Cross-industry,cross-industry,1235,31-1132,Orderlies,detailed,53020,1.8,,,,19.27,40070.0,0.7,15.2,16.76,18.12,20.75,23.83,31610.0,34850.0,37700.0,43160.0,49570.0,,,2024,US,,31,Healthcare Support Occupations
99,U.S.,1,0,Cross-industry,cross-industry,1235,31-1133,Psychiatric Aides,detailed,34900,2.1,,,,20.97,43610.0,0.6,14.87,17.27,20.0,23.45,28.14,30920.0,35930.0,41590.0,48770.0,58530.0,,,2024,US,,31,Healthcare Support Occupations
99,U.S.,1,0,Cross-industry,cross-industry,1235,31-2011,Occupational Therapy Assistants,detailed,47910,2.3,,,,32.95,68540.0,0.6,23.59,28.82,32.86,37.18,41.79,49070.0,59950.0,68340.0,77340.0,86930.0,,,2024,US,,31,Healthcare Support Occupations
99,U.S.,1,0,Cross-industry,cross-industry,1235,31-2012,Occupational Therapy Aides,detailed,5000,10.3,,,,20.12,41850.0,1.9,13.45,16.75,17.97,21.25,31.53,27970.0,34840.0,37370.0,44190.0,65580.0,,,2024,US,,31,Healthcare Support Occupations
99,U.S.,1,0,Cross-industry,cross-industry,1235,31-2021,Physical Therapist Assistants,detailed,108010,1.4,,,,32.29,67160.0,0.5,22.13,28.0,31.5,37.15,42.13,46020.0,58240.0,65510.0,77270.0,87630.0,,,2024,US,,31,Healthcare Support Occupations
99,U.S.,1,0,Cross-industry,cross-industry,1235,31-2022,Physical Therapist Aides,detailed,44010,3.0,,,,17.07,35510.0,1.0,12.0,14.28,16.59,18.39,22.56,24960.0,29710.0,34520.0,38240.0,46930.0,,,2024,US,,31,Healthcare Support Occupations
99,U.S.,1,0,Cross-industry,cross-industry,1235,31-9011,Massage Therapists,detailed,96040,2.7,,,,30.5,63430.0,1.4,16.0,21.57,27.86,37.1,46.85,33280.0,44870.0,57950.0,77170.0,97450.0,,,2024,US,,31,Healthcare Support Occupations
99,U.S.,1,0,Cross-industry,cross-industry,1235,31-9091,Dental Assistants,detailed,375430,1.1,,,,23.49,48860.0,0.5,17.4,19.0,22.74,27.36,29.7,36190.0,39520.0,47300.0,56910.0,61780.0,,,2024,US,,31,Healthcare Support Occupations
99,U.S.,1,0,Cross-industry,cross-industry,1235,31-9092,Medical Assistants,detailed,793460,0.9,,,,21.5,44720.0,0.3,16.84,18.08,21.25,23.15,27.8,35020.0,37610.0,44200.0,48160.0,57830.0,,,2024,US,,31,Healthcare Support Occupations
99,U.S.,1,0,Cross-industry,cross-industry,1235,31-9093,Medical Equipment Preparers,detailed,72760,1.6,,,,23.56,48990.0,0.6,17.02,18.71,22.35,27.0,32.25,35400.0,38910.0,46490.0,56160.0,67070.0,,,2024,US,,31,Healthcare Support Occupations
99,U.S.,1,0,Cross-industry,cross-industry,1235,31-9094,Medical Transcriptionists,detailed,43070,4.7,,,,18.85,39210.0,0.9,12.68,15.0,18.05,21.96,25.91,26370.0,31200.0,37550.0,45680.0,53890.0,,,2024,US,,31,Healthcare Support Occupations
99,U.S.,1,0,Cross-industry,cross-industry,1235,31-9095,Pharmacy Aides,detailed,41100,3.1,,,,19.37,40290.0,0.9,14.11,16.56,17.79,20.46,28.2,29360.0,34450.0,37000.0,42570.0,58660.0,,,2024,US,,31,Healthcare Support Occupations
99,U.S.,1,0,Cross-industry,cross-industry,1235,31-9096,Veterinary Assistants and Laboratory Animal Caretakers,detailed,114190,1.5,,,,18.74,38990.0,0.4,14.02,16.5,17.94,21.42,23.15,29160.0,34320.0,37320.0,44550.0,48150.0,,,2024,US,,31,Healthcare Support Occupations
99,U.S.,1,0,Cross-industry,cross-industry,1235,31-9097,Phlebotomists,detailed,138880,1.3,,,,21.34,44390.0,0.4,16.76,18.05,20.99,23.16,27.77,34860.0,37540.0,43660.0,48170.0,57750.0,,,2024,US,,31,Healthcare Support Occupations
99,U.S.,1,0,Cross-industry,cross-industry,1235,31-9099,"Healthcare Support Workers, All Other",detailed,103650,1.5,,,,23.44,48760.0,0.5,15.6,18.06,22.14,27.72,32.78,32450.0,37570.0,46050.0,57650.0,68180.0,,,2024,US,,31,Healthcare Support Occupations
99,U.S.,1,0,Cross-industry,cross-industry,1235,33-1011,First-Line Supervisors of Correctional Officers,detailed,53390,0.5,,,,39.55,82260.0,0.2,24.2,27.35,36.69,49.13,60.18,50340.0,56890.0,76310.0,102190.0,125170.0,,,2024,US,,33,Protective Service Occupations
99,U.S.,1,0,Cross-industry,cross-industry,1235,33-1012,First-Line Supervisors of Police and Detectives,detailed,153130,0.5,,,,53.36,110990.0,0.2,29.98,38.91,50.95,64.19,79.35,62370.0,80940.0,105980.0,133520.0,165050.0,,,2024,US,,33,Protective Service Occupations
99,U.S.,1,0,Cross-industry,cross-industry,1235,33-1021,First-Line Supervisors of Firefighting and Prevention Workers,detailed,93680,0.9,,,,46.65,97030.0,0.4,25.95,34.73,44.44,55.77,68.41,53970.0,72240.0,92430.0,115990.0,142300.0,,,2024,US,,33,Protective Service Occupations
99,U.S.,1,0,Cross-industry,cross-industry,1235,33-1091,First-Line Supervisors of Security Workers,detailed,70310,1.3,,,,30.28,62990.0,0.6,18.17,22.15,28.18,35.91,45.16,37800.0,46070.0,58610.0,74700.0,93930.0,,,2024,US,,33,Protective Service Occupations
99,U.S.,1,0,Cross-industry,cross-industry,1235,33-1099,"First-Line Supervisors of Protective Service Workers, All Other",detailed,20460,1.9,,,,35.25,73320.0,0.9,19.59,24.93,36.04,43.56,49.21,40750.0,51860.0,74960.0,90600.0,102360.0,,,2024,US,,33,Protective Service Occupations
99,U.S.,1,0,Cross-industry,cross-industry,1235,33-2011,Firefighters,detailed,332240,1.1,,,,30.72,63890.0,0.5,16.58,21.24,28.62,37.22,48.72,34490.0,44180.0,59530.0,77410.0,101330.0,,,2024,US,,33,Protective Service Occupations
99,U.S.,1,0,Cross-industry,cross-industry,1235,33-2021,Fire Inspectors and Investigators,detailed,14050,2.3,,,,42.04,87440.0,0.9,22.87,29.19,37.53,50.67,72.05,47580.0,60700.0,78060.0,105390.0,149870.0,,,2024,US,,33,Protective Service Occupations
99,U.S.,1,0,Cross-industry,cross-industry,1235,33-2022,Forest Fire Inspectors and Prevention Specialists,detailed,2780,11.7,,,,29.72,61820.0,4.8,16.15,19.71,25.19,37.39,48.29,33590.0,41000.0,52380.0,77780.0,100450.0,,,2024,US,,33,Protective Service Occupations
99,U.S.,1,0,Cross-industry,cross-industry,1235,33-3011,Bailiffs,detailed,16910,1.4,,,,29.89,62180.0,0.4,15.84,20.87,27.43,37.44,45.17,32950.0,43420.0,57050.0,77880.0,93950.0,,,2024,US,,33,Protective Service Occupations
99,U.S.,1,0,Cross-industry,cross-industry,1235,33-3012,Correctional Officers and Jailers,detailed,365380,0.4,,,,30.17,62760.0,0.2,20.07,22.84,27.87,36.22,44.71,41750.0,47520.0,57970.0,75330.0,93000.0,,,2024,US,,33,Protective Service Occupations
99,U.S.,1,0,Cross-industry,cross-industry,1235,33-3021,Detectives and Criminal Investigators,detailed,110790,0.3,,,,47.48,98770.0,0.1,26.04,32.88,44.99,57.73,76.64,54160.0,68390.0,93580.0,120080.0,159410.0,,,2024,US,,33,Protective Service Occupations
99,U.S.,1,0,Cross-industry,cross-industry,1235,33-3031,Fish and Game Wardens,detailed,6420,0.6,,,,32.69,67990.0,0.1,17.15,25.6,32.78,39.47,45.42,35670.0,53260.0,68180.0,82100.0,94470.0,,,2024,US,,33,Protective Service Occupations
99,U.S.,1,0,Cross-industry,cross-industry,1235,33-3041,Parking Enforcement Workers,detailed,7770,2.3,,,,24.92,51840.0,0.6,17.03,19.2,22.67,29.43,36.55,35410.0,39930.0,47150.0,61210.0,76030.0,,,2024,US,,33,Protective Service Occupations
99,U.S.,1,0,Cross-industry,cross-industry,1235,33-3051,Police and Sheriff's Patrol Officers,detailed,666990,0.4,,,,38.14,79320.0,0.2,22.9,28.36,36.68,46.73,55.42,47640.0,58980.0,76290.0,97190.0,115280.0,,,2024,US,,33,Protective Service Occupations
99,U.S.,1,0,Cross-industry,cross-industry,1235,33-3052,Transit and Railroad Police,detailed,3000,2.0,,,,44.14,91820.0,0.9,28.06,31.69,39.58,54.83,68.21,58370.0,65920.0,82320.0,114040.0,141870.0,,,2024,US,,33,Protective Service Occupations
99,U.S.,1,0,Cross-industry,cross-industry,1235,33-9011,Animal Control Workers,detailed,11790,2.2,,,,23.67,49240.0,0.7,15.81,18.35,22.03,27.46,33.65,32880.0,38160.0,45830.0,57110.0,69990.0,,,2024,US,,33,Protective Service Occupations
99,U.S.,1,0,Cross-industry,cross-industry,1235,33-9021,Private Detectives and Investigators,detailed,38700,2.4,,,,29.65,61680.0,1.0,17.91,20.16,25.18,36.21,47.49,37250.0,41940.0,52370.0,75310.0,98770.0,,,2024,US,,33,Protective Service Occupations
99,U.S.,1,0,Cross-industry,cross-industry,1235,33-9031,Gambling Surveillance Officers and Gambling Investigators,detailed,10000,2.1,,,,22.46,46710.0,0.5,16.36,17.99,21.11,24.33,29.98,34020.0,37410.0,43900.0,50610.0,62360.0,,,2024,US,,33,Protective Service Occupations
99,U.S.,1,0,Cross-industry,cross-industry,1235,33-9032,Security Guards,detailed,1241770,0.5,,,,20.62,42890.0,0.4,14.33,16.88,18.45,22.43,28.64,29800.0,35100.0,38370.0,46660.0,59580.0,,,2024,US,,33,Protective Service Occupations
99,U.S.,1,0,Cross-industry,cross-industry,1235,33-9091,Crossing Guards and Flaggers,detailed,90180,2.4,,,,20.63,42910.0,1.0,14.39,16.48,18.13,22.56,29.54,29940.0,34280.0,37700.0,46920.0,61440.0,,,2024,US,,33,Protective Service Occupations
99,U.S.,1,0,Cross-industry,cross-industry,1235,33-9092,"Lifeguards, Ski Patrol, and Other Recreational Protective Service Workers",detailed,143590,2.0,,,,16.68,34700.0,0.5,11.95,13.86,16.21,18.15,21.44,24860.0,28840.0,33720.0,37750.0,44600.0,,,2024,US,,33,Protective Service Occupations
99,U.S.,1,0,Cross-industry,cross-industry,1235,33-9093,Transportation Security Screeners,detailed,46340,0.8,,,,29.73,61840.0,0.3,21.64,25.1,30.46,33.65,36.51,45010.0,52210.0,63360.0,69990.0,75940.0,,,2024,US,,33,Protective Service Occupations
99,U.S.,1,0,Cross-industry,cross-industry,1235,33-9094,School Bus Monitors,detailed,72140,1.9,,,,16.96,35270.0,0.5,13.1,15.0,16.82,18.67,20.79,27250.0,31200.0,34980.0,38840.0,43240.0,,,2024,US,,33,Protective Service Occupations
99,U.S.,1,0,Cross-industry,cross-industry,1235,33-9099,"Protective Service Workers, All Other",detailed,83110,2.6,,,,23.18,48210.0,1.5,14.72,17.09,20.0,26.11,34.94,30620.0,35540.0,41600.0,54310.0,72670.0,,,2024,US,,33,Protective Service Occupations
99,U.S.,1,0,Cross-industry,cross-industry,1235,35-1011,Chefs and Head Cooks,detailed,182320,2.6,,,,31.11,64720.0,1.0,17.31,22.94,29.32,36.92,46.17,36000.0,47710.0,60990.0,76790.0,96030.0,,,2024,US,,35,Food Preparation and Serving Related Occupations
99,U.S.,1,0,Cross-industry,cross-industry,1235,35-1012,First-Line Supervisors of Food Preparation and Serving Workers,detailed,1187460,0.8,,,,21.59,44900.0,0.5,14.11,17.02,20.2,24.48,30.49,29340.0,35400.0,42010.0,50920.0,63420.0,,,2024,US,,35,Food Preparation and Serving Related Occupations
99,U.S.,1,0,Cross-industry,cross-industry,1235,35-2011,"Cooks, Fast Food",detailed,668230,2.7,,,,14.97,31140.0,0.6,10.76,12.76,14.5,17.17,18.74,22370.0,26540.0,30160.0,35710.0,38980.0,,,2024,US,,35,Food Preparation and Serving Related Occupations
99,U.S.,1,0,Cross-industry,cross-industry,1235,35-2012,"Cooks, Institution and Cafeteria",detailed,448260,0.7,,,,17.94,37310.0,0.4,12.88,14.68,17.53,20.61,23.23,26800.0,30530.0,36450.0,42860.0,48320.0,,,2024,US,,35,Food Preparation and Serving Related Occupations
99,U.S.,1,0,Cross-industry,cross-industry,1235,35-2013,"Cooks, Private Household",detailed,900,32.7,,,,24.66,51290.0,6.3,18.39,20.58,21.41,22.67,44.46,38240.0,42800.0,44530.0,47150.0,92480.0,,,2024,US,,35,Food Preparation and Serving Related Occupations
99,U.S.,1,0,Cross-industry,cross-industry,1235,35-2014,"Cooks, Restaurant",detailed,1452130,1.0,,,,18.14,37730.0,0.4,13.47,15.05,17.71,20.97,22.76,28010.0,31310.0,36830.0,43610.0,47340.0,,,2024,US,,35,Food Preparation and Serving Related Occupations
99,U.S.,1,0,Cross-industry,cross-industry,1235,35-2015,"Cooks, Short Order",detailed,150420,6.0,,,,17.14,35660.0,1.5,11.43,14.5,17.12,19.23,22.12,23770.0,30160.0,35620.0,39990.0,46010.0,,,2024,US,,35,Food Preparation and Serving Related Occupations
99,U.S.,1,0,Cross-industry,cross-industry,1235,35-2019,"Cooks, All Other",detailed,23590,7.4,,,,18.27,38000.0,2.4,12.71,15.0,17.41,20.3,23.85,26430.0,31200.0,36210.0,42230.0,49600.0,,,2024,US,,35,Food Preparation and Serving Related Occupations
99,U.S.,1,0,Cross-industry,cross-industry,1235,35-2021,Food Preparation Workers,detailed,888770,1.5,,,,16.32,33940.0,0.5,11.29,13.82,16.45,18.05,21.28,23490.0,28740.0,34220.0,37540.0,44260.0,,,2024,US,,35,Food Preparation and Serving Related Occupations
99,U.S.,1,0,Cross-industry,cross-industry,1235,35-3011,Bartenders,detailed,745610,1.2,,,,19.17,39880.0,0.8,9.58,12.4,16.12,22.5,34.58,19930.0,25790.0,33530.0,46790.0,71920.0,,,2024,US,,35,Food Preparation and Serving Related Occupations
99,U.S.,1,0,Cross-industry,cross-industry,1235,35-3023,Fast Food and Counter Workers,detailed,3780930,0.7,,,,15.07,31350.0,0.4,10.88,13.05,14.65,17.04,18.65,22620.0,27150.0,30480.0,35440.0,38800.0,,,2024,US,,35,Food Preparation and Serving Related Occupations
99,U.S.,1,0,Cross-industry,cross-industry,1235,35-3031,Waiters and Waitresses,detailed,2302690,0.8,,,,18.44,38360.0,0.7,8.89,12.35,16.23,21.8,30.06,18500.0,25690.0,33760.0,45350.0,62510.0,,,2024,US,,35,Food Preparation and Serving Related Occupations
99,U.S.,1,0,Cross-industry,cross-industry,1235,35-3041,"Food Servers, Nonrestaurant",detailed,271780,1.3,,,,16.84,35030.0,0.5,12.78,14.33,16.57,18.05,21.53,26590.0,29800.0,34460.0,37550.0,44770.0,,,2024,US,,35,Food Preparation and Serving Related Occupations
99,U.S.,1,0,Cross-industry,cross-industry,1235,35-9011,Dining Room and Cafeteria Attendants and Bartender Helpers,detailed,522010,1.6,,,,16.44,34190.0,0.7,10.7,13.38,15.71,17.73,22.3,22260.0,27830.0,32670.0,36880.0,46380.0,,,2024,US,,35,Food Preparation and Serving Related Occupations
99,U.S.,1,0,Cross-industry,cross-industry,1235,35-9021,Dishwashers,detailed,471670,1.5,,,,15.97,33220.0,0.4,11.52,13.82,16.19,17.67,20.0,23960.0,28740.0,33670.0,36750.0,41600.0,,,2024,US,,35,Food Preparation and Serving Related Occupations
99,U.S.,1,0,Cross-industry,cross-industry,1235,35-9031,"Hosts and Hostesses, Restaurant, Lounge, and Coffee Shop",detailed,427150,1.5,,,,15.4,32030.0,0.7,10.58,12.8,14.61,17.23,20.48,22010.0,26630.0,30380.0,35840.0,42600.0,,,2024,US,,35,Food Preparation and Serving Related Occupations
99,U.S.,1,0,Cross-industry,cross-industry,1235,35-9099,"Food Preparation and Serving Related Workers, All Other",detailed,89580,5.2,,,,17.3,35990.0,1.5,11.56,14.37,16.74,18.68,22.77,24040.0,29890.0,34830.0,38860.0,47360.0,,,2024,US,,35,Food Preparation and Serving Related Occupations
99,U.S.,1,0,Cross-industry,cross-industry,1235,37-1011,First-Line Supervisors of Housekeeping and Janitorial Workers,detailed,174660,1.4,,,,24.6,51170.0,0.5,16.53,18.56,22.85,29.0,35.67,34390.0,38600.0,47520.0,60330.0,74190.0,,,2024,US,,37,Building and Grounds Cleaning and Maintenance Occupations
99,U.S.,1,0,Cross-industry,cross-industry,1235,37-1012,"First-Line Supervisors of Landscaping, Lawn Service, and Groundskeeping Workers",detailed,124130,2.1,,,,28.55,59380.0,0.7,18.88,22.28,27.01,33.81,39.94,39270.0,46350.0,56170.0,70320.0,83080.0,,,2024,US,,37,Building and Grounds Cleaning and Maintenance Occupations
99,U.S.,1,0,Cross-industry,cross-industry,1235,37-2011,"Janitors and Cleaners, Except Maids and Housekeeping Cleaners",detailed,2199900,0.4,,,,18.01,37460.0,0.3,13.26,14.82,17.27,20.02,23.58,27570.0,30830.0,35930.0,41650.0,49040.0,,,2024,US,,37,Building and Grounds Cleaning and Maintenance Occupations
99,U.S.,1,0,Cross-industry,cross-industry,1235,37-2012,Maids and Housekeeping Cleaners,detailed,854910,0.7,,,,17.39,36180.0,0.3,12.88,14.25,16.66,18.52,22.88,26800.0,29630.0,34660.0,38510.0,47590.0,,,2024,US,,37,Building and Grounds Cleaning and Maintenance Occupations
99,U.S.,1,0,Cross-industry,cross-industry,1235,37-2019,"Building Cleaning Workers, All Other",detailed,16370,7.9,,,,21.23,44150.0,2.8,14.73,17.12,20.37,23.27,29.64,30640.0,35610.0,42360.0,48400.0,61640.0,,,2024,US,,37,Building and Grounds Cleaning and Maintenance Occupations
99,U.S.,1,0,Cross-industry,cross-industry,1235,37-2021,Pest Control Workers,detailed,96110,1.0,,,,22.02,45800.0,0.6,15.61,17.82,21.51,23.7,29.52,32460.0,37060.0,44730.0,49300.0,61410.0,,,2024,US,,37,Building and Grounds Cleaning and Maintenance Occupations
99,U.S.,1,0,Cross-industry,cross-industry,1235,37-3011,Landscaping and Groundskeeping Workers,detailed,943430,0.6,,,,19.66,40880.0,0.3,14.42,16.95,18.31,22.05,25.91,29990.0,35250.0,38090.0,45870.0,53900.0,,,2024,US,,37,Building and Grounds Cleaning and Maintenance Occupations
99,U.S.,1,0,Cross-industry,cross-industry,1235,37-3012,"Pesticide Handlers, Sprayers, and Applicators, Vegetation",detailed,25200,5.3,,,,22.1,45960.0,0.9,16.63,18.29,21.73,24.5,28.32,34590.0,38040.0,45200.0,50960.0,58910.0,,,2024,US,,37,Building and Grounds Cleaning and Maintenance Occupations
99,U.S.,1,0,Cross-industry,cross-industry,1235,37-3013,Tree Trimmers and Pruners,detailed,47870,5.5,,,,26.43,54970.0,1.5,18.11,21.0,24.25,30.35,37.93,37660.0,43690.0,50430.0,63130.0,78900.0,,,2024,US,,37,Building and Grounds Cleaning and Maintenance Occupations
99,U.S.,1,0,Cross-industry,cross-industry,1235,37-3019,"Grounds Maintenance Workers, All Other",detailed,13580,7.5,,,,22.68,47180.0,1.2,14.8,18.18,20.87,25.4,36.58,30790.0,37810.0,43410.0,52830.0,76090.0,,,2024,US,,37,Building and Grounds Cleaning and Maintenance Occupations
99,U.S.,1,0,Cross-industry,cross-industry,1235,39-1013,First-Line Supervisors of Gambling Services Workers,detailed,25530,0.8,,,,30.1,62600.0,0.4,18.44,23.65,29.61,35.62,39.6,38360.0,49190.0,61590.0,74080.0,82370.0,,,2024,US,,39,Personal Care and Service Occupations
99,U.S.,1,0,Cross-industry,cross-industry,1235,39-1014,"First-Line Supervisors of Entertainment and Recreation Workers, Except Gambling Services",detailed,92830,1.6,,,,24.71,51400.0,0.5,15.85,18.25,22.55,28.94,36.75,32960.0,37960.0,46900.0,60190.0,76430.0,,,2024,US,,39,Personal Care and Service Occupations
99,U.S.,1,0,Cross-industry,cross-industry,1235,39-1022,First-Line Supervisors of Personal Service Workers,detailed,107060,1.6,,,,24.48,50920.0,0.7,15.46,18.17,22.64,28.52,35.48,32150.0,37800.0,47080.0,59330.0,73800.0,,,2024,US,,39,Personal Care and Service Occupations
99,U.S.,1,0,Cross-industry,cross-industry,1235,39-2011,Animal Trainers,detailed,20110,4.2,,,,22.01,45780.0,2.5,14.0,15.81,18.63,23.51,34.04,29120.0,32870.0,38750.0,48900.0,70800.0,,,2024,US,,39,Personal Care and Service Occupations
99,U.S.,1,0,Cross-industry,cross-industry,1235,39-2021,Animal Caretakers,detailed,277300,1.3,,,,16.71,34750.0,0.5,11.78,13.88,16.09,17.87,22.35,24500.0,28870.0,33470.0,37160.0,46480.0,,,2024,US,,39,Personal Care and Service Occupations
99,U.S.,1,0,Cross-industry,cross-industry,1235,39-3011,Gambling Dealers,detailed,82980,1.0,,,,19.43,40420.0,0.5,10.74,11.77,16.0,21.84,35.35,22340.0,24480.0,33280.0,45430.0,73530.0,,,2024,US,,39,Personal Care and Service Occupations
99,U.S.,1,0,Cross-industry,cross-industry,1235,39-3012,Gambling and Sports Book Writers and Runners,detailed,7600,5.2,,,,15.66,32570.0,1.6,10.68,12.0,14.65,17.46,22.07,22200.0,24960.0,30460.0,36310.0,45900.0,,,2024,US,,39,Personal Care and Service Occupations
99,U.S.,1,0,Cross-industry,cross-industry,1235,39-3019,"Gambling Service Workers, All Other",detailed,14920,4.7,,,,18.07,37590.0,1.5,11.0,13.25,16.6,18.73,27.28,22880.0,27570.0,34530.0,38950.0,56740.0,,,2024,US,,39,Personal Care and Service Occupations
99,U.S.,1,0,Cross-industry,cross-industry,1235,39-3021,Motion Picture Projectionists,detailed,1950,9.4,,,,24.18,50290.0,6.2,11.62,14.06,18.35,36.24,39.44,24160.0,29250.0,38180.0,75380.0,82040.0,,,2024,US,,39,Personal Care and Service Occupations
99,U.S.,1,0,Cross-industry,cross-industry,1235,39-3031,"Ushers, Lobby Attendants, and Ticket Takers",detailed,119210,2.0,,,,15.27,31770.0,0.5,11.0,13.05,14.98,17.14,19.33,22880.0,27140.0,31150.0,35650.0,40210.0,,,2024,US,,39,Personal Care and Service Occupations
99,U.S.,1,0,Cross-industry,cross-industry,1235,39-3091,Amusement and Recreation Attendants,detailed,371590,1.2,,,,15.07,31350.0,0.4,10.55,12.71,14.66,17.0,19.2,21940.0,26430.0,30490.0,35360.0,39940.0,,,2024,US,,39,Personal Care and Service Occupations
99,U.S.,1,0,Cross-industry,cross-industry,1235,39-3092,Costume Attendants,detailed,6290,4.9,,,,31.68,65890.0,1.7,16.16,18.86,26.35,39.95,55.4,33610.0,39240.0,54810.0,83090.0,115240.0,,,2024,US,,39,Personal Care and Service Occupations
99,U.S.,1,0,Cross-industry,cross-industry,1235,39-3093,"Locker Room, Coatroom, and Dressing Room Attendants",detailed,14960,6.1,,,,17.54,36490.0,1.9,11.31,14.0,16.73,19.97,24.42,23530.0,29120.0,34800.0,41530.0,50790.0,,,2024,US,,39,Personal Care and Service Occupations
99,U.S.,1,0,Cross-industry,cross-industry,1235,39-3099,"Entertainment Attendants and Related Workers, All Other",detailed,8060,7.2,,,,17.4,36180.0,2.5,10.91,13.55,16.61,19.4,25.41,22700.0,28180.0,34550.0,40360.0,52860.0,,,2024,US,,39,Personal Care and Service Occupations
99,U.S.,1,0,Cross-industry,cross-industry,1235,39-4011,Embalmers,detailed,3420,5.4,,,,27.65,57520.0,1.9,16.9,22.19,27.06,31.13,37.86,35160.0,46160.0,56280.0,64760.0,78740.0,,,2024,US,,39,Personal Care and Service Occupations
99,U.S.,1,0,Cross-industry,cross-industry,1235,39-4012,Crematory Operators,detailed,2950,5.7,,,,21.53,44790.0,1.6,15.37,17.25,20.62,23.94,28.97,31970.0,35890.0,42880.0,49800.0,60260.0,,,2024,US,,39,Personal Care and Service Occupations
99,U.S.,1,0,Cross-industry,cross-industry,1235,39-4021,Funeral Attendants,detailed,30560,1.7,,,,17.26,35900.0,0.8,12.89,14.14,16.64,18.86,22.45,26820.0,29420.0,34610.0,39230.0,46690.0,,,2024,US,,39,Personal Care and Service Occupations
99,U.S.,1,0,Cross-industry,cross-industry,1235,39-4031,"Morticians, Undertakers, and Funeral Arrangers",detailed,25700,2.1,,,,27.09,56340.0,1.0,15.13,18.49,23.94,32.28,41.32,31470.0,38470.0,49800.0,67140.0,85940.0,,,2024,US,,39,Personal Care and Service Occupations
99,U.S.,1,0,Cross-industry,cross-industry,1235,39-5011,Barbers,detailed,18100,8.6,,,,22.98,47800.0,4.1,13.35,15.41,18.73,28.45,37.71,27770.0,32050.0,38960.0,59180.0,78440.0,,,2024,US,,39,Personal Care and Service Occupations
99,U.S.,1,0,Cross-industry,cross-industry,1235,39-5012,"Hairdressers, Hairstylists, and Cosmetologists",detailed,295460,1.8,,,,20.89,43460.0,1.2,11.82,13.97,16.95,23.22,33.76,24580.0,29060.0,35250.0,48300.0,70220.0,,,2024,US,,39,Personal Care and Service Occupations
99,U.S.,1,0,Cross-industry,cross-industry,1235,39-5091,"Makeup Artists, Theatrical and Performance",detailed,3320,24.7,,,,36.25,75410.0,12.6,10.58,13.87,24.17,63.72,75.52,22010.0,28850.0,50280.0,132530.0,157090.0,,,2024,US,,39,Personal Care and Service Occupations
99,U.S.,1,0,Cross-industry,cross-industry,1235,39-5092,Manicurists and Pedicurists,detailed,147820,1.3,,,,17.74,36910.0,0.8,13.42,15.15,16.66,18.11,23.07,27910.0,31510.0,34660.0,37660.0,47990.0,,,2024,US,,39,Personal Care and Service Occupations
99,U.S.,1,0,Cross-industry,cross-industry,1235,39-5093,Shampooers,detailed,8890,10.9,,,,14.82,30830.0,2.0,11.0,13.17,15.13,17.12,17.3,22880.0,27390.0,31470.0,35610.0,35970.0,,,2024,US,,39,Personal Care and Service Occupations
99,U.S.,1,0,Cross-industry,cross-industry,1235,39-5094,Skincare Specialists,detailed,70240,5.0,,,,23.4,48670.0,2.1,13.06,16.41,19.98,26.86,37.18,27160.0,34130.0,41560.0,55860.0,77330.0,,,2024,US,,39,Personal Care and Service Occupations
99,U.S.,1,0,Cross-industry,cross-industry,1235,39-6011,Baggage Porters and Bellhops,detailed,31220,3.9,,,,17.77,36960.0,1.2,12.25,14.34,17.32,19.61,23.31,25480.0,29830.0,36020.0,40780.0,48490.0,,,2024,US,,39,Personal Care and Service Occupations
99,U.S.,1,0,Cross-industry,cross-industry,1235,39-6012,Concierges,detailed,44200,4.4,,,,19.6,40770.0,1.2,14.79,16.28,17.94,21.97,27.91,30770.0,33860.0,37320.0,45700.0,58050.0,,,2024,US,,39,Personal Care and Service Occupations
99,U.S.,1,0,Cross-industry,cross-industry,1235,39-7010,Tour and Travel Guides,detailed,49010,2.7,,,,20.72,43090.0,3.3,12.93,15.03,17.63,22.07,28.81,26890.0,31250.0,36660.0,45910.0,59930.0,,,2024,US,,39,Personal Care and Service Occupations
99,U.S.,1,0,Cross-industry,cross-industry,1235,39-9011,Childcare Workers,detailed,520180,1.5,,,,15.93,33140.0,0.5,11.01,13.46,15.41,17.77,21.42,22900.0,28000.0,32050.0,36960.0,44560.0,,,2024,US,,39,Personal Care and Service Occupations
99,U.S.,1,0,Cross-industry,cross-industry,1235,39-9031,Exercise Trainers and Group Fitness Instructors,detailed,303620,1.5,,,,24.69,51360.0,1.0,13.26,16.39,22.2,29.29,39.45,27580.0,34090.0,46180.0,60920.0,82050.0,,,2024,US,,39,Personal Care and Service Occupations
99,U.S.,1,0,Cross-industry,cross-industry,1235,39-9032,Recreation Workers,detailed,309640,1.2,,,,17.87,37170.0,0.4,12.33,14.65,17.01,19.77,23.78,25640.0,30460.0,35380.0,41120.0,49460.0,,,2024,US,,39,Personal Care and Service Occupations
99,U.S.,1,0,Cross-industry,cross-industry,1235,39-9041,Residential Advisors,detailed,82810,1.8,,,,19.99,41590.0,0.7,13.7,16.29,18.84,22.88,28.05,28490.0,33890.0,39180.0,47590.0,58350.0,,,2024,US,,39,Personal Care and Service Occupations
99,U.S.,1,0,Cross-industry,cross-industry,1235,39-9099,"Personal Care and Service Workers, All Other",detailed,62390,4.6,,,,18.27,37990.0,1.2,12.01,15.6,18.22,18.84,23.7,24980.0,32450.0,37900.0,39190.0,49300.0,,,2024,US,,39,Personal Care and Service Occupations
99,U.S.,1,0,Cross-industry,cross-industry,1235,41-1011,First-Line Supervisors of Retail Sales Workers,detailed,1113160,0.5,,,,25.17,52350.0,0.3,14.96,18.07,22.75,29.09,36.81,31120.0,37580.0,47320.0,60510.0,76560.0,,,2024,US,,41,Sales and Related Occupations
99,U.S.,1,0,Cross-industry,cross-industry,1235,41-1012,First-Line Supervisors of Non-Retail Sales Workers,detailed,219010,1.1,,,,47.06,97870.0,0.6,23.5,30.16,40.45,56.82,77.94,48880.0,62730.0,84130.0,118190.0,162120.0,,,2024,US,,41,Sales and Related Occupations
99,U.S.,1,0,Cross-industry,cross-industry,1235,41-2011,Cashiers,detailed,3148030,0.6,,,,15.29,31810.0,0.2,11.09,13.36,14.99,17.02,18.37,23070.0,27780.0,31190.0,35410.0,38220.0,,,2024,US,,41,Sales and Related Occupations
99,U.S.,1,0,Cross-industry,cross-industry,1235,41-2012,Gambling Change Persons and Booth Cashiers,detailed,21930,2.0,,,,17.7,36820.0,0.8,10.96,13.88,16.74,18.92,23.65,22810.0,28870.0,34810.0,39350.0,49190.0,,,2024,US,,41,Sales and Related Occupations
99,U.S.,1,0,Cross-industry,cross-industry,1235,41-2021,Counter and Rental Clerks,detailed,398620,1.5,,,,21.01,43700.0,0.5,13.74,16.44,18.53,23.22,29.82,28580.0,34200.0,38540.0,48290.0,62030.0,,,2024,US,,41,Sales and Related Occupations
99,U.S.,1,0,Cross-industry,cross-industry,1235,41-2022,Parts Salespersons,detailed,265060,1.0,,,,20.38,42390.0,0.4,13.35,14.73,18.0,23.27,29.69,27770.0,30630.0,37440.0,48410.0,61750.0,,,2024,US,,41,Sales and Related Occupations
99,U.S.,1,0,Cross-industry,cross-industry,1235,41-2031,Retail Salespersons,detailed,3800250,0.3,,,,17.86,37150.0,0.2,12.31,14.01,16.62,18.2,23.05,25600.0,29140.0,34580.0,37850.0,47930.0,,,2024,US,,41,Sales and Related Occupations
99,U.S.,1,0,Cross-industry,cross-industry,1235,41-3011,Advertising Sales Agents,detailed,97470,2.1,,,,36.71,76350.0,1.6,16.09,21.63,29.55,43.96,64.2,33480.0,44980.0,61460.0,91430.0,133540.0,,,2024,US,,41,Sales and Related Occupations
99,U.S.,1,0,Cross-industry,cross-industry,1235,41-3021,Insurance Sales Agents,detailed,469480,1.1,,,,39.19,81510.0,1.3,17.5,21.88,29.02,43.82,65.22,36390.0,45520.0,60370.0,91150.0,135660.0,,,2024,US,,41,Sales and Related Occupations
99,U.S.,1,0,Cross-industry,cross-industry,1235,41-3031,"Securities, Commodities, and Financial Services Sales Agents",detailed,472300,1.2,,,,53.08,110400.0,1.1,22.63,24.81,37.57,62.25,103.47,47080.0,51600.0,78140.0,129480.0,215210.0,,,2024,US,,41,Sales and Related Occupations
99,U.S.,1,0,Cross-industry,cross-industry,1235,41-3041,Travel Agents,detailed,59150,4.4,,,,25.33,52690.0,1.3,16.0,18.64,23.29,29.27,35.65,33280.0,38760.0,48450.0,60880.0,74160.0,,,2024,US,,41,Sales and Related Occupations
99,U.S.,1,0,Cross-industry,cross-industry,1235,41-3091,"Sales Representatives of Services, Except Advertising, Insurance, Financial Services, and Travel",detailed,1189330,0.7,,,,39.07,81260.0,0.5,17.76,22.65,31.86,47.49,68.29,36930.0,47120.0,66260.0,98780.0,142040.0,,,2024,US,,41,Sales and Related Occupations
99,U.S.,1,0,Cross-industry,cross-industry,1235,41-4011,"Sales Representatives, Wholesale and Manufacturing, Technical and Scientific Products",detailed,293930,2.0,,,,55.06,114520.0,0.9,23.48,31.56,48.11,70.26,93.7,48840.0,65640.0,100070.0,146150.0,194890.0,,,2024,US,,41,Sales and Related Occupations
99,U.S.,1,0,Cross-industry,cross-industry,1235,41-4012,"Sales Representatives, Wholesale and Manufacturing, Except Technical and Scientific Products",detailed,1266860,0.6,,,,39.17,81470.0,0.5,18.2,23.58,32.11,46.91,64.65,37860.0,49040.0,66780.0,97570.0,134470.0,,,2024,US,,41,Sales and Related Occupations
99,U.S.,1,0,Cross-industry,cross-industry,1235,41-9011,Demonstrators and Product Promoters,detailed,64770,5.4,,,,21.03,43730.0,2.0,14.86,16.28,18.25,24.09,29.0,30910.0,33860.0,37960.0,50100.0,60320.0,,,2024,US,,41,Sales and Related Occupations
99,U.S.,1,0,Cross-industry,cross-industry,1235,41-9012,Models,detailed,5350,11.8,,,,39.2,81540.0,6.3,18.27,22.0,43.26,43.26,59.8,38010.0,45760.0,89990.0,89990.0,124380.0,,,2024,US,,41,Sales and Related Occupations
99,U.S.,1,0,Cross-industry,cross-industry,1235,41-9021,Real Estate Brokers,detailed,49590,13.6,,,,44.07,91660.0,3.0,17.75,23.17,34.75,54.91,80.16,36920.0,48200.0,72280.0,114220.0,166730.0,,,2024,US,,41,Sales and Related Occupations
99,U.S.,1,0,Cross-industry,cross-industry,1235,41-9022,Real Estate Sales Agents,detailed,190600,2.3,,,,34.12,70970.0,1.6,15.36,18.72,27.08,41.08,60.16,31940.0,38940.0,56320.0,85440.0,125140.0,,,2024,US,,41,Sales and Related Occupations
99,U.S.,1,0,Cross-industry,cross-industry,1235,41-9031,Sales Engineers,detailed,56690,3.3,,,,62.7,130410.0,1.3,33.93,43.6,58.42,76.54,97.44,70580.0,90690.0,121520.0,159200.0,202670.0,,,2024,US,,41,Sales and Related Occupations
99,U.S.,1,0,Cross-industry,cross-industry,1235,41-9041,Telemarketers,detailed,66430,4.4,,,,17.47,36340.0,1.3,11.84,14.0,16.54,18.58,23.52,24620.0,29120.0,34410.0,38640.0,48930.0,,,2024,US,,41,Sales and Related Occupations
99,U.S.,1,0,Cross-industry,cross-industry,1235,41-9091,"Door-to-Door Sales Workers, News and Street Vendors, and Related Workers",detailed,4590,11.2,,,,19.18,39890.0,4.5,11.27,15.0,16.6,20.66,26.91,23440.0,31200.0,34530.0,42970.0,55970.0,,,2024,US,,41,Sales and Related Occupations
99,U.S.,1,0,Cross-industry,cross-industry,1235,41-9099,"Sales and Related Workers, All Other",detailed,99070,3.5,,,,27.42,57030.0,2.1,13.49,16.85,22.29,31.85,46.08,28060.0,35040.0,46370.0,66240.0,95850.0,,,2024,US,,41,Sales and Related Occupations
99,U.S.,1,0,Cross-industry,cross-industry,1235,43-1011,First-Line Supervisors of Office and Administrative Support Workers,detailed,1495580,0.4,,,,34.4,71560.0,0.2,21.12,25.57,31.8,39.59,49.51,43920.0,53190.0,66140.0,82340.0,102980.0,,,2024,US,,43,Office and Administrative Support Occupations
99,U.S.,1,0,Cross-industry,cross-industry,1235,43-2011,"Switchboard Operators, Including Answering Service",detailed,35730,2.6,,,,20.26,42130.0,0.6,14.34,16.47,18.45,22.27,29.3,29820.0,34250.0,38370.0,46330.0,60940.0,,,2024,US,,43,Office and Administrative Support Occupations
99,U.S.,1,0,Cross-industry,cross-industry,1235,43-2021,Telephone Operators,detailed,3950,6.6,,,,20.62,42880.0,1.1,15.11,17.24,18.81,23.33,27.65,31440.0,35860.0,39130.0,48530.0,57510.0,,,2024,US,,43,Office and Administrative Support Occupations
99,U.S.,1,0,Cross-industry,cross-industry,1235,43-2099,"Communications Equipment Operators, All Other",detailed,1390,9.9,,,,26.87,55890.0,2.1,17.3,21.45,24.0,30.92,42.84,35980.0,44620.0,49910.0,64310.0,89110.0,,,2024,US,,43,Office and Administrative Support Occupations
99,U.S.,1,0,Cross-industry,cross-industry,1235,43-3011,Bill and Account Collectors,detailed,165020,1.6,,,,23.25,48370.0,0.5,16.33,18.41,22.14,26.44,31.65,33960.0,38290.0,46040.0,54990.0,65830.0,,,2024,US,,43,Office and Administrative Support Occupations
99,U.S.,1,0,Cross-industry,cross-industry,1235,43-3021,Billing and Posting Clerks,detailed,417500,1.1,,,,23.8,49490.0,0.3,17.19,19.35,22.68,27.09,31.25,35760.0,40260.0,47170.0,56350.0,64990.0,,,2024,US,,43,Office and Administrative Support Occupations
99,U.S.,1,0,Cross-industry,cross-industry,1235,43-3031,"Bookkeeping, Accounting, and Auditing Clerks",detailed,1455770,0.5,,,,25.01,52020.0,0.2,16.64,19.9,23.66,28.95,34.94,34600.0,41390.0,49210.0,60220.0,72660.0,,,2024,US,,43,Office and Administrative Support Occupations
99,U.S.,1,0,Cross-industry,cross-industry,1235,43-3041,Gambling Cage Workers,detailed,13490,1.1,,,,18.56,38600.0,0.3,13.43,15.32,17.78,21.08,23.72,27940.0,31870.0,36990.0,43840.0,49350.0,,,2024,US,,43,Office and Administrative Support Occupations
99,U.S.,1,0,Cross-industry,cross-industry,1235,43-3051,Payroll and Timekeeping Clerks,detailed,156950,1.4,,,,27.34,56870.0,0.3,17.63,21.85,26.58,31.61,37.9,36670.0,45440.0,55290.0,65750.0,78830.0,,,2024,US,,43,Office and Administrative Support Occupations
99,U.S.,1,0,Cross-industry,cross-industry,1235,43-3061,Procurement Clerks,detailed,59900,1.3,,,,24.25,50430.0,0.3,17.7,19.83,23.32,27.73,31.68,36810.0,41240.0,48510.0,57680.0,65890.0,,,2024,US,,43,Office and Administrative Support Occupations
99,U.S.,1,0,Cross-industry,cross-industry,1235,43-3071,Tellers,detailed,339340,1.3,,,,19.68,40940.0,0.3,15.04,17.51,18.91,21.9,23.21,31270.0,36420.0,39340.0,45550.0,48270.0,,,2024,US,,43,Office and Administrative Support Occupations
99,U.S.,1,0,Cross-industry,cross-industry,1235,43-3099,"Financial Clerks, All Other",detailed,37030,3.0,,,,26.6,55330.0,0.6,18.64,22.28,25.07,29.42,36.47,38770.0,46350.0,52150.0,61190.0,75860.0,,,2024,US,,43,Office and Administrative Support Occupations
99,U.S.,1,0,Cross-industry,cross-industry,1235,43-4011,Brokerage Clerks,detailed,40090,4.0,,,,32.54,67680.0,0.9,22.95,25.9,30.26,37.21,44.06,47730.0,53880.0,62940.0,77400.0,91650.0,,,2024,US,,43,Office and Administrative Support Occupations
99,U.S.,1,0,Cross-industry,cross-industry,1235,43-4021,Correspondence Clerks,detailed,6260,9.0,,,,22.41,46610.0,2.6,16.12,18.51,22.47,25.23,29.9,33530.0,38510.0,46740.0,52480.0,62200.0,,,2024,US,,43,Office and Administrative Support Occupations
99,U.S.,1,0,Cross-industry,cross-industry,1235,43-4031,"Court, Municipal, and License Clerks",detailed,170010,0.8,,,,24.61,51200.0,0.2,16.76,19.1,22.93,28.65,34.8,34860.0,39730.0,47700.0,59590.0,72370.0,,,2024,US,,43,Office and Administrative Support Occupations
99,U.S.,1,0,Cross-industry,cross-industry,1235,43-4041,"Credit Authorizers, Checkers, and Clerks",detailed,11960,4.3,,,,24.65,51270.0,1.2,16.63,19.64,23.62,28.62,34.49,34590.0,40850.0,49130.0,59530.0,71730.0,,,2024,US,,43,Office and Administrative Support Occupations
99,U.S.,1,0,Cross-industry,cross-industry,1235,43-4051,Customer Service Representatives,detailed,2725930,0.4,,,,21.82,45380.0,0.2,14.75,17.29,20.59,24.11,30.16,30690.0,35970.0,42830.0,50140.0,62730.0,,,2024,US,,43,Office and Administrative Support Occupations
99,U.S.,1,0,Cross-industry,cross-industry,1235,43-4061,"Eligibility Interviewers, Government Programs",detailed,156260,1.1,,,,25.95,53970.0,0.3,18.12,21.08,24.76,29.65,34.75,37690.0,43850.0,51500.0,61680.0,72280.0,,,2024,US,,43,Office and Administrative Support Occupations
99,U.S.,1,0,Cross-industry,cross-industry,1235,43-4071,File Clerks,detailed,78980,2.8,,,,21.01,43700.0,0.5,14.24,16.88,19.84,24.05,29.36,29620.0,35120.0,41270.0,50020.0,61080.0,,,2024,US,,43,Office and Administrative Support Occupations
99,U.S.,1,0,Cross-industry,cross-industry,1235,43-4081,"Hotel, Motel, and Resort Desk Clerks",detailed,261430,0.9,,,,16.7,34740.0,0.3,12.79,14.05,16.48,17.99,21.5,26600.0,29210.0,34270.0,37430.0,44720.0,,,2024,US,,43,Office and Administrative Support Occupations
99,U.S.,1,0,Cross-industry,cross-industry,1235,43-4111,"Interviewers, Except Eligibility and Loan",detailed,157310,1.5,,,,21.83,45400.0,0.5,15.38,17.97,21.07,24.25,29.31,31980.0,37380.0,43830.0,50440.0,60960.0,,,2024,US,,43,Office and Administrative Support Occupations
99,U.S.,1,0,Cross-industry,cross-industry,1235,43-4121,"Library Assistants, Clerical",detailed,80070,1.8,,,,18.22,37910.0,0.4,12.06,14.52,17.31,21.25,25.38,25090.0,30190.0,36010.0,44200.0,52790.0,,,2024,US,,43,Office and Administrative Support Occupations
99,U.S.,1,0,Cross-industry,cross-industry,1235,43-4131,Loan Interviewers and Clerks,detailed,173100,4.1,,,,24.54,51050.0,1.1,17.48,20.54,23.53,28.61,31.69,36360.0,42720.0,48950.0,59520.0,65910.0,,,2024,US,,43,Office and Administrative Support Occupations
99,U.S.,1,0,Cross-industry,cross-industry,1235,43-4141,New Accounts Clerks,detailed,38030,3.5,,,,22.89,47610.0,0.6,17.78,19.26,22.41,24.77,28.9,36980.0,40050.0,46610.0,51510.0,60110.0,,,2024,US,,43,Office and Administrative Support Occupations
99,U.S.,1,0,Cross-industry,cross-industry,1235,43-4151,Order Clerks,detailed,83420,3.6,,,,22.24,46270.0,0.5,16.12,18.32,21.47,24.95,29.66,33530.0,38110.0,44660.0,51890.0,61680.0,,,2024,US,,43,Office and Administrative Support Occupations
99,U.S.,1,0,Cross-industry,cross-industry,1235,43-4161,"Human Resources Assistants, Except Payroll and Timekeeping",detailed,92580,1.1,,,,24.5,50950.0,0.3,17.35,20.36,23.77,28.16,32.28,36090.0,42360.0,49440.0,58560.0,67140.0,,,2024,US,,43,Office and Administrative Support Occupations
99,U.S.,1,0,Cross-industry,cross-industry,1235,43-4171,Receptionists and Information Clerks,detailed,964530,0.8,,,,18.5,38480.0,0.2,13.6,15.7,17.9,21.19,23.49,28280.0,32660.0,37230.0,44070.0,48870.0,,,2024,US,,43,Office and Administrative Support Occupations
99,U.S.,1,0,Cross-industry,cross-industry,1235,43-4181,Reservation and Transportation Ticket Agents and Travel Clerks,detailed,127440,1.3,,,,22.94,47720.0,0.4,16.61,17.89,19.94,26.41,36.08,34550.0,37200.0,41460.0,54930.0,75050.0,,,2024,US,,43,Office and Administrative Support Occupations
99,U.S.,1,0,Cross-industry,cross-industry,1235,43-4199,"Information and Record Clerks, All Other",detailed,143910,0.9,,,,24.14,50200.0,0.3,16.43,19.05,23.25,28.21,33.1,34170.0,39610.0,48360.0,58680.0,68850.0,,,2024,US,,43,Office and Administrative Support Occupations
99,U.S.,1,0,Cross-industry,cross-industry,1235,43-5011,Cargo and Freight Agents,detailed,97800,2.2,,,,26.64,55420.0,1.0,17.9,20.91,23.99,29.92,36.71,37240.0,43490.0,49900.0,62230.0,76350.0,,,2024,US,,43,Office and Administrative Support Occupations
99,U.S.,1,0,Cross-industry,cross-industry,1235,43-5021,Couriers and Messengers,detailed,71920,2.9,,,,19.26,40060.0,0.4,14.37,16.89,18.43,21.46,24.32,29880.0,35130.0,38340.0,44630.0,50590.0,,,2024,US,,43,Office and Administrative Support Occupations
99,U.S.,1,0,Cross-industry,cross-industry,1235,43-5031,Public Safety Telecommunicators,detailed,101140,1.4,,,,26.35,54800.0,0.5,17.13,20.26,24.39,30.21,37.55,35640.0,42140.0,50730.0,62840.0,78110.0,,,2024,US,,43,Office and Administrative Support Occupations
99,U.S.,1,0,Cross-industry,cross-industry,1235,43-5032,"Dispatchers, Except Police, Fire, and Ambulance",detailed,211000,1.9,,,,25.55,53150.0,0.4,16.64,19.35,23.5,29.58,36.6,34600.0,40240.0,48880.0,61520.0,76130.0,,,2024,US,,43,Office and Administrative Support Occupations
99,U.S.,1,0,Cross-industry,cross-industry,1235,43-5041,"Meter Readers, Utilities",detailed,19620,3.6,,,,26.83,55810.0,0.9,16.34,19.05,23.64,32.71,41.58,33980.0,39620.0,49180.0,68030.0,86480.0,,,2024,US,,43,Office and Administrative Support Occupations
99,U.S.,1,0,Cross-industry,cross-industry,1235,43-5051,Postal Service Clerks,detailed,78060,0.0,,,,29.36,61070.0,0.0,20.48,26.64,29.63,35.6,35.6,42600.0,55410.0,61630.0,74050.0,74050.0,,,2024,US,,43,Office and Administrative Support Occupations
99,U.S.,1,0,Cross-industry,cross-industry,1235,43-5052,Postal Service Mail Carriers,detailed,336040,0.0,,,,28.79,59880.0,0.0,20.38,22.13,27.64,36.2,36.96,42390.0,46030.0,57490.0,75300.0,76880.0,,,2024,US,,43,Office and Administrative Support Occupations
99,U.S.,1,0,Cross-industry,cross-industry,1235,43-5053,"Postal Service Mail Sorters, Processors, and Processing Machine Operators",detailed,111930,0.0,,,,28.04,58310.0,0.0,20.48,22.78,27.18,35.08,35.6,42600.0,47380.0,56530.0,72970.0,74050.0,,,2024,US,,43,Office and Administrative Support Occupations
99,U.S.,1,0,Cross-industry,cross-industry,1235,43-5061,"Production, Planning, and Expediting Clerks",detailed,385000,0.9,,,,29.05,60420.0,0.2,18.54,22.41,27.78,34.37,40.77,38570.0,46600.0,57770.0,71480.0,84810.0,,,2024,US,,43,Office and Administrative Support Occupations
99,U.S.,1,0,Cross-industry,cross-industry,1235,43-5071,"Shipping, Receiving, and Inventory Clerks",detailed,857630,0.6,,,,21.58,44890.0,0.2,15.82,17.81,20.77,23.75,28.99,32900.0,37040.0,43190.0,49390.0,60300.0,,,2024,US,,43,Office and Administrative Support Occupations
99,U.S.,1,0,Cross-industry,cross-industry,1235,43-5111,"Weighers, Measurers, Checkers, and Samplers, Recordkeeping",detailed,49720,1.8,,,,22.43,46660.0,0.4,16.63,18.58,21.95,25.51,28.9,34580.0,38650.0,45650.0,53060.0,60120.0,,,2024,US,,43,Office and Administrative Support Occupations
99,U.S.,1,0,Cross-industry,cross-industry,1235,43-6011,Executive Secretaries and Executive Administrative Assistants,detailed,472770,1.1,,,,37.05,77060.0,0.3,23.22,28.85,35.7,43.48,51.78,48300.0,60000.0,74260.0,90440.0,107710.0,,,2024,US,,43,Office and Administrative Support Occupations
99,U.S.,1,0,Cross-industry,cross-industry,1235,43-6012,Legal Secretaries and Administrative Assistants,detailed,154540,3.0,,,,29.0,60320.0,2.6,17.08,20.54,26.03,34.66,42.15,35530.0,42720.0,54140.0,72090.0,87660.0,,,2024,US,,43,Office and Administrative Support Occupations
99,U.S.,1,0,Cross-industry,cross-industry,1235,43-6013,Medical Secretaries and Administrative Assistants,detailed,830760,0.7,,,,21.91,45580.0,0.2,16.85,18.21,21.46,23.9,28.87,35050.0,37880.0,44640.0,49720.0,60050.0,,,2024,US,,43,Office and Administrative Support Occupations
99,U.S.,1,0,Cross-industry,cross-industry,1235,43-6014,"Secretaries and Administrative Assistants, Except Legal, Medical, and Executive",detailed,1737820,1.0,,,,22.9,47640.0,0.2,15.19,18.16,22.26,26.76,30.84,31600.0,37770.0,46290.0,55650.0,64150.0,,,2024,US,,43,Office and Administrative Support Occupations
99,U.S.,1,0,Cross-industry,cross-industry,1235,43-9021,Data Entry Keyers,detailed,135280,2.0,,,,20.22,42070.0,0.5,14.47,16.78,19.16,22.72,27.37,30100.0,34900.0,39850.0,47260.0,56930.0,,,2024,US,,43,Office and Administrative Support Occupations
99,U.S.,1,0,Cross-industry,cross-industry,1235,43-9022,Word Processors and Typists,detailed,36030,2.8,,,,23.91,49730.0,0.9,16.97,19.11,23.01,26.93,30.95,35300.0,39740.0,47850.0,56000.0,64370.0,,,2024,US,,43,Office and Administrative Support Occupations
99,U.S.,1,0,Cross-industry,cross-industry,1235,43-9031,Desktop Publishers,detailed,4000,7.5,,,,28.97,60250.0,2.1,16.66,20.52,25.78,34.61,44.66,34650.0,42680.0,53620.0,71990.0,92880.0,,,2024,US,,43,Office and Administrative Support Occupations
99,U.S.,1,0,Cross-industry,cross-industry,1235,43-9041,Insurance Claims and Policy Processing Clerks,detailed,229070,1.5,,,,24.99,51980.0,0.4,17.74,20.0,23.29,28.61,35.15,36900.0,41600.0,48450.0,59500.0,73100.0,,,2024,US,,43,Office and Administrative Support Occupations
99,U.S.,1,0,Cross-industry,cross-industry,1235,43-9051,"Mail Clerks and Mail Machine Operators, Except Postal Service",detailed,62730,2.5,,,,19.33,40200.0,0.5,14.16,16.56,18.34,21.61,25.07,29460.0,34440.0,38150.0,44940.0,52150.0,,,2024,US,,43,Office and Administrative Support Occupations
99,U.S.,1,0,Cross-industry,cross-industry,1235,43-9061,"Office Clerks, General",detailed,2510550,0.4,,,,21.86,45470.0,0.1,14.0,17.0,20.97,25.27,30.69,29120.0,35350.0,43630.0,52560.0,63840.0,,,2024,US,,43,Office and Administrative Support Occupations
99,U.S.,1,0,Cross-industry,cross-industry,1235,43-9071,"Office Machine Operators, Except Computer",detailed,24740,5.1,,,,20.01,41620.0,1.1,14.35,16.55,18.76,22.44,27.09,29850.0,34420.0,39020.0,46680.0,56340.0,,,2024,US,,43,Office and Administrative Support Occupations
99,U.S.,1,0,Cross-industry,cross-industry,1235,43-9081,Proofreaders and Copy Markers,detailed,5160,9.3,,,,25.35,52730.0,1.7,16.12,18.55,23.66,29.99,37.52,33530.0,38590.0,49210.0,62380.0,78040.0,,,2024,US,,43,Office and Administrative Support Occupations
99,U.S.,1,0,Cross-industry,cross-industry,1235,43-9111,Statistical Assistants,detailed,5900,5.7,,,,26.67,55470.0,1.4,18.29,22.1,24.73,30.59,38.18,38050.0,45970.0,51440.0,63620.0,79410.0,,,2024,US,,43,Office and Administrative Support Occupations
99,U.S.,1,0,Cross-industry,cross-industry,1235,43-9199,"Office and Administrative Support Workers, All Other",detailed,195890,1.5,,,,23.42,48700.0,0.3,14.65,17.02,22.14,27.65,34.54,30480.0,35390.0,46040.0,57500.0,71840.0,,,2024,US,,43,Office and Administrative Support Occupations
99,U.S.,1,0,Cross-industry,cross-industry,1235,45-1011,"First-Line Supervisors of Farming, Fishing, and Forestry Workers",detailed,29530,2.4,,,,30.46,63360.0,0.9,19.04,22.91,28.53,36.84,43.68,39610.0,47660.0,59330.0,76640.0,90840.0,,,2024,US,,45,"Farming, Fishing, and Forestry Occupations"
99,U.S.,1,0,Cross-industry,cross-industry,1235,45-2011,Agricultural Inspectors,detailed,12090,2.6,,,,26.75,55650.0,0.6,18.0,20.55,24.51,31.23,38.58,37440.0,42740.0,50990.0,64960.0,80240.0,,,2024,US,,45,"Farming, Fishing, and Forestry Occupations"
99,U.S.,1,0,Cross-industry,cross-industry,1235,45-2021,Animal Breeders,detailed,1730,17.4,,,,27.0,56150.0,5.4,17.85,20.82,25.0,28.67,43.26,37130.0,43310.0,52000.0,59630.0,89970.0,,,2024,US,,45,"Farming, Fishing, and Forestry Occupations"
99,U.S.,1,0,Cross-industry,cross-industry,1235,45-2041,"Graders and Sorters, Agricultural Products",detailed,26870,4.0,,,,17.34,36080.0,0.7,14.66,16.13,17.03,18.28,20.81,30490.0,33550.0,35430.0,38010.0,43280.0,,,2024,US,,45,"Farming, Fishing, and Forestry Occupations"
99,U.S.,1,0,Cross-industry,cross-industry,1235,45-2091,Agricultural Equipment Operators,detailed,30940,3.3,,,,21.12,43920.0,0.8,15.02,17.62,20.47,23.41,27.78,31240.0,36640.0,42580.0,48690.0,57790.0,,,2024,US,,45,"Farming, Fishing, and Forestry Occupations"
99,U.S.,1,0,Cross-industry,cross-industry,1235,45-2092,"Farmworkers and Laborers, Crop, Nursery, and Greenhouse",detailed,261690,1.1,,,,18.2,37850.0,0.5,15.51,16.48,17.16,18.73,22.29,32260.0,34280.0,35690.0,38950.0,46370.0,,,2024,US,,45,"Farming, Fishing, and Forestry Occupations"
99,U.S.,1,0,Cross-industry,cross-industry,1235,45-2093,"Farmworkers, Farm, Ranch, and Aquacultural Animals",detailed,35420,3.0,,,,18.55,38580.0,0.9,13.03,15.01,17.38,21.29,24.92,27110.0,31220.0,36150.0,44280.0,51840.0,,,2024,US,,45,"Farming, Fishing, and Forestry Occupations"
99,U.S.,1,0,Cross-industry,cross-industry,1235,45-2099,"Agricultural Workers, All Other",detailed,4980,7.7,,,,22.01,45780.0,2.3,13.4,16.29,19.42,25.35,36.89,27860.0,33870.0,40390.0,52730.0,76730.0,,,2024,US,,45,"Farming, Fishing, and Forestry Occupations"
99,U.S.,1,0,Cross-industry,cross-industry,1235,45-4011,Forest and Conservation Workers,detailed,5630,4.2,,,,20.59,42830.0,1.0,15.89,17.5,21.0,21.73,26.05,33050.0,36400.0,43680.0,45200.0,54190.0,,,2024,US,,45,"Farming, Fishing, and Forestry Occupations"
99,U.S.,1,0,Cross-industry,cross-industry,1235,45-4021,Fallers,detailed,4110,9.3,,,,28.42,59120.0,2.7,17.13,20.99,25.92,31.27,40.63,35620.0,43670.0,53900.0,65040.0,84510.0,,,2024,US,,45,"Farming, Fishing, and Forestry Occupations"
99,U.S.,1,0,Cross-industry,cross-industry,1235,45-4022,Logging Equipment Operators,detailed,22520,2.3,,,,25.01,52020.0,0.9,16.85,21.03,23.66,29.15,34.75,35050.0,43750.0,49210.0,60640.0,72280.0,,,2024,US,,45,"Farming, Fishing, and Forestry Occupations"
99,U.S.,1,0,Cross-industry,cross-industry,1235,45-4023,Log Graders and Scalers,detailed,3310,5.8,,,,23.14,48130.0,1.3,16.85,18.46,22.46,27.02,30.47,35050.0,38390.0,46710.0,56200.0,63370.0,,,2024,US,,45,"Farming, Fishing, and Forestry Occupations"
99,U.S.,1,0,Cross-industry,cross-industry,1235,45-4029,"Logging Workers, All Other",detailed,2160,7.5,,,,25.88,53820.0,1.7,17.91,20.2,25.0,29.81,34.65,37260.0,42010.0,52000.0,62000.0,72070.0,,,2024,US,,45,"Farming, Fishing, and Forestry Occupations"
99,U.S.,1,0,Cross-industry,cross-industry,1235,47-1011,First-Line Supervisors of Construction Trades and Extraction Workers,detailed,806080,0.6,,,,40.62,84500.0,0.4,24.66,30.0,37.83,48.17,60.91,51290.0,62400.0,78690.0,100200.0,126690.0,,,2024,US,,47,Construction and Extraction Occupations
99,U.S.,1,0,Cross-industry,cross-industry,1235,47-2011,Boilermakers,detailed,10170,5.8,,,,36.97,76900.0,1.6,23.26,29.92,35.26,44.96,51.73,48390.0,62230.0,73340.0,93520.0,107600.0,,,2024,US,,47,Construction and Extraction Occupations
99,U.S.,1,0,Cross-industry,cross-industry,1235,47-2021,Brickmasons and Blockmasons,detailed,53520,3.1,,,,31.44,65390.0,1.0,19.87,23.76,29.23,37.16,45.94,41330.0,49430.0,60800.0,77290.0,95560.0,,,2024,US,,47,Construction and Extraction Occupations
99,U.S.,1,0,Cross-industry,cross-industry,1235,47-2022,Stonemasons,detailed,8750,6.7,,,,27.51,57220.0,2.0,17.99,21.55,25.0,30.83,40.0,37420.0,44820.0,51990.0,64120.0,83200.0,,,2024,US,,47,Construction and Extraction Occupations
99,U.S.,1,0,Cross-industry,cross-industry,1235,47-2031,Carpenters,detailed,697740,1.2,,,,30.79,64040.0,0.5,18.64,22.86,28.51,36.36,47.3,38760.0,47550.0,59310.0,75620.0,98370.0,,,2024,US,,47,Construction and Extraction Occupations
99,U.S.,1,0,Cross-industry,cross-industry,1235,47-2041,Carpet Installers,detailed,14980,6.2,,,,26.85,55860.0,2.1,15.78,18.82,23.97,31.51,40.0,32830.0,39140.0,49850.0,65530.0,83200.0,,,2024,US,,47,Construction and Extraction Occupations
99,U.S.,1,0,Cross-industry,cross-industry,1235,47-2042,"Floor Layers, Except Carpet, Wood, and Hard Tiles",detailed,24850,5.2,,,,29.11,60550.0,1.7,17.88,21.52,26.13,34.8,46.72,37190.0,44760.0,54340.0,72390.0,97180.0,,,2024,US,,47,Construction and Extraction Occupations
99,U.S.,1,0,Cross-industry,cross-industry,1235,47-2043,Floor Sanders and Finishers,detailed,4140,12.1,,,,24.46,50880.0,2.3,17.21,19.87,23.63,27.99,31.98,35790.0,41320.0,49150.0,58230.0,66510.0,,,2024,US,,47,Construction and Extraction Occupations
99,U.S.,1,0,Cross-industry,cross-industry,1235,47-2044,Tile and Stone Setters,detailed,38740,4.1,,,,27.69,57590.0,1.5,17.38,21.41,25.11,31.24,39.89,36140.0,44540.0,52240.0,64980.0,82960.0,,,2024,US,,47,Construction and Extraction Occupations
99,U.S.,1,0,Cross-industry,cross-industry,1235,47-2051,Cement Masons and Concrete Finishers,detailed,205230,1.6,,,,28.54,59360.0,0.6,18.41,22.13,26.28,31.66,42.13,38290.0,46020.0,54660.0,65840.0,87620.0,,,2024,US,,47,Construction and Extraction Occupations
99,U.S.,1,0,Cross-industry,cross-industry,1235,47-2053,Terrazzo Workers and Finishers,detailed,1450,20.1,,,,29.97,62330.0,6.5,18.92,22.57,27.53,35.33,50.24,39360.0,46940.0,57260.0,73490.0,104510.0,,,2024,US,,47,Construction and Extraction Occupations
99,U.S.,1,0,Cross-industry,cross-industry,1235,47-2061,Construction Laborers,detailed,1057660,0.7,,,,24.64,51260.0,0.4,16.44,18.32,22.47,28.32,37.28,34200.0,38100.0,46730.0,58910.0,77530.0,,,2024,US,,47,Construction and Extraction Occupations
99,U.S.,1,0,Cross-industry,cross-industry,1235,47-2071,"Paving, Surfacing, and Tamping Equipment Operators",detailed,45680,3.4,,,,28.2,58660.0,1.3,18.29,21.51,24.83,31.76,43.32,38030.0,44740.0,51650.0,66060.0,90110.0,,,2024,US,,47,Construction and Extraction Occupations
99,U.S.,1,0,Cross-industry,cross-industry,1235,47-2072,Pile Driver Operators,detailed,3040,9.9,,,,37.98,79000.0,3.1,22.45,26.32,33.9,49.98,58.65,46690.0,54750.0,70510.0,103960.0,121990.0,,,2024,US,,47,Construction and Extraction Occupations
99,U.S.,1,0,Cross-industry,cross-industry,1235,47-2073,Operating Engineers and Other Construction Equipment Operators,detailed,469270,0.8,,,,31.34,65180.0,0.4,19.27,22.97,28.23,36.42,48.41,40080.0,47780.0,58710.0,75750.0,100690.0,,,2024,US,,47,Construction and Extraction Occupations
99,U.S.,1,0,Cross-industry,cross-industry,1235,47-2081,Drywall and Ceiling Tile Installers,detailed,82900,2.2,,,,30.2,62810.0,1.0,18.18,22.54,27.95,34.93,48.74,37810.0,46880.0,58140.0,72660.0,101380.0,,,2024,US,,47,Construction and Extraction Occupations
99,U.S.,1,0,Cross-industry,cross-industry,1235,47-2082,Tapers,detailed,12500,7.6,,,,33.84,70390.0,2.0,20.89,24.42,31.11,39.9,51.04,43450.0,50780.0,64700.0,82990.0,106160.0,,,2024,US,,47,Construction and Extraction Occupations
99,U.S.,1,0,Cross-industry,cross-industry,1235,47-2111,Electricians,detailed,742580,0.7,,,,33.47,69630.0,0.5,18.96,23.47,29.98,39.29,50.98,39430.0,48820.0,62350.0,81730.0,106030.0,,,2024,US,,47,Construction and Extraction Occupations
99,U.S.,1,0,Cross-industry,cross-industry,1235,47-2121,Glaziers,detailed,57000,3.1,,,,28.97,60260.0,1.8,18.13,21.89,26.65,32.84,47.49,37710.0,45530.0,55440.0,68300.0,98780.0,,,2024,US,,47,Construction and Extraction Occupations
99,U.S.,1,0,Cross-industry,cross-industry,1235,47-2131,"Insulation Workers, Floor, Ceiling, and Wall",detailed,38610,3.5,,,,25.69,53440.0,1.5,17.28,19.36,23.41,29.05,37.1,35950.0,40270.0,48680.0,60420.0,77160.0,,,2024,US,,47,Construction and Extraction Occupations
99,U.S.,1,0,Cross-industry,cross-industry,1235,47-2132,"Insulation Workers, Mechanical",detailed,25640,5.4,,,,30.55,63540.0,2.2,18.97,22.83,27.52,36.2,45.25,39450.0,47480.0,57250.0,75300.0,94110.0,,,2024,US,,47,Construction and Extraction Occupations
99,U.S.,1,0,Cross-industry,cross-industry,1235,47-2141,"Painters, Construction and Maintenance",detailed,224180,1.6,,,,25.82,53710.0,0.7,17.63,20.44,23.4,28.97,36.8,36680.0,42510.0,48660.0,60270.0,76550.0,,,2024,US,,47,Construction and Extraction Occupations
99,U.S.,1,0,Cross-industry,cross-industry,1235,47-2142,Paperhangers,detailed,1520,13.7,,,,24.95,51900.0,3.9,16.84,19.68,23.2,28.11,33.4,35020.0,40930.0,48260.0,58470.0,69470.0,,,2024,US,,47,Construction and Extraction Occupations
99,U.S.,1,0,Cross-industry,cross-industry,1235,47-2151,Pipelayers,detailed,33580,3.9,,,,26.09,54270.0,1.3,17.71,20.35,23.42,29.32,38.81,36840.0,42320.0,48710.0,60980.0,80710.0,,,2024,US,,47,Construction and Extraction Occupations
99,U.S.,1,0,Cross-industry,cross-industry,1235,47-2152,"Plumbers, Pipefitters, and Steamfitters",detailed,455940,1.2,,,,33.63,69940.0,0.6,19.55,23.49,30.27,39.37,50.55,40670.0,48860.0,62970.0,81900.0,105150.0,,,2024,US,,47,Construction and Extraction Occupations
99,U.S.,1,0,Cross-industry,cross-industry,1235,47-2161,Plasterers and Stucco Masons,detailed,20880,5.2,,,,29.33,61000.0,1.6,18.56,22.59,26.93,34.72,44.68,38610.0,46990.0,56020.0,72210.0,92930.0,,,2024,US,,47,Construction and Extraction Occupations
99,U.S.,1,0,Cross-industry,cross-industry,1235,47-2171,Reinforcing Iron and Rebar Workers,detailed,14140,8.0,,,,30.11,62640.0,2.5,18.97,22.74,28.5,35.67,45.93,39470.0,47300.0,59280.0,74190.0,95530.0,,,2024,US,,47,Construction and Extraction Occupations
99,U.S.,1,0,Cross-industry,cross-industry,1235,47-2181,Roofers,detailed,136740,1.4,,,,27.45,57090.0,0.8,17.82,21.78,24.51,30.78,38.84,37060.0,45300.0,50970.0,64010.0,80780.0,,,2024,US,,47,Construction and Extraction Occupations
99,U.S.,1,0,Cross-industry,cross-industry,1235,47-2211,Sheet Metal Workers,detailed,117470,2.0,,,,31.78,66110.0,0.8,18.28,22.74,29.26,38.28,49.37,38030.0,47290.0,60850.0,79620.0,102680.0,,,2024,US,,47,Construction and Extraction Occupations
99,U.S.,1,0,Cross-industry,cross-industry,1235,47-2221,Structural Iron and Steel Workers,detailed,64720,3.0,,,,33.3,69270.0,1.2,20.19,23.6,30.14,39.8,51.69,42000.0,49090.0,62700.0,82780.0,107520.0,,,2024,US,,47,Construction and Extraction Occupations
99,U.S.,1,0,Cross-industry,cross-industry,1235,47-2231,Solar Photovoltaic Installers,detailed,28280,5.2,,,,27.59,57380.0,1.6,18.79,22.13,24.93,30.3,38.53,39070.0,46040.0,51860.0,63020.0,80150.0,,,2024,US,,47,Construction and Extraction Occupations
99,U.S.,1,0,Cross-industry,cross-industry,1235,47-3011,"Helpers--Brickmasons, Blockmasons, Stonemasons, and Tile and Marble Setters",detailed,15660,6.3,,,,23.91,49730.0,1.5,17.1,18.56,22.35,27.93,32.85,35570.0,38600.0,46480.0,58080.0,68330.0,,,2024,US,,47,Construction and Extraction Occupations
99,U.S.,1,0,Cross-industry,cross-industry,1235,47-3012,Helpers--Carpenters,detailed,24610,7.7,,,,20.23,42080.0,1.9,15.16,17.24,20.0,22.49,25.18,31540.0,35870.0,41600.0,46780.0,52380.0,,,2024,US,,47,Construction and Extraction Occupations
99,U.S.,1,0,Cross-industry,cross-industry,1235,47-3013,Helpers--Electricians,detailed,64440,3.0,,,,20.62,42900.0,0.9,15.0,17.5,19.18,22.85,27.29,31200.0,36400.0,39890.0,47520.0,56770.0,,,2024,US,,47,Construction and Extraction Occupations
99,U.S.,1,0,Cross-industry,cross-industry,1235,47-3014,"Helpers--Painters, Paperhangers, Plasterers, and Stucco Masons",detailed,7220,8.0,,,,19.65,40880.0,2.2,15.08,16.94,18.34,21.78,24.87,31360.0,35230.0,38140.0,45290.0,51720.0,,,2024,US,,47,Construction and Extraction Occupations
99,U.S.,1,0,Cross-industry,cross-industry,1235,47-3015,"Helpers--Pipelayers, Plumbers, Pipefitters, and Steamfitters",detailed,43640,4.0,,,,20.06,41720.0,0.9,14.93,17.19,18.88,22.38,26.37,31050.0,35750.0,39270.0,46550.0,54860.0,,,2024,US,,47,Construction and Extraction Occupations
99,U.S.,1,0,Cross-industry,cross-industry,1235,47-3016,Helpers--Roofers,detailed,5170,10.1,,,,20.23,42070.0,3.1,13.36,16.73,19.51,22.87,26.59,27780.0,34800.0,40590.0,47570.0,55310.0,,,2024,US,,47,Construction and Extraction Occupations
99,U.S.,1,0,Cross-industry,cross-industry,1235,47-3019,"Helpers, Construction Trades, All Other",detailed,25510,4.0,,,,21.17,44040.0,1.2,15.0,17.5,19.6,23.32,28.5,31200.0,36400.0,40760.0,48500.0,59280.0,,,2024,US,,47,Construction and Extraction Occupations
99,U.S.,1,0,Cross-industry,cross-industry,1235,47-4011,Construction and Building Inspectors,detailed,137210,2.0,,,,36.75,76430.0,0.8,22.38,27.55,34.67,44.39,54.0,46560.0,57300.0,72120.0,92330.0,112320.0,,,2024,US,,47,Construction and Extraction Occupations
99,U.S.,1,0,Cross-industry,cross-industry,1235,47-4021,Elevator and Escalator Installers and Repairers,detailed,23340,6.1,,,,50.42,104860.0,1.7,26.31,36.88,51.24,63.34,71.76,54720.0,76700.0,106580.0,131740.0,149250.0,,,2024,US,,47,Construction and Extraction Occupations
99,U.S.,1,0,Cross-industry,cross-industry,1235,47-4031,Fence Erectors,detailed,22640,6.5,,,,24.31,50550.0,1.6,16.87,18.77,22.57,27.44,35.89,35090.0,39040.0,46940.0,57070.0,74660.0,,,2024,US,,47,Construction and Extraction Occupations
99,U.S.,1,0,Cross-industry,cross-industry,1235,47-4041,Hazardous Materials Removal Workers,detailed,50570,2.6,,,,26.8,55740.0,1.2,17.95,20.53,23.31,29.88,39.65,37330.0,42710.0,48490.0,62150.0,82480.0,,,2024,US,,47,Construction and Extraction Occupations
99,U.S.,1,0,Cross-industry,cross-industry,1235,47-4051,Highway Maintenance Workers,detailed,151750,1.1,,,,24.72,51410.0,0.4,16.84,19.97,23.59,28.66,33.27,35030.0,41540.0,49070.0,59600.0,69210.0,,,2024,US,,47,Construction and Extraction Occupations
99,U.S.,1,0,Cross-industry,cross-industry,1235,47-4061,Rail-Track Laying and Maintenance Equipment Operators,detailed,16480,1.6,,,,32.82,68270.0,0.5,21.98,24.82,32.39,38.14,40.79,45720.0,51630.0,67370.0,79330.0,84840.0,,,2024,US,,47,Construction and Extraction Occupations
99,U.S.,1,0,Cross-industry,cross-industry,1235,47-4071,Septic Tank Servicers and Sewer Pipe Cleaners,detailed,29050,2.7,,,,25.35,52730.0,0.7,17.55,20.53,23.62,29.0,35.42,36500.0,42700.0,49140.0,60320.0,73670.0,,,2024,US,,47,Construction and Extraction Occupations
99,U.S.,1,0,Cross-industry,cross-industry,1235,47-4090,Miscellaneous Construction and Related Workers,detailed,33530,4.8,,,,25.44,52910.0,1.9,16.9,19.23,23.14,29.31,37.28,35160.0,39990.0,48120.0,60960.0,77540.0,,,2024,US,,47,Construction and Extraction Occupations
99,U.S.,1,0,Cross-industry,cross-industry,1235,47-5011,"Derrick Operators, Oil and Gas",detailed,11040,6.2,,,,30.05,62490.0,1.6,20.64,23.77,30.16,35.01,40.68,42930.0,49440.0,62740.0,72820.0,84620.0,,,2024,US,,47,Construction and Extraction Occupations
99,U.S.,1,0,Cross-industry,cross-industry,1235,47-5012,"Rotary Drill Operators, Oil and Gas",detailed,13090,8.4,,,,33.69,70080.0,2.0,20.56,25.29,31.26,39.21,47.36,42750.0,52600.0,65010.0,81550.0,98510.0,,,2024,US,,47,Construction and Extraction Occupations
99,U.S.,1,0,Cross-industry,cross-industry,1235,47-5013,"Service Unit Operators, Oil and Gas",detailed,44120,3.6,,,,29.58,61530.0,1.1,19.24,22.75,27.88,33.9,45.11,40010.0,47330.0,57980.0,70510.0,93820.0,,,2024,US,,47,Construction and Extraction Occupations
99,U.S.,1,0,Cross-industry,cross-industry,1235,47-5022,"Excavating and Loading Machine and Dragline Operators, Surface Mining",detailed,34210,2.8,,,,27.82,57860.0,1.2,19.06,22.26,25.26,30.59,38.93,39650.0,46290.0,52550.0,63630.0,80970.0,,,2024,US,,47,Construction and Extraction Occupations
99,U.S.,1,0,Cross-industry,cross-industry,1235,47-5023,"Earth Drillers, Except Oil and Gas",detailed,17410,4.1,,,,30.41,63260.0,0.9,21.37,23.91,28.65,35.35,42.19,44450.0,49720.0,59600.0,73530.0,87760.0,,,2024,US,,47,Construction and Extraction Occupations
99,U.S.,1,0,Cross-industry,cross-industry,1235,47-5032,"Explosives Workers, Ordnance Handling Experts, and Blasters",detailed,5680,11.3,,,,32.13,66840.0,3.1,21.71,23.97,28.42,38.49,50.1,45160.0,49860.0,59110.0,80050.0,104210.0,,,2024,US,,47,Construction and Extraction Occupations
99,U.S.,1,0,Cross-industry,cross-industry,1235,47-5041,Continuous Mining Machine Operators,detailed,14340,3.6,,,,30.73,63920.0,1.1,19.93,24.45,30.47,36.95,40.59,41450.0,50850.0,63380.0,76850.0,84420.0,,,2024,US,,47,Construction and Extraction Occupations
99,U.S.,1,0,Cross-industry,cross-industry,1235,47-5043,"Roof Bolters, Mining",detailed,2230,5.3,,,,35.94,74760.0,0.9,24.46,32.26,36.85,38.57,42.03,50880.0,67110.0,76640.0,80230.0,87420.0,,,2024,US,,47,Construction and Extraction Occupations
99,U.S.,1,0,Cross-industry,cross-industry,1235,47-5044,"Loading and Moving Machine Operators, Underground Mining",detailed,6130,4.9,,,,32.92,68470.0,1.1,23.23,28.43,33.11,36.93,39.86,48310.0,59130.0,68860.0,76820.0,82900.0,,,2024,US,,47,Construction and Extraction Occupations
99,U.S.,1,0,Cross-industry,cross-industry,1235,47-5049,"Underground Mining Machine Operators, All Other",detailed,3480,14.5,,,,32.61,67830.0,3.8,22.56,24.36,32.32,38.67,39.78,46930.0,50660.0,67220.0,80440.0,82750.0,,,2024,US,,47,Construction and Extraction Occupations
99,U.S.,1,0,Cross-industry,cross-industry,1235,47-5051,"Rock Splitters, Quarry",detailed,3080,8.3,,,,24.3,50540.0,1.8,17.9,19.23,22.82,28.02,32.87,37240.0,39990.0,47460.0,58290.0,68380.0,,,2024,US,,47,Construction and Extraction Occupations
99,U.S.,1,0,Cross-industry,cross-industry,1235,47-5071,"Roustabouts, Oil and Gas",detailed,45330,4.6,,,,23.59,49060.0,1.2,17.14,18.43,22.84,27.49,30.77,35650.0,38330.0,47510.0,57170.0,64010.0,,,2024,US,,47,Construction and Extraction Occupations
99,U.S.,1,0,Cross-industry,cross-industry,1235,47-5081,Helpers--Extraction Workers,detailed,6720,5.6,,,,24.2,50330.0,1.2,17.2,19.22,23.27,27.67,32.81,35770.0,39980.0,48400.0,57560.0,68240.0,,,2024,US,,47,Construction and Extraction Occupations
99,U.S.,1,0,Cross-industry,cross-industry,1235,47-5099,"Extraction Workers, All Other",detailed,6070,8.5,,,,26.34,54780.0,2.3,17.17,18.81,24.09,31.42,38.84,35720.0,39120.0,50110.0,65350.0,80780.0,,,2024,US,,47,Construction and Extraction Occupations
99,U.S.,1,0,Cross-industry,cross-industry,1235,49-1011,"First-Line Supervisors of Mechanics, Installers, and Repairers",detailed,600680,0.5,,,,39.87,82930.0,0.3,23.3,29.44,37.64,47.9,59.75,48460.0,61240.0,78300.0,99630.0,124280.0,,,2024,US,,49,"Installation, Maintenance, and Repair Occupations"
99,U.S.,1,0,Cross-industry,cross-industry,1235,49-2011,"Computer, Automated Teller, and Office Machine Repairers",detailed,73010,2.6,,,,23.95,49820.0,0.7,16.89,18.41,22.53,28.57,33.44,35120.0,38290.0,46860.0,59420.0,69560.0,,,2024,US,,49,"Installation, Maintenance, and Repair Occupations"
99,U.S.,1,0,Cross-industry,cross-industry,1235,49-2021,"Radio, Cellular, and Tower Equipment Installers and Repairers",detailed,11400,6.6,,,,33.26,69180.0,1.7,20.37,24.33,30.86,40.76,49.3,42360.0,50610.0,64190.0,84770.0,102550.0,,,2024,US,,49,"Installation, Maintenance, and Repair Occupations"
99,U.S.,1,0,Cross-industry,cross-industry,1235,49-2022,"Telecommunications Equipment Installers and Repairers, Except Line Installers",detailed,153890,2.0,,,,32.04,66650.0,0.5,20.41,24.32,30.11,38.48,45.66,42440.0,50580.0,62630.0,80040.0,94970.0,,,2024,US,,49,"Installation, Maintenance, and Repair Occupations"
99,U.S.,1,0,Cross-industry,cross-industry,1235,49-2091,Avionics Technicians,detailed,20900,3.0,,,,39.59,82350.0,0.7,23.93,31.33,39.13,47.59,54.61,49770.0,65170.0,81390.0,98990.0,113580.0,,,2024,US,,49,"Installation, Maintenance, and Repair Occupations"
99,U.S.,1,0,Cross-industry,cross-industry,1235,49-2092,"Electric Motor, Power Tool, and Related Repairers",detailed,16570,6.2,,,,27.32,56820.0,1.3,17.46,21.38,25.96,31.82,38.09,36310.0,44480.0,53990.0,66180.0,79230.0,,,2024,US,,49,"Installation, Maintenance, and Repair Occupations"
99,U.S.,1,0,Cross-industry,cross-industry,1235,49-2093,"Electrical and Electronics Installers and Repairers, Transportation Equipment",detailed,7310,5.3,,,,38.93,80980.0,2.1,23.79,31.61,39.77,46.03,51.01,49490.0,65750.0,82730.0,95730.0,106110.0,,,2024,US,,49,"Installation, Maintenance, and Repair Occupations"
99,U.S.,1,0,Cross-industry,cross-industry,1235,49-2094,"Electrical and Electronics Repairers, Commercial and Industrial Equipment",detailed,59990,2.4,,,,35.07,72950.0,0.7,21.63,27.28,34.28,40.94,49.55,44980.0,56750.0,71300.0,85160.0,103060.0,,,2024,US,,49,"Installation, Maintenance, and Repair Occupations"
99,U.S.,1,0,Cross-industry,cross-industry,1235,49-2095,"Electrical and Electronics Repairers, Powerhouse, Substation, and Relay",detailed,23040,2.4,,,,46.86,97460.0,0.7,29.24,38.43,48.53,55.16,61.53,60820.0,79930.0,100940.0,114740.0,127970.0,,,2024,US,,49,"Installation, Maintenance, and Repair Occupations"
99,U.S.,1,0,Cross-industry,cross-industry,1235,49-2096,"Electronic Equipment Installers and Repairers, Motor Vehicles",detailed,10140,6.7,,,,24.16,50240.0,2.5,15.23,19.21,23.05,28.32,33.89,31680.0,39970.0,47940.0,58900.0,70480.0,,,2024,US,,49,"Installation, Maintenance, and Repair Occupations"
99,U.S.,1,0,Cross-industry,cross-industry,1235,49-2097,Audiovisual Equipment Installers and Repairers,detailed,22170,5.7,,,,26.8,55740.0,2.2,17.46,20.83,24.34,30.41,39.5,36310.0,43330.0,50620.0,63250.0,82150.0,,,2024,US,,49,"Installation, Maintenance, and Repair Occupations"
99,U.S.,1,0,Cross-industry,cross-industry,1235,49-2098,Security and Fire Alarm Systems Installers,detailed,81510,2.3,,,,28.87,60040.0,0.8,18.47,22.76,28.51,34.3,39.41,38410.0,47330.0,59300.0,71340.0,81980.0,,,2024,US,,49,"Installation, Maintenance, and Repair Occupations"
99,U.S.,1,0,Cross-industry,cross-industry,1235,49-3011,Aircraft Mechanics and Service Technicians,detailed,136390,1.2,,,,38.84,80780.0,0.8,22.97,29.77,37.83,45.7,57.73,47790.0,61920.0,78680.0,95050.0,120080.0,,,2024,US,,49,"Installation, Maintenance, and Repair Occupations"
99,U.S.,1,0,Cross-industry,cross-industry,1235,49-3021,Automotive Body and Related Repairers,detailed,155220,1.5,,,,28.28,58830.0,0.7,17.5,21.63,24.85,31.15,41.84,36390.0,45000.0,51680.0,64780.0,87040.0,,,2024,US,,49,"Installation, Maintenance, and Repair Occupations"
99,U.S.,1,0,Cross-industry,cross-industry,1235,49-3022,Automotive Glass Installers and Repairers,detailed,18940,4.5,,,,23.84,49580.0,0.9,16.86,19.23,22.72,27.96,32.44,35080.0,39990.0,47260.0,58160.0,67480.0,,,2024,US,,49,"Installation, Maintenance, and Repair Occupations"
99,U.S.,1,0,Cross-industry,cross-industry,1235,49-3023,Automotive Service Technicians and Mechanics,detailed,688840,0.6,,,,26.57,55260.0,0.3,16.18,18.34,23.88,31.57,38.87,33660.0,38140.0,49670.0,65660.0,80850.0,,,2024,US,,49,"Installation, Maintenance, and Repair Occupations"
99,U.S.,1,0,Cross-industry,cross-industry,1235,49-3031,Bus and Truck Mechanics and Diesel Engine Specialists,detailed,287230,1.0,,,,30.04,62480.0,0.3,20.04,23.68,29.15,35.43,41.34,41670.0,49240.0,60640.0,73690.0,85980.0,,,2024,US,,49,"Installation, Maintenance, and Repair Occupations"
99,U.S.,1,0,Cross-industry,cross-industry,1235,49-3041,Farm Equipment Mechanics and Service Technicians,detailed,36880,2.0,,,,26.58,55290.0,0.6,17.75,21.95,25.04,30.32,36.95,36920.0,45660.0,52080.0,63070.0,76860.0,,,2024,US,,49,"Installation, Maintenance, and Repair Occupations"
99,U.S.,1,0,Cross-industry,cross-industry,1235,49-3042,"Mobile Heavy Equipment Mechanics, Except Engines",detailed,180270,1.6,,,,32.49,67580.0,0.9,21.85,25.72,30.76,37.54,44.41,45450.0,53500.0,63980.0,78090.0,92360.0,,,2024,US,,49,"Installation, Maintenance, and Repair Occupations"
99,U.S.,1,0,Cross-industry,cross-industry,1235,49-3043,Rail Car Repairers,detailed,18300,2.1,,,,32.5,67610.0,0.5,21.96,24.83,31.58,38.54,44.23,45670.0,51640.0,65680.0,80150.0,92000.0,,,2024,US,,49,"Installation, Maintenance, and Repair Occupations"
99,U.S.,1,0,Cross-industry,cross-industry,1235,49-3051,Motorboat Mechanics and Service Technicians,detailed,24250,3.1,,,,27.14,56450.0,1.3,17.29,21.67,26.42,31.31,37.89,35950.0,45070.0,54950.0,65120.0,78820.0,,,2024,US,,49,"Installation, Maintenance, and Repair Occupations"
99,U.S.,1,0,Cross-industry,cross-industry,1235,49-3052,Motorcycle Mechanics,detailed,14010,3.6,,,,23.87,49650.0,0.7,15.27,18.4,22.69,28.31,33.76,31770.0,38270.0,47200.0,58880.0,70210.0,,,2024,US,,49,"Installation, Maintenance, and Repair Occupations"
99,U.S.,1,0,Cross-industry,cross-industry,1235,49-3053,Outdoor Power Equipment and Other Small Engine Mechanics,detailed,34240,2.2,,,,23.18,48200.0,0.6,16.15,18.4,22.38,26.96,31.03,33600.0,38260.0,46560.0,56080.0,64540.0,,,2024,US,,49,"Installation, Maintenance, and Repair Occupations"
99,U.S.,1,0,Cross-industry,cross-industry,1235,49-3091,Bicycle Repairers,detailed,12590,5.1,,,,19.98,41550.0,0.8,14.73,17.25,19.4,22.87,25.06,30640.0,35880.0,40360.0,47560.0,52130.0,,,2024,US,,49,"Installation, Maintenance, and Repair Occupations"
99,U.S.,1,0,Cross-industry,cross-industry,1235,49-3092,Recreational Vehicle Service Technicians,detailed,18710,4.3,,,,26.63,55380.0,1.2,17.06,20.85,24.3,30.43,36.85,35480.0,43370.0,50540.0,63300.0,76650.0,,,2024,US,,49,"Installation, Maintenance, and Repair Occupations"
99,U.S.,1,0,Cross-industry,cross-industry,1235,49-3093,Tire Repairers and Changers,detailed,106620,1.4,,,,18.82,39140.0,0.4,14.37,16.34,17.85,21.06,23.51,29880.0,33990.0,37120.0,43810.0,48900.0,,,2024,US,,49,"Installation, Maintenance, and Repair Occupations"
99,U.S.,1,0,Cross-industry,cross-industry,1235,49-9011,Mechanical Door Repairers,detailed,27970,6.0,,,,26.01,54110.0,1.1,17.87,21.5,24.54,29.5,35.17,37160.0,44720.0,51050.0,61350.0,73160.0,,,2024,US,,49,"Installation, Maintenance, and Repair Occupations"
99,U.S.,1,0,Cross-industry,cross-industry,1235,49-9012,"Control and Valve Installers and Repairers, Except Mechanical Door",detailed,46920,2.6,,,,36.52,75970.0,0.7,21.08,25.51,35.91,46.83,52.43,43840.0,53060.0,74690.0,97400.0,109050.0,,,2024,US,,49,"Installation, Maintenance, and Repair Occupations"
99,U.S.,1,0,Cross-industry,cross-industry,1235,49-9021,"Heating, Air Conditioning, and Refrigeration Mechanics and Installers",detailed,396870,1.2,,,,30.14,62690.0,0.5,18.81,23.0,28.75,35.97,43.76,39130.0,47850.0,59810.0,74820.0,91020.0,,,2024,US,,49,"Installation, Maintenance, and Repair Occupations"
99,U.S.,1,0,Cross-industry,cross-industry,1235,49-9031,Home Appliance Repairers,detailed,31940,4.5,,,,25.76,53580.0,1.5,16.0,19.37,23.76,29.69,37.4,33280.0,40280.0,49410.0,61750.0,77800.0,,,2024,US,,49,"Installation, Maintenance, and Repair Occupations"
99,U.S.,1,0,Cross-industry,cross-industry,1235,49-9041,Industrial Machinery Mechanics,detailed,421940,0.8,,,,32.29,67160.0,0.3,21.68,25.34,30.65,37.53,44.58,45090.0,52710.0,63760.0,78070.0,92730.0,,,2024,US,,49,"Installation, Maintenance, and Repair Occupations"
99,U.S.,1,0,Cross-industry,cross-industry,1235,49-9043,"Maintenance Workers, Machinery",detailed,56540,1.8,,,,29.72,61820.0,0.5,19.27,23.36,29.09,34.74,40.17,40080.0,48600.0,60500.0,72260.0,83560.0,,,2024,US,,49,"Installation, Maintenance, and Repair Occupations"
99,U.S.,1,0,Cross-industry,cross-industry,1235,49-9044,Millwrights,detailed,40660,2.8,,,,33.0,68640.0,1.0,21.68,26.65,31.33,38.74,45.07,45100.0,55420.0,65170.0,80580.0,93740.0,,,2024,US,,49,"Installation, Maintenance, and Repair Occupations"
99,U.S.,1,0,Cross-industry,cross-industry,1235,49-9045,"Refractory Materials Repairers, Except Brickmasons",detailed,1100,11.5,,,,29.56,61480.0,4.9,17.81,23.26,28.15,35.55,39.16,37050.0,48380.0,58540.0,73940.0,81440.0,,,2024,US,,49,"Installation, Maintenance, and Repair Occupations"
99,U.S.,1,0,Cross-industry,cross-industry,1235,49-9051,Electrical Power-Line Installers and Repairers,detailed,123680,1.7,,,,43.32,90110.0,0.4,24.05,31.61,44.5,51.89,60.87,50020.0,65740.0,92560.0,107940.0,126610.0,,,2024,US,,49,"Installation, Maintenance, and Repair Occupations"
99,U.S.,1,0,Cross-industry,cross-industry,1235,49-9052,Telecommunications Line Installers and Repairers,detailed,98360,2.2,,,,34.83,72440.0,0.8,20.65,24.34,33.9,45.92,50.41,42940.0,50620.0,70500.0,95520.0,104840.0,,,2024,US,,49,"Installation, Maintenance, and Repair Occupations"
99,U.S.,1,0,Cross-industry,cross-industry,1235,49-9061,Camera and Photographic Equipment Repairers,detailed,2010,20.3,,,,25.69,53420.0,3.4,17.32,20.48,23.7,30.0,36.8,36020.0,42590.0,49300.0,62400.0,76550.0,,,2024,US,,49,"Installation, Maintenance, and Repair Occupations"
99,U.S.,1,0,Cross-industry,cross-industry,1235,49-9062,Medical Equipment Repairers,detailed,60830,2.7,,,,32.12,66810.0,0.8,18.78,23.12,30.11,38.19,47.74,39060.0,48100.0,62630.0,79440.0,99290.0,,,2024,US,,49,"Installation, Maintenance, and Repair Occupations"
99,U.S.,1,0,Cross-industry,cross-industry,1235,49-9063,Musical Instrument Repairers and Tuners,detailed,5730,5.2,,,,23.57,49020.0,2.0,14.49,17.22,21.79,27.38,35.3,30130.0,35820.0,45320.0,56960.0,73430.0,,,2024,US,,49,"Installation, Maintenance, and Repair Occupations"
99,U.S.,1,0,Cross-industry,cross-industry,1235,49-9064,Watch and Clock Repairers,detailed,1300,12.8,,,,30.03,62450.0,3.4,19.19,22.37,29.18,37.18,44.5,39920.0,46530.0,60690.0,77340.0,92570.0,,,2024,US,,49,"Installation, Maintenance, and Repair Occupations"
99,U.S.,1,0,Cross-industry,cross-industry,1235,49-9069,"Precision Instrument and Equipment Repairers, All Other",detailed,9680,4.9,,,,33.86,70420.0,1.2,21.41,25.04,32.25,39.44,48.43,44530.0,52090.0,67080.0,82030.0,100730.0,,,2024,US,,49,"Installation, Maintenance, and Repair Occupations"
99,U.S.,1,0,Cross-industry,cross-industry,1235,49-9071,"Maintenance and Repair Workers, General",detailed,1531700,0.4,,,,25.21,52430.0,0.2,16.28,18.77,23.38,29.67,36.59,33860.0,39050.0,48620.0,61710.0,76110.0,,,2024,US,,49,"Installation, Maintenance, and Repair Occupations"
99,U.S.,1,0,Cross-industry,cross-industry,1235,49-9081,Wind Turbine Service Technicians,detailed,11220,8.7,,,,32.49,67580.0,1.4,23.61,28.32,30.09,36.37,42.35,49110.0,58910.0,62580.0,75640.0,88090.0,,,2024,US,,49,"Installation, Maintenance, and Repair Occupations"
99,U.S.,1,0,Cross-industry,cross-industry,1235,49-9091,"Coin, Vending, and Amusement Machine Servicers and Repairers",detailed,28260,3.8,,,,23.33,48530.0,0.9,15.11,18.55,22.77,27.06,31.11,31420.0,38580.0,47350.0,56290.0,64720.0,,,2024,US,,49,"Installation, Maintenance, and Repair Occupations"
99,U.S.,1,0,Cross-industry,cross-industry,1235,49-9092,Commercial Divers,detailed,3430,12.6,,,,37.55,78110.0,5.1,18.81,23.74,29.39,45.11,73.36,39130.0,49370.0,61130.0,93840.0,152580.0,,,2024,US,,49,"Installation, Maintenance, and Repair Occupations"
99,U.S.,1,0,Cross-industry,cross-industry,1235,49-9094,Locksmiths and Safe Repairers,detailed,15550,2.0,,,,26.54,55200.0,1.0,16.71,19.54,24.27,30.93,38.14,34750.0,40650.0,50490.0,64330.0,79340.0,,,2024,US,,49,"Installation, Maintenance, and Repair Occupations"
99,U.S.,1,0,Cross-industry,cross-industry,1235,49-9095,Manufactured Building and Mobile Home Installers,detailed,2610,13.0,,,,20.49,42620.0,2.9,14.56,16.96,19.75,23.28,27.5,30280.0,35290.0,41080.0,48410.0,57190.0,,,2024,US,,49,"Installation, Maintenance, and Repair Occupations"
99,U.S.,1,0,Cross-industry,cross-industry,1235,49-9096,Riggers,detailed,24190,4.8,,,,32.02,66600.0,1.6,18.71,23.05,29.84,38.14,48.31,38930.0,47940.0,62060.0,79340.0,100480.0,,,2024,US,,49,"Installation, Maintenance, and Repair Occupations"
99,U.S.,1,0,Cross-industry,cross-industry,1235,49-9097,Signal and Track Switch Repairers,detailed,8210,2.8,,,,40.84,84940.0,1.1,27.6,36.38,40.19,45.97,50.41,57410.0,75680.0,83600.0,95620.0,104860.0,,,2024,US,,49,"Installation, Maintenance, and Repair Occupations"
99,U.S.,1,0,Cross-industry,cross-industry,1235,49-9098,"Helpers--Installation, Maintenance, and Repair Workers",detailed,97540,2.0,,,,19.59,40750.0,0.5,13.83,16.23,18.68,22.4,26.27,28770.0,33760.0,38860.0,46600.0,54650.0,,,2024,US,,49,"Installation, Maintenance, and Repair Occupations"
99,U.S.,1,0,Cross-industry,cross-industry,1235,49-9099,"Installation, Maintenance, and Repair Workers, All Other",detailed,183690,1.7,,,,25.61,53270.0,0.5,16.96,19.57,23.39,29.37,37.09,35270.0,40700.0,48640.0,61090.0,77150.0,,,2024,US,,49,"Installation, Maintenance, and Repair Occupations"
99,U.S.,1,0,Cross-industry,cross-industry,1235,51-1011,First-Line Supervisors of Production and Operating Workers,detailed,685140,0.3,,,,35.84,74540.0,0.2,22.01,27.08,34.23,41.72,51.42,45790.0,56330.0,71190.0,86770.0,106960.0,,,2024,US,,51,Production Occupations
99,U.S.,1,0,Cross-industry,cross-industry,1235,51-2011,"Aircraft Structure, Surfaces, Rigging, and Systems Assemblers",detailed,32890,2.1,,,,31.98,66510.0,0.6,22.13,25.57,29.65,36.17,45.65,46040.0,53180.0,61680.0,75240.0,94950.0,,,2024,US,,51,Production Occupations
99,U.S.,1,0,Cross-industry,cross-industry,1235,51-2021,"Coil Winders, Tapers, and Finishers",detailed,12170,4.0,,,,23.53,48940.0,1.3,16.91,18.93,22.72,27.79,30.19,35180.0,39380.0,47260.0,57800.0,62790.0,,,2024,US,,51,Production Occupations
99,U.S.,1,0,Cross-industry,cross-industry,1235,51-2028,"Electrical, Electronic, and Electromechanical Assemblers, Except Coil Winders, Tapers, and Finishers",detailed,261140,1.2,,,,22.08,45930.0,0.4,16.4,18.0,21.17,23.96,29.36,34110.0,37450.0,44040.0,49830.0,61080.0,,,2024,US,,51,Production Occupations
99,U.S.,1,0,Cross-industry,cross-industry,1235,51-2031,Engine and Other Machine Assemblers,detailed,38420,1.6,,,,26.94,56040.0,0.5,18.25,20.57,25.26,33.68,35.72,37950.0,42790.0,52540.0,70050.0,74300.0,,,2024,US,,51,Production Occupations
99,U.S.,1,0,Cross-industry,cross-industry,1235,51-2041,Structural Metal Fabricators and Fitters,detailed,53380,2.8,,,,25.36,52740.0,0.7,17.96,21.29,23.99,28.75,33.9,37370.0,44290.0,49900.0,59810.0,70510.0,,,2024,US,,51,Production Occupations
99,U.S.,1,0,Cross-industry,cross-industry,1235,51-2051,Fiberglass Laminators and Fabricators,detailed,18520,3.3,,,,22.75,47320.0,0.8,17.28,18.86,22.0,24.77,29.5,35950.0,39230.0,45760.0,51530.0,61370.0,,,2024,US,,51,Production Occupations
99,U.S.,1,0,Cross-industry,cross-industry,1235,51-2061,Timing Device Assemblers and Adjusters,detailed,230,38.4,,,,20.39,42410.0,15.1,12.62,13.39,19.61,28.1,31.53,26240.0,27850.0,40790.0,58440.0,65580.0,,,2024,US,,51,Production Occupations
99,U.S.,1,0,Cross-industry,cross-industry,1235,51-2090,Miscellaneous Assemblers and Fabricators,detailed,1457800,0.5,,,,21.57,44860.0,0.2,15.22,17.62,20.29,23.76,29.82,31650.0,36660.0,42210.0,49410.0,62030.0,,,2024,US,,51,Production Occupations
99,U.S.,1,0,Cross-industry,cross-industry,1235,51-3011,Bakers,detailed,231890,2.2,,,,18.11,37670.0,0.5,13.25,15.13,17.62,20.46,23.2,27560.0,31470.0,36650.0,42570.0,48260.0,,,2024,US,,51,Production Occupations
99,U.S.,1,0,Cross-industry,cross-industry,1235,51-3021,Butchers and Meat Cutters,detailed,140040,1.7,,,,19.86,41300.0,0.4,13.87,16.57,18.73,22.69,27.47,28850.0,34460.0,38960.0,47200.0,57130.0,,,2024,US,,51,Production Occupations
99,U.S.,1,0,Cross-industry,cross-industry,1235,51-3022,"Meat, Poultry, and Fish Cutters and Trimmers",detailed,141090,1.2,,,,18.58,38640.0,0.3,14.04,16.37,18.13,20.89,23.41,29200.0,34050.0,37700.0,43450.0,48680.0,,,2024,US,,51,Production Occupations
99,U.S.,1,0,Cross-industry,cross-industry,1235,51-3023,Slaughterers and Meat Packers,detailed,67500,1.7,,,,19.57,40710.0,0.4,15.13,17.28,19.13,22.08,23.78,31470.0,35940.0,39790.0,45930.0,49460.0,,,2024,US,,51,Production Occupations
99,U.S.,1,0,Cross-industry,cross-industry,1235,51-3091,"Food and Tobacco Roasting, Baking, and Drying Machine Operators and Tenders",detailed,19500,3.6,,,,21.22,44140.0,0.9,15.57,17.6,20.54,23.4,28.88,32390.0,36610.0,42730.0,48680.0,60070.0,,,2024,US,,51,Production Occupations
99,U.S.,1,0,Cross-industry,cross-industry,1235,51-3092,Food Batchmakers,detailed,171660,1.6,,,,20.59,42830.0,0.6,14.83,16.99,19.61,23.56,27.79,30850.0,35340.0,40790.0,49010.0,57800.0,,,2024,US,,51,Production Occupations
99,U.S.,1,0,Cross-industry,cross-industry,1235,51-3093,Food Cooking Machine Operators and Tenders,detailed,27660,3.8,,,,20.16,41930.0,0.8,14.68,16.98,19.49,22.8,26.04,30540.0,35310.0,40550.0,47420.0,54170.0,,,2024,US,,51,Production Occupations
99,U.S.,1,0,Cross-industry,cross-industry,1235,51-3099,"Food Processing Workers, All Other",detailed,57920,2.3,,,,18.88,39260.0,0.4,14.56,17.0,18.47,20.68,22.82,30290.0,35360.0,38420.0,43020.0,47470.0,,,2024,US,,51,Production Occupations
99,U.S.,1,0,Cross-industry,cross-industry,1235,51-4021,"Extruding and Drawing Machine Setters, Operators, and Tenders, Metal and Plastic",detailed,65700,2.1,,,,23.16,48170.0,0.5,17.01,18.93,22.59,26.14,30.04,35390.0,39370.0,46980.0,54360.0,62470.0,,,2024,US,,51,Production Occupations
99,U.S.,1,0,Cross-industry,cross-industry,1235,51-4022,"Forging Machine Setters, Operators, and Tenders, Metal and Plastic",detailed,8760,5.6,,,,24.47,50900.0,0.8,16.9,19.88,23.67,28.5,33.43,35150.0,41350.0,49240.0,59270.0,69540.0,,,2024,US,,51,Production Occupations
99,U.S.,1,0,Cross-industry,cross-industry,1235,51-4023,"Rolling Machine Setters, Operators, and Tenders, Metal and Plastic",detailed,22350,3.1,,,,24.49,50940.0,0.7,17.83,20.0,23.38,27.76,32.45,37090.0,41600.0,48630.0,57730.0,67500.0,,,2024,US,,51,Production Occupations
99,U.S.,1,0,Cross-industry,cross-industry,1235,51-4031,"Cutting, Punching, and Press Machine Setters, Operators, and Tenders, Metal and Plastic",detailed,174430,1.2,,,,22.62,47060.0,0.3,16.83,18.46,21.92,25.07,30.12,35000.0,38400.0,45590.0,52150.0,62650.0,,,2024,US,,51,Production Occupations
99,U.S.,1,0,Cross-industry,cross-industry,1235,51-4032,"Drilling and Boring Machine Tool Setters, Operators, and Tenders, Metal and Plastic",detailed,5310,4.9,,,,24.2,50330.0,1.2,17.0,19.76,22.42,27.32,31.34,35360.0,41100.0,46630.0,56820.0,65200.0,,,2024,US,,51,Production Occupations
99,U.S.,1,0,Cross-industry,cross-industry,1235,51-4033,"Grinding, Lapping, Polishing, and Buffing Machine Tool Setters, Operators, and Tenders, Metal and Plastic",detailed,70110,1.5,,,,22.41,46600.0,0.3,16.82,18.47,21.73,24.7,29.59,34980.0,38420.0,45190.0,51380.0,61550.0,,,2024,US,,51,Production Occupations
99,U.S.,1,0,Cross-industry,cross-industry,1235,51-4034,"Lathe and Turning Machine Tool Setters, Operators, and Tenders, Metal and Plastic",detailed,18970,3.4,,,,24.13,50190.0,0.7,17.4,19.8,23.38,27.93,31.47,36200.0,41180.0,48620.0,58100.0,65450.0,,,2024,US,,51,Production Occupations
99,U.S.,1,0,Cross-industry,cross-industry,1235,51-4035,"Milling and Planing Machine Setters, Operators, and Tenders, Metal and Plastic",detailed,13810,4.8,,,,25.45,52940.0,1.1,17.7,20.02,23.22,29.46,36.06,36810.0,41650.0,48310.0,61290.0,75000.0,,,2024,US,,51,Production Occupations
99,U.S.,1,0,Cross-industry,cross-industry,1235,51-4041,Machinists,detailed,298790,1.0,,,,27.59,57390.0,0.3,18.32,22.23,27.0,31.21,37.86,38100.0,46250.0,56150.0,64910.0,78760.0,,,2024,US,,51,Production Occupations
99,U.S.,1,0,Cross-industry,cross-industry,1235,51-4051,Metal-Refining Furnace Operators and Tenders,detailed,20330,2.4,,,,27.55,57290.0,0.6,18.63,22.38,26.81,31.29,38.59,38760.0,46550.0,55770.0,65070.0,80280.0,,,2024,US,,51,Production Occupations
99,U.S.,1,0,Cross-industry,cross-industry,1235,51-4052,"Pourers and Casters, Metal",detailed,5830,4.6,,,,24.68,51320.0,0.7,17.91,19.91,23.53,28.78,32.71,37250.0,41410.0,48940.0,59850.0,68030.0,,,2024,US,,51,Production Occupations
99,U.S.,1,0,Cross-industry,cross-industry,1235,51-4061,"Model Makers, Metal and Plastic",detailed,3230,7.8,,,,31.65,65840.0,1.5,18.47,23.49,30.14,38.21,46.05,38430.0,48860.0,62700.0,79470.0,95780.0,,,2024,US,,51,Production Occupations
99,U.S.,1,0,Cross-industry,cross-industry,1235,51-4062,"Patternmakers, Metal and Plastic",detailed,1570,8.8,,,,27.85,57930.0,2.0,18.82,22.85,26.22,32.02,38.31,39150.0,47520.0,54540.0,66590.0,79690.0,,,2024,US,,51,Production Occupations
99,U.S.,1,0,Cross-industry,cross-industry,1235,51-4071,Foundry Mold and Coremakers,detailed,12720,3.8,,,,22.55,46910.0,0.6,17.41,18.93,21.97,24.69,29.52,36220.0,39370.0,45700.0,51360.0,61390.0,,,2024,US,,51,Production Occupations
99,U.S.,1,0,Cross-industry,cross-industry,1235,51-4072,"Molding, Coremaking, and Casting Machine Setters, Operators, and Tenders, Metal and Plastic",detailed,154820,1.5,,,,21.22,44130.0,0.4,15.38,17.45,19.82,23.61,28.9,31990.0,36290.0,41230.0,49100.0,60110.0,,,2024,US,,51,Production Occupations
99,U.S.,1,0,Cross-industry,cross-industry,1235,51-4081,"Multiple Machine Tool Setters, Operators, and Tenders, Metal and Plastic",detailed,129850,1.9,,,,23.36,48590.0,0.5,16.41,18.42,22.14,27.03,35.02,34130.0,38320.0,46060.0,56220.0,72850.0,,,2024,US,,51,Production Occupations
99,U.S.,1,0,Cross-industry,cross-industry,1235,51-4111,Tool and Die Makers,detailed,55130,1.4,,,,31.3,65100.0,0.4,21.25,24.61,30.38,37.23,42.15,44200.0,51200.0,63180.0,77430.0,87660.0,,,2024,US,,51,Production Occupations
99,U.S.,1,0,Cross-industry,cross-industry,1235,51-4121,"Welders, Cutters, Solderers, and Brazers",detailed,424040,0.7,,,,26.49,55100.0,0.3,18.33,21.91,24.52,29.62,36.47,38130.0,45580.0,51000.0,61610.0,75850.0,,,2024,US,,51,Production Occupations
99,U.S.,1,0,Cross-industry,cross-industry,1235,51-4122,"Welding, Soldering, and Brazing Machine Setters, Operators, and Tenders",detailed,36290,2.6,,,,23.69,49270.0,0.5,17.2,18.98,22.62,26.86,31.82,35780.0,39480.0,47060.0,55870.0,66190.0,,,2024,US,,51,Production Occupations
99,U.S.,1,0,Cross-industry,cross-industry,1235,51-4191,"Heat Treating Equipment Setters, Operators, and Tenders, Metal and Plastic",detailed,14590,3.1,,,,23.57,49030.0,0.7,16.95,19.18,22.81,27.08,30.91,35260.0,39900.0,47450.0,56330.0,64290.0,,,2024,US,,51,Production Occupations
99,U.S.,1,0,Cross-industry,cross-industry,1235,51-4192,"Layout Workers, Metal and Plastic",detailed,5610,4.9,,,,31.62,65770.0,1.9,19.44,24.91,29.74,37.01,44.82,40430.0,51810.0,61870.0,76980.0,93230.0,,,2024,US,,51,Production Occupations
99,U.S.,1,0,Cross-industry,cross-industry,1235,51-4193,"Plating Machine Setters, Operators, and Tenders, Metal and Plastic",detailed,31510,2.7,,,,21.07,43820.0,0.7,15.36,17.61,20.0,23.55,28.04,31940.0,36620.0,41600.0,48990.0,58320.0,,,2024,US,,51,Production Occupations
99,U.S.,1,0,Cross-industry,cross-industry,1235,51-4194,"Tool Grinders, Filers, and Sharpeners",detailed,5730,4.8,,,,24.9,51790.0,1.1,16.24,19.0,23.54,28.95,35.64,33770.0,39520.0,48970.0,60210.0,74120.0,,,2024,US,,51,Production Occupations
99,U.S.,1,0,Cross-industry,cross-industry,1235,51-4199,"Metal Workers and Plastic Workers, All Other",detailed,20270,4.6,,,,22.05,45850.0,1.1,16.27,17.74,20.56,24.01,30.19,33850.0,36890.0,42750.0,49930.0,62800.0,,,2024,US,,51,Production Occupations
99,U.S.,1,0,Cross-industry,cross-industry,1235,51-5111,Prepress Technicians and Workers,detailed,23070,2.6,,,,23.62,49130.0,0.7,16.48,18.75,22.74,27.66,31.5,34270.0,39000.0,47300.0,57530.0,65530.0,,,2024,US,,51,Production Occupations
99,U.S.,1,0,Cross-industry,cross-industry,1235,51-5112,Printing Press Operators,detailed,145110,1.3,,,,22.41,46620.0,0.4,15.12,17.77,21.71,26.13,30.32,31450.0,36970.0,45160.0,54340.0,63060.0,,,2024,US,,51,Production Occupations
99,U.S.,1,0,Cross-industry,cross-industry,1235,51-5113,Print Binding and Finishing Workers,detailed,36470,2.5,,,,20.69,43040.0,0.5,14.96,17.34,19.14,23.19,27.87,31110.0,36070.0,39820.0,48240.0,57980.0,,,2024,US,,51,Production Occupations
99,U.S.,1,0,Cross-industry,cross-industry,1235,51-6011,Laundry and Dry-Cleaning Workers,detailed,195360,1.9,,,,16.34,33990.0,0.4,12.63,14.2,16.25,17.67,20.37,26270.0,29530.0,33800.0,36760.0,42370.0,,,2024,US,,51,Production Occupations
99,U.S.,1,0,Cross-industry,cross-industry,1235,51-6021,"Pressers, Textile, Garment, and Related Materials",detailed,26830,3.6,,,,16.04,33370.0,0.7,12.0,13.97,16.29,17.71,19.91,24960.0,29060.0,33880.0,36830.0,41410.0,,,2024,US,,51,Production Occupations
99,U.S.,1,0,Cross-industry,cross-industry,1235,51-6031,Sewing Machine Operators,detailed,109590,1.9,,,,17.64,36680.0,0.4,12.91,15.0,17.31,19.62,22.62,26860.0,31200.0,36000.0,40810.0,47060.0,,,2024,US,,51,Production Occupations
99,U.S.,1,0,Cross-industry,cross-industry,1235,51-6041,Shoe and Leather Workers and Repairers,detailed,7640,5.9,,,,17.44,36280.0,1.2,12.1,14.13,17.29,19.91,23.12,25170.0,29400.0,35950.0,41400.0,48090.0,,,2024,US,,51,Production Occupations
99,U.S.,1,0,Cross-industry,cross-industry,1235,51-6042,Shoe Machine Operators and Tenders,detailed,3270,8.7,,,,17.9,37230.0,2.0,11.61,14.64,18.35,20.86,23.01,24160.0,30450.0,38160.0,43390.0,47860.0,,,2024,US,,51,Production Occupations
99,U.S.,1,0,Cross-industry,cross-industry,1235,51-6051,"Sewers, Hand",detailed,2240,11.8,,,,16.74,34810.0,1.9,12.28,14.04,16.23,18.36,22.27,25530.0,29210.0,33760.0,38180.0,46320.0,,,2024,US,,51,Production Occupations
99,U.S.,1,0,Cross-industry,cross-industry,1235,51-6052,"Tailors, Dressmakers, and Custom Sewers",detailed,16290,5.7,,,,21.18,44050.0,1.7,13.04,16.1,19.64,23.94,30.04,27110.0,33480.0,40860.0,49780.0,62490.0,,,2024,US,,51,Production Occupations
99,U.S.,1,0,Cross-industry,cross-industry,1235,51-6061,Textile Bleaching and Dyeing Machine Operators and Tenders,detailed,5820,8.3,,,,18.75,39000.0,1.7,13.94,15.55,17.94,20.79,22.92,28990.0,32350.0,37320.0,43230.0,47660.0,,,2024,US,,51,Production Occupations
99,U.S.,1,0,Cross-industry,cross-industry,1235,51-6062,"Textile Cutting Machine Setters, Operators, and Tenders",detailed,8960,3.4,,,,18.51,38500.0,0.7,13.09,15.57,18.24,21.01,23.6,27230.0,32380.0,37940.0,43710.0,49080.0,,,2024,US,,51,Production Occupations
99,U.S.,1,0,Cross-industry,cross-industry,1235,51-6063,"Textile Knitting and Weaving Machine Setters, Operators, and Tenders",detailed,14530,2.5,,,,18.97,39470.0,0.6,14.25,16.6,18.4,21.24,23.11,29640.0,34530.0,38260.0,44180.0,48070.0,,,2024,US,,51,Production Occupations
99,U.S.,1,0,Cross-industry,cross-industry,1235,51-6064,"Textile Winding, Twisting, and Drawing Out Machine Setters, Operators, and Tenders",detailed,20600,2.4,,,,18.48,38440.0,0.6,14.61,16.96,18.11,19.7,22.57,30380.0,35270.0,37660.0,40970.0,46940.0,,,2024,US,,51,Production Occupations
99,U.S.,1,0,Cross-industry,cross-industry,1235,51-6091,"Extruding and Forming Machine Setters, Operators, and Tenders, Synthetic and Glass Fibers",detailed,14900,4.9,,,,22.8,47420.0,1.1,17.11,18.75,21.63,26.29,30.6,35590.0,38990.0,44980.0,54690.0,63650.0,,,2024,US,,51,Production Occupations
99,U.S.,1,0,Cross-industry,cross-industry,1235,51-6092,Fabric and Apparel Patternmakers,detailed,2860,8.1,,,,34.44,71630.0,2.6,16.63,21.21,32.54,43.79,54.11,34590.0,44110.0,67670.0,91080.0,112540.0,,,2024,US,,51,Production Occupations
99,U.S.,1,0,Cross-industry,cross-industry,1235,51-6093,Upholsterers,detailed,20990,2.9,,,,22.58,46960.0,0.9,15.47,17.89,22.21,24.88,30.58,32190.0,37200.0,46190.0,51740.0,63600.0,,,2024,US,,51,Production Occupations
99,U.S.,1,0,Cross-industry,cross-industry,1235,51-6099,"Textile, Apparel, and Furnishings Workers, All Other",detailed,14450,4.3,,,,19.43,40410.0,1.1,14.56,15.79,17.79,21.54,25.82,30290.0,32850.0,37010.0,44810.0,53710.0,,,2024,US,,51,Production Occupations
99,U.S.,1,0,Cross-industry,cross-industry,1235,51-7011,Cabinetmakers and Bench Carpenters,detailed,79540,1.7,,,,22.82,47460.0,0.5,16.69,18.38,22.12,25.97,30.4,34700.0,38240.0,46020.0,54010.0,63220.0,,,2024,US,,51,Production Occupations
99,U.S.,1,0,Cross-industry,cross-industry,1235,51-7021,Furniture Finishers,detailed,14230,3.7,,,,21.31,44310.0,0.8,15.0,17.68,20.45,23.57,28.76,31200.0,36770.0,42530.0,49020.0,59820.0,,,2024,US,,51,Production Occupations
99,U.S.,1,0,Cross-industry,cross-industry,1235,51-7031,"Model Makers, Wood",detailed,360,12.5,,,,28.74,59780.0,4.0,11.88,19.43,24.93,38.65,46.08,24710.0,40420.0,51850.0,80380.0,95850.0,,,2024,US,,51,Production Occupations
99,U.S.,1,0,Cross-industry,cross-industry,1235,51-7032,"Patternmakers, Wood",detailed,180,22.4,,,,27.84,57920.0,4.7,19.58,21.85,25.25,37.22,40.06,40730.0,45450.0,52520.0,77410.0,83330.0,,,2024,US,,51,Production Occupations
99,U.S.,1,0,Cross-industry,cross-industry,1235,51-7041,"Sawing Machine Setters, Operators, and Tenders, Wood",detailed,43140,1.8,,,,20.38,42390.0,0.5,14.27,17.09,19.21,22.97,27.19,29670.0,35550.0,39950.0,47770.0,56560.0,,,2024,US,,51,Production Occupations
99,U.S.,1,0,Cross-industry,cross-industry,1235,51-7042,"Woodworking Machine Setters, Operators, and Tenders, Except Sawing",detailed,63350,2.3,,,,20.33,42290.0,0.4,14.87,17.43,19.44,22.91,26.13,30920.0,36260.0,40440.0,47650.0,54340.0,,,2024,US,,51,Production Occupations
99,U.S.,1,0,Cross-industry,cross-industry,1235,51-7099,"Woodworkers, All Other",detailed,6590,6.5,,,,21.03,43730.0,1.4,14.65,17.26,19.82,23.47,29.27,30470.0,35890.0,41220.0,48820.0,60870.0,,,2024,US,,51,Production Occupations
99,U.S.,1,0,Cross-industry,cross-industry,1235,51-8011,Nuclear Power Reactor Operators,detailed,5720,1.0,,,,59.05,122830.0,0.2,47.74,51.52,58.95,63.23,73.41,99300.0,107170.0,122610.0,131520.0,152690.0,,,2024,US,,51,Production Occupations
99,U.S.,1,0,Cross-industry,cross-industry,1235,51-8012,Power Distributors and Dispatchers,detailed,9180,4.7,,,,52.7,109620.0,0.8,34.02,44.07,51.56,61.87,69.66,70760.0,91670.0,107240.0,128690.0,144900.0,,,2024,US,,51,Production Occupations
99,U.S.,1,0,Cross-industry,cross-industry,1235,51-8013,Power Plant Operators,detailed,30720,2.1,,,,46.15,95990.0,0.6,28.81,37.21,47.92,53.84,61.9,59930.0,77400.0,99670.0,111980.0,128760.0,,,2024,US,,51,Production Occupations
99,U.S.,1,0,Cross-industry,cross-industry,1235,51-8021,Stationary Engineers and Boiler Operators,detailed,30780,1.9,,,,38.32,79710.0,0.7,22.75,28.9,36.15,46.36,58.27,47310.0,60110.0,75190.0,96420.0,121200.0,,,2024,US,,51,Production Occupations
99,U.S.,1,0,Cross-industry,cross-industry,1235,51-8031,Water and Wastewater Treatment Plant and System Operators,detailed,126750,1.1,,,,29.15,60620.0,0.4,18.21,22.61,28.01,34.27,41.42,37870.0,47020.0,58260.0,71280.0,86160.0,,,2024,US,,51,Production Occupations
99,U.S.,1,0,Cross-industry,cross-industry,1235,51-8091,Chemical Plant and System Operators,detailed,17840,3.7,,,,36.68,76290.0,0.9,23.08,27.44,35.35,47.14,51.82,48000.0,57080.0,73540.0,98050.0,107790.0,,,2024,US,,51,Production Occupations
99,U.S.,1,0,Cross-industry,cross-industry,1235,51-8092,Gas Plant Operators,detailed,15910,3.4,,,,41.09,85470.0,0.8,28.38,35.17,40.1,48.08,52.57,59040.0,73150.0,83400.0,100000.0,109350.0,,,2024,US,,51,Production Occupations
99,U.S.,1,0,Cross-industry,cross-industry,1235,51-8093,"Petroleum Pump System Operators, Refinery Operators, and Gaugers",detailed,34860,3.7,,,,43.74,90970.0,1.0,28.75,37.49,46.9,50.32,54.29,59790.0,77970.0,97540.0,104660.0,112920.0,,,2024,US,,51,Production Occupations
99,U.S.,1,0,Cross-industry,cross-industry,1235,51-8099,"Plant and System Operators, All Other",detailed,15950,4.9,,,,31.0,64490.0,1.6,19.35,23.01,29.67,36.98,44.59,40250.0,47860.0,61710.0,76910.0,92750.0,,,2024,US,,51,Production Occupations
99,U.S.,1,0,Cross-industry,cross-industry,1235,51-9011,Chemical Equipment Operators and Tenders,detailed,127410,1.6,,,,28.75,59800.0,0.6,17.92,21.95,27.45,34.33,42.53,37270.0,45660.0,57090.0,71400.0,88460.0,,,2024,US,,51,Production Occupations
99,U.S.,1,0,Cross-industry,cross-industry,1235,51-9012,"Separating, Filtering, Clarifying, Precipitating, and Still Machine Setters, Operators, and Tenders",detailed,54200,2.5,,,,25.88,53830.0,0.8,17.22,20.11,23.8,29.5,36.47,35810.0,41830.0,49500.0,61350.0,75860.0,,,2024,US,,51,Production Occupations
99,U.S.,1,0,Cross-industry,cross-industry,1235,51-9021,"Crushing, Grinding, and Polishing Machine Setters, Operators, and Tenders",detailed,28550,3.3,,,,23.75,49400.0,0.8,17.01,18.75,22.54,28.1,31.72,35380.0,38990.0,46890.0,58440.0,65980.0,,,2024,US,,51,Production Occupations
99,U.S.,1,0,Cross-industry,cross-industry,1235,51-9022,"Grinding and Polishing Workers, Hand",detailed,11850,4.4,,,,20.94,43550.0,1.1,15.44,17.63,20.04,23.27,27.53,32120.0,36660.0,41690.0,48410.0,57250.0,,,2024,US,,51,Production Occupations
99,U.S.,1,0,Cross-industry,cross-industry,1235,51-9023,"Mixing and Blending Machine Setters, Operators, and Tenders",detailed,100840,1.6,,,,24.04,49990.0,0.5,16.83,19.13,22.92,27.86,32.48,35000.0,39800.0,47680.0,57940.0,67570.0,,,2024,US,,51,Production Occupations
99,U.S.,1,0,Cross-industry,cross-industry,1235,51-9031,"Cutters and Trimmers, Hand",detailed,7070,4.8,,,,20.17,41960.0,1.2,14.38,16.28,18.65,23.46,27.8,29910.0,33860.0,38800.0,48790.0,57820.0,,,2024,US,,51,Production Occupations
99,U.S.,1,0,Cross-industry,cross-industry,1235,51-9032,"Cutting and Slicing Machine Setters, Operators, and Tenders",detailed,47540,2.0,,,,22.32,46420.0,0.4,16.77,18.53,21.97,25.0,29.05,34890.0,38540.0,45700.0,52000.0,60430.0,,,2024,US,,51,Production Occupations
99,U.S.,1,0,Cross-industry,cross-industry,1235,51-9041,"Extruding, Forming, Pressing, and Compacting Machine Setters, Operators, and Tenders",detailed,57310,2.1,,,,22.62,47040.0,0.5,16.73,18.46,21.7,24.99,31.09,34790.0,38410.0,45130.0,51970.0,64660.0,,,2024,US,,51,Production Occupations
99,U.S.,1,0,Cross-industry,cross-industry,1235,51-9051,"Furnace, Kiln, Oven, Drier, and Kettle Operators and Tenders",detailed,16160,4.1,,,,23.68,49250.0,0.9,16.83,18.87,22.6,27.81,31.82,35010.0,39250.0,47010.0,57840.0,66190.0,,,2024,US,,51,Production Occupations
99,U.S.,1,0,Cross-industry,cross-industry,1235,51-9061,"Inspectors, Testers, Sorters, Samplers, and Weighers",detailed,591180,0.7,,,,24.84,51670.0,0.3,16.63,18.62,22.82,28.83,36.3,34590.0,38740.0,47460.0,59970.0,75510.0,,,2024,US,,51,Production Occupations
99,U.S.,1,0,Cross-industry,cross-industry,1235,51-9071,Jewelers and Precious Stone and Metal Workers,detailed,23420,4.0,,,,26.46,55030.0,1.8,16.29,18.29,23.63,30.39,39.23,33890.0,38030.0,49140.0,63210.0,81610.0,,,2024,US,,51,Production Occupations
99,U.S.,1,0,Cross-industry,cross-industry,1235,51-9081,Dental Laboratory Technicians,detailed,33920,2.0,,,,25.99,54060.0,0.7,17.35,18.87,23.23,29.96,37.83,36100.0,39250.0,48310.0,62320.0,78680.0,,,2024,US,,51,Production Occupations
99,U.S.,1,0,Cross-industry,cross-industry,1235,51-9082,Medical Appliance Technicians,detailed,11490,6.7,,,,24.72,51410.0,1.2,17.58,19.38,22.63,28.23,35.85,36560.0,40300.0,47060.0,58710.0,74570.0,,,2024,US,,51,Production Occupations
99,U.S.,1,0,Cross-industry,cross-industry,1235,51-9083,Ophthalmic Laboratory Technicians,detailed,18740,4.8,,,,20.08,41760.0,0.9,15.02,17.11,18.47,21.83,26.67,31250.0,35580.0,38420.0,45410.0,55480.0,,,2024,US,,51,Production Occupations
99,U.S.,1,0,Cross-industry,cross-industry,1235,51-9111,Packaging and Filling Machine Operators and Tenders,detailed,383860,0.8,,,,20.98,43630.0,0.2,15.33,17.43,19.67,23.29,28.32,31890.0,36250.0,40900.0,48440.0,58910.0,,,2024,US,,51,Production Occupations
99,U.S.,1,0,Cross-industry,cross-industry,1235,51-9123,"Painting, Coating, and Decorating Workers",detailed,8470,4.7,,,,21.22,44130.0,2.0,13.7,16.61,19.64,24.38,30.18,28490.0,34540.0,40860.0,50700.0,62770.0,,,2024,US,,51,Production Occupations
99,U.S.,1,0,Cross-industry,cross-industry,1235,51-9124,"Coating, Painting, and Spraying Machine Setters, Operators, and Tenders",detailed,159500,1.1,,,,24.81,51610.0,0.4,17.06,18.98,22.88,28.24,35.0,35480.0,39470.0,47590.0,58740.0,72800.0,,,2024,US,,51,Production Occupations
99,U.S.,1,0,Cross-industry,cross-industry,1235,51-9141,Semiconductor Processing Technicians,detailed,32150,1.6,,,,28.68,59640.0,0.4,17.3,21.79,24.6,35.89,41.92,35980.0,45320.0,51180.0,74640.0,87190.0,,,2024,US,,51,Production Occupations
99,U.S.,1,0,Cross-industry,cross-industry,1235,51-9151,Photographic Process Workers and Processing Machine Operators,detailed,5550,6.1,,,,22.14,46050.0,2.3,14.83,16.57,19.28,24.8,33.31,30840.0,34460.0,40100.0,51590.0,69290.0,,,2024,US,,51,Production Occupations
99,U.S.,1,0,Cross-industry,cross-industry,1235,51-9161,Computer Numerically Controlled Tool Operators,detailed,176950,1.2,,,,25.43,52900.0,0.3,17.87,20.53,24.02,29.32,34.21,37160.0,42710.0,49970.0,60980.0,71160.0,,,2024,US,,51,Production Occupations
99,U.S.,1,0,Cross-industry,cross-industry,1235,51-9162,Computer Numerically Controlled Tool Programmers,detailed,28230,2.2,,,,33.6,69880.0,0.8,22.0,26.91,31.57,38.61,47.08,45760.0,55960.0,65670.0,80300.0,97930.0,,,2024,US,,51,Production Occupations
99,U.S.,1,0,Cross-industry,cross-industry,1235,51-9191,Adhesive Bonding Machine Operators and Tenders,detailed,12170,3.4,,,,21.96,45670.0,0.9,15.04,17.51,21.74,25.03,29.05,31290.0,36420.0,45210.0,52060.0,60420.0,,,2024,US,,51,Production Occupations
99,U.S.,1,0,Cross-industry,cross-industry,1235,51-9192,"Cleaning, Washing, and Metal Pickling Equipment Operators and Tenders",detailed,13890,3.1,,,,20.86,43380.0,0.5,15.76,17.86,19.93,23.21,27.21,32770.0,37140.0,41460.0,48280.0,56590.0,,,2024,US,,51,Production Occupations
99,U.S.,1,0,Cross-industry,cross-industry,1235,51-9193,Cooling and Freezing Equipment Operators and Tenders,detailed,6590,3.5,,,,21.29,44290.0,0.8,16.21,17.38,19.31,23.63,30.17,33710.0,36150.0,40160.0,49150.0,62760.0,,,2024,US,,51,Production Occupations
99,U.S.,1,0,Cross-industry,cross-industry,1235,51-9194,Etchers and Engravers,detailed,8390,5.0,,,,20.81,43280.0,1.6,14.2,17.14,19.45,23.32,29.05,29530.0,35650.0,40450.0,48510.0,60430.0,,,2024,US,,51,Production Occupations
99,U.S.,1,0,Cross-industry,cross-industry,1235,51-9195,"Molders, Shapers, and Casters, Except Metal and Plastic",detailed,34750,3.0,,,,22.47,46730.0,0.6,16.8,18.51,21.97,24.68,29.35,34950.0,38500.0,45690.0,51340.0,61050.0,,,2024,US,,51,Production Occupations
99,U.S.,1,0,Cross-industry,cross-industry,1235,51-9196,"Paper Goods Machine Setters, Operators, and Tenders",detailed,96950,1.4,,,,24.88,51750.0,0.4,17.6,20.92,23.75,28.47,33.0,36610.0,43520.0,49390.0,59220.0,68640.0,,,2024,US,,51,Production Occupations
99,U.S.,1,0,Cross-industry,cross-industry,1235,51-9197,Tire Builders,detailed,20970,2.5,,,,27.03,56230.0,0.7,19.22,23.43,26.72,31.45,33.78,39990.0,48740.0,55580.0,65410.0,70250.0,,,2024,US,,51,Production Occupations
99,U.S.,1,0,Cross-industry,cross-industry,1235,51-9198,Helpers--Production Workers,detailed,167490,1.1,,,,19.27,40080.0,0.3,14.45,16.54,18.38,21.63,25.06,30060.0,34390.0,38220.0,44980.0,52120.0,,,2024,US,,51,Production Occupations
99,U.S.,1,0,Cross-industry,cross-industry,1235,51-9199,"Production Workers, All Other",detailed,277060,1.4,,,,20.64,42940.0,0.3,14.6,16.86,18.66,22.86,28.66,30370.0,35080.0,38820.0,47550.0,59600.0,,,2024,US,,51,Production Occupations
99,U.S.,1,0,Cross-industry,cross-industry,1235,53-1041,Aircraft Cargo Handling Supervisors,detailed,10160,4.4,,,,31.82,66190.0,2.2,18.27,23.57,30.74,38.27,46.3,38010.0,49020.0,63940.0,79600.0,96300.0,,,2024,US,,53,Transportation and Material Moving Occupations
99,U.S.,1,0,Cross-industry,cross-industry,1235,53-1047,"First-Line Supervisors of Transportation and Material Moving Workers, Except Aircraft Cargo Handling Supervisors",detailed,605510,0.4,,,,31.57,65670.0,0.3,19.85,23.44,29.76,37.27,45.59,41290.0,48750.0,61890.0,77520.0,94830.0,,,2024,US,,53,Transportation and Material Moving Occupations
99,U.S.,1,0,Cross-industry,cross-industry,1235,53-2011,"Airline Pilots, Copilots, and Flight Engineers",detailed,99300,0.7,,,,,280570.0,2.1,,,,,,98560.0,154360.0,226600.0,,,True,,2024,US,,53,Transportation and Material Moving Occupations
99,U.S.,1,0,Cross-industry,cross-industry,1235,53-2012,Commercial Pilots,detailed,51830,2.3,,,,,142960.0,1.5,,,,,,59330.0,81660.0,122670.0,175050.0,,True,,2024,US,,53,Transportation and Material Moving Occupations
99,U.S.,1,0,Cross-industry,cross-industry,1235,53-2021,Air Traffic Controllers,detailed,22400,0.7,,,,68.62,142740.0,0.3,36.58,48.63,69.51,89.67,101.16,76090.0,101150.0,144580.0,186510.0,210410.0,,,2024,US,,53,Transportation and Material Moving Occupations
99,U.S.,1,0,Cross-industry,cross-industry,1235,53-2022,Airfield Operations Specialists,detailed,16640,4.6,,,,32.27,67120.0,1.6,16.92,19.82,27.28,37.66,53.38,35200.0,41220.0,56750.0,78320.0,111030.0,,,2024,US,,53,Transportation and Material Moving Occupations
99,U.S.,1,0,Cross-industry,cross-industry,1235,53-2031,Flight Attendants,detailed,130110,0.8,,,,,78950.0,0.6,,,,,,34030.0,52280.0,67130.0,98160.0,138040.0,True,,2024,US,,53,Transportation and Material Moving Occupations
99,U.S.,1,0,Cross-industry,cross-industry,1235,53-3011,"Ambulance Drivers and Attendants, Except Emergency Medical Technicians",detailed,12080,4.6,,,,17.09,35550.0,0.9,12.24,14.22,16.51,18.27,22.42,25460.0,29580.0,34330.0,38000.0,46630.0,,,2024,US,,53,Transportation and Material Moving Occupations
99,U.S.,1,0,Cross-industry,cross-industry,1235,53-3031,Driver/Sales Workers,detailed,417420,2.3,,,,19.07,39670.0,0.8,10.46,14.0,17.85,22.88,28.72,21760.0,29120.0,37130.0,47590.0,59730.0,,,2024,US,,53,Transportation and Material Moving Occupations
99,U.S.,1,0,Cross-industry,cross-industry,1235,53-3032,Heavy and Tractor-Trailer Truck Drivers,detailed,2070480,0.4,,,,28.08,58400.0,0.3,18.58,22.71,27.62,31.5,37.89,38640.0,47230.0,57440.0,65520.0,78800.0,,,2024,US,,53,Transportation and Material Moving Occupations
99,U.S.,1,0,Cross-industry,cross-industry,1235,53-3033,Light Truck Drivers,detailed,994410,0.7,,,,23.05,47950.0,0.3,14.22,17.63,21.22,25.22,38.29,29580.0,36670.0,44140.0,52460.0,79630.0,,,2024,US,,53,Transportation and Material Moving Occupations
99,U.S.,1,0,Cross-industry,cross-industry,1235,53-3051,"Bus Drivers, School",detailed,387920,1.1,,,,22.44,46660.0,0.5,13.31,18.03,22.62,26.99,30.68,27680.0,37490.0,47040.0,56140.0,63810.0,,,2024,US,,53,Transportation and Material Moving Occupations
99,U.S.,1,0,Cross-industry,cross-industry,1235,53-3052,"Bus Drivers, Transit and Intercity",detailed,148980,1.0,,,,28.07,58390.0,0.4,18.39,22.14,27.61,33.21,39.73,38250.0,46050.0,57440.0,69090.0,82640.0,,,2024,US,,53,Transportation and Material Moving Occupations
99,U.S.,1,0,Cross-industry,cross-industry,1235,53-3053,Shuttle Drivers and Chauffeurs,detailed,229630,1.2,,,,18.79,39070.0,0.5,13.21,15.13,17.63,21.4,25.44,27490.0,31460.0,36670.0,44510.0,52910.0,,,2024,US,,53,Transportation and Material Moving Occupations
99,U.S.,1,0,Cross-industry,cross-industry,1235,53-3054,Taxi Drivers,detailed,17510,7.4,,,,18.9,39310.0,2.4,13.12,15.06,17.42,19.53,29.77,27280.0,31320.0,36220.0,40630.0,61920.0,,,2024,US,,53,Transportation and Material Moving Occupations
99,U.S.,1,0,Cross-industry,cross-industry,1235,53-3099,"Motor Vehicle Operators, All Other",detailed,50330,3.1,,,,19.7,40980.0,1.2,12.35,14.54,17.43,22.66,31.22,25690.0,30250.0,36260.0,47130.0,64940.0,,,2024,US,,53,Transportation and Material Moving Occupations
99,U.S.,1,0,Cross-industry,cross-industry,1235,53-4011,Locomotive Engineers,detailed,31990,0.7,,,,39.2,81540.0,0.4,29.32,35.29,37.21,40.49,48.41,60980.0,73410.0,77400.0,84230.0,100690.0,,,2024,US,,53,Transportation and Material Moving Occupations
99,U.S.,1,0,Cross-industry,cross-industry,1235,53-4013,"Rail Yard Engineers, Dinkey Operators, and Hostlers",detailed,3300,4.7,,,,29.23,60810.0,1.1,21.4,24.89,27.9,31.5,38.02,44510.0,51770.0,58030.0,65530.0,79070.0,,,2024,US,,53,Transportation and Material Moving Occupations
99,U.S.,1,0,Cross-industry,cross-industry,1235,53-4022,"Railroad Brake, Signal, and Switch Operators and Locomotive Firers",detailed,12460,1.7,,,,30.37,63170.0,0.5,21.04,24.87,31.48,33.72,38.87,43750.0,51730.0,65480.0,70130.0,80840.0,,,2024,US,,53,Transportation and Material Moving Occupations
99,U.S.,1,0,Cross-industry,cross-industry,1235,53-4031,Railroad Conductors and Yardmasters,detailed,42710,0.6,,,,36.29,75490.0,0.3,25.72,30.52,35.62,39.45,49.69,53490.0,63480.0,74080.0,82060.0,103350.0,,,2024,US,,53,Transportation and Material Moving Occupations
99,U.S.,1,0,Cross-industry,cross-industry,1235,53-4041,Subway and Streetcar Operators,detailed,9200,2.0,,,,36.36,75620.0,0.5,25.13,28.61,40.78,42.28,42.28,52260.0,59500.0,84830.0,87940.0,87940.0,,,2024,US,,53,Transportation and Material Moving Occupations
99,U.S.,1,0,Cross-industry,cross-industry,1235,53-4099,"Rail Transportation Workers, All Other",detailed,1520,10.3,,,,25.72,53500.0,2.5,16.68,19.45,23.72,31.11,39.72,34690.0,40460.0,49330.0,64710.0,82620.0,,,2024,US,,53,Transportation and Material Moving Occupations
99,U.S.,1,0,Cross-industry,cross-industry,1235,53-5011,Sailors and Marine Oilers,detailed,31360,4.5,,,,26.59,55320.0,1.8,16.03,18.49,23.85,31.43,39.37,33350.0,38450.0,49610.0,65370.0,81890.0,,,2024,US,,53,Transportation and Material Moving Occupations
99,U.S.,1,0,Cross-industry,cross-industry,1235,53-5021,"Captains, Mates, and Pilots of Water Vessels",detailed,35390,2.7,,,,46.95,97660.0,1.6,22.24,29.23,41.13,59.87,78.96,46260.0,60800.0,85540.0,124530.0,164230.0,,,2024,US,,53,Transportation and Material Moving Occupations
99,U.S.,1,0,Cross-industry,cross-industry,1235,53-5022,Motorboat Operators,detailed,2380,8.0,,,,26.62,55370.0,2.3,15.37,19.16,24.94,32.93,39.58,31970.0,39860.0,51880.0,68490.0,82330.0,,,2024,US,,53,Transportation and Material Moving Occupations
99,U.S.,1,0,Cross-industry,cross-industry,1235,53-5031,Ship Engineers,detailed,8580,3.6,,,,50.77,105600.0,1.2,27.22,34.48,48.71,62.69,78.06,56620.0,71720.0,101320.0,130380.0,162370.0,,,2024,US,,53,Transportation and Material Moving Occupations
99,U.S.,1,0,Cross-industry,cross-industry,1235,53-6011,Bridge and Lock Tenders,detailed,2720,2.6,,,,27.17,56520.0,1.0,15.72,21.01,28.12,33.43,35.77,32690.0,43700.0,58490.0,69530.0,74400.0,,,2024,US,,53,Transportation and Material Moving Occupations
99,U.S.,1,0,Cross-industry,cross-industry,1235,53-6021,Parking Attendants,detailed,134650,3.0,,,,16.44,34190.0,0.6,12.0,14.23,16.63,17.9,21.08,24960.0,29590.0,34600.0,37230.0,43840.0,,,2024,US,,53,Transportation and Material Moving Occupations
99,U.S.,1,0,Cross-industry,cross-industry,1235,53-6031,Automotive and Watercraft Service Attendants,detailed,98270,1.9,,,,17.21,35800.0,0.5,13.4,14.71,16.76,18.47,21.75,27870.0,30600.0,34850.0,38430.0,45240.0,,,2024,US,,53,Transportation and Material Moving Occupations
99,U.S.,1,0,Cross-industry,cross-industry,1235,53-6032,Aircraft Service Attendants,detailed,27310,4.2,,,,20.98,43630.0,0.7,16.5,17.94,19.97,22.78,26.9,34320.0,37320.0,41540.0,47390.0,55950.0,,,2024,US,,53,Transportation and Material Moving Occupations
99,U.S.,1,0,Cross-industry,cross-industry,1235,53-6041,Traffic Technicians,detailed,7580,3.1,,,,29.48,61310.0,0.9,18.3,22.45,28.12,35.81,41.25,38060.0,46690.0,58480.0,74480.0,85810.0,,,2024,US,,53,Transportation and Material Moving Occupations
99,U.S.,1,0,Cross-industry,cross-industry,1235,53-6051,Transportation Inspectors,detailed,23320,2.5,,,,41.58,86490.0,1.2,19.27,28.2,41.23,50.49,65.92,40090.0,58650.0,85750.0,105020.0,137120.0,,,2024,US,,53,Transportation and Material Moving Occupations
99,U.S.,1,0,Cross-industry,cross-industry,1235,53-6061,Passenger Attendants,detailed,25340,3.5,,,,18.5,38480.0,1.3,14.0,15.43,18.06,19.8,23.81,29120.0,32090.0,37560.0,41180.0,49510.0,,,2024,US,,53,Transportation and Material Moving Occupations
99,U.S.,1,0,Cross-industry,cross-industry,1235,53-6099,"Transportation Workers, All Other",detailed,10960,4.7,,,,21.65,45040.0,1.8,13.36,15.69,19.05,25.65,31.64,27780.0,32630.0,39630.0,53350.0,65810.0,,,2024,US,,53,Transportation and Material Moving Occupations
99,U.S.,1,0,Cross-industry,cross-industry,1235,53-7011,Conveyor Operators and Tenders,detailed,26060,3.0,,,,21.54,44800.0,0.6,16.8,18.03,19.82,23.38,29.03,34940.0,37500.0,41230.0,48640.0,60390.0,,,2024,US,,53,Transportation and Material Moving Occupations
99,U.S.,1,0,Cross-industry,cross-industry,1235,53-7021,Crane and Tower Operators,detailed,42000,3.1,,,,34.4,71560.0,1.4,20.03,24.5,31.91,39.24,49.23,41670.0,50970.0,66370.0,81630.0,102400.0,,,2024,US,,53,Transportation and Material Moving Occupations
99,U.S.,1,0,Cross-industry,cross-industry,1235,53-7031,Dredge Operators,detailed,1030,19.0,,,,26.84,55820.0,3.6,20.22,22.17,23.28,28.99,36.08,42060.0,46120.0,48430.0,60300.0,75050.0,,,2024,US,,53,Transportation and Material Moving Occupations
99,U.S.,1,0,Cross-industry,cross-industry,1235,53-7041,Hoist and Winch Operators,detailed,2480,7.2,,,,30.81,64070.0,2.9,16.3,18.86,25.15,43.37,55.83,33910.0,39220.0,52310.0,90200.0,116120.0,,,2024,US,,53,Transportation and Material Moving Occupations
99,U.S.,1,0,Cross-industry,cross-industry,1235,53-7051,Industrial Truck and Tractor Operators,detailed,805770,0.6,,,,23.0,47830.0,0.2,17.55,19.13,22.3,25.81,29.59,36500.0,39780.0,46390.0,53680.0,61540.0,,,2024,US,,53,Transportation and Material Moving Occupations
99,U.S.,1,0,Cross-industry,cross-industry,1235,53-7061,Cleaners of Vehicles and Equipment,detailed,373960,0.8,,,,17.45,36290.0,0.3,12.86,14.32,16.96,19.05,22.67,26740.0,29790.0,35270.0,39630.0,47150.0,,,2024,US,,53,Transportation and Material Moving Occupations
99,U.S.,1,0,Cross-industry,cross-industry,1235,53-7062,"Laborers and Freight, Stock, and Material Movers, Hand",detailed,2982530,0.5,,,,19.91,41420.0,0.2,14.81,17.03,18.72,22.29,25.57,30810.0,35410.0,38940.0,46370.0,53180.0,,,2024,US,,53,Transportation and Material Moving Occupations
99,U.S.,1,0,Cross-industry,cross-industry,1235,53-7063,Machine Feeders and Offbearers,detailed,46690,1.7,,,,20.6,42840.0,0.3,15.14,17.32,19.09,23.19,27.41,31480.0,36020.0,39700.0,48220.0,57010.0,,,2024,US,,53,Transportation and Material Moving Occupations
99,U.S.,1,0,Cross-industry,cross-industry,1235,53-7064,"Packers and Packagers, Hand",detailed,601440,0.9,,,,17.59,36600.0,0.2,13.01,15.13,17.1,19.69,22.24,27050.0,31470.0,35580.0,40960.0,46260.0,,,2024,US,,53,Transportation and Material Moving Occupations
99,U.S.,1,0,Cross-industry,cross-industry,1235,53-7065,Stockers and Order Fillers,detailed,2779530,0.4,,,,18.71,38910.0,0.2,14.35,16.21,17.83,20.74,23.65,29850.0,33710.0,37090.0,43140.0,49200.0,,,2024,US,,53,Transportation and Material Moving Occupations
99,U.S.,1,0,Cross-industry,cross-industry,1235,53-7071,Gas Compressor and Gas Pumping Station Operators,detailed,5110,10.3,,,,34.5,71750.0,2.7,21.13,27.65,34.38,42.35,47.29,43950.0,57520.0,71510.0,88090.0,98350.0,,,2024,US,,53,Transportation and Material Moving Occupations
99,U.S.,1,0,Cross-industry,cross-industry,1235,53-7072,"Pump Operators, Except Wellhead Pumpers",detailed,12600,6.4,,,,29.78,61950.0,2.3,18.2,22.73,28.86,36.13,43.11,37850.0,47270.0,60020.0,75160.0,89660.0,,,2024,US,,53,Transportation and Material Moving Occupations
99,U.S.,1,0,Cross-industry,cross-industry,1235,53-7073,Wellhead Pumpers,detailed,17350,8.8,,,,33.69,70070.0,1.9,18.8,26.18,33.66,38.81,46.86,39110.0,54450.0,70010.0,80720.0,97470.0,,,2024,US,,53,Transportation and Material Moving Occupations
99,U.S.,1,0,Cross-industry,cross-industry,1235,53-7081,Refuse and Recyclable Material Collectors,detailed,139180,1.6,,,,24.62,51210.0,0.5,15.29,18.43,23.24,29.33,36.16,31810.0,38330.0,48350.0,61010.0,75200.0,,,2024,US,,53,Transportation and Material Moving Occupations
99,U.S.,1,0,Cross-industry,cross-industry,1235,53-7121,"Tank Car, Truck, and Ship Loaders",detailed,10920,7.6,,,,28.85,60010.0,1.9,18.39,22.72,27.92,34.25,42.36,38260.0,47260.0,58070.0,71230.0,88120.0,,,2024,US,,53,Transportation and Material Moving Occupations
99,U.S.,1,0,Cross-industry,cross-industry,1235,53-7199,"Material Moving Workers, All Other",detailed,25190,4.4,,,,22.43,46650.0,1.0,16.0,17.06,20.04,24.45,31.18,33280.0,35470.0,41690.0,50850.0,64850.0,,,2024,US,,53,Transportation and Material Moving Occupations
