OCC_CODE,OCC_TITLE,YEAR,A_MEAN,wage_eqw,wage_eqf,wage_entropy,wage_cluster
11-1011,Chief Executives,2019,193850.0,Low,Q5,"(171905.0, inf]","(179850.373, 294651.12]"
11-1021,General and Operations Managers,2019,123030.0,Low,Q5,"(87500.0, 171905.0]","(101799.419, 179850.373]"
11-1031,Legislators,2019,49440.0,Very Low,Q2,"(40715.0, 60460.0]","(-inf, 61812.893]"
11-2011,Advertising and Promotions Managers,2019,141890.0,Low,Q5,"(87500.0, 171905.0]","(101799.419, 179850.373]"
11-2021,Marketing Managers,2019,149200.0,Low,Q5,"(87500.0, 171905.0]","(101799.419, 179850.373]"
11-2022,Sales Managers,2019,141690.0,Low,Q5,"(87500.0, 171905.0]","(101799.419, 179850.373]"
11-2030,Public Relations and Fundraising Managers,2019,132630.0,Low,Q5,"(87500.0, 171905.0]","(101799.419, 179850.373]"
11-3010,Administrative Services and Facilities Managers,2019,106550.0,Very Low,Q5,"(87500.0, 171905.0]","(101799.419, 179850.373]"
11-3021,Computer and Information Systems Managers,2019,156390.0,Low,Q5,"(87500.0, 171905.0]","(101799.419, 179850.373]"
11-3031,Financial Managers,2019,147530.0,Low,Q5,"(87500.0, 171905.0]","(101799.419, 179850.373]"
11-3051,Industrial Production Managers,2019,115110.0,Low,Q5,"(87500.0, 171905.0]","(101799.419, 179850.373]"
11-3061,Purchasing Managers,2019,128400.0,Low,Q5,"(87500.0, 171905.0]","(101799.419, 179850.373]"
11-3071,"Transportation, Storage, and Distribution Managers",2019,103320.0,Very Low,Q5,"(87500.0, 171905.0]","(101799.419, 179850.373]"
11-3111,Compensation and Benefits Managers,2019,134210.0,Low,Q5,"(87500.0, 171905.0]","(101799.419, 179850.373]"
11-3121,Human Resources Managers,2019,129570.0,Low,Q5,"(87500.0, 171905.0]","(101799.419, 179850.373]"
11-3131,Training and Development Managers,2019,123470.0,Low,Q5,"(87500.0, 171905.0]","(101799.419, 179850.373]"
11-9013,"Farmers, Ranchers, and Other Agricultural Managers",2019,80360.0,Very Low,Q4,"(60460.0, 87500.0]","(61812.893, 101799.419]"
11-9021,Construction Managers,2019,105000.0,Very Low,Q5,"(87500.0, 171905.0]","(101799.419, 179850.373]"
11-9031,"Education and Childcare Administrators, Preschool and Daycare",2019,53690.0,Very Low,Q3,"(40715.0, 60460.0]","(-inf, 61812.893]"
11-9032,"Education Administrators, Kindergarten through Secondary",2019,100340.0,Very Low,Q5,"(87500.0, 171905.0]","(61812.893, 101799.419]"
11-9033,"Education Administrators, Postsecondary",2019,112400.0,Low,Q5,"(87500.0, 171905.0]","(101799.419, 179850.373]"
11-9039,"Education Administrators, All Other",2019,92150.0,Very Low,Q5,"(87500.0, 171905.0]","(61812.893, 101799.419]"
11-9041,Architectural and Engineering Managers,2019,152930.0,Low,Q5,"(87500.0, 171905.0]","(101799.419, 179850.373]"
11-9051,Food Service Managers,2019,59820.0,Very Low,Q3,"(40715.0, 60460.0]","(-inf, 61812.893]"
11-9071,Gambling Managers,2019,84700.0,Very Low,Q4,"(60460.0, 87500.0]","(61812.893, 101799.419]"
11-9081,Lodging Managers,2019,63570.0,Very Low,Q3,"(60460.0, 87500.0]","(61812.893, 101799.419]"
11-9111,Medical and Health Services Managers,2019,115160.0,Low,Q5,"(87500.0, 171905.0]","(101799.419, 179850.373]"
11-9121,Natural Sciences Managers,2019,145450.0,Low,Q5,"(87500.0, 171905.0]","(101799.419, 179850.373]"
11-9131,Postmasters and Mail Superintendents,2019,78220.0,Very Low,Q4,"(60460.0, 87500.0]","(61812.893, 101799.419]"
11-9141,"Property, Real Estate, and Community Association Managers",2019,71720.0,Very Low,Q4,"(60460.0, 87500.0]","(61812.893, 101799.419]"
11-9151,Social and Community Service Managers,2019,72900.0,Very Low,Q4,"(60460.0, 87500.0]","(61812.893, 101799.419]"
11-9161,Emergency Management Directors,2019,82530.0,Very Low,Q4,"(60460.0, 87500.0]","(61812.893, 101799.419]"
11-9171,Funeral Home Managers,2019,95220.0,Very Low,Q5,"(87500.0, 171905.0]","(61812.893, 101799.419]"
11-9198,"Personal Service Managers, All Other; Entertainment and Recreation Managers, Except Gambling; and Managers, All Other",2019,118710.0,Low,Q5,"(87500.0, 171905.0]","(101799.419, 179850.373]"
13-1011,"Agents and Business Managers of Artists, Performers, and Athletes",2019,97170.0,Very Low,Q5,"(87500.0, 171905.0]","(61812.893, 101799.419]"
13-1020,Buyers and Purchasing Agents,2019,69680.0,Very Low,Q4,"(60460.0, 87500.0]","(61812.893, 101799.419]"
13-1031,"Claims Adjusters, Examiners, and Investigators",2019,68940.0,Very Low,Q4,"(60460.0, 87500.0]","(61812.893, 101799.419]"
13-1032,"Insurance Appraisers, Auto Damage",2019,66240.0,Very Low,Q3,"(60460.0, 87500.0]","(61812.893, 101799.419]"
13-1041,Compliance Officers,2019,72850.0,Very Low,Q4,"(60460.0, 87500.0]","(61812.893, 101799.419]"
13-1051,Cost Estimators,2019,71350.0,Very Low,Q4,"(60460.0, 87500.0]","(61812.893, 101799.419]"
13-1071,Human Resources Specialists,2019,67760.0,Very Low,Q4,"(60460.0, 87500.0]","(61812.893, 101799.419]"
13-1074,Farm Labor Contractors,2019,62060.0,Very Low,Q3,"(60460.0, 87500.0]","(61812.893, 101799.419]"
13-1075,Labor Relations Specialists,2019,71870.0,Very Low,Q4,"(60460.0, 87500.0]","(61812.893, 101799.419]"
13-1081,Logisticians,2019,78680.0,Very Low,Q4,"(60460.0, 87500.0]","(61812.893, 101799.419]"
13-1111,Management Analysts,2019,95560.0,Very Low,Q5,"(87500.0, 171905.0]","(61812.893, 101799.419]"
13-1121,"Meeting, Convention, and Event Planners",2019,54880.0,Very Low,Q3,"(40715.0, 60460.0]","(-inf, 61812.893]"
13-1131,Fundraisers,2019,62830.0,Very Low,Q3,"(60460.0, 87500.0]","(61812.893, 101799.419]"
13-1141,"Compensation, Benefits, and Job Analysis Specialists",2019,69840.0,Very Low,Q4,"(60460.0, 87500.0]","(61812.893, 101799.419]"
13-1151,Training and Development Specialists,2019,65640.0,Very Low,Q3,"(60460.0, 87500.0]","(61812.893, 101799.419]"
13-1161,Market Research Analysts and Marketing Specialists,2019,71570.0,Very Low,Q4,"(60460.0, 87500.0]","(61812.893, 101799.419]"
13-1198,"Project Management Specialists and Business Operations Specialists, All Other",2019,80220.0,Very Low,Q4,"(60460.0, 87500.0]","(61812.893, 101799.419]"
13-2011,Accountants and Auditors,2019,79520.0,Very Low,Q4,"(60460.0, 87500.0]","(61812.893, 101799.419]"
13-2020,Property Appraisers and Assessors,2019,63610.0,Very Low,Q3,"(60460.0, 87500.0]","(61812.893, 101799.419]"
13-2031,Budget Analysts,2019,80300.0,Very Low,Q4,"(60460.0, 87500.0]","(61812.893, 101799.419]"
13-2041,Credit Analysts,2019,84930.0,Very Low,Q4,"(60460.0, 87500.0]","(61812.893, 101799.419]"
13-2052,Personal Financial Advisors,2019,119290.0,Low,Q5,"(87500.0, 171905.0]","(101799.419, 179850.373]"
13-2053,Insurance Underwriters,2019,77640.0,Very Low,Q4,"(60460.0, 87500.0]","(61812.893, 101799.419]"
13-2061,Financial Examiners,2019,92330.0,Very Low,Q5,"(87500.0, 171905.0]","(61812.893, 101799.419]"
13-2071,Credit Counselors,2019,50230.0,Very Low,Q2,"(40715.0, 60460.0]","(-inf, 61812.893]"
13-2072,Loan Officers,2019,76200.0,Very Low,Q4,"(60460.0, 87500.0]","(61812.893, 101799.419]"
13-2081,"Tax Examiners and Collectors, and Revenue Agents",2019,60960.0,Very Low,Q3,"(60460.0, 87500.0]","(-inf, 61812.893]"
13-2082,Tax Preparers,2019,49550.0,Very Low,Q2,"(40715.0, 60460.0]","(-inf, 61812.893]"
13-2098,"Financial and Investment Analysts, Financial Risk Specialists, and Financial Specialists, All Other",2019,94160.0,Very Low,Q5,"(87500.0, 171905.0]","(61812.893, 101799.419]"
15-1211,Computer Systems Analysts,2019,96160.0,Very Low,Q5,"(87500.0, 171905.0]","(61812.893, 101799.419]"
15-1212,Information Security Analysts,2019,104210.0,Very Low,Q5,"(87500.0, 171905.0]","(101799.419, 179850.373]"
15-1221,Computer and Information Research Scientists,2019,127460.0,Low,Q5,"(87500.0, 171905.0]","(101799.419, 179850.373]"
15-1231,Computer Network Support Specialists,2019,68860.0,Very Low,Q4,"(60460.0, 87500.0]","(61812.893, 101799.419]"
15-1232,Computer User Support Specialists,2019,56550.0,Very Low,Q3,"(40715.0, 60460.0]","(-inf, 61812.893]"
15-1241,Computer Network Architects,2019,115110.0,Low,Q5,"(87500.0, 171905.0]","(101799.419, 179850.373]"
15-1244,Network and Computer Systems Administrators,2019,88410.0,Very Low,Q4,"(87500.0, 171905.0]","(61812.893, 101799.419]"
15-1245,Database Administrators and Architects,2019,96110.0,Very Low,Q5,"(87500.0, 171905.0]","(61812.893, 101799.419]"
15-1251,Computer Programmers,2019,92610.0,Very Low,Q5,"(87500.0, 171905.0]","(61812.893, 101799.419]"
15-1256,Software Developers and Software Quality Assurance Analysts and Testers,2019,111620.0,Low,Q5,"(87500.0, 171905.0]","(101799.419, 179850.373]"
15-1257,Web Developers and Digital Interface Designers,2019,82370.0,Very Low,Q4,"(60460.0, 87500.0]","(61812.893, 101799.419]"
15-1299,"Computer Occupations, All Other",2019,92410.0,Very Low,Q5,"(87500.0, 171905.0]","(61812.893, 101799.419]"
15-2011,Actuaries,2019,120970.0,Low,Q5,"(87500.0, 171905.0]","(101799.419, 179850.373]"
15-2021,Mathematicians,2019,107280.0,Very Low,Q5,"(87500.0, 171905.0]","(101799.419, 179850.373]"
15-2031,Operations Research Analysts,2019,90600.0,Very Low,Q4,"(87500.0, 171905.0]","(61812.893, 101799.419]"
15-2041,Statisticians,2019,95680.0,Very Low,Q5,"(87500.0, 171905.0]","(61812.893, 101799.419]"
15-2098,"Data Scientists and Mathematical Science Occupations, All Other",2019,100560.0,Very Low,Q5,"(87500.0, 171905.0]","(61812.893, 101799.419]"
17-1011,"Architects, Except Landscape and Naval",2019,89560.0,Very Low,Q4,"(87500.0, 171905.0]","(61812.893, 101799.419]"
17-1012,Landscape Architects,2019,73970.0,Very Low,Q4,"(60460.0, 87500.0]","(61812.893, 101799.419]"
17-1021,Cartographers and Photogrammetrists,2019,69790.0,Very Low,Q4,"(60460.0, 87500.0]","(61812.893, 101799.419]"
17-1022,Surveyors,2019,67920.0,Very Low,Q4,"(60460.0, 87500.0]","(61812.893, 101799.419]"
17-2011,Aerospace Engineers,2019,119220.0,Low,Q5,"(87500.0, 171905.0]","(101799.419, 179850.373]"
17-2021,Agricultural Engineers,2019,98290.0,Very Low,Q5,"(87500.0, 171905.0]","(61812.893, 101799.419]"
17-2031,Bioengineers and Biomedical Engineers,2019,97090.0,Very Low,Q5,"(87500.0, 171905.0]","(61812.893, 101799.419]"
17-2041,Chemical Engineers,2019,117090.0,Low,Q5,"(87500.0, 171905.0]","(101799.419, 179850.373]"
17-2051,Civil Engineers,2019,94360.0,Very Low,Q5,"(87500.0, 171905.0]","(61812.893, 101799.419]"
17-2061,Computer Hardware Engineers,2019,123030.0,Low,Q5,"(87500.0, 171905.0]","(101799.419, 179850.373]"
17-2071,Electrical Engineers,2019,103480.0,Very Low,Q5,"(87500.0, 171905.0]","(101799.419, 179850.373]"
17-2072,"Electronics Engineers, Except Computer",2019,110210.0,Low,Q5,"(87500.0, 171905.0]","(101799.419, 179850.373]"
17-2081,Environmental Engineers,2019,94220.0,Very Low,Q5,"(87500.0, 171905.0]","(61812.893, 101799.419]"
17-2111,"Health and Safety Engineers, Except Mining Safety Engineers and Inspectors",2019,94810.0,Very Low,Q5,"(87500.0, 171905.0]","(61812.893, 101799.419]"
17-2112,Industrial Engineers,2019,92660.0,Very Low,Q5,"(87500.0, 171905.0]","(61812.893, 101799.419]"
17-2121,Marine Engineers and Naval Architects,2019,98730.0,Very Low,Q5,"(87500.0, 171905.0]","(61812.893, 101799.419]"
17-2131,Materials Engineers,2019,97890.0,Very Low,Q5,"(87500.0, 171905.0]","(61812.893, 101799.419]"
17-2141,Mechanical Engineers,2019,93540.0,Very Low,Q5,"(87500.0, 171905.0]","(61812.893, 101799.419]"
17-2151,"Mining and Geological Engineers, Including Mining Safety Engineers",2019,96990.0,Very Low,Q5,"(87500.0, 171905.0]","(61812.893, 101799.419]"
17-2161,Nuclear Engineers,2019,120700.0,Low,Q5,"(87500.0, 171905.0]","(101799.419, 179850.373]"
17-2171,Petroleum Engineers,2019,156780.0,Low,Q5,"(87500.0, 171905.0]","(101799.419, 179850.373]"
17-2199,"Engineers, All Other",2019,102460.0,Very Low,Q5,"(87500.0, 171905.0]","(101799.419, 179850.373]"
17-3011,Architectural and Civil Drafters,2019,58080.0,Very Low,Q3,"(40715.0, 60460.0]","(-inf, 61812.893]"
17-3012,Electrical and Electronics Drafters,2019,65720.0,Very Low,Q3,"(60460.0, 87500.0]","(61812.893, 101799.419]"
17-3013,Mechanical Drafters,2019,60500.0,Very Low,Q3,"(60460.0, 87500.0]","(-inf, 61812.893]"
17-3019,"Drafters, All Other",2019,54840.0,Very Low,Q3,"(40715.0, 60460.0]","(-inf, 61812.893]"
17-3021,Aerospace Engineering and Operations Technologists and Technicians,2019,68340.0,Very Low,Q4,"(60460.0, 87500.0]","(61812.893, 101799.419]"
17-3022,Civil Engineering Technologists and Technicians,2019,55480.0,Very Low,Q3,"(40715.0, 60460.0]","(-inf, 61812.893]"
17-3023,Electrical and Electronic Engineering Technologists and Technicians,2019,66240.0,Very Low,Q3,"(60460.0, 87500.0]","(61812.893, 101799.419]"
17-3024,Electro-Mechanical and Mechatronics Technologists and Technicians,2019,61420.0,Very Low,Q3,"(60460.0, 87500.0]","(-inf, 61812.893]"
17-3025,Environmental Engineering Technologists and Technicians,2019,54740.0,Very Low,Q3,"(40715.0, 60460.0]","(-inf, 61812.893]"
17-3026,Industrial Engineering Technologists and Technicians,2019,59400.0,Very Low,Q3,"(40715.0, 60460.0]","(-inf, 61812.893]"
17-3027,Mechanical Engineering Technologists and Technicians,2019,59160.0,Very Low,Q3,"(40715.0, 60460.0]","(-inf, 61812.893]"
17-3031,Surveying and Mapping Technicians,2019,48500.0,Very Low,Q2,"(40715.0, 60460.0]","(-inf, 61812.893]"
17-3098,"Calibration Technologists and Technicians and Engineering Technologists and Technicians, Except Drafters, All Other",2019,65940.0,Very Low,Q3,"(60460.0, 87500.0]","(61812.893, 101799.419]"
19-1011,Animal Scientists,2019,68570.0,Very Low,Q4,"(60460.0, 87500.0]","(61812.893, 101799.419]"
19-1012,Food Scientists and Technologists,2019,76190.0,Very Low,Q4,"(60460.0, 87500.0]","(61812.893, 101799.419]"
19-1013,Soil and Plant Scientists,2019,69860.0,Very Low,Q4,"(60460.0, 87500.0]","(61812.893, 101799.419]"
19-1021,Biochemists and Biophysicists,2019,108180.0,Very Low,Q5,"(87500.0, 171905.0]","(101799.419, 179850.373]"
19-1022,Microbiologists,2019,82760.0,Very Low,Q4,"(60460.0, 87500.0]","(61812.893, 101799.419]"
19-1023,Zoologists and Wildlife Biologists,2019,67200.0,Very Low,Q4,"(60460.0, 87500.0]","(61812.893, 101799.419]"
19-1029,"Biological Scientists, All Other",2019,87590.0,Very Low,Q4,"(87500.0, 171905.0]","(61812.893, 101799.419]"
19-1031,Conservation Scientists,2019,67040.0,Very Low,Q4,"(60460.0, 87500.0]","(61812.893, 101799.419]"
19-1032,Foresters,2019,63270.0,Very Low,Q3,"(60460.0, 87500.0]","(61812.893, 101799.419]"
19-1041,Epidemiologists,2019,78290.0,Very Low,Q4,"(60460.0, 87500.0]","(61812.893, 101799.419]"
19-1042,"Medical Scientists, Except Epidemiologists",2019,98770.0,Very Low,Q5,"(87500.0, 171905.0]","(61812.893, 101799.419]"
19-1099,"Life Scientists, All Other",2019,85890.0,Very Low,Q4,"(60460.0, 87500.0]","(61812.893, 101799.419]"
19-2011,Astronomers,2019,122270.0,Low,Q5,"(87500.0, 171905.0]","(101799.419, 179850.373]"
19-2012,Physicists,2019,131080.0,Low,Q5,"(87500.0, 171905.0]","(101799.419, 179850.373]"
19-2021,Atmospheric and Space Scientists,2019,97160.0,Very Low,Q5,"(87500.0, 171905.0]","(61812.893, 101799.419]"
19-2031,Chemists,2019,84150.0,Very Low,Q4,"(60460.0, 87500.0]","(61812.893, 101799.419]"
19-2032,Materials Scientists,2019,100430.0,Very Low,Q5,"(87500.0, 171905.0]","(61812.893, 101799.419]"
19-2041,"Environmental Scientists and Specialists, Including Health",2019,77940.0,Very Low,Q4,"(60460.0, 87500.0]","(61812.893, 101799.419]"
19-2042,"Geoscientists, Except Hydrologists and Geographers",2019,108350.0,Very Low,Q5,"(87500.0, 171905.0]","(101799.419, 179850.373]"
19-2043,Hydrologists,2019,86330.0,Very Low,Q4,"(60460.0, 87500.0]","(61812.893, 101799.419]"
19-2099,"Physical Scientists, All Other",2019,112070.0,Low,Q5,"(87500.0, 171905.0]","(101799.419, 179850.373]"
19-3011,Economists,2019,116630.0,Low,Q5,"(87500.0, 171905.0]","(101799.419, 179850.373]"
19-3022,Survey Researchers,2019,65760.0,Very Low,Q3,"(60460.0, 87500.0]","(61812.893, 101799.419]"
19-3031,"Clinical, Counseling, and School Psychologists",2019,87450.0,Very Low,Q4,"(60460.0, 87500.0]","(61812.893, 101799.419]"
19-3032,Industrial-Organizational Psychologists,2019,111150.0,Low,Q5,"(87500.0, 171905.0]","(101799.419, 179850.373]"
19-3039,"Psychologists, All Other",2019,98230.0,Very Low,Q5,"(87500.0, 171905.0]","(61812.893, 101799.419]"
19-3041,Sociologists,2019,90590.0,Very Low,Q4,"(87500.0, 171905.0]","(61812.893, 101799.419]"
19-3051,Urban and Regional Planners,2019,77750.0,Very Low,Q4,"(60460.0, 87500.0]","(61812.893, 101799.419]"
19-3091,Anthropologists and Archeologists,2019,66810.0,Very Low,Q4,"(60460.0, 87500.0]","(61812.893, 101799.419]"
19-3092,Geographers,2019,81970.0,Very Low,Q4,"(60460.0, 87500.0]","(61812.893, 101799.419]"
19-3093,Historians,2019,68690.0,Very Low,Q4,"(60460.0, 87500.0]","(61812.893, 101799.419]"
19-3094,Political Scientists,2019,120260.0,Low,Q5,"(87500.0, 171905.0]","(101799.419, 179850.373]"
19-3099,"Social Scientists and Related Workers, All Other",2019,87690.0,Very Low,Q4,"(87500.0, 171905.0]","(61812.893, 101799.419]"
19-4010,Agricultural and Food Science Technicians,2019,44440.0,Very Low,Q2,"(40715.0, 60460.0]","(-inf, 61812.893]"
19-4021,Biological Technicians,2019,49110.0,Very Low,Q2,"(40715.0, 60460.0]","(-inf, 61812.893]"
19-4031,Chemical Technicians,2019,52910.0,Very Low,Q3,"(40715.0, 60460.0]","(-inf, 61812.893]"
19-4042,"Environmental Science and Protection Technicians, Including Health",2019,50760.0,Very Low,Q2,"(40715.0, 60460.0]","(-inf, 61812.893]"
19-4045,Geological and Hydrologic Technicians,2019,60800.0,Very Low,Q3,"(60460.0, 87500.0]","(-inf, 61812.893]"
19-4051,Nuclear Technicians,2019,82710.0,Very Low,Q4,"(60460.0, 87500.0]","(61812.893, 101799.419]"
19-4061,Social Science Research Assistants,2019,51340.0,Very Low,Q2,"(40715.0, 60460.0]","(-inf, 61812.893]"
19-4071,Forest and Conservation Technicians,2019,45860.0,Very Low,Q2,"(40715.0, 60460.0]","(-inf, 61812.893]"
19-4092,Forensic Science Technicians,2019,63170.0,Very Low,Q3,"(60460.0, 87500.0]","(61812.893, 101799.419]"
19-4099,"Life, Physical, and Social Science Technicians, All Other",2019,53670.0,Very Low,Q3,"(40715.0, 60460.0]","(-inf, 61812.893]"
19-5011,Occupational Health and Safety Specialists,2019,76290.0,Very Low,Q4,"(60460.0, 87500.0]","(61812.893, 101799.419]"
19-5012,Occupational Health and Safety Technicians,2019,56470.0,Very Low,Q3,"(40715.0, 60460.0]","(-inf, 61812.893]"
21-1012,"Educational, Guidance, and Career Counselors and Advisors",2019,61000.0,Very Low,Q3,"(60460.0, 87500.0]","(-inf, 61812.893]"
21-1013,Marriage and Family Therapists,2019,54590.0,Very Low,Q3,"(40715.0, 60460.0]","(-inf, 61812.893]"
21-1015,Rehabilitation Counselors,2019,40160.0,Very Low,Q1,"(-inf, 40715.0]","(-inf, 61812.893]"
21-1018,"Substance Abuse, Behavioral Disorder, and Mental Health Counselors",2019,49950.0,Very Low,Q2,"(40715.0, 60460.0]","(-inf, 61812.893]"
21-1019,"Counselors, All Other",2019,48800.0,Very Low,Q2,"(40715.0, 60460.0]","(-inf, 61812.893]"
21-1021,"Child, Family, and School Social Workers",2019,51030.0,Very Low,Q2,"(40715.0, 60460.0]","(-inf, 61812.893]"
21-1022,Healthcare Social Workers,2019,59300.0,Very Low,Q3,"(40715.0, 60460.0]","(-inf, 61812.893]"
21-1023,Mental Health and Substance Abuse Social Workers,2019,51670.0,Very Low,Q2,"(40715.0, 60460.0]","(-inf, 61812.893]"
21-1029,"Social Workers, All Other",2019,61750.0,Very Low,Q3,"(60460.0, 87500.0]","(-inf, 61812.893]"
21-1091,Health Education Specialists,2019,60500.0,Very Low,Q3,"(60460.0, 87500.0]","(-inf, 61812.893]"
21-1092,Probation Officers and Correctional Treatment Specialists,2019,59910.0,Very Low,Q3,"(40715.0, 60460.0]","(-inf, 61812.893]"
21-1093,Social and Human Service Assistants,2019,37050.0,Very Low,Q1,"(-inf, 40715.0]","(-inf, 61812.893]"
21-1094,Community Health Workers,2019,44390.0,Very Low,Q2,"(40715.0, 60460.0]","(-inf, 61812.893]"
21-1099,"Community and Social Service Specialists, All Other",2019,46900.0,Very Low,Q2,"(40715.0, 60460.0]","(-inf, 61812.893]"
21-2011,Clergy,2019,55190.0,Very Low,Q3,"(40715.0, 60460.0]","(-inf, 61812.893]"
21-2021,"Directors, Religious Activities and Education",2019,50490.0,Very Low,Q2,"(40715.0, 60460.0]","(-inf, 61812.893]"
21-2099,"Religious Workers, All Other",2019,39830.0,Very Low,Q1,"(-inf, 40715.0]","(-inf, 61812.893]"
23-1011,Lawyers,2019,145300.0,Low,Q5,"(87500.0, 171905.0]","(101799.419, 179850.373]"
23-1012,Judicial Law Clerks,2019,59890.0,Very Low,Q3,"(40715.0, 60460.0]","(-inf, 61812.893]"
23-1021,"Administrative Law Judges, Adjudicators, and Hearing Officers",2019,100230.0,Very Low,Q5,"(87500.0, 171905.0]","(61812.893, 101799.419]"
23-1022,"Arbitrators, Mediators, and Conciliators",2019,73720.0,Very Low,Q4,"(60460.0, 87500.0]","(61812.893, 101799.419]"
23-1023,"Judges, Magistrate Judges, and Magistrates",2019,128550.0,Low,Q5,"(87500.0, 171905.0]","(101799.419, 179850.373]"
23-2011,Paralegals and Legal Assistants,2019,55020.0,Very Low,Q3,"(40715.0, 60460.0]","(-inf, 61812.893]"
23-2093,"Title Examiners, Abstractors, and Searchers",2019,52050.0,Very Low,Q2,"(40715.0, 60460.0]","(-inf, 61812.893]"
23-2099,"Legal Support Workers, All Other",2019,70840.0,Very Low,Q4,"(60460.0, 87500.0]","(61812.893, 101799.419]"
25-1011,"Business Teachers, Postsecondary",2019,105440.0,Very Low,Q5,"(87500.0, 171905.0]","(101799.419, 179850.373]"
25-1021,"Computer Science Teachers, Postsecondary",2019,98430.0,Very Low,Q5,"(87500.0, 171905.0]","(61812.893, 101799.419]"
25-1022,"Mathematical Science Teachers, Postsecondary",2019,86330.0,Very Low,Q4,"(60460.0, 87500.0]","(61812.893, 101799.419]"
25-1031,"Architecture Teachers, Postsecondary",2019,98980.0,Very Low,Q5,"(87500.0, 171905.0]","(61812.893, 101799.419]"
25-1032,"Engineering Teachers, Postsecondary",2019,112110.0,Low,Q5,"(87500.0, 171905.0]","(101799.419, 179850.373]"
25-1041,"Agricultural Sciences Teachers, Postsecondary",2019,89320.0,Very Low,Q4,"(87500.0, 171905.0]","(61812.893, 101799.419]"
25-1042,"Biological Science Teachers, Postsecondary",2019,98700.0,Very Low,Q5,"(87500.0, 171905.0]","(61812.893, 101799.419]"
25-1043,"Forestry and Conservation Science Teachers, Postsecondary",2019,90940.0,Very Low,Q4,"(87500.0, 171905.0]","(61812.893, 101799.419]"
25-1051,"Atmospheric, Earth, Marine, and Space Sciences Teachers, Postsecondary",2019,102690.0,Very Low,Q5,"(87500.0, 171905.0]","(101799.419, 179850.373]"
25-1052,"Chemistry Teachers, Postsecondary",2019,92650.0,Very Low,Q5,"(87500.0, 171905.0]","(61812.893, 101799.419]"
25-1053,"Environmental Science Teachers, Postsecondary",2019,93450.0,Very Low,Q5,"(87500.0, 171905.0]","(61812.893, 101799.419]"
25-1054,"Physics Teachers, Postsecondary",2019,101110.0,Very Low,Q5,"(87500.0, 171905.0]","(61812.893, 101799.419]"
25-1061,"Anthropology and Archeology Teachers, Postsecondary",2019,95140.0,Very Low,Q5,"(87500.0, 171905.0]","(61812.893, 101799.419]"
25-1062,"Area, Ethnic, and Cultural Studies Teachers, Postsecondary",2019,88410.0,Very Low,Q4,"(87500.0, 171905.0]","(61812.893, 101799.419]"
25-1063,"Economics Teachers, Postsecondary",2019,119160.0,Low,Q5,"(87500.0, 171905.0]","(101799.419, 179850.373]"
25-1064,"Geography Teachers, Postsecondary",2019,86540.0,Very Low,Q4,"(60460.0, 87500.0]","(61812.893, 101799.419]"
25-1065,"Political Science Teachers, Postsecondary",2019,102290.0,Very Low,Q5,"(87500.0, 171905.0]","(101799.419, 179850.373]"
25-1066,"Psychology Teachers, Postsecondary",2019,87530.0,Very Low,Q4,"(87500.0, 171905.0]","(61812.893, 101799.419]"
25-1067,"Sociology Teachers, Postsecondary",2019,85240.0,Very Low,Q4,"(60460.0, 87500.0]","(61812.893, 101799.419]"
25-1069,"Social Sciences Teachers, Postsecondary, All Other",2019,85390.0,Very Low,Q4,"(60460.0, 87500.0]","(61812.893, 101799.419]"
25-1071,"Health Specialties Teachers, Postsecondary",2019,121620.0,Low,Q5,"(87500.0, 171905.0]","(101799.419, 179850.373]"
25-1072,"Nursing Instructors and Teachers, Postsecondary",2019,83160.0,Very Low,Q4,"(60460.0, 87500.0]","(61812.893, 101799.419]"
25-1081,"Education Teachers, Postsecondary",2019,74560.0,Very Low,Q4,"(60460.0, 87500.0]","(61812.893, 101799.419]"
25-1082,"Library Science Teachers, Postsecondary",2019,77170.0,Very Low,Q4,"(60460.0, 87500.0]","(61812.893, 101799.419]"
25-1111,"Criminal Justice and Law Enforcement Teachers, Postsecondary",2019,72980.0,Very Low,Q4,"(60460.0, 87500.0]","(61812.893, 101799.419]"
25-1112,"Law Teachers, Postsecondary",2019,129950.0,Low,Q5,"(87500.0, 171905.0]","(101799.419, 179850.373]"
25-1113,"Social Work Teachers, Postsecondary",2019,77910.0,Very Low,Q4,"(60460.0, 87500.0]","(61812.893, 101799.419]"
25-1121,"Art, Drama, and Music Teachers, Postsecondary",2019,83220.0,Very Low,Q4,"(60460.0, 87500.0]","(61812.893, 101799.419]"
25-1122,"Communications Teachers, Postsecondary",2019,79830.0,Very Low,Q4,"(60460.0, 87500.0]","(61812.893, 101799.419]"
25-1123,"English Language and Literature Teachers, Postsecondary",2019,80180.0,Very Low,Q4,"(60460.0, 87500.0]","(61812.893, 101799.419]"
25-1124,"Foreign Language and Literature Teachers, Postsecondary",2019,80170.0,Very Low,Q4,"(60460.0, 87500.0]","(61812.893, 101799.419]"
25-1125,"History Teachers, Postsecondary",2019,84210.0,Very Low,Q4,"(60460.0, 87500.0]","(61812.893, 101799.419]"
25-1126,"Philosophy and Religion Teachers, Postsecondary",2019,88970.0,Very Low,Q4,"(87500.0, 171905.0]","(61812.893, 101799.419]"
25-1192,"Family and Consumer Sciences Teachers, Postsecondary",2019,85270.0,Very Low,Q4,"(60460.0, 87500.0]","(61812.893, 101799.419]"
25-1193,"Recreation and Fitness Studies Teachers, Postsecondary",2019,73720.0,Very Low,Q4,"(60460.0, 87500.0]","(61812.893, 101799.419]"
25-1194,"Career/Technical Education Teachers, Postsecondary",2019,60420.0,Very Low,Q3,"(40715.0, 60460.0]","(-inf, 61812.893]"
25-1199,"Postsecondary Teachers, All Other",2019,80720.0,Very Low,Q4,"(60460.0, 87500.0]","(61812.893, 101799.419]"
25-2011,"Preschool Teachers, Except Special Education",2019,34650.0,Very Low,Q1,"(-inf, 40715.0]","(-inf, 61812.893]"
25-2012,"Kindergarten Teachers, Except Special Education",2019,60210.0,Very Low,Q3,"(40715.0, 60460.0]","(-inf, 61812.893]"
25-2021,"Elementary School Teachers, Except Special Education",2019,63930.0,Very Low,Q3,"(60460.0, 87500.0]","(61812.893, 101799.419]"
25-2022,"Middle School Teachers, Except Special and Career/Technical Education",2019,63550.0,Very Low,Q3,"(60460.0, 87500.0]","(61812.893, 101799.419]"
25-2023,"Career/Technical Education Teachers, Middle School",2019,64900.0,Very Low,Q3,"(60460.0, 87500.0]","(61812.893, 101799.419]"
25-2031,"Secondary School Teachers, Except Special and Career/Technical Education",2019,65930.0,Very Low,Q3,"(60460.0, 87500.0]","(61812.893, 101799.419]"
25-2032,"Career/Technical Education Teachers, Secondary School",2019,64800.0,Very Low,Q3,"(60460.0, 87500.0]","(61812.893, 101799.419]"
25-2051,"Special Education Teachers, Preschool",2019,67060.0,Very Low,Q4,"(60460.0, 87500.0]","(61812.893, 101799.419]"
25-2052,"Special Education Teachers, Kindergarten and Elementary School",2019,64420.0,Very Low,Q3,"(60460.0, 87500.0]","(61812.893, 101799.419]"
25-2057,"Special Education Teachers, Middle School",2019,65740.0,Very Low,Q3,"(60460.0, 87500.0]","(61812.893, 101799.419]"
25-2058,"Special Education Teachers, Secondary School",2019,65710.0,Very Low,Q3,"(60460.0, 87500.0]","(61812.893, 101799.419]"
25-2059,"Special Education Teachers, All Other",2019,65350.0,Very Low,Q3,"(60460.0, 87500.0]","(61812.893, 101799.419]"
25-3011,"Adult Basic Education, Adult Secondary Education, and English as a Second Language Instructors",2019,58980.0,Very Low,Q3,"(40715.0, 60460.0]","(-inf, 61812.893]"
25-3021,Self-Enrichment Teachers,2019,46120.0,Very Low,Q2,"(40715.0, 60460.0]","(-inf, 61812.893]"
25-3031,"Substitute Teachers, Short-Term",2019,32460.0,Very Low,Q1,"(-inf, 40715.0]","(-inf, 61812.893]"
25-3097,"Tutors and Teachers and Instructors, All Other",2019,48700.0,Very Low,Q2,"(40715.0, 60460.0]","(-inf, 61812.893]"
25-4011,Archivists,2019,57500.0,Very Low,Q3,"(40715.0, 60460.0]","(-inf, 61812.893]"
25-4012,Curators,2019,59130.0,Very Low,Q3,"(40715.0, 60460.0]","(-inf, 61812.893]"
25-4013,Museum Technicians and Conservators,2019,48030.0,Very Low,Q2,"(40715.0, 60460.0]","(-inf, 61812.893]"
25-4022,Librarians and Media Collections Specialists,2019,61920.0,Very Low,Q3,"(60460.0, 87500.0]","(61812.893, 101799.419]"
25-4031,Library Technicians,2019,36950.0,Very Low,Q1,"(-inf, 40715.0]","(-inf, 61812.893]"
25-9021,Farm and Home Management Educators,2019,52720.0,Very Low,Q3,"(40715.0, 60460.0]","(-inf, 61812.893]"
25-9031,Instructional Coordinators,2019,69180.0,Very Low,Q4,"(60460.0, 87500.0]","(61812.893, 101799.419]"
25-9044,"Teaching Assistants, Postsecondary",2019,36460.0,Very Low,Q1,"(-inf, 40715.0]","(-inf, 61812.893]"
25-9045,"Teaching Assistants, Except Postsecondary",2019,29640.0,Very Low,Q1,"(-inf, 40715.0]","(-inf, 61812.893]"
25-9099,"Educational Instruction and Library Workers, All Other",2019,45970.0,Very Low,Q2,"(40715.0, 60460.0]","(-inf, 61812.893]"
27-1011,Art Directors,2019,109600.0,Low,Q5,"(87500.0, 171905.0]","(101799.419, 179850.373]"
27-1012,Craft Artists,2019,38740.0,Very Low,Q1,"(-inf, 40715.0]","(-inf, 61812.893]"
27-1013,"Fine Artists, Including Painters, Sculptors, and Illustrators",2019,63030.0,Very Low,Q3,"(60460.0, 87500.0]","(61812.893, 101799.419]"
27-1014,Special Effects Artists and Animators,2019,84780.0,Very Low,Q4,"(60460.0, 87500.0]","(61812.893, 101799.419]"
27-1019,"Artists and Related Workers, All Other",2019,67750.0,Very Low,Q4,"(60460.0, 87500.0]","(61812.893, 101799.419]"
27-1021,Commercial and Industrial Designers,2019,73820.0,Very Low,Q4,"(60460.0, 87500.0]","(61812.893, 101799.419]"
27-1022,Fashion Designers,2019,86110.0,Very Low,Q4,"(60460.0, 87500.0]","(61812.893, 101799.419]"
27-1023,Floral Designers,2019,29760.0,Very Low,Q1,"(-inf, 40715.0]","(-inf, 61812.893]"
27-1024,Graphic Designers,2019,56510.0,Very Low,Q3,"(40715.0, 60460.0]","(-inf, 61812.893]"
27-1025,Interior Designers,2019,60990.0,Very Low,Q3,"(60460.0, 87500.0]","(-inf, 61812.893]"
27-1026,Merchandise Displayers and Window Trimmers,2019,32940.0,Very Low,Q1,"(-inf, 40715.0]","(-inf, 61812.893]"
27-1027,Set and Exhibit Designers,2019,62480.0,Very Low,Q3,"(60460.0, 87500.0]","(61812.893, 101799.419]"
27-1029,"Designers, All Other",2019,73510.0,Very Low,Q4,"(60460.0, 87500.0]","(61812.893, 101799.419]"
27-2011,Actors,2019,,,,,
27-2012,Producers and Directors,2019,93940.0,Very Low,Q5,"(87500.0, 171905.0]","(61812.893, 101799.419]"
27-2021,Athletes and Sports Competitors,2019,93140.0,Very Low,Q5,"(87500.0, 171905.0]","(61812.893, 101799.419]"
27-2022,Coaches and Scouts,2019,44910.0,Very Low,Q2,"(40715.0, 60460.0]","(-inf, 61812.893]"
27-2023,"Umpires, Referees, and Other Sports Officials",2019,38810.0,Very Low,Q1,"(-inf, 40715.0]","(-inf, 61812.893]"
27-2031,Dancers,2019,,,,,
27-2032,Choreographers,2019,53590.0,Very Low,Q3,"(40715.0, 60460.0]","(-inf, 61812.893]"
27-2041,Music Directors and Composers,2019,64670.0,Very Low,Q3,"(60460.0, 87500.0]","(61812.893, 101799.419]"
27-2042,Musicians and Singers,2019,,,,,
27-2090,"Miscellaneous Entertainers and Performers, Sports and Related Workers",2019,,,,,
27-3011,Broadcast Announcers and Radio Disc Jockeys,2019,53580.0,Very Low,Q3,"(40715.0, 60460.0]","(-inf, 61812.893]"
27-3023,"News Analysts, Reporters, and Journalists",2019,62400.0,Very Low,Q3,"(60460.0, 87500.0]","(61812.893, 101799.419]"
27-3031,Public Relations Specialists,2019,70190.0,Very Low,Q4,"(60460.0, 87500.0]","(61812.893, 101799.419]"
27-3041,Editors,2019,71910.0,Very Low,Q4,"(60460.0, 87500.0]","(61812.893, 101799.419]"
27-3042,Technical Writers,2019,76860.0,Very Low,Q4,"(60460.0, 87500.0]","(61812.893, 101799.419]"
27-3043,Writers and Authors,2019,73860.0,Very Low,Q4,"(60460.0, 87500.0]","(61812.893, 101799.419]"
27-3091,Interpreters and Translators,2019,57000.0,Very Low,Q3,"(40715.0, 60460.0]","(-inf, 61812.893]"
27-3092,Court Reporters and Simultaneous Captioners,2019,64990.0,Very Low,Q3,"(60460.0, 87500.0]","(61812.893, 101799.419]"
27-3099,"Media and Communication Workers, All Other",2019,53060.0,Very Low,Q3,"(40715.0, 60460.0]","(-inf, 61812.893]"
27-4011,Audio and Video Technicians,2019,51260.0,Very Low,Q2,"(40715.0, 60460.0]","(-inf, 61812.893]"
27-4012,Broadcast Technicians,2019,46800.0,Very Low,Q2,"(40715.0, 60460.0]","(-inf, 61812.893]"
27-4014,Sound Engineering Technicians,2019,67090.0,Very Low,Q4,"(60460.0, 87500.0]","(61812.893, 101799.419]"
27-4021,Photographers,2019,45440.0,Very Low,Q2,"(40715.0, 60460.0]","(-inf, 61812.893]"
27-4031,"Camera Operators, Television, Video, and Film",2019,64960.0,Very Low,Q3,"(60460.0, 87500.0]","(61812.893, 101799.419]"
27-4032,Film and Video Editors,2019,87300.0,Very Low,Q4,"(60460.0, 87500.0]","(61812.893, 101799.419]"
27-4098,"Lighting Technicians and Media and Communication Equipment Workers, All Other",2019,73700.0,Very Low,Q4,"(60460.0, 87500.0]","(61812.893, 101799.419]"
29-1011,Chiropractors,2019,85010.0,Very Low,Q4,"(60460.0, 87500.0]","(61812.893, 101799.419]"
29-1021,"Dentists, General",2019,178260.0,Low,Q5,"(171905.0, inf]","(101799.419, 179850.373]"
29-1022,Oral and Maxillofacial Surgeons,2019,237570.0,Mid,Q5,"(171905.0, inf]","(179850.373, 294651.12]"
29-1023,Orthodontists,2019,230830.0,Mid,Q5,"(171905.0, inf]","(179850.373, 294651.12]"
29-1024,Prosthodontists,2019,220840.0,Mid,Q5,"(171905.0, inf]","(179850.373, 294651.12]"
29-1029,"Dentists, All Other Specialists",2019,178040.0,Low,Q5,"(171905.0, inf]","(101799.419, 179850.373]"
29-1031,Dietitians and Nutritionists,2019,62330.0,Very Low,Q3,"(60460.0, 87500.0]","(61812.893, 101799.419]"
29-1041,Optometrists,2019,122980.0,Low,Q5,"(87500.0, 171905.0]","(101799.419, 179850.373]"
29-1051,Pharmacists,2019,125510.0,Low,Q5,"(87500.0, 171905.0]","(101799.419, 179850.373]"
29-1071,Physician Assistants,2019,112410.0,Low,Q5,"(87500.0, 171905.0]","(101799.419, 179850.373]"
29-1081,Podiatrists,2019,142680.0,Low,Q5,"(87500.0, 171905.0]","(101799.419, 179850.373]"
29-1122,Occupational Therapists,2019,86210.0,Very Low,Q4,"(60460.0, 87500.0]","(61812.893, 101799.419]"
29-1123,Physical Therapists,2019,90170.0,Very Low,Q4,"(87500.0, 171905.0]","(61812.893, 101799.419]"
29-1124,Radiation Therapists,2019,91620.0,Very Low,Q4,"(87500.0, 171905.0]","(61812.893, 101799.419]"
29-1125,Recreational Therapists,2019,51130.0,Very Low,Q2,"(40715.0, 60460.0]","(-inf, 61812.893]"
29-1126,Respiratory Therapists,2019,63950.0,Very Low,Q3,"(60460.0, 87500.0]","(61812.893, 101799.419]"
29-1127,Speech-Language Pathologists,2019,82000.0,Very Low,Q4,"(60460.0, 87500.0]","(61812.893, 101799.419]"
29-1128,Exercise Physiologists,2019,54750.0,Very Low,Q3,"(40715.0, 60460.0]","(-inf, 61812.893]"
29-1129,"Therapists, All Other",2019,58600.0,Very Low,Q3,"(40715.0, 60460.0]","(-inf, 61812.893]"
29-1131,Veterinarians,2019,104820.0,Very Low,Q5,"(87500.0, 171905.0]","(101799.419, 179850.373]"
29-1141,Registered Nurses,2019,77460.0,Very Low,Q4,"(60460.0, 87500.0]","(61812.893, 101799.419]"
29-1151,Nurse Anesthetists,2019,181040.0,Low,Q5,"(171905.0, inf]","(179850.373, 294651.12]"
29-1161,Nurse Midwives,2019,108810.0,Low,Q5,"(87500.0, 171905.0]","(101799.419, 179850.373]"
29-1171,Nurse Practitioners,2019,111840.0,Low,Q5,"(87500.0, 171905.0]","(101799.419, 179850.373]"
29-1181,Audiologists,2019,83900.0,Very Low,Q4,"(60460.0, 87500.0]","(61812.893, 101799.419]"
29-1211,Anesthesiologists,2019,261730.0,Mid,Q5,"(171905.0, inf]","(179850.373, 294651.12]"
29-1215,Family Medicine Physicians,2019,213270.0,Mid,Q5,"(171905.0, inf]","(179850.373, 294651.12]"
29-1216,General Internal Medicine Physicians,2019,201440.0,Mid,Q5,"(171905.0, inf]","(179850.373, 294651.12]"
29-1218,Obstetricians and Gynecologists,2019,233610.0,Mid,Q5,"(171905.0, inf]","(179850.373, 294651.12]"
29-1221,"Pediatricians, General",2019,184410.0,Low,Q5,"(171905.0, inf]","(179850.373, 294651.12]"
29-1223,Psychiatrists,2019,220430.0,Mid,Q5,"(171905.0, inf]","(179850.373, 294651.12]"
29-1228,"Physicians, All Other; and Ophthalmologists, Except Pediatric",2019,203450.0,Mid,Q5,"(171905.0, inf]","(179850.373, 294651.12]"
29-1248,"Surgeons, Except Ophthalmologists",2019,252040.0,Mid,Q5,"(171905.0, inf]","(179850.373, 294651.12]"
29-1292,Dental Hygienists,2019,77230.0,Very Low,Q4,"(60460.0, 87500.0]","(61812.893, 101799.419]"
29-1298,"Acupuncturists and Healthcare Diagnosing or Treating Practitioners, All Other",2019,89060.0,Very Low,Q4,"(87500.0, 171905.0]","(61812.893, 101799.419]"
29-2010,Clinical Laboratory Technologists and Technicians,2019,54780.0,Very Low,Q3,"(40715.0, 60460.0]","(-inf, 61812.893]"
29-2031,Cardiovascular Technologists and Technicians,2019,59600.0,Very Low,Q3,"(40715.0, 60460.0]","(-inf, 61812.893]"
29-2032,Diagnostic Medical Sonographers,2019,75780.0,Very Low,Q4,"(60460.0, 87500.0]","(61812.893, 101799.419]"
29-2033,Nuclear Medicine Technologists,2019,80240.0,Very Low,Q4,"(60460.0, 87500.0]","(61812.893, 101799.419]"
29-2034,Radiologic Technologists and Technicians,2019,63120.0,Very Low,Q3,"(60460.0, 87500.0]","(61812.893, 101799.419]"
29-2035,Magnetic Resonance Imaging Technologists,2019,74270.0,Very Low,Q4,"(60460.0, 87500.0]","(61812.893, 101799.419]"
29-2040,Emergency Medical Technicians and Paramedics,2019,38830.0,Very Low,Q1,"(-inf, 40715.0]","(-inf, 61812.893]"
29-2051,Dietetic Technicians,2019,31180.0,Very Low,Q1,"(-inf, 40715.0]","(-inf, 61812.893]"
29-2052,Pharmacy Technicians,2019,35250.0,Very Low,Q1,"(-inf, 40715.0]","(-inf, 61812.893]"
29-2053,Psychiatric Technicians,2019,37550.0,Very Low,Q1,"(-inf, 40715.0]","(-inf, 61812.893]"
29-2055,Surgical Technologists,2019,50110.0,Very Low,Q2,"(40715.0, 60460.0]","(-inf, 61812.893]"
29-2056,Veterinary Technologists and Technicians,2019,36670.0,Very Low,Q1,"(-inf, 40715.0]","(-inf, 61812.893]"
29-2057,Ophthalmic Medical Technicians,2019,38760.0,Very Low,Q1,"(-inf, 40715.0]","(-inf, 61812.893]"
29-2061,Licensed Practical and Licensed Vocational Nurses,2019,48500.0,Very Low,Q2,"(40715.0, 60460.0]","(-inf, 61812.893]"
29-2081,"Opticians, Dispensing",2019,40730.0,Very Low,Q1,"(40715.0, 60460.0]","(-inf, 61812.893]"
29-2091,Orthotists and Prosthetists,2019,72810.0,Very Low,Q4,"(60460.0, 87500.0]","(61812.893, 101799.419]"
29-2092,Hearing Aid Specialists,2019,55360.0,Very Low,Q3,"(40715.0, 60460.0]","(-inf, 61812.893]"
29-2098,"Medical Dosimetrists, Medical Records Specialists, and Health Technologists and Technicians, All Other",2019,46590.0,Very Low,Q2,"(40715.0, 60460.0]","(-inf, 61812.893]"
29-9091,Athletic Trainers,2019,50540.0,Very Low,Q2,"(40715.0, 60460.0]","(-inf, 61812.893]"
29-9092,Genetic Counselors,2019,84310.0,Very Low,Q4,"(60460.0, 87500.0]","(61812.893, 101799.419]"
29-9098,"Health Information Technologists, Medical Registrars, Surgical Assistants, and Healthcare Practitioners and Technical Workers, All Other",2019,58600.0,Very Low,Q3,"(40715.0, 60460.0]","(-inf, 61812.893]"
31-1120,Home Health and Personal Care Aides,2019,26440.0,Very Low,Q1,"(-inf, 40715.0]","(-inf, 61812.893]"
31-1131,Nursing Assistants,2019,30720.0,Very Low,Q1,"(-inf, 40715.0]","(-inf, 61812.893]"
31-1132,Orderlies,2019,30710.0,Very Low,Q1,"(-inf, 40715.0]","(-inf, 61812.893]"
31-1133,Psychiatric Aides,2019,32590.0,Very Low,Q1,"(-inf, 40715.0]","(-inf, 61812.893]"
31-2011,Occupational Therapy Assistants,2019,61880.0,Very Low,Q3,"(60460.0, 87500.0]","(61812.893, 101799.419]"
31-2012,Occupational Therapy Aides,2019,34310.0,Very Low,Q1,"(-inf, 40715.0]","(-inf, 61812.893]"
31-2021,Physical Therapist Assistants,2019,58520.0,Very Low,Q3,"(40715.0, 60460.0]","(-inf, 61812.893]"
31-2022,Physical Therapist Aides,2019,29180.0,Very Low,Q1,"(-inf, 40715.0]","(-inf, 61812.893]"
31-9011,Massage Therapists,2019,47180.0,Very Low,Q2,"(40715.0, 60460.0]","(-inf, 61812.893]"
31-9091,Dental Assistants,2019,41170.0,Very Low,Q1,"(40715.0, 60460.0]","(-inf, 61812.893]"
31-9092,Medical Assistants,2019,35720.0,Very Low,Q1,"(-inf, 40715.0]","(-inf, 61812.893]"
31-9093,Medical Equipment Preparers,2019,39530.0,Very Low,Q1,"(-inf, 40715.0]","(-inf, 61812.893]"
31-9094,Medical Transcriptionists,2019,35210.0,Very Low,Q1,"(-inf, 40715.0]","(-inf, 61812.893]"
31-9095,Pharmacy Aides,2019,30490.0,Very Low,Q1,"(-inf, 40715.0]","(-inf, 61812.893]"
31-9096,Veterinary Assistants and Laboratory Animal Caretakers,2019,29690.0,Very Low,Q1,"(-inf, 40715.0]","(-inf, 61812.893]"
31-9097,Phlebotomists,2019,36480.0,Very Low,Q1,"(-inf, 40715.0]","(-inf, 61812.893]"
31-9099,"Healthcare Support Workers, All Other",2019,40010.0,Very Low,Q1,"(-inf, 40715.0]","(-inf, 61812.893]"
33-1011,First-Line Supervisors of Correctional Officers,2019,69000.0,Very Low,Q4,"(60460.0, 87500.0]","(61812.893, 101799.419]"
33-1012,First-Line Supervisors of Police and Detectives,2019,94950.0,Very Low,Q5,"(87500.0, 171905.0]","(61812.893, 101799.419]"
33-1021,First-Line Supervisors of Firefighting and Prevention Workers,2019,82010.0,Very Low,Q4,"(60460.0, 87500.0]","(61812.893, 101799.419]"
33-1090,"Miscellaneous First-Line Supervisors, Protective Service Workers",2019,53210.0,Very Low,Q3,"(40715.0, 60460.0]","(-inf, 61812.893]"
33-2011,Firefighters,2019,54650.0,Very Low,Q3,"(40715.0, 60460.0]","(-inf, 61812.893]"
33-2021,Fire Inspectors and Investigators,2019,64730.0,Very Low,Q3,"(60460.0, 87500.0]","(61812.893, 101799.419]"
33-2022,Forest Fire Inspectors and Prevention Specialists,2019,53350.0,Very Low,Q3,"(40715.0, 60460.0]","(-inf, 61812.893]"
33-3011,Bailiffs,2019,51840.0,Very Low,Q2,"(40715.0, 60460.0]","(-inf, 61812.893]"
33-3012,Correctional Officers and Jailers,2019,50130.0,Very Low,Q2,"(40715.0, 60460.0]","(-inf, 61812.893]"
33-3021,Detectives and Criminal Investigators,2019,86030.0,Very Low,Q4,"(60460.0, 87500.0]","(61812.893, 101799.419]"
33-3031,Fish and Game Wardens,2019,57690.0,Very Low,Q3,"(40715.0, 60460.0]","(-inf, 61812.893]"
33-3041,Parking Enforcement Workers,2019,43420.0,Very Low,Q2,"(40715.0, 60460.0]","(-inf, 61812.893]"
33-3051,Police and Sheriff's Patrol Officers,2019,67600.0,Very Low,Q4,"(60460.0, 87500.0]","(61812.893, 101799.419]"
33-3052,Transit and Railroad Police,2019,71120.0,Very Low,Q4,"(60460.0, 87500.0]","(61812.893, 101799.419]"
33-9011,Animal Control Workers,2019,39710.0,Very Low,Q1,"(-inf, 40715.0]","(-inf, 61812.893]"
33-9021,Private Detectives and Investigators,2019,57000.0,Very Low,Q3,"(40715.0, 60460.0]","(-inf, 61812.893]"
33-9031,Gambling Surveillance Officers and Gambling Investigators,2019,38030.0,Very Low,Q1,"(-inf, 40715.0]","(-inf, 61812.893]"
33-9032,Security Guards,2019,33030.0,Very Low,Q1,"(-inf, 40715.0]","(-inf, 61812.893]"
33-9091,Crossing Guards and Flaggers,2019,32920.0,Very Low,Q1,"(-inf, 40715.0]","(-inf, 61812.893]"
33-9092,"Lifeguards, Ski Patrol, and Other Recreational Protective Service Workers",2019,25380.0,Very Low,Q1,"(-inf, 40715.0]","(-inf, 61812.893]"
33-9093,Transportation Security Screeners,2019,42310.0,Very Low,Q2,"(40715.0, 60460.0]","(-inf, 61812.893]"
33-9098,"School Bus Monitors and Protective Service Workers, All Other",2019,34880.0,Very Low,Q1,"(-inf, 40715.0]","(-inf, 61812.893]"
35-1011,Chefs and Head Cooks,2019,56310.0,Very Low,Q3,"(40715.0, 60460.0]","(-inf, 61812.893]"
35-1012,First-Line Supervisors of Food Preparation and Serving Workers,2019,36960.0,Very Low,Q1,"(-inf, 40715.0]","(-inf, 61812.893]"
35-2011,"Cooks, Fast Food",2019,23530.0,Very Low,Q1,"(-inf, 40715.0]","(-inf, 61812.893]"
35-2012,"Cooks, Institution and Cafeteria",2019,29030.0,Very Low,Q1,"(-inf, 40715.0]","(-inf, 61812.893]"
35-2013,"Cooks, Private Household",2019,45600.0,Very Low,Q2,"(40715.0, 60460.0]","(-inf, 61812.893]"
35-2014,"Cooks, Restaurant",2019,28700.0,Very Low,Q1,"(-inf, 40715.0]","(-inf, 61812.893]"
35-2015,"Cooks, Short Order",2019,26240.0,Very Low,Q1,"(-inf, 40715.0]","(-inf, 61812.893]"
35-2019,"Cooks, All Other",2019,32240.0,Very Low,Q1,"(-inf, 40715.0]","(-inf, 61812.893]"
35-2021,Food Preparation Workers,2019,25820.0,Very Low,Q1,"(-inf, 40715.0]","(-inf, 61812.893]"
35-3011,Bartenders,2019,28000.0,Very Low,Q1,"(-inf, 40715.0]","(-inf, 61812.893]"
35-3023,Fast Food and Counter Workers,2019,23250.0,Very Low,Q1,"(-inf, 40715.0]","(-inf, 61812.893]"
35-3031,Waiters and Waitresses,2019,26800.0,Very Low,Q1,"(-inf, 40715.0]","(-inf, 61812.893]"
35-3041,"Food Servers, Nonrestaurant",2019,26080.0,Very Low,Q1,"(-inf, 40715.0]","(-inf, 61812.893]"
35-9011,Dining Room and Cafeteria Attendants and Bartender Helpers,2019,25020.0,Very Low,Q1,"(-inf, 40715.0]","(-inf, 61812.893]"
35-9021,Dishwashers,2019,24410.0,Very Low,Q1,"(-inf, 40715.0]","(-inf, 61812.893]"
35-9031,"Hosts and Hostesses, Restaurant, Lounge, and Coffee Shop",2019,24010.0,Very Low,Q1,"(-inf, 40715.0]","(-inf, 61812.893]"
35-9099,"Food Preparation and Serving Related Workers, All Other",2019,26510.0,Very Low,Q1,"(-inf, 40715.0]","(-inf, 61812.893]"
37-1011,First-Line Supervisors of Housekeeping and Janitorial Workers,2019,44160.0,Very Low,Q2,"(40715.0, 60460.0]","(-inf, 61812.893]"
37-1012,"First-Line Supervisors of Landscaping, Lawn Service, and Groundskeeping Workers",2019,52340.0,Very Low,Q3,"(40715.0, 60460.0]","(-inf, 61812.893]"
37-2011,"Janitors and Cleaners, Except Maids and Housekeeping Cleaners",2019,30010.0,Very Low,Q1,"(-inf, 40715.0]","(-inf, 61812.893]"
37-2012,Maids and Housekeeping Cleaners,2019,26810.0,Very Low,Q1,"(-inf, 40715.0]","(-inf, 61812.893]"
37-2019,"Building Cleaning Workers, All Other",2019,35270.0,Very Low,Q1,"(-inf, 40715.0]","(-inf, 61812.893]"
37-2021,Pest Control Workers,2019,39910.0,Very Low,Q1,"(-inf, 40715.0]","(-inf, 61812.893]"
37-3011,Landscaping and Groundskeeping Workers,2019,32360.0,Very Low,Q1,"(-inf, 40715.0]","(-inf, 61812.893]"
37-3012,"Pesticide Handlers, Sprayers, and Applicators, Vegetation",2019,39230.0,Very Low,Q1,"(-inf, 40715.0]","(-inf, 61812.893]"
37-3013,Tree Trimmers and Pruners,2019,42510.0,Very Low,Q2,"(40715.0, 60460.0]","(-inf, 61812.893]"
37-3019,"Grounds Maintenance Workers, All Other",2019,37870.0,Very Low,Q1,"(-inf, 40715.0]","(-inf, 61812.893]"
39-1013,First-Line Supervisors of Gambling Services Workers,2019,51850.0,Very Low,Q2,"(40715.0, 60460.0]","(-inf, 61812.893]"
39-1098,"First-Line Supervisors of Personal Service and Entertainment and Recreation Workers, Except Gambling Services",2019,43400.0,Very Low,Q2,"(40715.0, 60460.0]","(-inf, 61812.893]"
39-2011,Animal Trainers,2019,36240.0,Very Low,Q1,"(-inf, 40715.0]","(-inf, 61812.893]"
39-2021,Animal Caretakers,2019,27060.0,Very Low,Q1,"(-inf, 40715.0]","(-inf, 61812.893]"
39-3011,Gambling Dealers,2019,23980.0,Very Low,Q1,"(-inf, 40715.0]","(-inf, 61812.893]"
39-3012,Gambling and Sports Book Writers and Runners,2019,27830.0,Very Low,Q1,"(-inf, 40715.0]","(-inf, 61812.893]"
39-3019,"Gambling Service Workers, All Other",2019,32000.0,Very Low,Q1,"(-inf, 40715.0]","(-inf, 61812.893]"
39-3021,Motion Picture Projectionists,2019,29890.0,Very Low,Q1,"(-inf, 40715.0]","(-inf, 61812.893]"
39-3031,"Ushers, Lobby Attendants, and Ticket Takers",2019,24870.0,Very Low,Q1,"(-inf, 40715.0]","(-inf, 61812.893]"
39-3091,Amusement and Recreation Attendants,2019,24330.0,Very Low,Q1,"(-inf, 40715.0]","(-inf, 61812.893]"
39-3092,Costume Attendants,2019,48970.0,Very Low,Q2,"(40715.0, 60460.0]","(-inf, 61812.893]"
39-3093,"Locker Room, Coatroom, and Dressing Room Attendants",2019,28230.0,Very Low,Q1,"(-inf, 40715.0]","(-inf, 61812.893]"
39-3099,"Entertainment Attendants and Related Workers, All Other",2019,31790.0,Very Low,Q1,"(-inf, 40715.0]","(-inf, 61812.893]"
39-4011,Embalmers,2019,50100.0,Very Low,Q2,"(40715.0, 60460.0]","(-inf, 61812.893]"
39-4021,Funeral Attendants,2019,29830.0,Very Low,Q1,"(-inf, 40715.0]","(-inf, 61812.893]"
39-4031,"Morticians, Undertakers, and Funeral Arrangers",2019,58360.0,Very Low,Q3,"(40715.0, 60460.0]","(-inf, 61812.893]"
39-5011,Barbers,2019,35190.0,Very Low,Q1,"(-inf, 40715.0]","(-inf, 61812.893]"
39-5012,"Hairdressers, Hairstylists, and Cosmetologists",2019,31530.0,Very Low,Q1,"(-inf, 40715.0]","(-inf, 61812.893]"
39-5091,"Makeup Artists, Theatrical and Performance",2019,81600.0,Very Low,Q4,"(60460.0, 87500.0]","(61812.893, 101799.419]"
39-5092,Manicurists and Pedicurists,2019,27390.0,Very Low,Q1,"(-inf, 40715.0]","(-inf, 61812.893]"
39-5093,Shampooers,2019,22910.0,Very Low,Q1,"(-inf, 40715.0]","(-inf, 61812.893]"
39-5094,Skincare Specialists,2019,38970.0,Very Low,Q1,"(-inf, 40715.0]","(-inf, 61812.893]"
39-6011,Baggage Porters and Bellhops,2019,28230.0,Very Low,Q1,"(-inf, 40715.0]","(-inf, 61812.893]"
39-6012,Concierges,2019,34290.0,Very Low,Q1,"(-inf, 40715.0]","(-inf, 61812.893]"
39-7010,Tour and Travel Guides,2019,30670.0,Very Low,Q1,"(-inf, 40715.0]","(-inf, 61812.893]"
39-9011,Childcare Workers,2019,25510.0,Very Low,Q1,"(-inf, 40715.0]","(-inf, 61812.893]"
39-9031,Exercise Trainers and Group Fitness Instructors,2019,45110.0,Very Low,Q2,"(40715.0, 60460.0]","(-inf, 61812.893]"
39-9032,Recreation Workers,2019,29330.0,Very Low,Q1,"(-inf, 40715.0]","(-inf, 61812.893]"
39-9041,Residential Advisors,2019,31610.0,Very Low,Q1,"(-inf, 40715.0]","(-inf, 61812.893]"
39-9098,"Crematory Operators and Personal Care and Service Workers, All Other",2019,29190.0,Very Low,Q1,"(-inf, 40715.0]","(-inf, 61812.893]"
41-1011,First-Line Supervisors of Retail Sales Workers,2019,45830.0,Very Low,Q2,"(40715.0, 60460.0]","(-inf, 61812.893]"
41-1012,First-Line Supervisors of Non-Retail Sales Workers,2019,86180.0,Very Low,Q4,"(60460.0, 87500.0]","(61812.893, 101799.419]"
41-2011,Cashiers,2019,24370.0,Very Low,Q1,"(-inf, 40715.0]","(-inf, 61812.893]"
41-2012,Gambling Change Persons and Booth Cashiers,2019,28010.0,Very Low,Q1,"(-inf, 40715.0]","(-inf, 61812.893]"
41-2021,Counter and Rental Clerks,2019,32600.0,Very Low,Q1,"(-inf, 40715.0]","(-inf, 61812.893]"
41-2022,Parts Salespersons,2019,35220.0,Very Low,Q1,"(-inf, 40715.0]","(-inf, 61812.893]"
41-2031,Retail Salespersons,2019,29360.0,Very Low,Q1,"(-inf, 40715.0]","(-inf, 61812.893]"
41-3011,Advertising Sales Agents,2019,64660.0,Very Low,Q3,"(60460.0, 87500.0]","(61812.893, 101799.419]"
41-3021,Insurance Sales Agents,2019,67780.0,Very Low,Q4,"(60460.0, 87500.0]","(61812.893, 101799.419]"
41-3031,"Securities, Commodities, and Financial Services Sales Agents",2019,93090.0,Very Low,Q5,"(87500.0, 171905.0]","(61812.893, 101799.419]"
41-3041,Travel Agents,2019,44690.0,Very Low,Q2,"(40715.0, 60460.0]","(-inf, 61812.893]"
41-3091,"Sales Representatives of Services, Except Advertising, Insurance, Financial Services, and Travel",2019,66760.0,Very Low,Q4,"(60460.0, 87500.0]","(61812.893, 101799.419]"
41-4011,"Sales Representatives, Wholesale and Manufacturing, Technical and Scientific Products",2019,92980.0,Very Low,Q5,"(87500.0, 171905.0]","(61812.893, 101799.419]"
41-4012,"Sales Representatives, Wholesale and Manufacturing, Except Technical and Scientific Products",2019,71110.0,Very Low,Q4,"(60460.0, 87500.0]","(61812.893, 101799.419]"
41-9011,Demonstrators and Product Promoters,2019,35320.0,Very Low,Q1,"(-inf, 40715.0]","(-inf, 61812.893]"
41-9012,Models,2019,36430.0,Very Low,Q1,"(-inf, 40715.0]","(-inf, 61812.893]"
41-9021,Real Estate Brokers,2019,81450.0,Very Low,Q4,"(60460.0, 87500.0]","(61812.893, 101799.419]"
41-9022,Real Estate Sales Agents,2019,62060.0,Very Low,Q3,"(60460.0, 87500.0]","(61812.893, 101799.419]"
41-9031,Sales Engineers,2019,112780.0,Low,Q5,"(87500.0, 171905.0]","(101799.419, 179850.373]"
41-9041,Telemarketers,2019,29770.0,Very Low,Q1,"(-inf, 40715.0]","(-inf, 61812.893]"
41-9091,"Door-to-Door Sales Workers, News and Street Vendors, and Related Workers",2019,35150.0,Very Low,Q1,"(-inf, 40715.0]","(-inf, 61812.893]"
41-9099,"Sales and Related Workers, All Other",2019,40620.0,Very Low,Q1,"(-inf, 40715.0]","(-inf, 61812.893]"
43-1011,First-Line Supervisors of Office and Administrative Support Workers,2019,60130.0,Very Low,Q3,"(40715.0, 60460.0]","(-inf, 61812.893]"
43-2011,"Switchboard Operators, Including Answering Service",2019,33030.0,Very Low,Q1,"(-inf, 40715.0]","(-inf, 61812.893]"
43-2021,Telephone Operators,2019,37940.0,Very Low,Q1,"(-inf, 40715.0]","(-inf, 61812.893]"
43-2099,"Communications Equipment Operators, All Other",2019,46050.0,Very Low,Q2,"(40715.0, 60460.0]","(-inf, 61812.893]"
43-3011,Bill and Account Collectors,2019,39300.0,Very Low,Q1,"(-inf, 40715.0]","(-inf, 61812.893]"
43-3021,Billing and Posting Clerks,2019,40620.0,Very Low,Q1,"(-inf, 40715.0]","(-inf, 61812.893]"
43-3031,"Bookkeeping, Accounting, and Auditing Clerks",2019,42960.0,Very Low,Q2,"(40715.0, 60460.0]","(-inf, 61812.893]"
43-3041,Gambling Cage Workers,2019,29600.0,Very Low,Q1,"(-inf, 40715.0]","(-inf, 61812.893]"
43-3051,Payroll and Timekeeping Clerks,2019,47390.0,Very Low,Q2,"(40715.0, 60460.0]","(-inf, 61812.893]"
43-3061,Procurement Clerks,2019,43980.0,Very Low,Q2,"(40715.0, 60460.0]","(-inf, 61812.893]"
43-3071,Tellers,2019,31660.0,Very Low,Q1,"(-inf, 40715.0]","(-inf, 61812.893]"
43-3099,"Financial Clerks, All Other",2019,44740.0,Very Low,Q2,"(40715.0, 60460.0]","(-inf, 61812.893]"
43-4011,Brokerage Clerks,2019,55190.0,Very Low,Q3,"(40715.0, 60460.0]","(-inf, 61812.893]"
43-4021,Correspondence Clerks,2019,39570.0,Very Low,Q1,"(-inf, 40715.0]","(-inf, 61812.893]"
43-4031,"Court, Municipal, and License Clerks",2019,42030.0,Very Low,Q2,"(40715.0, 60460.0]","(-inf, 61812.893]"
43-4041,"Credit Authorizers, Checkers, and Clerks",2019,41880.0,Very Low,Q2,"(40715.0, 60460.0]","(-inf, 61812.893]"
43-4051,Customer Service Representatives,2019,37320.0,Very Low,Q1,"(-inf, 40715.0]","(-inf, 61812.893]"
43-4061,"Eligibility Interviewers, Government Programs",2019,47110.0,Very Low,Q2,"(40715.0, 60460.0]","(-inf, 61812.893]"
43-4071,File Clerks,2019,34610.0,Very Low,Q1,"(-inf, 40715.0]","(-inf, 61812.893]"
43-4081,"Hotel, Motel, and Resort Desk Clerks",2019,25950.0,Very Low,Q1,"(-inf, 40715.0]","(-inf, 61812.893]"
43-4111,"Interviewers, Except Eligibility and Loan",2019,36390.0,Very Low,Q1,"(-inf, 40715.0]","(-inf, 61812.893]"
43-4121,"Library Assistants, Clerical",2019,29820.0,Very Low,Q1,"(-inf, 40715.0]","(-inf, 61812.893]"
43-4131,Loan Interviewers and Clerks,2019,41960.0,Very Low,Q2,"(40715.0, 60460.0]","(-inf, 61812.893]"
43-4141,New Accounts Clerks,2019,38490.0,Very Low,Q1,"(-inf, 40715.0]","(-inf, 61812.893]"
43-4151,Order Clerks,2019,36600.0,Very Low,Q1,"(-inf, 40715.0]","(-inf, 61812.893]"
43-4161,"Human Resources Assistants, Except Payroll and Timekeeping",2019,42620.0,Very Low,Q2,"(40715.0, 60460.0]","(-inf, 61812.893]"
43-4171,Receptionists and Information Clerks,2019,31250.0,Very Low,Q1,"(-inf, 40715.0]","(-inf, 61812.893]"
43-4181,Reservation and Transportation Ticket Agents and Travel Clerks,2019,44390.0,Very Low,Q2,"(40715.0, 60460.0]","(-inf, 61812.893]"
43-4199,"Information and Record Clerks, All Other",2019,42410.0,Very Low,Q2,"(40715.0, 60460.0]","(-inf, 61812.893]"
43-5011,Cargo and Freight Agents,2019,46770.0,Very Low,Q2,"(40715.0, 60460.0]","(-inf, 61812.893]"
43-5021,Couriers and Messengers,2019,31640.0,Very Low,Q1,"(-inf, 40715.0]","(-inf, 61812.893]"
43-5031,Public Safety Telecommunicators,2019,44310.0,Very Low,Q2,"(40715.0, 60460.0]","(-inf, 61812.893]"
43-5032,"Dispatchers, Except Police, Fire, and Ambulance",2019,44100.0,Very Low,Q2,"(40715.0, 60460.0]","(-inf, 61812.893]"
43-5041,"Meter Readers, Utilities",2019,46250.0,Very Low,Q2,"(40715.0, 60460.0]","(-inf, 61812.893]"
43-5051,Postal Service Clerks,2019,50610.0,Very Low,Q2,"(40715.0, 60460.0]","(-inf, 61812.893]"
43-5052,Postal Service Mail Carriers,2019,52180.0,Very Low,Q3,"(40715.0, 60460.0]","(-inf, 61812.893]"
43-5053,"Postal Service Mail Sorters, Processors, and Processing Machine Operators",2019,51190.0,Very Low,Q2,"(40715.0, 60460.0]","(-inf, 61812.893]"
43-5061,"Production, Planning, and Expediting Clerks",2019,50640.0,Very Low,Q2,"(40715.0, 60460.0]","(-inf, 61812.893]"
43-5071,"Shipping, Receiving, and Inventory Clerks",2019,36030.0,Very Low,Q1,"(-inf, 40715.0]","(-inf, 61812.893]"
43-5111,"Weighers, Measurers, Checkers, and Samplers, Recordkeeping",2019,36650.0,Very Low,Q1,"(-inf, 40715.0]","(-inf, 61812.893]"
43-6011,Executive Secretaries and Executive Administrative Assistants,2019,62920.0,Very Low,Q3,"(60460.0, 87500.0]","(61812.893, 101799.419]"
43-6012,Legal Secretaries and Administrative Assistants,2019,50900.0,Very Low,Q2,"(40715.0, 60460.0]","(-inf, 61812.893]"
43-6013,Medical Secretaries and Administrative Assistants,2019,38090.0,Very Low,Q1,"(-inf, 40715.0]","(-inf, 61812.893]"
43-6014,"Secretaries and Administrative Assistants, Except Legal, Medical, and Executive",2019,39180.0,Very Low,Q1,"(-inf, 40715.0]","(-inf, 61812.893]"
43-9021,Data Entry Keyers,2019,34820.0,Very Low,Q1,"(-inf, 40715.0]","(-inf, 61812.893]"
43-9022,Word Processors and Typists,2019,41880.0,Very Low,Q2,"(40715.0, 60460.0]","(-inf, 61812.893]"
43-9031,Desktop Publishers,2019,48740.0,Very Low,Q2,"(40715.0, 60460.0]","(-inf, 61812.893]"
43-9041,Insurance Claims and Policy Processing Clerks,2019,43280.0,Very Low,Q2,"(40715.0, 60460.0]","(-inf, 61812.893]"
43-9051,"Mail Clerks and Mail Machine Operators, Except Postal Service",2019,32620.0,Very Low,Q1,"(-inf, 40715.0]","(-inf, 61812.893]"
43-9061,"Office Clerks, General",2019,36360.0,Very Low,Q1,"(-inf, 40715.0]","(-inf, 61812.893]"
43-9071,"Office Machine Operators, Except Computer",2019,35150.0,Very Low,Q1,"(-inf, 40715.0]","(-inf, 61812.893]"
43-9081,Proofreaders and Copy Markers,2019,43200.0,Very Low,Q2,"(40715.0, 60460.0]","(-inf, 61812.893]"
43-9111,Statistical Assistants,2019,51640.0,Very Low,Q2,"(40715.0, 60460.0]","(-inf, 61812.893]"
43-9199,"Office and Administrative Support Workers, All Other",2019,38290.0,Very Low,Q1,"(-inf, 40715.0]","(-inf, 61812.893]"
45-1011,"First-Line Supervisors of Farming, Fishing, and Forestry Workers",2019,52520.0,Very Low,Q3,"(40715.0, 60460.0]","(-inf, 61812.893]"
45-2011,Agricultural Inspectors,2019,47160.0,Very Low,Q2,"(40715.0, 60460.0]","(-inf, 61812.893]"
45-2021,Animal Breeders,2019,46420.0,Very Low,Q2,"(40715.0, 60460.0]","(-inf, 61812.893]"
45-2041,"Graders and Sorters, Agricultural Products",2019,27570.0,Very Low,Q1,"(-inf, 40715.0]","(-inf, 61812.893]"
45-2091,Agricultural Equipment Operators,2019,33300.0,Very Low,Q1,"(-inf, 40715.0]","(-inf, 61812.893]"
45-2092,"Farmworkers and Laborers, Crop, Nursery, and Greenhouse",2019,27780.0,Very Low,Q1,"(-inf, 40715.0]","(-inf, 61812.893]"
45-2093,"Farmworkers, Farm, Ranch, and Aquacultural Animals",2019,29880.0,Very Low,Q1,"(-inf, 40715.0]","(-inf, 61812.893]"
45-2099,"Agricultural Workers, All Other",2019,33930.0,Very Low,Q1,"(-inf, 40715.0]","(-inf, 61812.893]"
45-4011,Forest and Conservation Workers,2019,32790.0,Very Low,Q1,"(-inf, 40715.0]","(-inf, 61812.893]"
45-4021,Fallers,2019,49670.0,Very Low,Q2,"(40715.0, 60460.0]","(-inf, 61812.893]"
45-4022,Logging Equipment Operators,2019,42060.0,Very Low,Q2,"(40715.0, 60460.0]","(-inf, 61812.893]"
45-4023,Log Graders and Scalers,2019,39110.0,Very Low,Q1,"(-inf, 40715.0]","(-inf, 61812.893]"
45-4029,"Logging Workers, All Other",2019,40390.0,Very Low,Q1,"(-inf, 40715.0]","(-inf, 61812.893]"
47-1011,First-Line Supervisors of Construction Trades and Extraction Workers,2019,71440.0,Very Low,Q4,"(60460.0, 87500.0]","(61812.893, 101799.419]"
47-2011,Boilermakers,2019,65040.0,Very Low,Q3,"(60460.0, 87500.0]","(61812.893, 101799.419]"
47-2021,Brickmasons and Blockmasons,2019,56470.0,Very Low,Q3,"(40715.0, 60460.0]","(-inf, 61812.893]"
47-2022,Stonemasons,2019,48070.0,Very Low,Q2,"(40715.0, 60460.0]","(-inf, 61812.893]"
47-2031,Carpenters,2019,52850.0,Very Low,Q3,"(40715.0, 60460.0]","(-inf, 61812.893]"
47-2041,Carpet Installers,2019,45320.0,Very Low,Q2,"(40715.0, 60460.0]","(-inf, 61812.893]"
47-2042,"Floor Layers, Except Carpet, Wood, and Hard Tiles",2019,48610.0,Very Low,Q2,"(40715.0, 60460.0]","(-inf, 61812.893]"
47-2043,Floor Sanders and Finishers,2019,42300.0,Very Low,Q2,"(40715.0, 60460.0]","(-inf, 61812.893]"
47-2044,Tile and Stone Setters,2019,47300.0,Very Low,Q2,"(40715.0, 60460.0]","(-inf, 61812.893]"
47-2051,Cement Masons and Concrete Finishers,2019,48330.0,Very Low,Q2,"(40715.0, 60460.0]","(-inf, 61812.893]"
47-2053,Terrazzo Workers and Finishers,2019,56340.0,Very Low,Q3,"(40715.0, 60460.0]","(-inf, 61812.893]"
47-2061,Construction Laborers,2019,41730.0,Very Low,Q2,"(40715.0, 60460.0]","(-inf, 61812.893]"
47-2071,"Paving, Surfacing, and Tamping Equipment Operators",2019,44630.0,Very Low,Q2,"(40715.0, 60460.0]","(-inf, 61812.893]"
47-2072,Pile Driver Operators,2019,70230.0,Very Low,Q4,"(60460.0, 87500.0]","(61812.893, 101799.419]"
47-2073,Operating Engineers and Other Construction Equipment Operators,2019,54210.0,Very Low,Q3,"(40715.0, 60460.0]","(-inf, 61812.893]"
47-2081,Drywall and Ceiling Tile Installers,2019,50560.0,Very Low,Q2,"(40715.0, 60460.0]","(-inf, 61812.893]"
47-2082,Tapers,2019,61550.0,Very Low,Q3,"(60460.0, 87500.0]","(-inf, 61812.893]"
47-2111,Electricians,2019,60370.0,Very Low,Q3,"(40715.0, 60460.0]","(-inf, 61812.893]"
47-2121,Glaziers,2019,49810.0,Very Low,Q2,"(40715.0, 60460.0]","(-inf, 61812.893]"
47-2131,"Insulation Workers, Floor, Ceiling, and Wall",2019,45100.0,Very Low,Q2,"(40715.0, 60460.0]","(-inf, 61812.893]"
47-2132,"Insulation Workers, Mechanical",2019,54120.0,Very Low,Q3,"(40715.0, 60460.0]","(-inf, 61812.893]"
47-2141,"Painters, Construction and Maintenance",2019,44640.0,Very Low,Q2,"(40715.0, 60460.0]","(-inf, 61812.893]"
47-2142,Paperhangers,2019,44470.0,Very Low,Q2,"(40715.0, 60460.0]","(-inf, 61812.893]"
47-2151,Pipelayers,2019,43600.0,Very Low,Q2,"(40715.0, 60460.0]","(-inf, 61812.893]"
47-2152,"Plumbers, Pipefitters, and Steamfitters",2019,59800.0,Very Low,Q3,"(40715.0, 60460.0]","(-inf, 61812.893]"
47-2161,Plasterers and Stucco Masons,2019,49710.0,Very Low,Q2,"(40715.0, 60460.0]","(-inf, 61812.893]"
47-2171,Reinforcing Iron and Rebar Workers,2019,54650.0,Very Low,Q3,"(40715.0, 60460.0]","(-inf, 61812.893]"
47-2181,Roofers,2019,45820.0,Very Low,Q2,"(40715.0, 60460.0]","(-inf, 61812.893]"
47-2211,Sheet Metal Workers,2019,54480.0,Very Low,Q3,"(40715.0, 60460.0]","(-inf, 61812.893]"
47-2221,Structural Iron and Steel Workers,2019,59170.0,Very Low,Q3,"(40715.0, 60460.0]","(-inf, 61812.893]"
47-2231,Solar Photovoltaic Installers,2019,46850.0,Very Low,Q2,"(40715.0, 60460.0]","(-inf, 61812.893]"
47-3011,"Helpers--Brickmasons, Blockmasons, Stonemasons, and Tile and Marble Setters",2019,38440.0,Very Low,Q1,"(-inf, 40715.0]","(-inf, 61812.893]"
47-3012,Helpers--Carpenters,2019,33830.0,Very Low,Q1,"(-inf, 40715.0]","(-inf, 61812.893]"
47-3013,Helpers--Electricians,2019,34300.0,Very Low,Q1,"(-inf, 40715.0]","(-inf, 61812.893]"
47-3014,"Helpers--Painters, Paperhangers, Plasterers, and Stucco Masons",2019,32930.0,Very Low,Q1,"(-inf, 40715.0]","(-inf, 61812.893]"
47-3015,"Helpers--Pipelayers, Plumbers, Pipefitters, and Steamfitters",2019,33750.0,Very Low,Q1,"(-inf, 40715.0]","(-inf, 61812.893]"
47-3016,Helpers--Roofers,2019,33350.0,Very Low,Q1,"(-inf, 40715.0]","(-inf, 61812.893]"
47-3019,"Helpers, Construction Trades, All Other",2019,33400.0,Very Low,Q1,"(-inf, 40715.0]","(-inf, 61812.893]"
47-4011,Construction and Building Inspectors,2019,64390.0,Very Low,Q3,"(60460.0, 87500.0]","(61812.893, 101799.419]"
47-4021,Elevator and Escalator Installers and Repairers,2019,83250.0,Very Low,Q4,"(60460.0, 87500.0]","(61812.893, 101799.419]"
47-4031,Fence Erectors,2019,38600.0,Very Low,Q1,"(-inf, 40715.0]","(-inf, 61812.893]"
47-4041,Hazardous Materials Removal Workers,2019,47740.0,Very Low,Q2,"(40715.0, 60460.0]","(-inf, 61812.893]"
47-4051,Highway Maintenance Workers,2019,42410.0,Very Low,Q2,"(40715.0, 60460.0]","(-inf, 61812.893]"
47-4061,Rail-Track Laying and Maintenance Equipment Operators,2019,57160.0,Very Low,Q3,"(40715.0, 60460.0]","(-inf, 61812.893]"
47-4071,Septic Tank Servicers and Sewer Pipe Cleaners,2019,42760.0,Very Low,Q2,"(40715.0, 60460.0]","(-inf, 61812.893]"
47-4090,Miscellaneous Construction and Related Workers,2019,44030.0,Very Low,Q2,"(40715.0, 60460.0]","(-inf, 61812.893]"
47-5011,"Derrick Operators, Oil and Gas",2019,48030.0,Very Low,Q2,"(40715.0, 60460.0]","(-inf, 61812.893]"
47-5012,"Rotary Drill Operators, Oil and Gas",2019,57070.0,Very Low,Q3,"(40715.0, 60460.0]","(-inf, 61812.893]"
47-5013,"Service Unit Operators, Oil and Gas",2019,51390.0,Very Low,Q2,"(40715.0, 60460.0]","(-inf, 61812.893]"
47-5022,"Excavating and Loading Machine and Dragline Operators, Surface Mining",2019,48580.0,Very Low,Q2,"(40715.0, 60460.0]","(-inf, 61812.893]"
47-5041,Continuous Mining Machine Operators,2019,56530.0,Very Low,Q3,"(40715.0, 60460.0]","(-inf, 61812.893]"
47-5043,"Roof Bolters, Mining",2019,59560.0,Very Low,Q3,"(40715.0, 60460.0]","(-inf, 61812.893]"
47-5044,"Loading and Moving Machine Operators, Underground Mining",2019,53730.0,Very Low,Q3,"(40715.0, 60460.0]","(-inf, 61812.893]"
47-5051,"Rock Splitters, Quarry",2019,37390.0,Very Low,Q1,"(-inf, 40715.0]","(-inf, 61812.893]"
47-5071,"Roustabouts, Oil and Gas",2019,41280.0,Very Low,Q1,"(40715.0, 60460.0]","(-inf, 61812.893]"
47-5081,Helpers--Extraction Workers,2019,38390.0,Very Low,Q1,"(-inf, 40715.0]","(-inf, 61812.893]"
47-5097,"Earth Drillers, Except Oil and Gas; and Explosives Workers, Ordnance Handling Experts, and Blasters",2019,48890.0,Very Low,Q2,"(40715.0, 60460.0]","(-inf, 61812.893]"
47-5098,"Underground Mining Machine Operators and Extraction Workers, All Other",2019,52280.0,Very Low,Q3,"(40715.0, 60460.0]","(-inf, 61812.893]"
49-1011,"First-Line Supervisors of Mechanics, Installers, and Repairers",2019,70550.0,Very Low,Q4,"(60460.0, 87500.0]","(61812.893, 101799.419]"
49-2011,"Computer, Automated Teller, and Office Machine Repairers",2019,42070.0,Very Low,Q2,"(40715.0, 60460.0]","(-inf, 61812.893]"
49-2021,"Radio, Cellular, and Tower Equipment Installers and Repairers",2019,57820.0,Very Low,Q3,"(40715.0, 60460.0]","(-inf, 61812.893]"
49-2022,"Telecommunications Equipment Installers and Repairers, Except Line Installers",2019,58560.0,Very Low,Q3,"(40715.0, 60460.0]","(-inf, 61812.893]"
49-2091,Avionics Technicians,2019,66970.0,Very Low,Q4,"(60460.0, 87500.0]","(61812.893, 101799.419]"
49-2092,"Electric Motor, Power Tool, and Related Repairers",2019,46620.0,Very Low,Q2,"(40715.0, 60460.0]","(-inf, 61812.893]"
49-2093,"Electrical and Electronics Installers and Repairers, Transportation Equipment",2019,63670.0,Very Low,Q3,"(60460.0, 87500.0]","(61812.893, 101799.419]"
49-2094,"Electrical and Electronics Repairers, Commercial and Industrial Equipment",2019,60360.0,Very Low,Q3,"(40715.0, 60460.0]","(-inf, 61812.893]"
49-2095,"Electrical and Electronics Repairers, Powerhouse, Substation, and Relay",2019,81280.0,Very Low,Q4,"(60460.0, 87500.0]","(61812.893, 101799.419]"
49-2096,"Electronic Equipment Installers and Repairers, Motor Vehicles",2019,38910.0,Very Low,Q1,"(-inf, 40715.0]","(-inf, 61812.893]"
49-2097,Audiovisual Equipment Installers and Repairers,2019,42130.0,Very Low,Q2,"(40715.0, 60460.0]","(-inf, 61812.893]"
49-2098,Security and Fire Alarm Systems Installers,2019,50210.0,Very Low,Q2,"(40715.0, 60460.0]","(-inf, 61812.893]"
49-3011,Aircraft Mechanics and Service Technicians,2019,67110.0,Very Low,Q4,"(60460.0, 87500.0]","(61812.893, 101799.419]"
49-3021,Automotive Body and Related Repairers,2019,47390.0,Very Low,Q2,"(40715.0, 60460.0]","(-inf, 61812.893]"
49-3022,Automotive Glass Installers and Repairers,2019,37440.0,Very Low,Q1,"(-inf, 40715.0]","(-inf, 61812.893]"
49-3023,Automotive Service Technicians and Mechanics,2019,44890.0,Very Low,Q2,"(40715.0, 60460.0]","(-inf, 61812.893]"
49-3031,Bus and Truck Mechanics and Diesel Engine Specialists,2019,50360.0,Very Low,Q2,"(40715.0, 60460.0]","(-inf, 61812.893]"
49-3041,Farm Equipment Mechanics and Service Technicians,2019,43630.0,Very Low,Q2,"(40715.0, 60460.0]","(-inf, 61812.893]"
49-3042,"Mobile Heavy Equipment Mechanics, Except Engines",2019,54840.0,Very Low,Q3,"(40715.0, 60460.0]","(-inf, 61812.893]"
49-3043,Rail Car Repairers,2019,56810.0,Very Low,Q3,"(40715.0, 60460.0]","(-inf, 61812.893]"
49-3051,Motorboat Mechanics and Service Technicians,2019,43440.0,Very Low,Q2,"(40715.0, 60460.0]","(-inf, 61812.893]"
49-3052,Motorcycle Mechanics,2019,39970.0,Very Low,Q1,"(-inf, 40715.0]","(-inf, 61812.893]"
49-3053,Outdoor Power Equipment and Other Small Engine Mechanics,2019,37670.0,Very Low,Q1,"(-inf, 40715.0]","(-inf, 61812.893]"
49-3091,Bicycle Repairers,2019,31360.0,Very Low,Q1,"(-inf, 40715.0]","(-inf, 61812.893]"
49-3092,Recreational Vehicle Service Technicians,2019,41660.0,Very Low,Q2,"(40715.0, 60460.0]","(-inf, 61812.893]"
49-3093,Tire Repairers and Changers,2019,30350.0,Very Low,Q1,"(-inf, 40715.0]","(-inf, 61812.893]"
49-9011,Mechanical Door Repairers,2019,43740.0,Very Low,Q2,"(40715.0, 60460.0]","(-inf, 61812.893]"
49-9012,"Control and Valve Installers and Repairers, Except Mechanical Door",2019,59920.0,Very Low,Q3,"(40715.0, 60460.0]","(-inf, 61812.893]"
49-9021,"Heating, Air Conditioning, and Refrigeration Mechanics and Installers",2019,51420.0,Very Low,Q2,"(40715.0, 60460.0]","(-inf, 61812.893]"
49-9031,Home Appliance Repairers,2019,42400.0,Very Low,Q2,"(40715.0, 60460.0]","(-inf, 61812.893]"
49-9041,Industrial Machinery Mechanics,2019,55320.0,Very Low,Q3,"(40715.0, 60460.0]","(-inf, 61812.893]"
49-9043,"Maintenance Workers, Machinery",2019,49450.0,Very Low,Q2,"(40715.0, 60460.0]","(-inf, 61812.893]"
49-9044,Millwrights,2019,57050.0,Very Low,Q3,"(40715.0, 60460.0]","(-inf, 61812.893]"
49-9045,"Refractory Materials Repairers, Except Brickmasons",2019,55750.0,Very Low,Q3,"(40715.0, 60460.0]","(-inf, 61812.893]"
49-9051,Electrical Power-Line Installers and Repairers,2019,71960.0,Very Low,Q4,"(60460.0, 87500.0]","(61812.893, 101799.419]"
49-9052,Telecommunications Line Installers and Repairers,2019,59670.0,Very Low,Q3,"(40715.0, 60460.0]","(-inf, 61812.893]"
49-9061,Camera and Photographic Equipment Repairers,2019,40720.0,Very Low,Q1,"(40715.0, 60460.0]","(-inf, 61812.893]"
49-9062,Medical Equipment Repairers,2019,53130.0,Very Low,Q3,"(40715.0, 60460.0]","(-inf, 61812.893]"
49-9063,Musical Instrument Repairers and Tuners,2019,39750.0,Very Low,Q1,"(-inf, 40715.0]","(-inf, 61812.893]"
49-9064,Watch and Clock Repairers,2019,45280.0,Very Low,Q2,"(40715.0, 60460.0]","(-inf, 61812.893]"
49-9069,"Precision Instrument and Equipment Repairers, All Other",2019,59940.0,Very Low,Q3,"(40715.0, 60460.0]","(-inf, 61812.893]"
49-9071,"Maintenance and Repair Workers, General",2019,41960.0,Very Low,Q2,"(40715.0, 60460.0]","(-inf, 61812.893]"
49-9081,Wind Turbine Service Technicians,2019,56700.0,Very Low,Q3,"(40715.0, 60460.0]","(-inf, 61812.893]"
49-9091,"Coin, Vending, and Amusement Machine Servicers and Repairers",2019,37380.0,Very Low,Q1,"(-inf, 40715.0]","(-inf, 61812.893]"
49-9092,Commercial Divers,2019,67100.0,Very Low,Q4,"(60460.0, 87500.0]","(61812.893, 101799.419]"
49-9094,Locksmiths and Safe Repairers,2019,44460.0,Very Low,Q2,"(40715.0, 60460.0]","(-inf, 61812.893]"
49-9095,Manufactured Building and Mobile Home Installers,2019,34300.0,Very Low,Q1,"(-inf, 40715.0]","(-inf, 61812.893]"
49-9096,Riggers,2019,52420.0,Very Low,Q3,"(40715.0, 60460.0]","(-inf, 61812.893]"
49-9097,Signal and Track Switch Repairers,2019,72690.0,Very Low,Q4,"(60460.0, 87500.0]","(61812.893, 101799.419]"
49-9098,"Helpers--Installation, Maintenance, and Repair Workers",2019,32570.0,Very Low,Q1,"(-inf, 40715.0]","(-inf, 61812.893]"
49-9099,"Installation, Maintenance, and Repair Workers, All Other",2019,43800.0,Very Low,Q2,"(40715.0, 60460.0]","(-inf, 61812.893]"
51-1011,First-Line Supervisors of Production and Operating Workers,2019,65220.0,Very Low,Q3,"(60460.0, 87500.0]","(61812.893, 101799.419]"
51-2011,"Aircraft Structure, Surfaces, Rigging, and Systems Assemblers",2019,56460.0,Very Low,Q3,"(40715.0, 60460.0]","(-inf, 61812.893]"
51-2021,"Coil Winders, Tapers, and Finishers",2019,38760.0,Very Low,Q1,"(-inf, 40715.0]","(-inf, 61812.893]"
51-2028,"Electrical, Electronic, and Electromechanical Assemblers, Except Coil Winders, Tapers, and Finishers",2019,36930.0,Very Low,Q1,"(-inf, 40715.0]","(-inf, 61812.893]"
51-2031,Engine and Other Machine Assemblers,2019,46570.0,Very Low,Q2,"(40715.0, 60460.0]","(-inf, 61812.893]"
51-2041,Structural Metal Fabricators and Fitters,2019,43000.0,Very Low,Q2,"(40715.0, 60460.0]","(-inf, 61812.893]"
51-2051,Fiberglass Laminators and Fabricators,2019,36970.0,Very Low,Q1,"(-inf, 40715.0]","(-inf, 61812.893]"
51-2061,Timing Device Assemblers and Adjusters,2019,38110.0,Very Low,Q1,"(-inf, 40715.0]","(-inf, 61812.893]"
51-2090,Miscellaneous Assemblers and Fabricators,2019,34800.0,Very Low,Q1,"(-inf, 40715.0]","(-inf, 61812.893]"
51-3011,Bakers,2019,29630.0,Very Low,Q1,"(-inf, 40715.0]","(-inf, 61812.893]"
51-3021,Butchers and Meat Cutters,2019,34010.0,Very Low,Q1,"(-inf, 40715.0]","(-inf, 61812.893]"
51-3022,"Meat, Poultry, and Fish Cutters and Trimmers",2019,28810.0,Very Low,Q1,"(-inf, 40715.0]","(-inf, 61812.893]"
51-3023,Slaughterers and Meat Packers,2019,29600.0,Very Low,Q1,"(-inf, 40715.0]","(-inf, 61812.893]"
51-3091,"Food and Tobacco Roasting, Baking, and Drying Machine Operators and Tenders",2019,33880.0,Very Low,Q1,"(-inf, 40715.0]","(-inf, 61812.893]"
51-3092,Food Batchmakers,2019,33120.0,Very Low,Q1,"(-inf, 40715.0]","(-inf, 61812.893]"
51-3093,Food Cooking Machine Operators and Tenders,2019,32320.0,Very Low,Q1,"(-inf, 40715.0]","(-inf, 61812.893]"
51-3099,"Food Processing Workers, All Other",2019,28820.0,Very Low,Q1,"(-inf, 40715.0]","(-inf, 61812.893]"
51-4021,"Extruding and Drawing Machine Setters, Operators, and Tenders, Metal and Plastic",2019,37770.0,Very Low,Q1,"(-inf, 40715.0]","(-inf, 61812.893]"
51-4022,"Forging Machine Setters, Operators, and Tenders, Metal and Plastic",2019,41200.0,Very Low,Q1,"(40715.0, 60460.0]","(-inf, 61812.893]"
51-4023,"Rolling Machine Setters, Operators, and Tenders, Metal and Plastic",2019,41920.0,Very Low,Q2,"(40715.0, 60460.0]","(-inf, 61812.893]"
51-4031,"Cutting, Punching, and Press Machine Setters, Operators, and Tenders, Metal and Plastic",2019,37310.0,Very Low,Q1,"(-inf, 40715.0]","(-inf, 61812.893]"
51-4032,"Drilling and Boring Machine Tool Setters, Operators, and Tenders, Metal and Plastic",2019,42630.0,Very Low,Q2,"(40715.0, 60460.0]","(-inf, 61812.893]"
51-4033,"Grinding, Lapping, Polishing, and Buffing Machine Tool Setters, Operators, and Tenders, Metal and Plastic",2019,37860.0,Very Low,Q1,"(-inf, 40715.0]","(-inf, 61812.893]"
51-4034,"Lathe and Turning Machine Tool Setters, Operators, and Tenders, Metal and Plastic",2019,41990.0,Very Low,Q2,"(40715.0, 60460.0]","(-inf, 61812.893]"
51-4035,"Milling and Planing Machine Setters, Operators, and Tenders, Metal and Plastic",2019,44820.0,Very Low,Q2,"(40715.0, 60460.0]","(-inf, 61812.893]"
51-4041,Machinists,2019,46120.0,Very Low,Q2,"(40715.0, 60460.0]","(-inf, 61812.893]"
51-4051,Metal-Refining Furnace Operators and Tenders,2019,43280.0,Very Low,Q2,"(40715.0, 60460.0]","(-inf, 61812.893]"
51-4052,"Pourers and Casters, Metal",2019,40850.0,Very Low,Q1,"(40715.0, 60460.0]","(-inf, 61812.893]"
51-4061,"Model Makers, Metal and Plastic",2019,57420.0,Very Low,Q3,"(40715.0, 60460.0]","(-inf, 61812.893]"
51-4062,"Patternmakers, Metal and Plastic",2019,48050.0,Very Low,Q2,"(40715.0, 60460.0]","(-inf, 61812.893]"
51-4071,Foundry Mold and Coremakers,2019,36920.0,Very Low,Q1,"(-inf, 40715.0]","(-inf, 61812.893]"
51-4072,"Molding, Coremaking, and Casting Machine Setters, Operators, and Tenders, Metal and Plastic",2019,34670.0,Very Low,Q1,"(-inf, 40715.0]","(-inf, 61812.893]"
51-4081,"Multiple Machine Tool Setters, Operators, and Tenders, Metal and Plastic",2019,38410.0,Very Low,Q1,"(-inf, 40715.0]","(-inf, 61812.893]"
51-4111,Tool and Die Makers,2019,54980.0,Very Low,Q3,"(40715.0, 60460.0]","(-inf, 61812.893]"
51-4121,"Welders, Cutters, Solderers, and Brazers",2019,45190.0,Very Low,Q2,"(40715.0, 60460.0]","(-inf, 61812.893]"
51-4122,"Welding, Soldering, and Brazing Machine Setters, Operators, and Tenders",2019,40240.0,Very Low,Q1,"(-inf, 40715.0]","(-inf, 61812.893]"
51-4191,"Heat Treating Equipment Setters, Operators, and Tenders, Metal and Plastic",2019,39840.0,Very Low,Q1,"(-inf, 40715.0]","(-inf, 61812.893]"
51-4192,"Layout Workers, Metal and Plastic",2019,48900.0,Very Low,Q2,"(40715.0, 60460.0]","(-inf, 61812.893]"
51-4193,"Plating Machine Setters, Operators, and Tenders, Metal and Plastic",2019,35640.0,Very Low,Q1,"(-inf, 40715.0]","(-inf, 61812.893]"
51-4194,"Tool Grinders, Filers, and Sharpeners",2019,41970.0,Very Low,Q2,"(40715.0, 60460.0]","(-inf, 61812.893]"
51-4199,"Metal Workers and Plastic Workers, All Other",2019,37790.0,Very Low,Q1,"(-inf, 40715.0]","(-inf, 61812.893]"
51-5111,Prepress Technicians and Workers,2019,42540.0,Very Low,Q2,"(40715.0, 60460.0]","(-inf, 61812.893]"
51-5112,Printing Press Operators,2019,39100.0,Very Low,Q1,"(-inf, 40715.0]","(-inf, 61812.893]"
51-5113,Print Binding and Finishing Workers,2019,35130.0,Very Low,Q1,"(-inf, 40715.0]","(-inf, 61812.893]"
51-6011,Laundry and Dry-Cleaning Workers,2019,25420.0,Very Low,Q1,"(-inf, 40715.0]","(-inf, 61812.893]"
51-6021,"Pressers, Textile, Garment, and Related Materials",2019,24820.0,Very Low,Q1,"(-inf, 40715.0]","(-inf, 61812.893]"
51-6031,Sewing Machine Operators,2019,28000.0,Very Low,Q1,"(-inf, 40715.0]","(-inf, 61812.893]"
51-6041,Shoe and Leather Workers and Repairers,2019,30580.0,Very Low,Q1,"(-inf, 40715.0]","(-inf, 61812.893]"
51-6042,Shoe Machine Operators and Tenders,2019,30540.0,Very Low,Q1,"(-inf, 40715.0]","(-inf, 61812.893]"
51-6051,"Sewers, Hand",2019,31020.0,Very Low,Q1,"(-inf, 40715.0]","(-inf, 61812.893]"
51-6052,"Tailors, Dressmakers, and Custom Sewers",2019,34530.0,Very Low,Q1,"(-inf, 40715.0]","(-inf, 61812.893]"
51-6061,Textile Bleaching and Dyeing Machine Operators and Tenders,2019,30810.0,Very Low,Q1,"(-inf, 40715.0]","(-inf, 61812.893]"
51-6062,"Textile Cutting Machine Setters, Operators, and Tenders",2019,29660.0,Very Low,Q1,"(-inf, 40715.0]","(-inf, 61812.893]"
51-6063,"Textile Knitting and Weaving Machine Setters, Operators, and Tenders",2019,31300.0,Very Low,Q1,"(-inf, 40715.0]","(-inf, 61812.893]"
51-6064,"Textile Winding, Twisting, and Drawing Out Machine Setters, Operators, and Tenders",2019,30740.0,Very Low,Q1,"(-inf, 40715.0]","(-inf, 61812.893]"
51-6091,"Extruding and Forming Machine Setters, Operators, and Tenders, Synthetic and Glass Fibers",2019,37760.0,Very Low,Q1,"(-inf, 40715.0]","(-inf, 61812.893]"
51-6092,Fabric and Apparel Patternmakers,2019,52740.0,Very Low,Q3,"(40715.0, 60460.0]","(-inf, 61812.893]"
51-6093,Upholsterers,2019,36640.0,Very Low,Q1,"(-inf, 40715.0]","(-inf, 61812.893]"
51-6099,"Textile, Apparel, and Furnishings Workers, All Other",2019,30710.0,Very Low,Q1,"(-inf, 40715.0]","(-inf, 61812.893]"
51-7011,Cabinetmakers and Bench Carpenters,2019,37620.0,Very Low,Q1,"(-inf, 40715.0]","(-inf, 61812.893]"
51-7021,Furniture Finishers,2019,34350.0,Very Low,Q1,"(-inf, 40715.0]","(-inf, 61812.893]"
51-7031,"Model Makers, Wood",2019,57320.0,Very Low,Q3,"(40715.0, 60460.0]","(-inf, 61812.893]"
51-7032,"Patternmakers, Wood",2019,63490.0,Very Low,Q3,"(60460.0, 87500.0]","(61812.893, 101799.419]"
51-7041,"Sawing Machine Setters, Operators, and Tenders, Wood",2019,32150.0,Very Low,Q1,"(-inf, 40715.0]","(-inf, 61812.893]"
51-7042,"Woodworking Machine Setters, Operators, and Tenders, Except Sawing",2019,32180.0,Very Low,Q1,"(-inf, 40715.0]","(-inf, 61812.893]"
51-7099,"Woodworkers, All Other",2019,35270.0,Very Low,Q1,"(-inf, 40715.0]","(-inf, 61812.893]"
51-8011,Nuclear Power Reactor Operators,2019,100990.0,Very Low,Q5,"(87500.0, 171905.0]","(61812.893, 101799.419]"
51-8012,Power Distributors and Dispatchers,2019,88910.0,Very Low,Q4,"(87500.0, 171905.0]","(61812.893, 101799.419]"
51-8013,Power Plant Operators,2019,79370.0,Very Low,Q4,"(60460.0, 87500.0]","(61812.893, 101799.419]"
51-8021,Stationary Engineers and Boiler Operators,2019,65970.0,Very Low,Q3,"(60460.0, 87500.0]","(61812.893, 101799.419]"
51-8031,Water and Wastewater Treatment Plant and System Operators,2019,50490.0,Very Low,Q2,"(40715.0, 60460.0]","(-inf, 61812.893]"
51-8091,Chemical Plant and System Operators,2019,62710.0,Very Low,Q3,"(60460.0, 87500.0]","(61812.893, 101799.419]"
51-8092,Gas Plant Operators,2019,71050.0,Very Low,Q4,"(60460.0, 87500.0]","(61812.893, 101799.419]"
51-8093,"Petroleum Pump System Operators, Refinery Operators, and Gaugers",2019,73830.0,Very Low,Q4,"(60460.0, 87500.0]","(61812.893, 101799.419]"
51-8099,"Plant and System Operators, All Other",2019,59500.0,Very Low,Q3,"(40715.0, 60460.0]","(-inf, 61812.893]"
51-9011,Chemical Equipment Operators and Tenders,2019,51540.0,Very Low,Q2,"(40715.0, 60460.0]","(-inf, 61812.893]"
51-9012,"Separating, Filtering, Clarifying, Precipitating, and Still Machine Setters, Operators, and Tenders",2019,45370.0,Very Low,Q2,"(40715.0, 60460.0]","(-inf, 61812.893]"
51-9021,"Crushing, Grinding, and Polishing Machine Setters, Operators, and Tenders",2019,39270.0,Very Low,Q1,"(-inf, 40715.0]","(-inf, 61812.893]"
51-9022,"Grinding and Polishing Workers, Hand",2019,33060.0,Very Low,Q1,"(-inf, 40715.0]","(-inf, 61812.893]"
51-9023,"Mixing and Blending Machine Setters, Operators, and Tenders",2019,39920.0,Very Low,Q1,"(-inf, 40715.0]","(-inf, 61812.893]"
51-9031,"Cutters and Trimmers, Hand",2019,32340.0,Very Low,Q1,"(-inf, 40715.0]","(-inf, 61812.893]"
51-9032,"Cutting and Slicing Machine Setters, Operators, and Tenders",2019,36750.0,Very Low,Q1,"(-inf, 40715.0]","(-inf, 61812.893]"
51-9041,"Extruding, Forming, Pressing, and Compacting Machine Setters, Operators, and Tenders",2019,37240.0,Very Low,Q1,"(-inf, 40715.0]","(-inf, 61812.893]"
51-9051,"Furnace, Kiln, Oven, Drier, and Kettle Operators and Tenders",2019,41350.0,Very Low,Q1,"(40715.0, 60460.0]","(-inf, 61812.893]"
51-9061,"Inspectors, Testers, Sorters, Samplers, and Weighers",2019,43000.0,Very Low,Q2,"(40715.0, 60460.0]","(-inf, 61812.893]"
51-9071,Jewelers and Precious Stone and Metal Workers,2019,45950.0,Very Low,Q2,"(40715.0, 60460.0]","(-inf, 61812.893]"
51-9081,Dental Laboratory Technicians,2019,44330.0,Very Low,Q2,"(40715.0, 60460.0]","(-inf, 61812.893]"
51-9082,Medical Appliance Technicians,2019,44200.0,Very Low,Q2,"(40715.0, 60460.0]","(-inf, 61812.893]"
51-9083,Ophthalmic Laboratory Technicians,2019,34800.0,Very Low,Q1,"(-inf, 40715.0]","(-inf, 61812.893]"
51-9111,Packaging and Filling Machine Operators and Tenders,2019,33590.0,Very Low,Q1,"(-inf, 40715.0]","(-inf, 61812.893]"
51-9123,"Painting, Coating, and Decorating Workers",2019,35600.0,Very Low,Q1,"(-inf, 40715.0]","(-inf, 61812.893]"
51-9124,"Coating, Painting, and Spraying Machine Setters, Operators, and Tenders",2019,41260.0,Very Low,Q1,"(40715.0, 60460.0]","(-inf, 61812.893]"
51-9141,Semiconductor Processing Technicians,2019,41950.0,Very Low,Q2,"(40715.0, 60460.0]","(-inf, 61812.893]"
51-9151,Photographic Process Workers and Processing Machine Operators,2019,36890.0,Very Low,Q1,"(-inf, 40715.0]","(-inf, 61812.893]"
51-9161,Computer Numerically Controlled Tool Operators,2019,43170.0,Very Low,Q2,"(40715.0, 60460.0]","(-inf, 61812.893]"
51-9162,Computer Numerically Controlled Tool Programmers,2019,59730.0,Very Low,Q3,"(40715.0, 60460.0]","(-inf, 61812.893]"
51-9191,Adhesive Bonding Machine Operators and Tenders,2019,36010.0,Very Low,Q1,"(-inf, 40715.0]","(-inf, 61812.893]"
51-9192,"Cleaning, Washing, and Metal Pickling Equipment Operators and Tenders",2019,34230.0,Very Low,Q1,"(-inf, 40715.0]","(-inf, 61812.893]"
51-9193,Cooling and Freezing Equipment Operators and Tenders,2019,37010.0,Very Low,Q1,"(-inf, 40715.0]","(-inf, 61812.893]"
51-9194,Etchers and Engravers,2019,33770.0,Very Low,Q1,"(-inf, 40715.0]","(-inf, 61812.893]"
51-9195,"Molders, Shapers, and Casters, Except Metal and Plastic",2019,36000.0,Very Low,Q1,"(-inf, 40715.0]","(-inf, 61812.893]"
51-9196,"Paper Goods Machine Setters, Operators, and Tenders",2019,40980.0,Very Low,Q1,"(40715.0, 60460.0]","(-inf, 61812.893]"
51-9197,Tire Builders,2019,45010.0,Very Low,Q2,"(40715.0, 60460.0]","(-inf, 61812.893]"
51-9198,Helpers--Production Workers,2019,30540.0,Very Low,Q1,"(-inf, 40715.0]","(-inf, 61812.893]"
51-9199,"Production Workers, All Other",2019,33830.0,Very Low,Q1,"(-inf, 40715.0]","(-inf, 61812.893]"
53-1041,Aircraft Cargo Handling Supervisors,2019,57960.0,Very Low,Q3,"(40715.0, 60460.0]","(-inf, 61812.893]"
53-1047,"First-Line Supervisors of Transportation and Material Moving Workers, Except Aircraft Cargo Handling Supervisors",2019,57840.0,Very Low,Q3,"(40715.0, 60460.0]","(-inf, 61812.893]"
53-2011,"Airline Pilots, Copilots, and Flight Engineers",2019,174870.0,Low,Q5,"(171905.0, inf]","(101799.419, 179850.373]"
53-2012,Commercial Pilots,2019,102870.0,Very Low,Q5,"(87500.0, 171905.0]","(101799.419, 179850.373]"
53-2021,Air Traffic Controllers,2019,120140.0,Low,Q5,"(87500.0, 171905.0]","(101799.419, 179850.373]"
53-2022,Airfield Operations Specialists,2019,57620.0,Very Low,Q3,"(40715.0, 60460.0]","(-inf, 61812.893]"
53-2031,Flight Attendants,2019,56230.0,Very Low,Q3,"(40715.0, 60460.0]","(-inf, 61812.893]"
53-3011,"Ambulance Drivers and Attendants, Except Emergency Medical Technicians",2019,29600.0,Very Low,Q1,"(-inf, 40715.0]","(-inf, 61812.893]"
53-3031,Driver/Sales Workers,2019,30230.0,Very Low,Q1,"(-inf, 40715.0]","(-inf, 61812.893]"
53-3032,Heavy and Tractor-Trailer Truck Drivers,2019,46850.0,Very Low,Q2,"(40715.0, 60460.0]","(-inf, 61812.893]"
53-3033,Light Truck Drivers,2019,38520.0,Very Low,Q1,"(-inf, 40715.0]","(-inf, 61812.893]"
53-3052,"Bus Drivers, Transit and Intercity",2019,45830.0,Very Low,Q2,"(40715.0, 60460.0]","(-inf, 61812.893]"
53-3058,"Passenger Vehicle Drivers, Except Bus Drivers, Transit and Intercity",2019,33210.0,Very Low,Q1,"(-inf, 40715.0]","(-inf, 61812.893]"
53-3099,"Motor Vehicle Operators, All Other",2019,37300.0,Very Low,Q1,"(-inf, 40715.0]","(-inf, 61812.893]"
53-4011,Locomotive Engineers,2019,71570.0,Very Low,Q4,"(60460.0, 87500.0]","(61812.893, 101799.419]"
53-4013,"Rail Yard Engineers, Dinkey Operators, and Hostlers",2019,52690.0,Very Low,Q3,"(40715.0, 60460.0]","(-inf, 61812.893]"
53-4022,"Railroad Brake, Signal, and Switch Operators and Locomotive Firers",2019,62380.0,Very Low,Q3,"(60460.0, 87500.0]","(61812.893, 101799.419]"
53-4031,Railroad Conductors and Yardmasters,2019,68350.0,Very Low,Q4,"(60460.0, 87500.0]","(61812.893, 101799.419]"
53-4041,Subway and Streetcar Operators,2019,63770.0,Very Low,Q3,"(60460.0, 87500.0]","(61812.893, 101799.419]"
53-4099,"Rail Transportation Workers, All Other",2019,54170.0,Very Low,Q3,"(40715.0, 60460.0]","(-inf, 61812.893]"
53-5011,Sailors and Marine Oilers,2019,53250.0,Very Low,Q3,"(40715.0, 60460.0]","(-inf, 61812.893]"
53-5021,"Captains, Mates, and Pilots of Water Vessels",2019,87420.0,Very Low,Q4,"(60460.0, 87500.0]","(61812.893, 101799.419]"
53-5022,Motorboat Operators,2019,49030.0,Very Low,Q2,"(40715.0, 60460.0]","(-inf, 61812.893]"
53-5031,Ship Engineers,2019,79540.0,Very Low,Q4,"(60460.0, 87500.0]","(61812.893, 101799.419]"
53-6011,Bridge and Lock Tenders,2019,47880.0,Very Low,Q2,"(40715.0, 60460.0]","(-inf, 61812.893]"
53-6021,Parking Attendants,2019,26450.0,Very Low,Q1,"(-inf, 40715.0]","(-inf, 61812.893]"
53-6031,Automotive and Watercraft Service Attendants,2019,26860.0,Very Low,Q1,"(-inf, 40715.0]","(-inf, 61812.893]"
53-6041,Traffic Technicians,2019,52590.0,Very Low,Q3,"(40715.0, 60460.0]","(-inf, 61812.893]"
53-6051,Transportation Inspectors,2019,77530.0,Very Low,Q4,"(60460.0, 87500.0]","(61812.893, 101799.419]"
53-6061,Passenger Attendants,2019,29420.0,Very Low,Q1,"(-inf, 40715.0]","(-inf, 61812.893]"
53-6098,"Aircraft Service Attendants and Transportation Workers, All Other",2019,42940.0,Very Low,Q2,"(40715.0, 60460.0]","(-inf, 61812.893]"
53-7011,Conveyor Operators and Tenders,2019,36150.0,Very Low,Q1,"(-inf, 40715.0]","(-inf, 61812.893]"
53-7021,Crane and Tower Operators,2019,60530.0,Very Low,Q3,"(60460.0, 87500.0]","(-inf, 61812.893]"
53-7031,Dredge Operators,2019,51340.0,Very Low,Q2,"(40715.0, 60460.0]","(-inf, 61812.893]"
53-7041,Hoist and Winch Operators,2019,62690.0,Very Low,Q3,"(60460.0, 87500.0]","(61812.893, 101799.419]"
53-7051,Industrial Truck and Tractor Operators,2019,37930.0,Very Low,Q1,"(-inf, 40715.0]","(-inf, 61812.893]"
53-7061,Cleaners of Vehicles and Equipment,2019,27940.0,Very Low,Q1,"(-inf, 40715.0]","(-inf, 61812.893]"
53-7062,"Laborers and Freight, Stock, and Material Movers, Hand",2019,32130.0,Very Low,Q1,"(-inf, 40715.0]","(-inf, 61812.893]"
53-7063,Machine Feeders and Offbearers,2019,33010.0,Very Low,Q1,"(-inf, 40715.0]","(-inf, 61812.893]"
53-7064,"Packers and Packagers, Hand",2019,27680.0,Very Low,Q1,"(-inf, 40715.0]","(-inf, 61812.893]"
53-7065,Stockers and Order Fillers,2019,29660.0,Very Low,Q1,"(-inf, 40715.0]","(-inf, 61812.893]"
53-7071,Gas Compressor and Gas Pumping Station Operators,2019,62710.0,Very Low,Q3,"(60460.0, 87500.0]","(61812.893, 101799.419]"
53-7072,"Pump Operators, Except Wellhead Pumpers",2019,49120.0,Very Low,Q2,"(40715.0, 60460.0]","(-inf, 61812.893]"
53-7073,Wellhead Pumpers,2019,55080.0,Very Low,Q3,"(40715.0, 60460.0]","(-inf, 61812.893]"
53-7081,Refuse and Recyclable Material Collectors,2019,41400.0,Very Low,Q1,"(40715.0, 60460.0]","(-inf, 61812.893]"
53-7121,"Tank Car, Truck, and Ship Loaders",2019,47580.0,Very Low,Q2,"(40715.0, 60460.0]","(-inf, 61812.893]"
53-7199,"Material Moving Workers, All Other",2019,36530.0,Very Low,Q1,"(-inf, 40715.0]","(-inf, 61812.893]"
11-1011,Chief Executives,2022,246440.0,Mid,Q5,"(171905.0, inf]","(179850.373, 294651.12]"
11-1021,General and Operations Managers,2022,122860.0,Low,Q5,"(87500.0, 171905.0]","(101799.419, 179850.373]"
11-1031,Legislators,2022,71100.0,Very Low,Q4,"(60460.0, 87500.0]","(61812.893, 101799.419]"
11-2011,Advertising and Promotions Managers,2022,147050.0,Low,Q5,"(87500.0, 171905.0]","(101799.419, 179850.373]"
11-2021,Marketing Managers,2022,158280.0,Low,Q5,"(87500.0, 171905.0]","(101799.419, 179850.373]"
11-2022,Sales Managers,2022,150530.0,Low,Q5,"(87500.0, 171905.0]","(101799.419, 179850.373]"
11-2032,Public Relations Managers,2022,150030.0,Low,Q5,"(87500.0, 171905.0]","(101799.419, 179850.373]"
11-2033,Fundraising Managers,2022,124450.0,Low,Q5,"(87500.0, 171905.0]","(101799.419, 179850.373]"
11-3012,Administrative Services Managers,2022,115640.0,Low,Q5,"(87500.0, 171905.0]","(101799.419, 179850.373]"
11-3013,Facilities Managers,2022,105970.0,Very Low,Q5,"(87500.0, 171905.0]","(101799.419, 179850.373]"
11-3021,Computer and Information Systems Managers,2022,173670.0,Low,Q5,"(171905.0, inf]","(101799.419, 179850.373]"
11-3031,Financial Managers,2022,166050.0,Low,Q5,"(87500.0, 171905.0]","(101799.419, 179850.373]"
11-3051,Industrial Production Managers,2022,120900.0,Low,Q5,"(87500.0, 171905.0]","(101799.419, 179850.373]"
11-3061,Purchasing Managers,2022,140650.0,Low,Q5,"(87500.0, 171905.0]","(101799.419, 179850.373]"
11-3071,"Transportation, Storage, and Distribution Managers",2022,108910.0,Low,Q5,"(87500.0, 171905.0]","(101799.419, 179850.373]"
11-3111,Compensation and Benefits Managers,2022,143140.0,Low,Q5,"(87500.0, 171905.0]","(101799.419, 179850.373]"
11-3121,Human Resources Managers,2022,145750.0,Low,Q5,"(87500.0, 171905.0]","(101799.419, 179850.373]"
11-3131,Training and Development Managers,2022,132100.0,Low,Q5,"(87500.0, 171905.0]","(101799.419, 179850.373]"
11-9013,"Farmers, Ranchers, and Other Agricultural Managers",2022,83790.0,Very Low,Q4,"(60460.0, 87500.0]","(61812.893, 101799.419]"
11-9021,Construction Managers,2022,112790.0,Low,Q5,"(87500.0, 171905.0]","(101799.419, 179850.373]"
11-9031,"Education and Childcare Administrators, Preschool and Daycare",2022,57610.0,Very Low,Q3,"(40715.0, 60460.0]","(-inf, 61812.893]"
11-9032,"Education Administrators, Kindergarten through Secondary",2022,106690.0,Very Low,Q5,"(87500.0, 171905.0]","(101799.419, 179850.373]"
11-9033,"Education Administrators, Postsecondary",2022,115180.0,Low,Q5,"(87500.0, 171905.0]","(101799.419, 179850.373]"
11-9039,"Education Administrators, All Other",2022,99820.0,Very Low,Q5,"(87500.0, 171905.0]","(61812.893, 101799.419]"
11-9041,Architectural and Engineering Managers,2022,163310.0,Low,Q5,"(87500.0, 171905.0]","(101799.419, 179850.373]"
11-9051,Food Service Managers,2022,67130.0,Very Low,Q4,"(60460.0, 87500.0]","(61812.893, 101799.419]"
11-9071,Gambling Managers,2022,95830.0,Very Low,Q5,"(87500.0, 171905.0]","(61812.893, 101799.419]"
11-9072,"Entertainment and Recreation Managers, Except Gambling",2022,79750.0,Very Low,Q4,"(60460.0, 87500.0]","(61812.893, 101799.419]"
11-9081,Lodging Managers,2022,73230.0,Very Low,Q4,"(60460.0, 87500.0]","(61812.893, 101799.419]"
11-9111,Medical and Health Services Managers,2022,127980.0,Low,Q5,"(87500.0, 171905.0]","(101799.419, 179850.373]"
11-9121,Natural Sciences Managers,2022,163610.0,Low,Q5,"(87500.0, 171905.0]","(101799.419, 179850.373]"
11-9131,Postmasters and Mail Superintendents,2022,84190.0,Very Low,Q4,"(60460.0, 87500.0]","(61812.893, 101799.419]"
11-9141,"Property, Real Estate, and Community Association Managers",2022,76110.0,Very Low,Q4,"(60460.0, 87500.0]","(61812.893, 101799.419]"
11-9151,Social and Community Service Managers,2022,79310.0,Very Low,Q4,"(60460.0, 87500.0]","(61812.893, 101799.419]"
11-9161,Emergency Management Directors,2022,88890.0,Very Low,Q4,"(87500.0, 171905.0]","(61812.893, 101799.419]"
11-9171,Funeral Home Managers,2022,84770.0,Very Low,Q4,"(60460.0, 87500.0]","(61812.893, 101799.419]"
11-9179,"Personal Service Managers, All Other",2022,60510.0,Very Low,Q3,"(60460.0, 87500.0]","(-inf, 61812.893]"
11-9199,"Managers, All Other",2022,141190.0,Low,Q5,"(87500.0, 171905.0]","(101799.419, 179850.373]"
13-1011,"Agents and Business Managers of Artists, Performers, and Athletes",2022,120100.0,Low,Q5,"(87500.0, 171905.0]","(101799.419, 179850.373]"
13-1020,Buyers and Purchasing Agents,2022,75140.0,Very Low,Q4,"(60460.0, 87500.0]","(61812.893, 101799.419]"
13-1031,"Claims Adjusters, Examiners, and Investigators",2022,73380.0,Very Low,Q4,"(60460.0, 87500.0]","(61812.893, 101799.419]"
13-1032,"Insurance Appraisers, Auto Damage",2022,71580.0,Very Low,Q4,"(60460.0, 87500.0]","(61812.893, 101799.419]"
13-1041,Compliance Officers,2022,76980.0,Very Low,Q4,"(60460.0, 87500.0]","(61812.893, 101799.419]"
13-1051,Cost Estimators,2022,76740.0,Very Low,Q4,"(60460.0, 87500.0]","(61812.893, 101799.419]"
13-1071,Human Resources Specialists,2022,73080.0,Very Low,Q4,"(60460.0, 87500.0]","(61812.893, 101799.419]"
13-1074,Farm Labor Contractors,2022,54630.0,Very Low,Q3,"(40715.0, 60460.0]","(-inf, 61812.893]"
13-1075,Labor Relations Specialists,2022,87470.0,Very Low,Q4,"(60460.0, 87500.0]","(61812.893, 101799.419]"
13-1081,Logisticians,2022,81220.0,Very Low,Q4,"(60460.0, 87500.0]","(61812.893, 101799.419]"
13-1082,Project Management Specialists,2022,101610.0,Very Low,Q5,"(87500.0, 171905.0]","(61812.893, 101799.419]"
13-1111,Management Analysts,2022,104660.0,Very Low,Q5,"(87500.0, 171905.0]","(101799.419, 179850.373]"
13-1121,"Meeting, Convention, and Event Planners",2022,58750.0,Very Low,Q3,"(40715.0, 60460.0]","(-inf, 61812.893]"
13-1131,Fundraisers,2022,66670.0,Very Low,Q4,"(60460.0, 87500.0]","(61812.893, 101799.419]"
13-1141,"Compensation, Benefits, and Job Analysis Specialists",2022,75920.0,Very Low,Q4,"(60460.0, 87500.0]","(61812.893, 101799.419]"
13-1151,Training and Development Specialists,2022,69870.0,Very Low,Q4,"(60460.0, 87500.0]","(61812.893, 101799.419]"
13-1161,Market Research Analysts and Marketing Specialists,2022,78880.0,Very Low,Q4,"(60460.0, 87500.0]","(61812.893, 101799.419]"
13-1199,"Business Operations Specialists, All Other",2022,82670.0,Very Low,Q4,"(60460.0, 87500.0]","(61812.893, 101799.419]"
13-2011,Accountants and Auditors,2022,86740.0,Very Low,Q4,"(60460.0, 87500.0]","(61812.893, 101799.419]"
13-2020,Property Appraisers and Assessors,2022,80460.0,Very Low,Q4,"(60460.0, 87500.0]","(61812.893, 101799.419]"
13-2031,Budget Analysts,2022,87680.0,Very Low,Q4,"(87500.0, 171905.0]","(61812.893, 101799.419]"
13-2041,Credit Analysts,2022,92180.0,Very Low,Q5,"(87500.0, 171905.0]","(61812.893, 101799.419]"
13-2051,Financial and Investment Analysts,2022,108790.0,Low,Q5,"(87500.0, 171905.0]","(101799.419, 179850.373]"
13-2052,Personal Financial Advisors,2022,137740.0,Low,Q5,"(87500.0, 171905.0]","(101799.419, 179850.373]"
13-2053,Insurance Underwriters,2022,82990.0,Very Low,Q4,"(60460.0, 87500.0]","(61812.893, 101799.419]"
13-2054,Financial Risk Specialists,2022,116140.0,Low,Q5,"(87500.0, 171905.0]","(101799.419, 179850.373]"
13-2061,Financial Examiners,2022,95610.0,Very Low,Q5,"(87500.0, 171905.0]","(61812.893, 101799.419]"
13-2071,Credit Counselors,2022,51650.0,Very Low,Q2,"(40715.0, 60460.0]","(-inf, 61812.893]"
13-2072,Loan Officers,2022,84160.0,Very Low,Q4,"(60460.0, 87500.0]","(61812.893, 101799.419]"
13-2081,"Tax Examiners and Collectors, and Revenue Agents",2022,64410.0,Very Low,Q3,"(60460.0, 87500.0]","(61812.893, 101799.419]"
13-2082,Tax Preparers,2022,55840.0,Very Low,Q3,"(40715.0, 60460.0]","(-inf, 61812.893]"
13-2099,"Financial Specialists, All Other",2022,83580.0,Very Low,Q4,"(60460.0, 87500.0]","(61812.893, 101799.419]"
15-1211,Computer Systems Analysts,2022,107530.0,Very Low,Q5,"(87500.0, 171905.0]","(101799.419, 179850.373]"
15-1212,Information Security Analysts,2022,119860.0,Low,Q5,"(87500.0, 171905.0]","(101799.419, 179850.373]"
15-1221,Computer and Information Research Scientists,2022,155880.0,Low,Q5,"(87500.0, 171905.0]","(101799.419, 179850.373]"
15-1231,Computer Network Support Specialists,2022,76060.0,Very Low,Q4,"(60460.0, 87500.0]","(61812.893, 101799.419]"
15-1232,Computer User Support Specialists,2022,61580.0,Very Low,Q3,"(60460.0, 87500.0]","(-inf, 61812.893]"
15-1241,Computer Network Architects,2022,129490.0,Low,Q5,"(87500.0, 171905.0]","(101799.419, 179850.373]"
15-1242,Database Administrators,2022,102530.0,Very Low,Q5,"(87500.0, 171905.0]","(101799.419, 179850.373]"
15-1243,Database Architects,2022,136540.0,Low,Q5,"(87500.0, 171905.0]","(101799.419, 179850.373]"
15-1244,Network and Computer Systems Administrators,2022,97160.0,Very Low,Q5,"(87500.0, 171905.0]","(61812.893, 101799.419]"
15-1251,Computer Programmers,2022,102790.0,Very Low,Q5,"(87500.0, 171905.0]","(101799.419, 179850.373]"
15-1252,Software Developers,2022,132930.0,Low,Q5,"(87500.0, 171905.0]","(101799.419, 179850.373]"
15-1253,Software Quality Assurance Analysts and Testers,2022,105750.0,Very Low,Q5,"(87500.0, 171905.0]","(101799.419, 179850.373]"
15-1254,Web Developers,2022,87580.0,Very Low,Q4,"(87500.0, 171905.0]","(61812.893, 101799.419]"
15-1255,Web and Digital Interface Designers,2022,101740.0,Very Low,Q5,"(87500.0, 171905.0]","(61812.893, 101799.419]"
15-1299,"Computer Occupations, All Other",2022,104660.0,Very Low,Q5,"(87500.0, 171905.0]","(101799.419, 179850.373]"
15-2011,Actuaries,2022,127580.0,Low,Q5,"(87500.0, 171905.0]","(101799.419, 179850.373]"
15-2021,Mathematicians,2022,113860.0,Low,Q5,"(87500.0, 171905.0]","(101799.419, 179850.373]"
15-2031,Operations Research Analysts,2022,95820.0,Very Low,Q5,"(87500.0, 171905.0]","(61812.893, 101799.419]"
15-2041,Statisticians,2022,105510.0,Very Low,Q5,"(87500.0, 171905.0]","(101799.419, 179850.373]"
15-2051,Data Scientists,2022,115240.0,Low,Q5,"(87500.0, 171905.0]","(101799.419, 179850.373]"
15-2099,"Mathematical Science Occupations, All Other",2022,82160.0,Very Low,Q4,"(60460.0, 87500.0]","(61812.893, 101799.419]"
17-1011,"Architects, Except Landscape and Naval",2022,96510.0,Very Low,Q5,"(87500.0, 171905.0]","(61812.893, 101799.419]"
17-1012,Landscape Architects,2022,77820.0,Very Low,Q4,"(60460.0, 87500.0]","(61812.893, 101799.419]"
17-1021,Cartographers and Photogrammetrists,2022,75300.0,Very Low,Q4,"(60460.0, 87500.0]","(61812.893, 101799.419]"
17-1022,Surveyors,2022,71060.0,Very Low,Q4,"(60460.0, 87500.0]","(61812.893, 101799.419]"
17-2011,Aerospace Engineers,2022,127090.0,Low,Q5,"(87500.0, 171905.0]","(101799.419, 179850.373]"
17-2021,Agricultural Engineers,2022,90710.0,Very Low,Q4,"(87500.0, 171905.0]","(61812.893, 101799.419]"
17-2031,Bioengineers and Biomedical Engineers,2022,108060.0,Very Low,Q5,"(87500.0, 171905.0]","(101799.419, 179850.373]"
17-2041,Chemical Engineers,2022,117820.0,Low,Q5,"(87500.0, 171905.0]","(101799.419, 179850.373]"
17-2051,Civil Engineers,2022,97380.0,Very Low,Q5,"(87500.0, 171905.0]","(61812.893, 101799.419]"
17-2061,Computer Hardware Engineers,2022,140830.0,Low,Q5,"(87500.0, 171905.0]","(101799.419, 179850.373]"
17-2071,Electrical Engineers,2022,114050.0,Low,Q5,"(87500.0, 171905.0]","(101799.419, 179850.373]"
17-2072,"Electronics Engineers, Except Computer",2022,118460.0,Low,Q5,"(87500.0, 171905.0]","(101799.419, 179850.373]"
17-2081,Environmental Engineers,2022,101670.0,Very Low,Q5,"(87500.0, 171905.0]","(61812.893, 101799.419]"
17-2111,"Health and Safety Engineers, Except Mining Safety Engineers and Inspectors",2022,103570.0,Very Low,Q5,"(87500.0, 171905.0]","(101799.419, 179850.373]"
17-2112,Industrial Engineers,2022,98560.0,Very Low,Q5,"(87500.0, 171905.0]","(61812.893, 101799.419]"
17-2121,Marine Engineers and Naval Architects,2022,105560.0,Very Low,Q5,"(87500.0, 171905.0]","(101799.419, 179850.373]"
17-2131,Materials Engineers,2022,105420.0,Very Low,Q5,"(87500.0, 171905.0]","(101799.419, 179850.373]"
17-2141,Mechanical Engineers,2022,100820.0,Very Low,Q5,"(87500.0, 171905.0]","(61812.893, 101799.419]"
17-2151,"Mining and Geological Engineers, Including Mining Safety Engineers",2022,101290.0,Very Low,Q5,"(87500.0, 171905.0]","(61812.893, 101799.419]"
17-2161,Nuclear Engineers,2022,124540.0,Low,Q5,"(87500.0, 171905.0]","(101799.419, 179850.373]"
17-2171,Petroleum Engineers,2022,142800.0,Low,Q5,"(87500.0, 171905.0]","(101799.419, 179850.373]"
17-2199,"Engineers, All Other",2022,111280.0,Low,Q5,"(87500.0, 171905.0]","(101799.419, 179850.373]"
17-3011,Architectural and Civil Drafters,2022,61660.0,Very Low,Q3,"(60460.0, 87500.0]","(-inf, 61812.893]"
17-3012,Electrical and Electronics Drafters,2022,68640.0,Very Low,Q4,"(60460.0, 87500.0]","(61812.893, 101799.419]"
17-3013,Mechanical Drafters,2022,65700.0,Very Low,Q3,"(60460.0, 87500.0]","(61812.893, 101799.419]"
17-3019,"Drafters, All Other",2022,60370.0,Very Low,Q3,"(40715.0, 60460.0]","(-inf, 61812.893]"
17-3021,Aerospace Engineering and Operations Technologists and Technicians,2022,77060.0,Very Low,Q4,"(60460.0, 87500.0]","(61812.893, 101799.419]"
17-3022,Civil Engineering Technologists and Technicians,2022,61480.0,Very Low,Q3,"(60460.0, 87500.0]","(-inf, 61812.893]"
17-3023,Electrical and Electronic Engineering Technologists and Technicians,2022,70810.0,Very Low,Q4,"(60460.0, 87500.0]","(61812.893, 101799.419]"
17-3024,Electro-Mechanical and Mechatronics Technologists and Technicians,2022,65920.0,Very Low,Q3,"(60460.0, 87500.0]","(61812.893, 101799.419]"
17-3025,Environmental Engineering Technologists and Technicians,2022,58020.0,Very Low,Q3,"(40715.0, 60460.0]","(-inf, 61812.893]"
17-3026,Industrial Engineering Technologists and Technicians,2022,63470.0,Very Low,Q3,"(60460.0, 87500.0]","(61812.893, 101799.419]"
17-3027,Mechanical Engineering Technologists and Technicians,2022,64530.0,Very Low,Q3,"(60460.0, 87500.0]","(61812.893, 101799.419]"
17-3028,Calibration Technologists and Technicians,2022,67200.0,Very Low,Q4,"(60460.0, 87500.0]","(61812.893, 101799.419]"
17-3029,"Engineering Technologists and Technicians, Except Drafters, All Other",2022,70550.0,Very Low,Q4,"(60460.0, 87500.0]","(61812.893, 101799.419]"
17-3031,Surveying and Mapping Technicians,2022,51570.0,Very Low,Q2,"(40715.0, 60460.0]","(-inf, 61812.893]"
19-1011,Animal Scientists,2022,85870.0,Very Low,Q4,"(60460.0, 87500.0]","(61812.893, 101799.419]"
19-1012,Food Scientists and Technologists,2022,85730.0,Very Low,Q4,"(60460.0, 87500.0]","(61812.893, 101799.419]"
19-1013,Soil and Plant Scientists,2022,76410.0,Very Low,Q4,"(60460.0, 87500.0]","(61812.893, 101799.419]"
19-1021,Biochemists and Biophysicists,2022,114740.0,Low,Q5,"(87500.0, 171905.0]","(101799.419, 179850.373]"
19-1022,Microbiologists,2022,88950.0,Very Low,Q4,"(87500.0, 171905.0]","(61812.893, 101799.419]"
19-1023,Zoologists and Wildlife Biologists,2022,72610.0,Very Low,Q4,"(60460.0, 87500.0]","(61812.893, 101799.419]"
19-1029,"Biological Scientists, All Other",2022,95920.0,Very Low,Q5,"(87500.0, 171905.0]","(61812.893, 101799.419]"
19-1031,Conservation Scientists,2022,69810.0,Very Low,Q4,"(60460.0, 87500.0]","(61812.893, 101799.419]"
19-1032,Foresters,2022,68090.0,Very Low,Q4,"(60460.0, 87500.0]","(61812.893, 101799.419]"
19-1041,Epidemiologists,2022,85880.0,Very Low,Q4,"(60460.0, 87500.0]","(61812.893, 101799.419]"
19-1042,"Medical Scientists, Except Epidemiologists",2022,110670.0,Low,Q5,"(87500.0, 171905.0]","(101799.419, 179850.373]"
19-1099,"Life Scientists, All Other",2022,100370.0,Very Low,Q5,"(87500.0, 171905.0]","(61812.893, 101799.419]"
19-2011,Astronomers,2022,127460.0,Low,Q5,"(87500.0, 171905.0]","(101799.419, 179850.373]"
19-2012,Physicists,2022,150130.0,Low,Q5,"(87500.0, 171905.0]","(101799.419, 179850.373]"
19-2021,Atmospheric and Space Scientists,2022,93610.0,Very Low,Q5,"(87500.0, 171905.0]","(61812.893, 101799.419]"
19-2031,Chemists,2022,90530.0,Very Low,Q4,"(87500.0, 171905.0]","(61812.893, 101799.419]"
19-2032,Materials Scientists,2022,110690.0,Low,Q5,"(87500.0, 171905.0]","(101799.419, 179850.373]"
19-2041,"Environmental Scientists and Specialists, Including Health",2022,83820.0,Very Low,Q4,"(60460.0, 87500.0]","(61812.893, 101799.419]"
19-2042,"Geoscientists, Except Hydrologists and Geographers",2022,104560.0,Very Low,Q5,"(87500.0, 171905.0]","(101799.419, 179850.373]"
19-2043,Hydrologists,2022,96300.0,Very Low,Q5,"(87500.0, 171905.0]","(61812.893, 101799.419]"
19-2099,"Physical Scientists, All Other",2022,116230.0,Low,Q5,"(87500.0, 171905.0]","(101799.419, 179850.373]"
19-3011,Economists,2022,128180.0,Low,Q5,"(87500.0, 171905.0]","(101799.419, 179850.373]"
19-3022,Survey Researchers,2022,66440.0,Very Low,Q3,"(60460.0, 87500.0]","(61812.893, 101799.419]"
19-3032,Industrial-Organizational Psychologists,2022,144610.0,Low,Q5,"(87500.0, 171905.0]","(101799.419, 179850.373]"
19-3033,Clinical and Counseling Psychologists,2022,102740.0,Very Low,Q5,"(87500.0, 171905.0]","(101799.419, 179850.373]"
19-3034,School Psychologists,2022,87550.0,Very Low,Q4,"(87500.0, 171905.0]","(61812.893, 101799.419]"
19-3039,"Psychologists, All Other",2022,99560.0,Very Low,Q5,"(87500.0, 171905.0]","(61812.893, 101799.419]"
19-3041,Sociologists,2022,101310.0,Very Low,Q5,"(87500.0, 171905.0]","(61812.893, 101799.419]"
19-3051,Urban and Regional Planners,2022,82420.0,Very Low,Q4,"(60460.0, 87500.0]","(61812.893, 101799.419]"
19-3091,Anthropologists and Archeologists,2022,68310.0,Very Low,Q4,"(60460.0, 87500.0]","(61812.893, 101799.419]"
19-3092,Geographers,2022,88960.0,Very Low,Q4,"(87500.0, 171905.0]","(61812.893, 101799.419]"
19-3093,Historians,2022,72900.0,Very Low,Q4,"(60460.0, 87500.0]","(61812.893, 101799.419]"
19-3094,Political Scientists,2022,126140.0,Low,Q5,"(87500.0, 171905.0]","(101799.419, 179850.373]"
19-3099,"Social Scientists and Related Workers, All Other",2022,94560.0,Very Low,Q5,"(87500.0, 171905.0]","(61812.893, 101799.419]"
19-4012,Agricultural Technicians,2022,45640.0,Very Low,Q2,"(40715.0, 60460.0]","(-inf, 61812.893]"
19-4013,Food Science Technicians,2022,51320.0,Very Low,Q2,"(40715.0, 60460.0]","(-inf, 61812.893]"
19-4021,Biological Technicians,2022,53560.0,Very Low,Q3,"(40715.0, 60460.0]","(-inf, 61812.893]"
19-4031,Chemical Technicians,2022,56180.0,Very Low,Q3,"(40715.0, 60460.0]","(-inf, 61812.893]"
19-4042,"Environmental Science and Protection Technicians, Including Health",2022,53970.0,Very Low,Q3,"(40715.0, 60460.0]","(-inf, 61812.893]"
19-4043,"Geological Technicians, Except Hydrologic Technicians",2022,60810.0,Very Low,Q3,"(60460.0, 87500.0]","(-inf, 61812.893]"
19-4044,Hydrologic Technicians,2022,66640.0,Very Low,Q4,"(60460.0, 87500.0]","(61812.893, 101799.419]"
19-4051,Nuclear Technicians,2022,97040.0,Very Low,Q5,"(87500.0, 171905.0]","(61812.893, 101799.419]"
19-4061,Social Science Research Assistants,2022,57760.0,Very Low,Q3,"(40715.0, 60460.0]","(-inf, 61812.893]"
19-4071,Forest and Conservation Technicians,2022,45000.0,Very Low,Q2,"(40715.0, 60460.0]","(-inf, 61812.893]"
19-4092,Forensic Science Technicians,2022,69260.0,Very Low,Q4,"(60460.0, 87500.0]","(61812.893, 101799.419]"
19-4099,"Life, Physical, and Social Science Technicians, All Other",2022,57790.0,Very Low,Q3,"(40715.0, 60460.0]","(-inf, 61812.893]"
19-5011,Occupational Health and Safety Specialists,2022,82110.0,Very Low,Q4,"(60460.0, 87500.0]","(61812.893, 101799.419]"
19-5012,Occupational Health and Safety Technicians,2022,63230.0,Very Low,Q3,"(60460.0, 87500.0]","(61812.893, 101799.419]"
21-1012,"Educational, Guidance, and Career Counselors and Advisors",2022,64200.0,Very Low,Q3,"(60460.0, 87500.0]","(61812.893, 101799.419]"
21-1013,Marriage and Family Therapists,2022,63300.0,Very Low,Q3,"(60460.0, 87500.0]","(61812.893, 101799.419]"
21-1015,Rehabilitation Counselors,2022,46020.0,Very Low,Q2,"(40715.0, 60460.0]","(-inf, 61812.893]"
21-1018,"Substance Abuse, Behavioral Disorder, and Mental Health Counselors",2022,56230.0,Very Low,Q3,"(40715.0, 60460.0]","(-inf, 61812.893]"
21-1019,"Counselors, All Other",2022,49770.0,Very Low,Q2,"(40715.0, 60460.0]","(-inf, 61812.893]"
21-1021,"Child, Family, and School Social Workers",2022,56680.0,Very Low,Q3,"(40715.0, 60460.0]","(-inf, 61812.893]"
21-1022,Healthcare Social Workers,2022,62760.0,Very Low,Q3,"(60460.0, 87500.0]","(61812.893, 101799.419]"
21-1023,Mental Health and Substance Abuse Social Workers,2022,60130.0,Very Low,Q3,"(40715.0, 60460.0]","(-inf, 61812.893]"
21-1029,"Social Workers, All Other",2022,64360.0,Very Low,Q3,"(60460.0, 87500.0]","(61812.893, 101799.419]"
21-1091,Health Education Specialists,2022,66710.0,Very Low,Q4,"(60460.0, 87500.0]","(61812.893, 101799.419]"
21-1092,Probation Officers and Correctional Treatment Specialists,2022,64920.0,Very Low,Q3,"(60460.0, 87500.0]","(61812.893, 101799.419]"
21-1093,Social and Human Service Assistants,2022,41600.0,Very Low,Q2,"(40715.0, 60460.0]","(-inf, 61812.893]"
21-1094,Community Health Workers,2022,49900.0,Very Low,Q2,"(40715.0, 60460.0]","(-inf, 61812.893]"
21-1099,"Community and Social Service Specialists, All Other",2022,51620.0,Very Low,Q2,"(40715.0, 60460.0]","(-inf, 61812.893]"
21-2011,Clergy,2022,60180.0,Very Low,Q3,"(40715.0, 60460.0]","(-inf, 61812.893]"
21-2021,"Directors, Religious Activities and Education",2022,60540.0,Very Low,Q3,"(60460.0, 87500.0]","(-inf, 61812.893]"
21-2099,"Religious Workers, All Other",2022,45420.0,Very Low,Q2,"(40715.0, 60460.0]","(-inf, 61812.893]"
23-1011,Lawyers,2022,163770.0,Low,Q5,"(87500.0, 171905.0]","(101799.419, 179850.373]"
23-1012,Judicial Law Clerks,2022,66310.0,Very Low,Q3,"(60460.0, 87500.0]","(61812.893, 101799.419]"
23-1021,"Administrative Law Judges, Adjudicators, and Hearing Officers",2022,97250.0,Very Low,Q5,"(87500.0, 171905.0]","(61812.893, 101799.419]"
23-1022,"Arbitrators, Mediators, and Conciliators",2022,98920.0,Very Low,Q5,"(87500.0, 171905.0]","(61812.893, 101799.419]"
23-1023,"Judges, Magistrate Judges, and Magistrates",2022,153700.0,Low,Q5,"(87500.0, 171905.0]","(101799.419, 179850.373]"
23-2011,Paralegals and Legal Assistants,2022,62840.0,Very Low,Q3,"(60460.0, 87500.0]","(61812.893, 101799.419]"
23-2093,"Title Examiners, Abstractors, and Searchers",2022,57030.0,Very Low,Q3,"(40715.0, 60460.0]","(-inf, 61812.893]"
23-2099,"Legal Support Workers, All Other",2022,77200.0,Very Low,Q4,"(60460.0, 87500.0]","(61812.893, 101799.419]"
25-1011,"Business Teachers, Postsecondary",2022,108060.0,Very Low,Q5,"(87500.0, 171905.0]","(101799.419, 179850.373]"
25-1021,"Computer Science Teachers, Postsecondary",2022,98610.0,Very Low,Q5,"(87500.0, 171905.0]","(61812.893, 101799.419]"
25-1022,"Mathematical Science Teachers, Postsecondary",2022,90110.0,Very Low,Q4,"(87500.0, 171905.0]","(61812.893, 101799.419]"
25-1031,"Architecture Teachers, Postsecondary",2022,104370.0,Very Low,Q5,"(87500.0, 171905.0]","(101799.419, 179850.373]"
25-1032,"Engineering Teachers, Postsecondary",2022,114470.0,Low,Q5,"(87500.0, 171905.0]","(101799.419, 179850.373]"
25-1041,"Agricultural Sciences Teachers, Postsecondary",2022,96650.0,Very Low,Q5,"(87500.0, 171905.0]","(61812.893, 101799.419]"
25-1042,"Biological Science Teachers, Postsecondary",2022,97800.0,Very Low,Q5,"(87500.0, 171905.0]","(61812.893, 101799.419]"
25-1043,"Forestry and Conservation Science Teachers, Postsecondary",2022,98160.0,Very Low,Q5,"(87500.0, 171905.0]","(61812.893, 101799.419]"
25-1051,"Atmospheric, Earth, Marine, and Space Sciences Teachers, Postsecondary",2022,107540.0,Very Low,Q5,"(87500.0, 171905.0]","(101799.419, 179850.373]"
25-1052,"Chemistry Teachers, Postsecondary",2022,95250.0,Very Low,Q5,"(87500.0, 171905.0]","(61812.893, 101799.419]"
25-1053,"Environmental Science Teachers, Postsecondary",2022,91450.0,Very Low,Q4,"(87500.0, 171905.0]","(61812.893, 101799.419]"
25-1054,"Physics Teachers, Postsecondary",2022,100810.0,Very Low,Q5,"(87500.0, 171905.0]","(61812.893, 101799.419]"
25-1061,"Anthropology and Archeology Teachers, Postsecondary",2022,98940.0,Very Low,Q5,"(87500.0, 171905.0]","(61812.893, 101799.419]"
25-1062,"Area, Ethnic, and Cultural Studies Teachers, Postsecondary",2022,92980.0,Very Low,Q5,"(87500.0, 171905.0]","(61812.893, 101799.419]"
25-1063,"Economics Teachers, Postsecondary",2022,122750.0,Low,Q5,"(87500.0, 171905.0]","(101799.419, 179850.373]"
25-1064,"Geography Teachers, Postsecondary",2022,87880.0,Very Low,Q4,"(87500.0, 171905.0]","(61812.893, 101799.419]"
25-1065,"Political Science Teachers, Postsecondary",2022,98420.0,Very Low,Q5,"(87500.0, 171905.0]","(61812.893, 101799.419]"
25-1066,"Psychology Teachers, Postsecondary",2022,88470.0,Very Low,Q4,"(87500.0, 171905.0]","(61812.893, 101799.419]"
25-1067,"Sociology Teachers, Postsecondary",2022,90200.0,Very Low,Q4,"(87500.0, 171905.0]","(61812.893, 101799.419]"
25-1069,"Social Sciences Teachers, Postsecondary, All Other",2022,89350.0,Very Low,Q4,"(87500.0, 171905.0]","(61812.893, 101799.419]"
25-1071,"Health Specialties Teachers, Postsecondary",2022,127640.0,Low,Q5,"(87500.0, 171905.0]","(101799.419, 179850.373]"
25-1072,"Nursing Instructors and Teachers, Postsecondary",2022,84180.0,Very Low,Q4,"(60460.0, 87500.0]","(61812.893, 101799.419]"
25-1081,"Education Teachers, Postsecondary",2022,78540.0,Very Low,Q4,"(60460.0, 87500.0]","(61812.893, 101799.419]"
25-1082,"Library Science Teachers, Postsecondary",2022,81720.0,Very Low,Q4,"(60460.0, 87500.0]","(61812.893, 101799.419]"
25-1111,"Criminal Justice and Law Enforcement Teachers, Postsecondary",2022,78980.0,Very Low,Q4,"(60460.0, 87500.0]","(61812.893, 101799.419]"
25-1112,"Law Teachers, Postsecondary",2022,133950.0,Low,Q5,"(87500.0, 171905.0]","(101799.419, 179850.373]"
25-1113,"Social Work Teachers, Postsecondary",2022,75330.0,Very Low,Q4,"(60460.0, 87500.0]","(61812.893, 101799.419]"
25-1121,"Art, Drama, and Music Teachers, Postsecondary",2022,93440.0,Very Low,Q5,"(87500.0, 171905.0]","(61812.893, 101799.419]"
25-1122,"Communications Teachers, Postsecondary",2022,84700.0,Very Low,Q4,"(60460.0, 87500.0]","(61812.893, 101799.419]"
25-1123,"English Language and Literature Teachers, Postsecondary",2022,83130.0,Very Low,Q4,"(60460.0, 87500.0]","(61812.893, 101799.419]"
25-1124,"Foreign Language and Literature Teachers, Postsecondary",2022,83300.0,Very Low,Q4,"(60460.0, 87500.0]","(61812.893, 101799.419]"
25-1125,"History Teachers, Postsecondary",2022,88640.0,Very Low,Q4,"(87500.0, 171905.0]","(61812.893, 101799.419]"
25-1126,"Philosophy and Religion Teachers, Postsecondary",2022,87100.0,Very Low,Q4,"(60460.0, 87500.0]","(61812.893, 101799.419]"
25-1192,"Family and Consumer Sciences Teachers, Postsecondary",2022,89840.0,Very Low,Q4,"(87500.0, 171905.0]","(61812.893, 101799.419]"
25-1193,"Recreation and Fitness Studies Teachers, Postsecondary",2022,82020.0,Very Low,Q4,"(60460.0, 87500.0]","(61812.893, 101799.419]"
25-1194,"Career/Technical Education Teachers, Postsecondary",2022,65500.0,Very Low,Q3,"(60460.0, 87500.0]","(61812.893, 101799.419]"
25-1199,"Postsecondary Teachers, All Other",2022,91760.0,Very Low,Q5,"(87500.0, 171905.0]","(61812.893, 101799.419]"
25-2011,"Preschool Teachers, Except Special Education",2022,38640.0,Very Low,Q1,"(-inf, 40715.0]","(-inf, 61812.893]"
25-2012,"Kindergarten Teachers, Except Special Education",2022,65120.0,Very Low,Q3,"(60460.0, 87500.0]","(61812.893, 101799.419]"
25-2021,"Elementary School Teachers, Except Special Education",2022,68000.0,Very Low,Q4,"(60460.0, 87500.0]","(61812.893, 101799.419]"
25-2022,"Middle School Teachers, Except Special and Career/Technical Education",2022,67790.0,Very Low,Q4,"(60460.0, 87500.0]","(61812.893, 101799.419]"
25-2023,"Career/Technical Education Teachers, Middle School",2022,67680.0,Very Low,Q4,"(60460.0, 87500.0]","(61812.893, 101799.419]"
25-2031,"Secondary School Teachers, Except Special and Career/Technical Education",2022,69480.0,Very Low,Q4,"(60460.0, 87500.0]","(61812.893, 101799.419]"
25-2032,"Career/Technical Education Teachers, Secondary School",2022,67610.0,Very Low,Q4,"(60460.0, 87500.0]","(61812.893, 101799.419]"
25-2051,"Special Education Teachers, Preschool",2022,69620.0,Very Low,Q4,"(60460.0, 87500.0]","(61812.893, 101799.419]"
25-2052,"Special Education Teachers, Kindergarten and Elementary School",2022,68580.0,Very Low,Q4,"(60460.0, 87500.0]","(61812.893, 101799.419]"
25-2057,"Special Education Teachers, Middle School",2022,69530.0,Very Low,Q4,"(60460.0, 87500.0]","(61812.893, 101799.419]"
25-2058,"Special Education Teachers, Secondary School",2022,71290.0,Very Low,Q4,"(60460.0, 87500.0]","(61812.893, 101799.419]"
25-2059,"Special Education Teachers, All Other",2022,74310.0,Very Low,Q4,"(60460.0, 87500.0]","(61812.893, 101799.419]"
25-3011,"Adult Basic Education, Adult Secondary Education, and English as a Second Language Instructors",2022,63130.0,Very Low,Q3,"(60460.0, 87500.0]","(61812.893, 101799.419]"
25-3021,Self-Enrichment Teachers,2022,50320.0,Very Low,Q2,"(40715.0, 60460.0]","(-inf, 61812.893]"
25-3031,"Substitute Teachers, Short-Term",2022,42680.0,Very Low,Q2,"(40715.0, 60460.0]","(-inf, 61812.893]"
25-3041,Tutors,2022,44820.0,Very Low,Q2,"(40715.0, 60460.0]","(-inf, 61812.893]"
25-3099,"Teachers and Instructors, All Other",2022,66450.0,Very Low,Q3,"(60460.0, 87500.0]","(61812.893, 101799.419]"
25-4011,Archivists,2022,63980.0,Very Low,Q3,"(60460.0, 87500.0]","(61812.893, 101799.419]"
25-4012,Curators,2022,67490.0,Very Low,Q4,"(60460.0, 87500.0]","(61812.893, 101799.419]"
25-4013,Museum Technicians and Conservators,2022,52820.0,Very Low,Q3,"(40715.0, 60460.0]","(-inf, 61812.893]"
25-4022,Librarians and Media Collections Specialists,2022,64770.0,Very Low,Q3,"(60460.0, 87500.0]","(61812.893, 101799.419]"
25-4031,Library Technicians,2022,40590.0,Very Low,Q1,"(-inf, 40715.0]","(-inf, 61812.893]"
25-9021,Farm and Home Management Educators,2022,58450.0,Very Low,Q3,"(40715.0, 60460.0]","(-inf, 61812.893]"
25-9031,Instructional Coordinators,2022,73080.0,Very Low,Q4,"(60460.0, 87500.0]","(61812.893, 101799.419]"
25-9044,"Teaching Assistants, Postsecondary",2022,41900.0,Very Low,Q2,"(40715.0, 60460.0]","(-inf, 61812.893]"
25-9045,"Teaching Assistants, Except Postsecondary",2022,33740.0,Very Low,Q1,"(-inf, 40715.0]","(-inf, 61812.893]"
25-9099,"Educational Instruction and Library Workers, All Other",2022,52250.0,Very Low,Q3,"(40715.0, 60460.0]","(-inf, 61812.893]"
27-1011,Art Directors,2022,124310.0,Low,Q5,"(87500.0, 171905.0]","(101799.419, 179850.373]"
27-1012,Craft Artists,2022,49180.0,Very Low,Q2,"(40715.0, 60460.0]","(-inf, 61812.893]"
27-1013,"Fine Artists, Including Painters, Sculptors, and Illustrators",2022,69870.0,Very Low,Q4,"(60460.0, 87500.0]","(61812.893, 101799.419]"
27-1014,Special Effects Artists and Animators,2022,111130.0,Low,Q5,"(87500.0, 171905.0]","(101799.419, 179850.373]"
27-1019,"Artists and Related Workers, All Other",2022,74130.0,Very Low,Q4,"(60460.0, 87500.0]","(61812.893, 101799.419]"
27-1021,Commercial and Industrial Designers,2022,81740.0,Very Low,Q4,"(60460.0, 87500.0]","(61812.893, 101799.419]"
27-1022,Fashion Designers,2022,85760.0,Very Low,Q4,"(60460.0, 87500.0]","(61812.893, 101799.419]"
27-1023,Floral Designers,2022,34310.0,Very Low,Q1,"(-inf, 40715.0]","(-inf, 61812.893]"
27-1024,Graphic Designers,2022,64500.0,Very Low,Q3,"(60460.0, 87500.0]","(61812.893, 101799.419]"
27-1025,Interior Designers,2022,67460.0,Very Low,Q4,"(60460.0, 87500.0]","(61812.893, 101799.419]"
27-1026,Merchandise Displayers and Window Trimmers,2022,38120.0,Very Low,Q1,"(-inf, 40715.0]","(-inf, 61812.893]"
27-1027,Set and Exhibit Designers,2022,68490.0,Very Low,Q4,"(60460.0, 87500.0]","(61812.893, 101799.419]"
27-1029,"Designers, All Other",2022,76430.0,Very Low,Q4,"(60460.0, 87500.0]","(61812.893, 101799.419]"
27-2011,Actors,2022,,,,,
27-2012,Producers and Directors,2022,110660.0,Low,Q5,"(87500.0, 171905.0]","(101799.419, 179850.373]"
27-2021,Athletes and Sports Competitors,2022,358080.0,High,Q5,"(171905.0, inf]","(294651.12, inf]"
27-2022,Coaches and Scouts,2022,57450.0,Very Low,Q3,"(40715.0, 60460.0]","(-inf, 61812.893]"
27-2023,"Umpires, Referees, and Other Sports Officials",2022,49030.0,Very Low,Q2,"(40715.0, 60460.0]","(-inf, 61812.893]"
27-2031,Dancers,2022,,,,,
27-2032,Choreographers,2022,58740.0,Very Low,Q3,"(40715.0, 60460.0]","(-inf, 61812.893]"
27-2041,Music Directors and Composers,2022,95430.0,Very Low,Q5,"(87500.0, 171905.0]","(61812.893, 101799.419]"
27-2042,Musicians and Singers,2022,,,,,
27-2091,"Disc Jockeys, Except Radio",2022,,,,,
27-2099,"Entertainers and Performers, Sports and Related Workers, All Other",2022,,,,,
27-3011,Broadcast Announcers and Radio Disc Jockeys,2022,155730.0,Low,Q5,"(87500.0, 171905.0]","(101799.419, 179850.373]"
27-3023,"News Analysts, Reporters, and Journalists",2022,86290.0,Very Low,Q4,"(60460.0, 87500.0]","(61812.893, 101799.419]"
27-3031,Public Relations Specialists,2022,78540.0,Very Low,Q4,"(60460.0, 87500.0]","(61812.893, 101799.419]"
27-3041,Editors,2022,84820.0,Very Low,Q4,"(60460.0, 87500.0]","(61812.893, 101799.419]"
27-3042,Technical Writers,2022,86760.0,Very Low,Q4,"(60460.0, 87500.0]","(61812.893, 101799.419]"
27-3043,Writers and Authors,2022,91560.0,Very Low,Q4,"(87500.0, 171905.0]","(61812.893, 101799.419]"
27-3091,Interpreters and Translators,2022,61730.0,Very Low,Q3,"(60460.0, 87500.0]","(-inf, 61812.893]"
27-3092,Court Reporters and Simultaneous Captioners,2022,70290.0,Very Low,Q4,"(60460.0, 87500.0]","(61812.893, 101799.419]"
27-3099,"Media and Communication Workers, All Other",2022,113840.0,Low,Q5,"(87500.0, 171905.0]","(101799.419, 179850.373]"
27-4011,Audio and Video Technicians,2022,57710.0,Very Low,Q3,"(40715.0, 60460.0]","(-inf, 61812.893]"
27-4012,Broadcast Technicians,2022,84860.0,Very Low,Q4,"(60460.0, 87500.0]","(61812.893, 101799.419]"
27-4014,Sound Engineering Technicians,2022,75590.0,Very Low,Q4,"(60460.0, 87500.0]","(61812.893, 101799.419]"
27-4015,Lighting Technicians,2022,74020.0,Very Low,Q4,"(60460.0, 87500.0]","(61812.893, 101799.419]"
27-4021,Photographers,2022,50210.0,Very Low,Q2,"(40715.0, 60460.0]","(-inf, 61812.893]"
27-4031,"Camera Operators, Television, Video, and Film",2022,69940.0,Very Low,Q4,"(60460.0, 87500.0]","(61812.893, 101799.419]"
27-4032,Film and Video Editors,2022,80990.0,Very Low,Q4,"(60460.0, 87500.0]","(61812.893, 101799.419]"
27-4099,"Media and Communication Equipment Workers, All Other",2022,74490.0,Very Low,Q4,"(60460.0, 87500.0]","(61812.893, 101799.419]"
29-1011,Chiropractors,2022,83720.0,Very Low,Q4,"(60460.0, 87500.0]","(61812.893, 101799.419]"
29-1021,"Dentists, General",2022,172290.0,Low,Q5,"(171905.0, inf]","(101799.419, 179850.373]"
29-1022,Oral and Maxillofacial Surgeons,2022,309410.0,High,Q5,"(171905.0, inf]","(294651.12, inf]"
29-1023,Orthodontists,2022,216320.0,Mid,Q5,"(171905.0, inf]","(179850.373, 294651.12]"
29-1029,"Dentists, All Other Specialists",2022,233430.0,Mid,Q5,"(171905.0, inf]","(179850.373, 294651.12]"
29-1031,Dietitians and Nutritionists,2022,69350.0,Very Low,Q4,"(60460.0, 87500.0]","(61812.893, 101799.419]"
29-1041,Optometrists,2022,133100.0,Low,Q5,"(87500.0, 171905.0]","(101799.419, 179850.373]"
29-1051,Pharmacists,2022,129410.0,Low,Q5,"(87500.0, 171905.0]","(101799.419, 179850.373]"
29-1071,Physician Assistants,2022,125270.0,Low,Q5,"(87500.0, 171905.0]","(101799.419, 179850.373]"
29-1081,Podiatrists,2022,157970.0,Low,Q5,"(87500.0, 171905.0]","(101799.419, 179850.373]"
29-1122,Occupational Therapists,2022,92800.0,Very Low,Q5,"(87500.0, 171905.0]","(61812.893, 101799.419]"
29-1123,Physical Therapists,2022,97960.0,Very Low,Q5,"(87500.0, 171905.0]","(61812.893, 101799.419]"
29-1124,Radiation Therapists,2022,98340.0,Very Low,Q5,"(87500.0, 171905.0]","(61812.893, 101799.419]"
29-1125,Recreational Therapists,2022,56310.0,Very Low,Q3,"(40715.0, 60460.0]","(-inf, 61812.893]"
29-1126,Respiratory Therapists,2022,74310.0,Very Low,Q4,"(60460.0, 87500.0]","(61812.893, 101799.419]"
29-1127,Speech-Language Pathologists,2022,89460.0,Very Low,Q4,"(87500.0, 171905.0]","(61812.893, 101799.419]"
29-1128,Exercise Physiologists,2022,55820.0,Very Low,Q3,"(40715.0, 60460.0]","(-inf, 61812.893]"
29-1129,"Therapists, All Other",2022,71860.0,Very Low,Q4,"(60460.0, 87500.0]","(61812.893, 101799.419]"
29-1131,Veterinarians,2022,129110.0,Low,Q5,"(87500.0, 171905.0]","(101799.419, 179850.373]"
29-1141,Registered Nurses,2022,89010.0,Very Low,Q4,"(87500.0, 171905.0]","(61812.893, 101799.419]"
29-1151,Nurse Anesthetists,2022,205770.0,Mid,Q5,"(171905.0, inf]","(179850.373, 294651.12]"
29-1161,Nurse Midwives,2022,122450.0,Low,Q5,"(87500.0, 171905.0]","(101799.419, 179850.373]"
29-1171,Nurse Practitioners,2022,124680.0,Low,Q5,"(87500.0, 171905.0]","(101799.419, 179850.373]"
29-1181,Audiologists,2022,89490.0,Very Low,Q4,"(87500.0, 171905.0]","(61812.893, 101799.419]"
29-1211,Anesthesiologists,2022,302970.0,High,Q5,"(171905.0, inf]","(294651.12, inf]"
29-1212,Cardiologists,2022,421330.0,Very High,Q5,"(171905.0, inf]","(294651.12, inf]"
29-1213,Dermatologists,2022,327650.0,High,Q5,"(171905.0, inf]","(294651.12, inf]"
29-1214,Emergency Medicine Physicians,2022,316600.0,High,Q5,"(171905.0, inf]","(294651.12, inf]"
29-1215,Family Medicine Physicians,2022,224460.0,Mid,Q5,"(171905.0, inf]","(179850.373, 294651.12]"
29-1216,General Internal Medicine Physicians,2022,225270.0,Mid,Q5,"(171905.0, inf]","(179850.373, 294651.12]"
29-1217,Neurologists,2022,255510.0,Mid,Q5,"(171905.0, inf]","(179850.373, 294651.12]"
29-1218,Obstetricians and Gynecologists,2022,277320.0,Mid,Q5,"(171905.0, inf]","(179850.373, 294651.12]"
29-1221,"Pediatricians, General",2022,203240.0,Mid,Q5,"(171905.0, inf]","(179850.373, 294651.12]"
29-1222,"Physicians, Pathologists",2022,252850.0,Mid,Q5,"(171905.0, inf]","(179850.373, 294651.12]"
29-1223,Psychiatrists,2022,247350.0,Mid,Q5,"(171905.0, inf]","(179850.373, 294651.12]"
29-1224,Radiologists,2022,329080.0,High,Q5,"(171905.0, inf]","(294651.12, inf]"
29-1229,"Physicians, All Other",2022,238700.0,Mid,Q5,"(171905.0, inf]","(179850.373, 294651.12]"
29-1241,"Ophthalmologists, Except Pediatric",2022,265450.0,Mid,Q5,"(171905.0, inf]","(179850.373, 294651.12]"
29-1242,"Orthopedic Surgeons, Except Pediatric",2022,371400.0,Very High,Q5,"(171905.0, inf]","(294651.12, inf]"
29-1243,Pediatric Surgeons,2022,362970.0,High,Q5,"(171905.0, inf]","(294651.12, inf]"
29-1249,"Surgeons, All Other",2022,347870.0,High,Q5,"(171905.0, inf]","(294651.12, inf]"
29-1291,Acupuncturists,2022,82390.0,Very Low,Q4,"(60460.0, 87500.0]","(61812.893, 101799.419]"
29-1292,Dental Hygienists,2022,84860.0,Very Low,Q4,"(60460.0, 87500.0]","(61812.893, 101799.419]"
29-1299,"Healthcare Diagnosing or Treating Practitioners, All Other",2022,123960.0,Low,Q5,"(87500.0, 171905.0]","(101799.419, 179850.373]"
29-2010,Clinical Laboratory Technologists and Technicians,2022,59130.0,Very Low,Q3,"(40715.0, 60460.0]","(-inf, 61812.893]"
29-2031,Cardiovascular Technologists and Technicians,2022,65490.0,Very Low,Q3,"(60460.0, 87500.0]","(61812.893, 101799.419]"
29-2032,Diagnostic Medical Sonographers,2022,84410.0,Very Low,Q4,"(60460.0, 87500.0]","(61812.893, 101799.419]"
29-2033,Nuclear Medicine Technologists,2022,89610.0,Very Low,Q4,"(87500.0, 171905.0]","(61812.893, 101799.419]"
29-2034,Radiologic Technologists and Technicians,2022,70240.0,Very Low,Q4,"(60460.0, 87500.0]","(61812.893, 101799.419]"
29-2035,Magnetic Resonance Imaging Technologists,2022,81530.0,Very Low,Q4,"(60460.0, 87500.0]","(61812.893, 101799.419]"
29-2036,Medical Dosimetrists,2022,129080.0,Low,Q5,"(87500.0, 171905.0]","(101799.419, 179850.373]"
29-2042,Emergency Medical Technicians,2022,40120.0,Very Low,Q1,"(-inf, 40715.0]","(-inf, 61812.893]"
29-2043,Paramedics,2022,53560.0,Very Low,Q3,"(40715.0, 60460.0]","(-inf, 61812.893]"
29-2051,Dietetic Technicians,2022,36370.0,Very Low,Q1,"(-inf, 40715.0]","(-inf, 61812.893]"
29-2052,Pharmacy Technicians,2022,40260.0,Very Low,Q1,"(-inf, 40715.0]","(-inf, 61812.893]"
29-2053,Psychiatric Technicians,2022,40760.0,Very Low,Q1,"(40715.0, 60460.0]","(-inf, 61812.893]"
29-2055,Surgical Technologists,2022,57500.0,Very Low,Q3,"(40715.0, 60460.0]","(-inf, 61812.893]"
29-2056,Veterinary Technologists and Technicians,2022,40770.0,Very Low,Q1,"(40715.0, 60460.0]","(-inf, 61812.893]"
29-2057,Ophthalmic Medical Technicians,2022,42480.0,Very Low,Q2,"(40715.0, 60460.0]","(-inf, 61812.893]"
29-2061,Licensed Practical and Licensed Vocational Nurses,2022,55860.0,Very Low,Q3,"(40715.0, 60460.0]","(-inf, 61812.893]"
29-2072,Medical Records Specialists,2022,51090.0,Very Low,Q2,"(40715.0, 60460.0]","(-inf, 61812.893]"
29-2081,"Opticians, Dispensing",2022,44890.0,Very Low,Q2,"(40715.0, 60460.0]","(-inf, 61812.893]"
29-2091,Orthotists and Prosthetists,2022,78240.0,Very Low,Q4,"(60460.0, 87500.0]","(61812.893, 101799.419]"
29-2092,Hearing Aid Specialists,2022,62480.0,Very Low,Q3,"(60460.0, 87500.0]","(61812.893, 101799.419]"
29-2099,"Health Technologists and Technicians, All Other",2022,50790.0,Very Low,Q2,"(40715.0, 60460.0]","(-inf, 61812.893]"
29-9021,Health Information Technologists and Medical Registrars,2022,65280.0,Very Low,Q3,"(60460.0, 87500.0]","(61812.893, 101799.419]"
29-9091,Athletic Trainers,2022,57810.0,Very Low,Q3,"(40715.0, 60460.0]","(-inf, 61812.893]"
29-9092,Genetic Counselors,2022,93120.0,Very Low,Q5,"(87500.0, 171905.0]","(61812.893, 101799.419]"
29-9093,Surgical Assistants,2022,61200.0,Very Low,Q3,"(60460.0, 87500.0]","(-inf, 61812.893]"
29-9099,"Healthcare Practitioners and Technical Workers, All Other",2022,68170.0,Very Low,Q4,"(60460.0, 87500.0]","(61812.893, 101799.419]"
31-1120,Home Health and Personal Care Aides,2022,30930.0,Very Low,Q1,"(-inf, 40715.0]","(-inf, 61812.893]"
31-1131,Nursing Assistants,2022,36220.0,Very Low,Q1,"(-inf, 40715.0]","(-inf, 61812.893]"
31-1132,Orderlies,2022,36070.0,Very Low,Q1,"(-inf, 40715.0]","(-inf, 61812.893]"
31-1133,Psychiatric Aides,2022,38620.0,Very Low,Q1,"(-inf, 40715.0]","(-inf, 61812.893]"
31-2011,Occupational Therapy Assistants,2022,66280.0,Very Low,Q3,"(60460.0, 87500.0]","(61812.893, 101799.419]"
31-2012,Occupational Therapy Aides,2022,43090.0,Very Low,Q2,"(40715.0, 60460.0]","(-inf, 61812.893]"
31-2021,Physical Therapist Assistants,2022,64510.0,Very Low,Q3,"(60460.0, 87500.0]","(61812.893, 101799.419]"
31-2022,Physical Therapist Aides,2022,33210.0,Very Low,Q1,"(-inf, 40715.0]","(-inf, 61812.893]"
31-9011,Massage Therapists,2022,57060.0,Very Low,Q3,"(40715.0, 60460.0]","(-inf, 61812.893]"
31-9091,Dental Assistants,2022,44710.0,Very Low,Q2,"(40715.0, 60460.0]","(-inf, 61812.893]"
31-9092,Medical Assistants,2022,40700.0,Very Low,Q1,"(-inf, 40715.0]","(-inf, 61812.893]"
31-9093,Medical Equipment Preparers,2022,44940.0,Very Low,Q2,"(40715.0, 60460.0]","(-inf, 61812.893]"
31-9094,Medical Transcriptionists,2022,37090.0,Very Low,Q1,"(-inf, 40715.0]","(-inf, 61812.893]"
31-9095,Pharmacy Aides,2022,35870.0,Very Low,Q1,"(-inf, 40715.0]","(-inf, 61812.893]"
31-9096,Veterinary Assistants and Laboratory Animal Caretakers,2022,34490.0,Very Low,Q1,"(-inf, 40715.0]","(-inf, 61812.893]"
31-9097,Phlebotomists,2022,40580.0,Very Low,Q1,"(-inf, 40715.0]","(-inf, 61812.893]"
31-9099,"Healthcare Support Workers, All Other",2022,43490.0,Very Low,Q2,"(40715.0, 60460.0]","(-inf, 61812.893]"
33-1011,First-Line Supervisors of Correctional Officers,2022,70190.0,Very Low,Q4,"(60460.0, 87500.0]","(61812.893, 101799.419]"
33-1012,First-Line Supervisors of Police and Detectives,2022,99410.0,Very Low,Q5,"(87500.0, 171905.0]","(61812.893, 101799.419]"
33-1021,First-Line Supervisors of Firefighting and Prevention Workers,2022,84810.0,Very Low,Q4,"(60460.0, 87500.0]","(61812.893, 101799.419]"
33-1091,First-Line Supervisors of Security Workers,2022,54750.0,Very Low,Q3,"(40715.0, 60460.0]","(-inf, 61812.893]"
33-1099,"First-Line Supervisors of Protective Service Workers, All Other",2022,63730.0,Very Low,Q3,"(60460.0, 87500.0]","(61812.893, 101799.419]"
33-2011,Firefighters,2022,56310.0,Very Low,Q3,"(40715.0, 60460.0]","(-inf, 61812.893]"
33-2021,Fire Inspectors and Investigators,2022,76910.0,Very Low,Q4,"(60460.0, 87500.0]","(61812.893, 101799.419]"
33-2022,Forest Fire Inspectors and Prevention Specialists,2022,56780.0,Very Low,Q3,"(40715.0, 60460.0]","(-inf, 61812.893]"
33-3011,Bailiffs,2022,54680.0,Very Low,Q3,"(40715.0, 60460.0]","(-inf, 61812.893]"
33-3012,Correctional Officers and Jailers,2022,54760.0,Very Low,Q3,"(40715.0, 60460.0]","(-inf, 61812.893]"
33-3021,Detectives and Criminal Investigators,2022,91610.0,Very Low,Q4,"(87500.0, 171905.0]","(61812.893, 101799.419]"
33-3031,Fish and Game Wardens,2022,59860.0,Very Low,Q3,"(40715.0, 60460.0]","(-inf, 61812.893]"
33-3041,Parking Enforcement Workers,2022,44670.0,Very Low,Q2,"(40715.0, 60460.0]","(-inf, 61812.893]"
33-3051,Police and Sheriff's Patrol Officers,2022,71380.0,Very Low,Q4,"(60460.0, 87500.0]","(61812.893, 101799.419]"
33-3052,Transit and Railroad Police,2022,76380.0,Very Low,Q4,"(60460.0, 87500.0]","(61812.893, 101799.419]"
33-9011,Animal Control Workers,2022,43780.0,Very Low,Q2,"(40715.0, 60460.0]","(-inf, 61812.893]"
33-9021,Private Detectives and Investigators,2022,59400.0,Very Low,Q3,"(40715.0, 60460.0]","(-inf, 61812.893]"
33-9031,Gambling Surveillance Officers and Gambling Investigators,2022,39290.0,Very Low,Q1,"(-inf, 40715.0]","(-inf, 61812.893]"
33-9032,Security Guards,2022,36700.0,Very Low,Q1,"(-inf, 40715.0]","(-inf, 61812.893]"
33-9091,Crossing Guards and Flaggers,2022,37490.0,Very Low,Q1,"(-inf, 40715.0]","(-inf, 61812.893]"
33-9092,"Lifeguards, Ski Patrol, and Other Recreational Protective Service Workers",2022,28370.0,Very Low,Q1,"(-inf, 40715.0]","(-inf, 61812.893]"
33-9093,Transportation Security Screeners,2022,48520.0,Very Low,Q2,"(40715.0, 60460.0]","(-inf, 61812.893]"
33-9094,School Bus Monitors,2022,31040.0,Very Low,Q1,"(-inf, 40715.0]","(-inf, 61812.893]"
33-9099,"Protective Service Workers, All Other",2022,43270.0,Very Low,Q2,"(40715.0, 60460.0]","(-inf, 61812.893]"
35-1011,Chefs and Head Cooks,2022,60210.0,Very Low,Q3,"(40715.0, 60460.0]","(-inf, 61812.893]"
35-1012,First-Line Supervisors of Food Preparation and Serving Workers,2022,41020.0,Very Low,Q1,"(40715.0, 60460.0]","(-inf, 61812.893]"
35-2011,"Cooks, Fast Food",2022,27920.0,Very Low,Q1,"(-inf, 40715.0]","(-inf, 61812.893]"
35-2012,"Cooks, Institution and Cafeteria",2022,33670.0,Very Low,Q1,"(-inf, 40715.0]","(-inf, 61812.893]"
35-2013,"Cooks, Private Household",2022,45510.0,Very Low,Q2,"(40715.0, 60460.0]","(-inf, 61812.893]"
35-2014,"Cooks, Restaurant",2022,33940.0,Very Low,Q1,"(-inf, 40715.0]","(-inf, 61812.893]"
35-2015,"Cooks, Short Order",2022,30770.0,Very Low,Q1,"(-inf, 40715.0]","(-inf, 61812.893]"
35-2019,"Cooks, All Other",2022,35120.0,Very Low,Q1,"(-inf, 40715.0]","(-inf, 61812.893]"
35-2021,Food Preparation Workers,2022,30720.0,Very Low,Q1,"(-inf, 40715.0]","(-inf, 61812.893]"
35-3011,Bartenders,2022,34490.0,Very Low,Q1,"(-inf, 40715.0]","(-inf, 61812.893]"
35-3023,Fast Food and Counter Workers,2022,28130.0,Very Low,Q1,"(-inf, 40715.0]","(-inf, 61812.893]"
35-3031,Waiters and Waitresses,2022,33020.0,Very Low,Q1,"(-inf, 40715.0]","(-inf, 61812.893]"
35-3041,"Food Servers, Nonrestaurant",2022,31940.0,Very Low,Q1,"(-inf, 40715.0]","(-inf, 61812.893]"
35-9011,Dining Room and Cafeteria Attendants and Bartender Helpers,2022,30290.0,Very Low,Q1,"(-inf, 40715.0]","(-inf, 61812.893]"
35-9021,Dishwashers,2022,29560.0,Very Low,Q1,"(-inf, 40715.0]","(-inf, 61812.893]"
35-9031,"Hosts and Hostesses, Restaurant, Lounge, and Coffee Shop",2022,28380.0,Very Low,Q1,"(-inf, 40715.0]","(-inf, 61812.893]"
35-9099,"Food Preparation and Serving Related Workers, All Other",2022,31990.0,Very Low,Q1,"(-inf, 40715.0]","(-inf, 61812.893]"
37-1011,First-Line Supervisors of Housekeeping and Janitorial Workers,2022,47430.0,Very Low,Q2,"(40715.0, 60460.0]","(-inf, 61812.893]"
37-1012,"First-Line Supervisors of Landscaping, Lawn Service, and Groundskeeping Workers",2022,55770.0,Very Low,Q3,"(40715.0, 60460.0]","(-inf, 61812.893]"
37-2011,"Janitors and Cleaners, Except Maids and Housekeeping Cleaners",2022,33960.0,Very Low,Q1,"(-inf, 40715.0]","(-inf, 61812.893]"
37-2012,Maids and Housekeeping Cleaners,2022,31920.0,Very Low,Q1,"(-inf, 40715.0]","(-inf, 61812.893]"
37-2019,"Building Cleaning Workers, All Other",2022,41360.0,Very Low,Q1,"(40715.0, 60460.0]","(-inf, 61812.893]"
37-2021,Pest Control Workers,2022,42210.0,Very Low,Q2,"(40715.0, 60460.0]","(-inf, 61812.893]"
37-3011,Landscaping and Groundskeeping Workers,2022,37270.0,Very Low,Q1,"(-inf, 40715.0]","(-inf, 61812.893]"
37-3012,"Pesticide Handlers, Sprayers, and Applicators, Vegetation",2022,42560.0,Very Low,Q2,"(40715.0, 60460.0]","(-inf, 61812.893]"
37-3013,Tree Trimmers and Pruners,2022,49820.0,Very Low,Q2,"(40715.0, 60460.0]","(-inf, 61812.893]"
37-3019,"Grounds Maintenance Workers, All Other",2022,43750.0,Very Low,Q2,"(40715.0, 60460.0]","(-inf, 61812.893]"
39-1013,First-Line Supervisors of Gambling Services Workers,2022,56400.0,Very Low,Q3,"(40715.0, 60460.0]","(-inf, 61812.893]"
39-1014,"First-Line Supervisors of Entertainment and Recreation Workers, Except Gambling Services",2022,48630.0,Very Low,Q2,"(40715.0, 60460.0]","(-inf, 61812.893]"
39-1022,First-Line Supervisors of Personal Service Workers,2022,47330.0,Very Low,Q2,"(40715.0, 60460.0]","(-inf, 61812.893]"
39-2011,Animal Trainers,2022,41820.0,Very Low,Q2,"(40715.0, 60460.0]","(-inf, 61812.893]"
39-2021,Animal Caretakers,2022,32160.0,Very Low,Q1,"(-inf, 40715.0]","(-inf, 61812.893]"
39-3011,Gambling Dealers,2022,34350.0,Very Low,Q1,"(-inf, 40715.0]","(-inf, 61812.893]"
39-3012,Gambling and Sports Book Writers and Runners,2022,32310.0,Very Low,Q1,"(-inf, 40715.0]","(-inf, 61812.893]"
39-3019,"Gambling Service Workers, All Other",2022,34340.0,Very Low,Q1,"(-inf, 40715.0]","(-inf, 61812.893]"
39-3021,Motion Picture Projectionists,2022,35710.0,Very Low,Q1,"(-inf, 40715.0]","(-inf, 61812.893]"
39-3031,"Ushers, Lobby Attendants, and Ticket Takers",2022,28700.0,Very Low,Q1,"(-inf, 40715.0]","(-inf, 61812.893]"
39-3091,Amusement and Recreation Attendants,2022,28350.0,Very Low,Q1,"(-inf, 40715.0]","(-inf, 61812.893]"
39-3092,Costume Attendants,2022,55070.0,Very Low,Q3,"(40715.0, 60460.0]","(-inf, 61812.893]"
39-3093,"Locker Room, Coatroom, and Dressing Room Attendants",2022,32560.0,Very Low,Q1,"(-inf, 40715.0]","(-inf, 61812.893]"
39-3099,"Entertainment Attendants and Related Workers, All Other",2022,30810.0,Very Low,Q1,"(-inf, 40715.0]","(-inf, 61812.893]"
39-4011,Embalmers,2022,54120.0,Very Low,Q3,"(40715.0, 60460.0]","(-inf, 61812.893]"
39-4012,Crematory Operators,2022,43120.0,Very Low,Q2,"(40715.0, 60460.0]","(-inf, 61812.893]"
39-4021,Funeral Attendants,2022,34340.0,Very Low,Q1,"(-inf, 40715.0]","(-inf, 61812.893]"
39-4031,"Morticians, Undertakers, and Funeral Arrangers",2022,58430.0,Very Low,Q3,"(40715.0, 60460.0]","(-inf, 61812.893]"
39-5011,Barbers,2022,39350.0,Very Low,Q1,"(-inf, 40715.0]","(-inf, 61812.893]"
39-5012,"Hairdressers, Hairstylists, and Cosmetologists",2022,38910.0,Very Low,Q1,"(-inf, 40715.0]","(-inf, 61812.893]"
39-5091,"Makeup Artists, Theatrical and Performance",2022,93850.0,Very Low,Q5,"(87500.0, 171905.0]","(61812.893, 101799.419]"
39-5092,Manicurists and Pedicurists,2022,33560.0,Very Low,Q1,"(-inf, 40715.0]","(-inf, 61812.893]"
39-5093,Shampooers,2022,27870.0,Very Low,Q1,"(-inf, 40715.0]","(-inf, 61812.893]"
39-5094,Skincare Specialists,2022,47790.0,Very Low,Q2,"(40715.0, 60460.0]","(-inf, 61812.893]"
39-6011,Baggage Porters and Bellhops,2022,33130.0,Very Low,Q1,"(-inf, 40715.0]","(-inf, 61812.893]"
39-6012,Concierges,2022,38270.0,Very Low,Q1,"(-inf, 40715.0]","(-inf, 61812.893]"
39-7010,Tour and Travel Guides,2022,37790.0,Very Low,Q1,"(-inf, 40715.0]","(-inf, 61812.893]"
39-9011,Childcare Workers,2022,29570.0,Very Low,Q1,"(-inf, 40715.0]","(-inf, 61812.893]"
39-9031,Exercise Trainers and Group Fitness Instructors,2022,50170.0,Very Low,Q2,"(40715.0, 60460.0]","(-inf, 61812.893]"
39-9032,Recreation Workers,2022,34170.0,Very Low,Q1,"(-inf, 40715.0]","(-inf, 61812.893]"
39-9041,Residential Advisors,2022,37530.0,Very Low,Q1,"(-inf, 40715.0]","(-inf, 61812.893]"
39-9099,"Personal Care and Service Workers, All Other",2022,33580.0,Very Low,Q1,"(-inf, 40715.0]","(-inf, 61812.893]"
41-1011,First-Line Supervisors of Retail Sales Workers,2022,50130.0,Very Low,Q2,"(40715.0, 60460.0]","(-inf, 61812.893]"
41-1012,First-Line Supervisors of Non-Retail Sales Workers,2022,96890.0,Very Low,Q5,"(87500.0, 171905.0]","(61812.893, 101799.419]"
41-2011,Cashiers,2022,28730.0,Very Low,Q1,"(-inf, 40715.0]","(-inf, 61812.893]"
41-2012,Gambling Change Persons and Booth Cashiers,2022,32950.0,Very Low,Q1,"(-inf, 40715.0]","(-inf, 61812.893]"
41-2021,Counter and Rental Clerks,2022,39320.0,Very Low,Q1,"(-inf, 40715.0]","(-inf, 61812.893]"
41-2022,Parts Salespersons,2022,39250.0,Very Low,Q1,"(-inf, 40715.0]","(-inf, 61812.893]"
41-2031,Retail Salespersons,2022,34730.0,Very Low,Q1,"(-inf, 40715.0]","(-inf, 61812.893]"
41-3011,Advertising Sales Agents,2022,73260.0,Very Low,Q4,"(60460.0, 87500.0]","(61812.893, 101799.419]"
41-3021,Insurance Sales Agents,2022,76950.0,Very Low,Q4,"(60460.0, 87500.0]","(61812.893, 101799.419]"
41-3031,"Securities, Commodities, and Financial Services Sales Agents",2022,100740.0,Very Low,Q5,"(87500.0, 171905.0]","(61812.893, 101799.419]"
41-3041,Travel Agents,2022,48250.0,Very Low,Q2,"(40715.0, 60460.0]","(-inf, 61812.893]"
41-3091,"Sales Representatives of Services, Except Advertising, Insurance, Financial Services, and Travel",2022,77390.0,Very Low,Q4,"(60460.0, 87500.0]","(61812.893, 101799.419]"
41-4011,"Sales Representatives, Wholesale and Manufacturing, Technical and Scientific Products",2022,109950.0,Low,Q5,"(87500.0, 171905.0]","(101799.419, 179850.373]"
41-4012,"Sales Representatives, Wholesale and Manufacturing, Except Technical and Scientific Products",2022,76890.0,Very Low,Q4,"(60460.0, 87500.0]","(61812.893, 101799.419]"
41-9011,Demonstrators and Product Promoters,2022,38470.0,Very Low,Q1,"(-inf, 40715.0]","(-inf, 61812.893]"
41-9012,Models,2022,77310.0,Very Low,Q4,"(60460.0, 87500.0]","(61812.893, 101799.419]"
41-9021,Real Estate Brokers,2022,90930.0,Very Low,Q4,"(87500.0, 171905.0]","(61812.893, 101799.419]"
41-9022,Real Estate Sales Agents,2022,65850.0,Very Low,Q3,"(60460.0, 87500.0]","(61812.893, 101799.419]"
41-9031,Sales Engineers,2022,125460.0,Low,Q5,"(87500.0, 171905.0]","(101799.419, 179850.373]"
41-9041,Telemarketers,2022,33600.0,Very Low,Q1,"(-inf, 40715.0]","(-inf, 61812.893]"
41-9091,"Door-to-Door Sales Workers, News and Street Vendors, and Related Workers",2022,36280.0,Very Low,Q1,"(-inf, 40715.0]","(-inf, 61812.893]"
41-9099,"Sales and Related Workers, All Other",2022,56440.0,Very Low,Q3,"(40715.0, 60460.0]","(-inf, 61812.893]"
43-1011,First-Line Supervisors of Office and Administrative Support Workers,2022,65510.0,Very Low,Q3,"(60460.0, 87500.0]","(61812.893, 101799.419]"
43-2011,"Switchboard Operators, Including Answering Service",2022,37230.0,Very Low,Q1,"(-inf, 40715.0]","(-inf, 61812.893]"
43-2021,Telephone Operators,2022,41590.0,Very Low,Q2,"(40715.0, 60460.0]","(-inf, 61812.893]"
43-2099,"Communications Equipment Operators, All Other",2022,50140.0,Very Low,Q2,"(40715.0, 60460.0]","(-inf, 61812.893]"
43-3011,Bill and Account Collectors,2022,42820.0,Very Low,Q2,"(40715.0, 60460.0]","(-inf, 61812.893]"
43-3021,Billing and Posting Clerks,2022,44800.0,Very Low,Q2,"(40715.0, 60460.0]","(-inf, 61812.893]"
43-3031,"Bookkeeping, Accounting, and Auditing Clerks",2022,47440.0,Very Low,Q2,"(40715.0, 60460.0]","(-inf, 61812.893]"
43-3041,Gambling Cage Workers,2022,33370.0,Very Low,Q1,"(-inf, 40715.0]","(-inf, 61812.893]"
43-3051,Payroll and Timekeeping Clerks,2022,52300.0,Very Low,Q3,"(40715.0, 60460.0]","(-inf, 61812.893]"
43-3061,Procurement Clerks,2022,46560.0,Very Low,Q2,"(40715.0, 60460.0]","(-inf, 61812.893]"
43-3071,Tellers,2022,36800.0,Very Low,Q1,"(-inf, 40715.0]","(-inf, 61812.893]"
43-3099,"Financial Clerks, All Other",2022,49710.0,Very Low,Q2,"(40715.0, 60460.0]","(-inf, 61812.893]"
43-4011,Brokerage Clerks,2022,59200.0,Very Low,Q3,"(40715.0, 60460.0]","(-inf, 61812.893]"
43-4021,Correspondence Clerks,2022,42560.0,Very Low,Q2,"(40715.0, 60460.0]","(-inf, 61812.893]"
43-4031,"Court, Municipal, and License Clerks",2022,46280.0,Very Low,Q2,"(40715.0, 60460.0]","(-inf, 61812.893]"
43-4041,"Credit Authorizers, Checkers, and Clerks",2022,46180.0,Very Low,Q2,"(40715.0, 60460.0]","(-inf, 61812.893]"
43-4051,Customer Service Representatives,2022,41190.0,Very Low,Q1,"(40715.0, 60460.0]","(-inf, 61812.893]"
43-4061,"Eligibility Interviewers, Government Programs",2022,50020.0,Very Low,Q2,"(40715.0, 60460.0]","(-inf, 61812.893]"
43-4071,File Clerks,2022,39560.0,Very Low,Q1,"(-inf, 40715.0]","(-inf, 61812.893]"
43-4081,"Hotel, Motel, and Resort Desk Clerks",2022,30300.0,Very Low,Q1,"(-inf, 40715.0]","(-inf, 61812.893]"
43-4111,"Interviewers, Except Eligibility and Loan",2022,41140.0,Very Low,Q1,"(40715.0, 60460.0]","(-inf, 61812.893]"
43-4121,"Library Assistants, Clerical",2022,33980.0,Very Low,Q1,"(-inf, 40715.0]","(-inf, 61812.893]"
43-4131,Loan Interviewers and Clerks,2022,46740.0,Very Low,Q2,"(40715.0, 60460.0]","(-inf, 61812.893]"
43-4141,New Accounts Clerks,2022,42880.0,Very Low,Q2,"(40715.0, 60460.0]","(-inf, 61812.893]"
43-4151,Order Clerks,2022,40540.0,Very Low,Q1,"(-inf, 40715.0]","(-inf, 61812.893]"
43-4161,"Human Resources Assistants, Except Payroll and Timekeeping",2022,46900.0,Very Low,Q2,"(40715.0, 60460.0]","(-inf, 61812.893]"
43-4171,Receptionists and Information Clerks,2022,34600.0,Very Low,Q1,"(-inf, 40715.0]","(-inf, 61812.893]"
43-4181,Reservation and Transportation Ticket Agents and Travel Clerks,2022,45440.0,Very Low,Q2,"(40715.0, 60460.0]","(-inf, 61812.893]"
43-4199,"Information and Record Clerks, All Other",2022,45910.0,Very Low,Q2,"(40715.0, 60460.0]","(-inf, 61812.893]"
43-5011,Cargo and Freight Agents,2022,49740.0,Very Low,Q2,"(40715.0, 60460.0]","(-inf, 61812.893]"
43-5021,Couriers and Messengers,2022,36250.0,Very Low,Q1,"(-inf, 40715.0]","(-inf, 61812.893]"
43-5031,Public Safety Telecommunicators,2022,49370.0,Very Low,Q2,"(40715.0, 60460.0]","(-inf, 61812.893]"
43-5032,"Dispatchers, Except Police, Fire, and Ambulance",2022,48350.0,Very Low,Q2,"(40715.0, 60460.0]","(-inf, 61812.893]"
43-5041,"Meter Readers, Utilities",2022,49800.0,Very Low,Q2,"(40715.0, 60460.0]","(-inf, 61812.893]"
43-5051,Postal Service Clerks,2022,56400.0,Very Low,Q3,"(40715.0, 60460.0]","(-inf, 61812.893]"
43-5052,Postal Service Mail Carriers,2022,56240.0,Very Low,Q3,"(40715.0, 60460.0]","(-inf, 61812.893]"
43-5053,"Postal Service Mail Sorters, Processors, and Processing Machine Operators",2022,52990.0,Very Low,Q3,"(40715.0, 60460.0]","(-inf, 61812.893]"
43-5061,"Production, Planning, and Expediting Clerks",2022,55080.0,Very Low,Q3,"(40715.0, 60460.0]","(-inf, 61812.893]"
43-5071,"Shipping, Receiving, and Inventory Clerks",2022,40450.0,Very Low,Q1,"(-inf, 40715.0]","(-inf, 61812.893]"
43-5111,"Weighers, Measurers, Checkers, and Samplers, Recordkeeping",2022,41470.0,Very Low,Q1,"(40715.0, 60460.0]","(-inf, 61812.893]"
43-6011,Executive Secretaries and Executive Administrative Assistants,2022,71060.0,Very Low,Q4,"(60460.0, 87500.0]","(61812.893, 101799.419]"
43-6012,Legal Secretaries and Administrative Assistants,2022,54180.0,Very Low,Q3,"(40715.0, 60460.0]","(-inf, 61812.893]"
43-6013,Medical Secretaries and Administrative Assistants,2022,41260.0,Very Low,Q1,"(40715.0, 60460.0]","(-inf, 61812.893]"
43-6014,"Secretaries and Administrative Assistants, Except Legal, Medical, and Executive",2022,43410.0,Very Low,Q2,"(40715.0, 60460.0]","(-inf, 61812.893]"
43-9021,Data Entry Keyers,2022,37970.0,Very Low,Q1,"(-inf, 40715.0]","(-inf, 61812.893]"
43-9022,Word Processors and Typists,2022,44990.0,Very Low,Q2,"(40715.0, 60460.0]","(-inf, 61812.893]"
43-9031,Desktop Publishers,2022,53390.0,Very Low,Q3,"(40715.0, 60460.0]","(-inf, 61812.893]"
43-9041,Insurance Claims and Policy Processing Clerks,2022,47840.0,Very Low,Q2,"(40715.0, 60460.0]","(-inf, 61812.893]"
43-9051,"Mail Clerks and Mail Machine Operators, Except Postal Service",2022,36210.0,Very Low,Q1,"(-inf, 40715.0]","(-inf, 61812.893]"
43-9061,"Office Clerks, General",2022,41140.0,Very Low,Q1,"(40715.0, 60460.0]","(-inf, 61812.893]"
43-9071,"Office Machine Operators, Except Computer",2022,38300.0,Very Low,Q1,"(-inf, 40715.0]","(-inf, 61812.893]"
43-9081,Proofreaders and Copy Markers,2022,48770.0,Very Low,Q2,"(40715.0, 60460.0]","(-inf, 61812.893]"
43-9111,Statistical Assistants,2022,54630.0,Very Low,Q3,"(40715.0, 60460.0]","(-inf, 61812.893]"
43-9199,"Office and Administrative Support Workers, All Other",2022,43150.0,Very Low,Q2,"(40715.0, 60460.0]","(-inf, 61812.893]"
45-1011,"First-Line Supervisors of Farming, Fishing, and Forestry Workers",2022,58820.0,Very Low,Q3,"(40715.0, 60460.0]","(-inf, 61812.893]"
45-2011,Agricultural Inspectors,2022,49020.0,Very Low,Q2,"(40715.0, 60460.0]","(-inf, 61812.893]"
45-2021,Animal Breeders,2022,48650.0,Very Low,Q2,"(40715.0, 60460.0]","(-inf, 61812.893]"
45-2041,"Graders and Sorters, Agricultural Products",2022,32990.0,Very Low,Q1,"(-inf, 40715.0]","(-inf, 61812.893]"
45-2091,Agricultural Equipment Operators,2022,39750.0,Very Low,Q1,"(-inf, 40715.0]","(-inf, 61812.893]"
45-2092,"Farmworkers and Laborers, Crop, Nursery, and Greenhouse",2022,34300.0,Very Low,Q1,"(-inf, 40715.0]","(-inf, 61812.893]"
45-2093,"Farmworkers, Farm, Ranch, and Aquacultural Animals",2022,36290.0,Very Low,Q1,"(-inf, 40715.0]","(-inf, 61812.893]"
45-2099,"Agricultural Workers, All Other",2022,39180.0,Very Low,Q1,"(-inf, 40715.0]","(-inf, 61812.893]"
45-4011,Forest and Conservation Workers,2022,36010.0,Very Low,Q1,"(-inf, 40715.0]","(-inf, 61812.893]"
45-4021,Fallers,2022,58130.0,Very Low,Q3,"(40715.0, 60460.0]","(-inf, 61812.893]"
45-4022,Logging Equipment Operators,2022,46570.0,Very Low,Q2,"(40715.0, 60460.0]","(-inf, 61812.893]"
45-4023,Log Graders and Scalers,2022,44570.0,Very Low,Q2,"(40715.0, 60460.0]","(-inf, 61812.893]"
45-4029,"Logging Workers, All Other",2022,47850.0,Very Low,Q2,"(40715.0, 60460.0]","(-inf, 61812.893]"
47-1011,First-Line Supervisors of Construction Trades and Extraction Workers,2022,77650.0,Very Low,Q4,"(60460.0, 87500.0]","(61812.893, 101799.419]"
47-2011,Boilermakers,2022,69780.0,Very Low,Q4,"(60460.0, 87500.0]","(61812.893, 101799.419]"
47-2021,Brickmasons and Blockmasons,2022,62380.0,Very Low,Q3,"(60460.0, 87500.0]","(61812.893, 101799.419]"
47-2022,Stonemasons,2022,56100.0,Very Low,Q3,"(40715.0, 60460.0]","(-inf, 61812.893]"
47-2031,Carpenters,2022,58210.0,Very Low,Q3,"(40715.0, 60460.0]","(-inf, 61812.893]"
47-2041,Carpet Installers,2022,49520.0,Very Low,Q2,"(40715.0, 60460.0]","(-inf, 61812.893]"
47-2042,"Floor Layers, Except Carpet, Wood, and Hard Tiles",2022,54870.0,Very Low,Q3,"(40715.0, 60460.0]","(-inf, 61812.893]"
47-2043,Floor Sanders and Finishers,2022,49330.0,Very Low,Q2,"(40715.0, 60460.0]","(-inf, 61812.893]"
47-2044,Tile and Stone Setters,2022,53680.0,Very Low,Q3,"(40715.0, 60460.0]","(-inf, 61812.893]"
47-2051,Cement Masons and Concrete Finishers,2022,53890.0,Very Low,Q3,"(40715.0, 60460.0]","(-inf, 61812.893]"
47-2053,Terrazzo Workers and Finishers,2022,61680.0,Very Low,Q3,"(60460.0, 87500.0]","(-inf, 61812.893]"
47-2061,Construction Laborers,2022,46350.0,Very Low,Q2,"(40715.0, 60460.0]","(-inf, 61812.893]"
47-2071,"Paving, Surfacing, and Tamping Equipment Operators",2022,52730.0,Very Low,Q3,"(40715.0, 60460.0]","(-inf, 61812.893]"
47-2072,Pile Driver Operators,2022,70220.0,Very Low,Q4,"(60460.0, 87500.0]","(61812.893, 101799.419]"
47-2073,Operating Engineers and Other Construction Equipment Operators,2022,59420.0,Very Low,Q3,"(40715.0, 60460.0]","(-inf, 61812.893]"
47-2081,Drywall and Ceiling Tile Installers,2022,57880.0,Very Low,Q3,"(40715.0, 60460.0]","(-inf, 61812.893]"
47-2082,Tapers,2022,65880.0,Very Low,Q3,"(60460.0, 87500.0]","(61812.893, 101799.419]"
47-2111,Electricians,2022,65280.0,Very Low,Q3,"(60460.0, 87500.0]","(61812.893, 101799.419]"
47-2121,Glaziers,2022,55160.0,Very Low,Q3,"(40715.0, 60460.0]","(-inf, 61812.893]"
47-2131,"Insulation Workers, Floor, Ceiling, and Wall",2022,48870.0,Very Low,Q2,"(40715.0, 60460.0]","(-inf, 61812.893]"
47-2132,"Insulation Workers, Mechanical",2022,59100.0,Very Low,Q3,"(40715.0, 60460.0]","(-inf, 61812.893]"
47-2141,"Painters, Construction and Maintenance",2022,49350.0,Very Low,Q2,"(40715.0, 60460.0]","(-inf, 61812.893]"
47-2142,Paperhangers,2022,49030.0,Very Low,Q2,"(40715.0, 60460.0]","(-inf, 61812.893]"
47-2151,Pipelayers,2022,51230.0,Very Low,Q2,"(40715.0, 60460.0]","(-inf, 61812.893]"
47-2152,"Plumbers, Pipefitters, and Steamfitters",2022,65190.0,Very Low,Q3,"(60460.0, 87500.0]","(61812.893, 101799.419]"
47-2161,Plasterers and Stucco Masons,2022,55650.0,Very Low,Q3,"(40715.0, 60460.0]","(-inf, 61812.893]"
47-2171,Reinforcing Iron and Rebar Workers,2022,57780.0,Very Low,Q3,"(40715.0, 60460.0]","(-inf, 61812.893]"
47-2181,Roofers,2022,51910.0,Very Low,Q2,"(40715.0, 60460.0]","(-inf, 61812.893]"
47-2211,Sheet Metal Workers,2022,61300.0,Very Low,Q3,"(60460.0, 87500.0]","(-inf, 61812.893]"
47-2221,Structural Iron and Steel Workers,2022,64800.0,Very Low,Q3,"(60460.0, 87500.0]","(61812.893, 101799.419]"
47-2231,Solar Photovoltaic Installers,2022,47970.0,Very Low,Q2,"(40715.0, 60460.0]","(-inf, 61812.893]"
47-3011,"Helpers--Brickmasons, Blockmasons, Stonemasons, and Tile and Marble Setters",2022,44230.0,Very Low,Q2,"(40715.0, 60460.0]","(-inf, 61812.893]"
47-3012,Helpers--Carpenters,2022,38880.0,Very Low,Q1,"(-inf, 40715.0]","(-inf, 61812.893]"
47-3013,Helpers--Electricians,2022,38840.0,Very Low,Q1,"(-inf, 40715.0]","(-inf, 61812.893]"
47-3014,"Helpers--Painters, Paperhangers, Plasterers, and Stucco Masons",2022,38040.0,Very Low,Q1,"(-inf, 40715.0]","(-inf, 61812.893]"
47-3015,"Helpers--Pipelayers, Plumbers, Pipefitters, and Steamfitters",2022,37590.0,Very Low,Q1,"(-inf, 40715.0]","(-inf, 61812.893]"
47-3016,Helpers--Roofers,2022,40880.0,Very Low,Q1,"(40715.0, 60460.0]","(-inf, 61812.893]"
47-3019,"Helpers, Construction Trades, All Other",2022,40790.0,Very Low,Q1,"(40715.0, 60460.0]","(-inf, 61812.893]"
47-4011,Construction and Building Inspectors,2022,70130.0,Very Low,Q4,"(60460.0, 87500.0]","(61812.893, 101799.419]"
47-4021,Elevator and Escalator Installers and Repairers,2022,93960.0,Very Low,Q5,"(87500.0, 171905.0]","(61812.893, 101799.419]"
47-4031,Fence Erectors,2022,43780.0,Very Low,Q2,"(40715.0, 60460.0]","(-inf, 61812.893]"
47-4041,Hazardous Materials Removal Workers,2022,51620.0,Very Low,Q2,"(40715.0, 60460.0]","(-inf, 61812.893]"
47-4051,Highway Maintenance Workers,2022,45790.0,Very Low,Q2,"(40715.0, 60460.0]","(-inf, 61812.893]"
47-4061,Rail-Track Laying and Maintenance Equipment Operators,2022,63840.0,Very Low,Q3,"(60460.0, 87500.0]","(61812.893, 101799.419]"
47-4071,Septic Tank Servicers and Sewer Pipe Cleaners,2022,47580.0,Very Low,Q2,"(40715.0, 60460.0]","(-inf, 61812.893]"
47-4090,Miscellaneous Construction and Related Workers,2022,48620.0,Very Low,Q2,"(40715.0, 60460.0]","(-inf, 61812.893]"
47-5011,"Derrick Operators, Oil and Gas",2022,53770.0,Very Low,Q3,"(40715.0, 60460.0]","(-inf, 61812.893]"
47-5012,"Rotary Drill Operators, Oil and Gas",2022,60450.0,Very Low,Q3,"(40715.0, 60460.0]","(-inf, 61812.893]"
47-5013,"Service Unit Operators, Oil and Gas",2022,57170.0,Very Low,Q3,"(40715.0, 60460.0]","(-inf, 61812.893]"
47-5022,"Excavating and Loading Machine and Dragline Operators, Surface Mining",2022,53490.0,Very Low,Q3,"(40715.0, 60460.0]","(-inf, 61812.893]"
47-5023,"Earth Drillers, Except Oil and Gas",2022,57250.0,Very Low,Q3,"(40715.0, 60460.0]","(-inf, 61812.893]"
47-5032,"Explosives Workers, Ordnance Handling Experts, and Blasters",2022,61560.0,Very Low,Q3,"(60460.0, 87500.0]","(-inf, 61812.893]"
47-5041,Continuous Mining Machine Operators,2022,57120.0,Very Low,Q3,"(40715.0, 60460.0]","(-inf, 61812.893]"
47-5043,"Roof Bolters, Mining",2022,63990.0,Very Low,Q3,"(60460.0, 87500.0]","(61812.893, 101799.419]"
47-5044,"Loading and Moving Machine Operators, Underground Mining",2022,62420.0,Very Low,Q3,"(60460.0, 87500.0]","(61812.893, 101799.419]"
47-5049,"Underground Mining Machine Operators, All Other",2022,61990.0,Very Low,Q3,"(60460.0, 87500.0]","(61812.893, 101799.419]"
47-5051,"Rock Splitters, Quarry",2022,47010.0,Very Low,Q2,"(40715.0, 60460.0]","(-inf, 61812.893]"
47-5071,"Roustabouts, Oil and Gas",2022,45750.0,Very Low,Q2,"(40715.0, 60460.0]","(-inf, 61812.893]"
47-5081,Helpers--Extraction Workers,2022,44410.0,Very Low,Q2,"(40715.0, 60460.0]","(-inf, 61812.893]"
47-5099,"Extraction Workers, All Other",2022,53220.0,Very Low,Q3,"(40715.0, 60460.0]","(-inf, 61812.893]"
49-1011,"First-Line Supervisors of Mechanics, Installers, and Repairers",2022,76020.0,Very Low,Q4,"(60460.0, 87500.0]","(61812.893, 101799.419]"
49-2011,"Computer, Automated Teller, and Office Machine Repairers",2022,47120.0,Very Low,Q2,"(40715.0, 60460.0]","(-inf, 61812.893]"
49-2021,"Radio, Cellular, and Tower Equipment Installers and Repairers",2022,62570.0,Very Low,Q3,"(60460.0, 87500.0]","(61812.893, 101799.419]"
49-2022,"Telecommunications Equipment Installers and Repairers, Except Line Installers",2022,61670.0,Very Low,Q3,"(60460.0, 87500.0]","(-inf, 61812.893]"
49-2091,Avionics Technicians,2022,74730.0,Very Low,Q4,"(60460.0, 87500.0]","(61812.893, 101799.419]"
49-2092,"Electric Motor, Power Tool, and Related Repairers",2022,51500.0,Very Low,Q2,"(40715.0, 60460.0]","(-inf, 61812.893]"
49-2093,"Electrical and Electronics Installers and Repairers, Transportation Equipment",2022,71740.0,Very Low,Q4,"(60460.0, 87500.0]","(61812.893, 101799.419]"
49-2094,"Electrical and Electronics Repairers, Commercial and Industrial Equipment",2022,66650.0,Very Low,Q4,"(60460.0, 87500.0]","(61812.893, 101799.419]"
49-2095,"Electrical and Electronics Repairers, Powerhouse, Substation, and Relay",2022,88770.0,Very Low,Q4,"(87500.0, 171905.0]","(61812.893, 101799.419]"
49-2096,"Electronic Equipment Installers and Repairers, Motor Vehicles",2022,45720.0,Very Low,Q2,"(40715.0, 60460.0]","(-inf, 61812.893]"
49-2097,Audiovisual Equipment Installers and Repairers,2022,48450.0,Very Low,Q2,"(40715.0, 60460.0]","(-inf, 61812.893]"
49-2098,Security and Fire Alarm Systems Installers,2022,54280.0,Very Low,Q3,"(40715.0, 60460.0]","(-inf, 61812.893]"
49-3011,Aircraft Mechanics and Service Technicians,2022,72640.0,Very Low,Q4,"(60460.0, 87500.0]","(61812.893, 101799.419]"
49-3021,Automotive Body and Related Repairers,2022,53220.0,Very Low,Q3,"(40715.0, 60460.0]","(-inf, 61812.893]"
49-3022,Automotive Glass Installers and Repairers,2022,43900.0,Very Low,Q2,"(40715.0, 60460.0]","(-inf, 61812.893]"
49-3023,Automotive Service Technicians and Mechanics,2022,49690.0,Very Low,Q2,"(40715.0, 60460.0]","(-inf, 61812.893]"
49-3031,Bus and Truck Mechanics and Diesel Engine Specialists,2022,56140.0,Very Low,Q3,"(40715.0, 60460.0]","(-inf, 61812.893]"
49-3041,Farm Equipment Mechanics and Service Technicians,2022,49930.0,Very Low,Q2,"(40715.0, 60460.0]","(-inf, 61812.893]"
49-3042,"Mobile Heavy Equipment Mechanics, Except Engines",2022,59560.0,Very Low,Q3,"(40715.0, 60460.0]","(-inf, 61812.893]"
49-3043,Rail Car Repairers,2022,61960.0,Very Low,Q3,"(60460.0, 87500.0]","(61812.893, 101799.419]"
49-3051,Motorboat Mechanics and Service Technicians,2022,50280.0,Very Low,Q2,"(40715.0, 60460.0]","(-inf, 61812.893]"
49-3052,Motorcycle Mechanics,2022,44740.0,Very Low,Q2,"(40715.0, 60460.0]","(-inf, 61812.893]"
49-3053,Outdoor Power Equipment and Other Small Engine Mechanics,2022,42590.0,Very Low,Q2,"(40715.0, 60460.0]","(-inf, 61812.893]"
49-3091,Bicycle Repairers,2022,36770.0,Very Low,Q1,"(-inf, 40715.0]","(-inf, 61812.893]"
49-3092,Recreational Vehicle Service Technicians,2022,47320.0,Very Low,Q2,"(40715.0, 60460.0]","(-inf, 61812.893]"
49-3093,Tire Repairers and Changers,2022,34970.0,Very Low,Q1,"(-inf, 40715.0]","(-inf, 61812.893]"
49-9011,Mechanical Door Repairers,2022,48400.0,Very Low,Q2,"(40715.0, 60460.0]","(-inf, 61812.893]"
49-9012,"Control and Valve Installers and Repairers, Except Mechanical Door",2022,69410.0,Very Low,Q4,"(60460.0, 87500.0]","(61812.893, 101799.419]"
49-9021,"Heating, Air Conditioning, and Refrigeration Mechanics and Installers",2022,57460.0,Very Low,Q3,"(40715.0, 60460.0]","(-inf, 61812.893]"
49-9031,Home Appliance Repairers,2022,47500.0,Very Low,Q2,"(40715.0, 60460.0]","(-inf, 61812.893]"
49-9041,Industrial Machinery Mechanics,2022,60990.0,Very Low,Q3,"(60460.0, 87500.0]","(-inf, 61812.893]"
49-9043,"Maintenance Workers, Machinery",2022,55910.0,Very Low,Q3,"(40715.0, 60460.0]","(-inf, 61812.893]"
49-9044,Millwrights,2022,61750.0,Very Low,Q3,"(60460.0, 87500.0]","(-inf, 61812.893]"
49-9045,"Refractory Materials Repairers, Except Brickmasons",2022,51010.0,Very Low,Q2,"(40715.0, 60460.0]","(-inf, 61812.893]"
49-9051,Electrical Power-Line Installers and Repairers,2022,82770.0,Very Low,Q4,"(60460.0, 87500.0]","(61812.893, 101799.419]"
49-9052,Telecommunications Line Installers and Repairers,2022,64280.0,Very Low,Q3,"(60460.0, 87500.0]","(61812.893, 101799.419]"
49-9061,Camera and Photographic Equipment Repairers,2022,46870.0,Very Low,Q2,"(40715.0, 60460.0]","(-inf, 61812.893]"
49-9062,Medical Equipment Repairers,2022,60950.0,Very Low,Q3,"(60460.0, 87500.0]","(-inf, 61812.893]"
49-9063,Musical Instrument Repairers and Tuners,2022,43120.0,Very Low,Q2,"(40715.0, 60460.0]","(-inf, 61812.893]"
49-9064,Watch and Clock Repairers,2022,49580.0,Very Low,Q2,"(40715.0, 60460.0]","(-inf, 61812.893]"
49-9069,"Precision Instrument and Equipment Repairers, All Other",2022,63970.0,Very Low,Q3,"(60460.0, 87500.0]","(61812.893, 101799.419]"
49-9071,"Maintenance and Repair Workers, General",2022,47130.0,Very Low,Q2,"(40715.0, 60460.0]","(-inf, 61812.893]"
49-9081,Wind Turbine Service Technicians,2022,59880.0,Very Low,Q3,"(40715.0, 60460.0]","(-inf, 61812.893]"
49-9091,"Coin, Vending, and Amusement Machine Servicers and Repairers",2022,42500.0,Very Low,Q2,"(40715.0, 60460.0]","(-inf, 61812.893]"
49-9092,Commercial Divers,2022,85630.0,Very Low,Q4,"(60460.0, 87500.0]","(61812.893, 101799.419]"
49-9094,Locksmiths and Safe Repairers,2022,50210.0,Very Low,Q2,"(40715.0, 60460.0]","(-inf, 61812.893]"
49-9095,Manufactured Building and Mobile Home Installers,2022,38020.0,Very Low,Q1,"(-inf, 40715.0]","(-inf, 61812.893]"
49-9096,Riggers,2022,58700.0,Very Low,Q3,"(40715.0, 60460.0]","(-inf, 61812.893]"
49-9097,Signal and Track Switch Repairers,2022,77370.0,Very Low,Q4,"(60460.0, 87500.0]","(61812.893, 101799.419]"
49-9098,"Helpers--Installation, Maintenance, and Repair Workers",2022,36750.0,Very Low,Q1,"(-inf, 40715.0]","(-inf, 61812.893]"
49-9099,"Installation, Maintenance, and Repair Workers, All Other",2022,47800.0,Very Low,Q2,"(40715.0, 60460.0]","(-inf, 61812.893]"
51-1011,First-Line Supervisors of Production and Operating Workers,2022,69100.0,Very Low,Q4,"(60460.0, 87500.0]","(61812.893, 101799.419]"
51-2011,"Aircraft Structure, Surfaces, Rigging, and Systems Assemblers",2022,60110.0,Very Low,Q3,"(40715.0, 60460.0]","(-inf, 61812.893]"
51-2021,"Coil Winders, Tapers, and Finishers",2022,44850.0,Very Low,Q2,"(40715.0, 60460.0]","(-inf, 61812.893]"
51-2028,"Electrical, Electronic, and Electromechanical Assemblers, Except Coil Winders, Tapers, and Finishers",2022,41770.0,Very Low,Q2,"(40715.0, 60460.0]","(-inf, 61812.893]"
51-2031,Engine and Other Machine Assemblers,2022,51980.0,Very Low,Q2,"(40715.0, 60460.0]","(-inf, 61812.893]"
51-2041,Structural Metal Fabricators and Fitters,2022,48870.0,Very Low,Q2,"(40715.0, 60460.0]","(-inf, 61812.893]"
51-2051,Fiberglass Laminators and Fabricators,2022,41280.0,Very Low,Q1,"(40715.0, 60460.0]","(-inf, 61812.893]"
51-2061,Timing Device Assemblers and Adjusters,2022,46480.0,Very Low,Q2,"(40715.0, 60460.0]","(-inf, 61812.893]"
51-2090,Miscellaneous Assemblers and Fabricators,2022,40250.0,Very Low,Q1,"(-inf, 40715.0]","(-inf, 61812.893]"
51-3011,Bakers,2022,34140.0,Very Low,Q1,"(-inf, 40715.0]","(-inf, 61812.893]"
51-3021,Butchers and Meat Cutters,2022,38200.0,Very Low,Q1,"(-inf, 40715.0]","(-inf, 61812.893]"
51-3022,"Meat, Poultry, and Fish Cutters and Trimmers",2022,35090.0,Very Low,Q1,"(-inf, 40715.0]","(-inf, 61812.893]"
51-3023,Slaughterers and Meat Packers,2022,34920.0,Very Low,Q1,"(-inf, 40715.0]","(-inf, 61812.893]"
51-3091,"Food and Tobacco Roasting, Baking, and Drying Machine Operators and Tenders",2022,39770.0,Very Low,Q1,"(-inf, 40715.0]","(-inf, 61812.893]"
51-3092,Food Batchmakers,2022,38710.0,Very Low,Q1,"(-inf, 40715.0]","(-inf, 61812.893]"
51-3093,Food Cooking Machine Operators and Tenders,2022,37760.0,Very Low,Q1,"(-inf, 40715.0]","(-inf, 61812.893]"
51-3099,"Food Processing Workers, All Other",2022,35430.0,Very Low,Q1,"(-inf, 40715.0]","(-inf, 61812.893]"
51-4021,"Extruding and Drawing Machine Setters, Operators, and Tenders, Metal and Plastic",2022,42580.0,Very Low,Q2,"(40715.0, 60460.0]","(-inf, 61812.893]"
51-4022,"Forging Machine Setters, Operators, and Tenders, Metal and Plastic",2022,46940.0,Very Low,Q2,"(40715.0, 60460.0]","(-inf, 61812.893]"
51-4023,"Rolling Machine Setters, Operators, and Tenders, Metal and Plastic",2022,48250.0,Very Low,Q2,"(40715.0, 60460.0]","(-inf, 61812.893]"
51-4031,"Cutting, Punching, and Press Machine Setters, Operators, and Tenders, Metal and Plastic",2022,42240.0,Very Low,Q2,"(40715.0, 60460.0]","(-inf, 61812.893]"
51-4032,"Drilling and Boring Machine Tool Setters, Operators, and Tenders, Metal and Plastic",2022,45350.0,Very Low,Q2,"(40715.0, 60460.0]","(-inf, 61812.893]"
51-4033,"Grinding, Lapping, Polishing, and Buffing Machine Tool Setters, Operators, and Tenders, Metal and Plastic",2022,42050.0,Very Low,Q2,"(40715.0, 60460.0]","(-inf, 61812.893]"
51-4034,"Lathe and Turning Machine Tool Setters, Operators, and Tenders, Metal and Plastic",2022,47820.0,Very Low,Q2,"(40715.0, 60460.0]","(-inf, 61812.893]"
51-4035,"Milling and Planing Machine Setters, Operators, and Tenders, Metal and Plastic",2022,49200.0,Very Low,Q2,"(40715.0, 60460.0]","(-inf, 61812.893]"
51-4041,Machinists,2022,51430.0,Very Low,Q2,"(40715.0, 60460.0]","(-inf, 61812.893]"
51-4051,Metal-Refining Furnace Operators and Tenders,2022,53450.0,Very Low,Q3,"(40715.0, 60460.0]","(-inf, 61812.893]"
51-4052,"Pourers and Casters, Metal",2022,46600.0,Very Low,Q2,"(40715.0, 60460.0]","(-inf, 61812.893]"
51-4061,"Model Makers, Metal and Plastic",2022,60220.0,Very Low,Q3,"(40715.0, 60460.0]","(-inf, 61812.893]"
51-4062,"Patternmakers, Metal and Plastic",2022,55470.0,Very Low,Q3,"(40715.0, 60460.0]","(-inf, 61812.893]"
51-4071,Foundry Mold and Coremakers,2022,42000.0,Very Low,Q2,"(40715.0, 60460.0]","(-inf, 61812.893]"
51-4072,"Molding, Coremaking, and Casting Machine Setters, Operators, and Tenders, Metal and Plastic",2022,39690.0,Very Low,Q1,"(-inf, 40715.0]","(-inf, 61812.893]"
51-4081,"Multiple Machine Tool Setters, Operators, and Tenders, Metal and Plastic",2022,42040.0,Very Low,Q2,"(40715.0, 60460.0]","(-inf, 61812.893]"
51-4111,Tool and Die Makers,2022,59390.0,Very Low,Q3,"(40715.0, 60460.0]","(-inf, 61812.893]"
51-4121,"Welders, Cutters, Solderers, and Brazers",2022,50460.0,Very Low,Q2,"(40715.0, 60460.0]","(-inf, 61812.893]"
51-4122,"Welding, Soldering, and Brazing Machine Setters, Operators, and Tenders",2022,46110.0,Very Low,Q2,"(40715.0, 60460.0]","(-inf, 61812.893]"
51-4191,"Heat Treating Equipment Setters, Operators, and Tenders, Metal and Plastic",2022,43700.0,Very Low,Q2,"(40715.0, 60460.0]","(-inf, 61812.893]"
51-4192,"Layout Workers, Metal and Plastic",2022,56170.0,Very Low,Q3,"(40715.0, 60460.0]","(-inf, 61812.893]"
51-4193,"Plating Machine Setters, Operators, and Tenders, Metal and Plastic",2022,40290.0,Very Low,Q1,"(-inf, 40715.0]","(-inf, 61812.893]"
51-4194,"Tool Grinders, Filers, and Sharpeners",2022,46040.0,Very Low,Q2,"(40715.0, 60460.0]","(-inf, 61812.893]"
51-4199,"Metal Workers and Plastic Workers, All Other",2022,41960.0,Very Low,Q2,"(40715.0, 60460.0]","(-inf, 61812.893]"
51-5111,Prepress Technicians and Workers,2022,44880.0,Very Low,Q2,"(40715.0, 60460.0]","(-inf, 61812.893]"
51-5112,Printing Press Operators,2022,42730.0,Very Low,Q2,"(40715.0, 60460.0]","(-inf, 61812.893]"
51-5113,Print Binding and Finishing Workers,2022,38850.0,Very Low,Q1,"(-inf, 40715.0]","(-inf, 61812.893]"
51-6011,Laundry and Dry-Cleaning Workers,2022,29660.0,Very Low,Q1,"(-inf, 40715.0]","(-inf, 61812.893]"
51-6021,"Pressers, Textile, Garment, and Related Materials",2022,30650.0,Very Low,Q1,"(-inf, 40715.0]","(-inf, 61812.893]"
51-6031,Sewing Machine Operators,2022,33130.0,Very Low,Q1,"(-inf, 40715.0]","(-inf, 61812.893]"
51-6041,Shoe and Leather Workers and Repairers,2022,34600.0,Very Low,Q1,"(-inf, 40715.0]","(-inf, 61812.893]"
51-6042,Shoe Machine Operators and Tenders,2022,34160.0,Very Low,Q1,"(-inf, 40715.0]","(-inf, 61812.893]"
51-6051,"Sewers, Hand",2022,33440.0,Very Low,Q1,"(-inf, 40715.0]","(-inf, 61812.893]"
51-6052,"Tailors, Dressmakers, and Custom Sewers",2022,37230.0,Very Low,Q1,"(-inf, 40715.0]","(-inf, 61812.893]"
51-6061,Textile Bleaching and Dyeing Machine Operators and Tenders,2022,33900.0,Very Low,Q1,"(-inf, 40715.0]","(-inf, 61812.893]"
51-6062,"Textile Cutting Machine Setters, Operators, and Tenders",2022,34970.0,Very Low,Q1,"(-inf, 40715.0]","(-inf, 61812.893]"
51-6063,"Textile Knitting and Weaving Machine Setters, Operators, and Tenders",2022,35710.0,Very Low,Q1,"(-inf, 40715.0]","(-inf, 61812.893]"
51-6064,"Textile Winding, Twisting, and Drawing Out Machine Setters, Operators, and Tenders",2022,34610.0,Very Low,Q1,"(-inf, 40715.0]","(-inf, 61812.893]"
51-6091,"Extruding and Forming Machine Setters, Operators, and Tenders, Synthetic and Glass Fibers",2022,42770.0,Very Low,Q2,"(40715.0, 60460.0]","(-inf, 61812.893]"
51-6092,Fabric and Apparel Patternmakers,2022,66820.0,Very Low,Q4,"(60460.0, 87500.0]","(61812.893, 101799.419]"
51-6093,Upholsterers,2022,41900.0,Very Low,Q2,"(40715.0, 60460.0]","(-inf, 61812.893]"
51-6099,"Textile, Apparel, and Furnishings Workers, All Other",2022,35520.0,Very Low,Q1,"(-inf, 40715.0]","(-inf, 61812.893]"
51-7011,Cabinetmakers and Bench Carpenters,2022,42120.0,Very Low,Q2,"(40715.0, 60460.0]","(-inf, 61812.893]"
51-7021,Furniture Finishers,2022,39880.0,Very Low,Q1,"(-inf, 40715.0]","(-inf, 61812.893]"
51-7031,"Model Makers, Wood",2022,52820.0,Very Low,Q3,"(40715.0, 60460.0]","(-inf, 61812.893]"
51-7032,"Patternmakers, Wood",2022,45720.0,Very Low,Q2,"(40715.0, 60460.0]","(-inf, 61812.893]"
51-7041,"Sawing Machine Setters, Operators, and Tenders, Wood",2022,37450.0,Very Low,Q1,"(-inf, 40715.0]","(-inf, 61812.893]"
51-7042,"Woodworking Machine Setters, Operators, and Tenders, Except Sawing",2022,38060.0,Very Low,Q1,"(-inf, 40715.0]","(-inf, 61812.893]"
51-7099,"Woodworkers, All Other",2022,36870.0,Very Low,Q1,"(-inf, 40715.0]","(-inf, 61812.893]"
51-8011,Nuclear Power Reactor Operators,2022,117510.0,Low,Q5,"(87500.0, 171905.0]","(101799.419, 179850.373]"
51-8012,Power Distributors and Dispatchers,2022,101360.0,Very Low,Q5,"(87500.0, 171905.0]","(61812.893, 101799.419]"
51-8013,Power Plant Operators,2022,88960.0,Very Low,Q4,"(87500.0, 171905.0]","(61812.893, 101799.419]"
51-8021,Stationary Engineers and Boiler Operators,2022,72570.0,Very Low,Q4,"(60460.0, 87500.0]","(61812.893, 101799.419]"
51-8031,Water and Wastewater Treatment Plant and System Operators,2022,55690.0,Very Low,Q3,"(40715.0, 60460.0]","(-inf, 61812.893]"
51-8091,Chemical Plant and System Operators,2022,79290.0,Very Low,Q4,"(60460.0, 87500.0]","(61812.893, 101799.419]"
51-8092,Gas Plant Operators,2022,78430.0,Very Low,Q4,"(60460.0, 87500.0]","(61812.893, 101799.419]"
51-8093,"Petroleum Pump System Operators, Refinery Operators, and Gaugers",2022,84140.0,Very Low,Q4,"(60460.0, 87500.0]","(61812.893, 101799.419]"
51-8099,"Plant and System Operators, All Other",2022,60070.0,Very Low,Q3,"(40715.0, 60460.0]","(-inf, 61812.893]"
51-9011,Chemical Equipment Operators and Tenders,2022,54210.0,Very Low,Q3,"(40715.0, 60460.0]","(-inf, 61812.893]"
51-9012,"Separating, Filtering, Clarifying, Precipitating, and Still Machine Setters, Operators, and Tenders",2022,48980.0,Very Low,Q2,"(40715.0, 60460.0]","(-inf, 61812.893]"
51-9021,"Crushing, Grinding, and Polishing Machine Setters, Operators, and Tenders",2022,45310.0,Very Low,Q2,"(40715.0, 60460.0]","(-inf, 61812.893]"
51-9022,"Grinding and Polishing Workers, Hand",2022,38770.0,Very Low,Q1,"(-inf, 40715.0]","(-inf, 61812.893]"
51-9023,"Mixing and Blending Machine Setters, Operators, and Tenders",2022,45220.0,Very Low,Q2,"(40715.0, 60460.0]","(-inf, 61812.893]"
51-9031,"Cutters and Trimmers, Hand",2022,37830.0,Very Low,Q1,"(-inf, 40715.0]","(-inf, 61812.893]"
51-9032,"Cutting and Slicing Machine Setters, Operators, and Tenders",2022,41980.0,Very Low,Q2,"(40715.0, 60460.0]","(-inf, 61812.893]"
51-9041,"Extruding, Forming, Pressing, and Compacting Machine Setters, Operators, and Tenders",2022,41940.0,Very Low,Q2,"(40715.0, 60460.0]","(-inf, 61812.893]"
51-9051,"Furnace, Kiln, Oven, Drier, and Kettle Operators and Tenders",2022,46180.0,Very Low,Q2,"(40715.0, 60460.0]","(-inf, 61812.893]"
51-9061,"Inspectors, Testers, Sorters, Samplers, and Weighers",2022,47290.0,Very Low,Q2,"(40715.0, 60460.0]","(-inf, 61812.893]"
51-9071,Jewelers and Precious Stone and Metal Workers,2022,50530.0,Very Low,Q2,"(40715.0, 60460.0]","(-inf, 61812.893]"
51-9081,Dental Laboratory Technicians,2022,49930.0,Very Low,Q2,"(40715.0, 60460.0]","(-inf, 61812.893]"
51-9082,Medical Appliance Technicians,2022,46240.0,Very Low,Q2,"(40715.0, 60460.0]","(-inf, 61812.893]"
51-9083,Ophthalmic Laboratory Technicians,2022,40140.0,Very Low,Q1,"(-inf, 40715.0]","(-inf, 61812.893]"
51-9111,Packaging and Filling Machine Operators and Tenders,2022,39060.0,Very Low,Q1,"(-inf, 40715.0]","(-inf, 61812.893]"
51-9123,"Painting, Coating, and Decorating Workers",2022,41770.0,Very Low,Q2,"(40715.0, 60460.0]","(-inf, 61812.893]"
51-9124,"Coating, Painting, and Spraying Machine Setters, Operators, and Tenders",2022,46440.0,Very Low,Q2,"(40715.0, 60460.0]","(-inf, 61812.893]"
51-9141,Semiconductor Processing Technicians,2022,48370.0,Very Low,Q2,"(40715.0, 60460.0]","(-inf, 61812.893]"
51-9151,Photographic Process Workers and Processing Machine Operators,2022,42750.0,Very Low,Q2,"(40715.0, 60460.0]","(-inf, 61812.893]"
51-9161,Computer Numerically Controlled Tool Operators,2022,47940.0,Very Low,Q2,"(40715.0, 60460.0]","(-inf, 61812.893]"
51-9162,Computer Numerically Controlled Tool Programmers,2022,64580.0,Very Low,Q3,"(60460.0, 87500.0]","(61812.893, 101799.419]"
51-9191,Adhesive Bonding Machine Operators and Tenders,2022,40100.0,Very Low,Q1,"(-inf, 40715.0]","(-inf, 61812.893]"
51-9192,"Cleaning, Washing, and Metal Pickling Equipment Operators and Tenders",2022,39130.0,Very Low,Q1,"(-inf, 40715.0]","(-inf, 61812.893]"
51-9193,Cooling and Freezing Equipment Operators and Tenders,2022,44240.0,Very Low,Q2,"(40715.0, 60460.0]","(-inf, 61812.893]"
51-9194,Etchers and Engravers,2022,40950.0,Very Low,Q1,"(40715.0, 60460.0]","(-inf, 61812.893]"
51-9195,"Molders, Shapers, and Casters, Except Metal and Plastic",2022,41680.0,Very Low,Q2,"(40715.0, 60460.0]","(-inf, 61812.893]"
51-9196,"Paper Goods Machine Setters, Operators, and Tenders",2022,46390.0,Very Low,Q2,"(40715.0, 60460.0]","(-inf, 61812.893]"
51-9197,Tire Builders,2022,50600.0,Very Low,Q2,"(40715.0, 60460.0]","(-inf, 61812.893]"
51-9198,Helpers--Production Workers,2022,35740.0,Very Low,Q1,"(-inf, 40715.0]","(-inf, 61812.893]"
51-9199,"Production Workers, All Other",2022,38860.0,Very Low,Q1,"(-inf, 40715.0]","(-inf, 61812.893]"
53-1041,Aircraft Cargo Handling Supervisors,2022,61150.0,Very Low,Q3,"(60460.0, 87500.0]","(-inf, 61812.893]"
53-1047,"First-Line Supervisors of Transportation and Material Moving Workers, Except Aircraft Cargo Handling Supervisors",2022,60850.0,Very Low,Q3,"(60460.0, 87500.0]","(-inf, 61812.893]"
53-2011,"Airline Pilots, Copilots, and Flight Engineers",2022,225740.0,Mid,Q5,"(171905.0, inf]","(179850.373, 294651.12]"
53-2012,Commercial Pilots,2022,123250.0,Low,Q5,"(87500.0, 171905.0]","(101799.419, 179850.373]"
53-2021,Air Traffic Controllers,2022,130840.0,Low,Q5,"(87500.0, 171905.0]","(101799.419, 179850.373]"
53-2022,Airfield Operations Specialists,2022,64050.0,Very Low,Q3,"(60460.0, 87500.0]","(61812.893, 101799.419]"
53-2031,Flight Attendants,2022,67020.0,Very Low,Q4,"(60460.0, 87500.0]","(61812.893, 101799.419]"
53-3011,"Ambulance Drivers and Attendants, Except Emergency Medical Technicians",2022,33570.0,Very Low,Q1,"(-inf, 40715.0]","(-inf, 61812.893]"
53-3031,Driver/Sales Workers,2022,35560.0,Very Low,Q1,"(-inf, 40715.0]","(-inf, 61812.893]"
53-3032,Heavy and Tractor-Trailer Truck Drivers,2022,53090.0,Very Low,Q3,"(40715.0, 60460.0]","(-inf, 61812.893]"
53-3033,Light Truck Drivers,2022,45020.0,Very Low,Q2,"(40715.0, 60460.0]","(-inf, 61812.893]"
53-3051,"Bus Drivers, School",2022,42400.0,Very Low,Q2,"(40715.0, 60460.0]","(-inf, 61812.893]"
53-3052,"Bus Drivers, Transit and Intercity",2022,53920.0,Very Low,Q3,"(40715.0, 60460.0]","(-inf, 61812.893]"
53-3053,Shuttle Drivers and Chauffeurs,2022,35000.0,Very Low,Q1,"(-inf, 40715.0]","(-inf, 61812.893]"
53-3054,Taxi Drivers,2022,32710.0,Very Low,Q1,"(-inf, 40715.0]","(-inf, 61812.893]"
53-3099,"Motor Vehicle Operators, All Other",2022,37650.0,Very Low,Q1,"(-inf, 40715.0]","(-inf, 61812.893]"
53-4011,Locomotive Engineers,2022,73850.0,Very Low,Q4,"(60460.0, 87500.0]","(61812.893, 101799.419]"
53-4013,"Rail Yard Engineers, Dinkey Operators, and Hostlers",2022,58430.0,Very Low,Q3,"(40715.0, 60460.0]","(-inf, 61812.893]"
53-4022,"Railroad Brake, Signal, and Switch Operators and Locomotive Firers",2022,64810.0,Very Low,Q3,"(60460.0, 87500.0]","(61812.893, 101799.419]"
53-4031,Railroad Conductors and Yardmasters,2022,69190.0,Very Low,Q4,"(60460.0, 87500.0]","(61812.893, 101799.419]"
53-4041,Subway and Streetcar Operators,2022,75880.0,Very Low,Q4,"(60460.0, 87500.0]","(61812.893, 101799.419]"
53-4099,"Rail Transportation Workers, All Other",2022,46780.0,Very Low,Q2,"(40715.0, 60460.0]","(-inf, 61812.893]"
53-5011,Sailors and Marine Oilers,2022,53350.0,Very Low,Q3,"(40715.0, 60460.0]","(-inf, 61812.893]"
53-5021,"Captains, Mates, and Pilots of Water Vessels",2022,104190.0,Very Low,Q5,"(87500.0, 171905.0]","(101799.419, 179850.373]"
53-5022,Motorboat Operators,2022,47300.0,Very Low,Q2,"(40715.0, 60460.0]","(-inf, 61812.893]"
53-5031,Ship Engineers,2022,100980.0,Very Low,Q5,"(87500.0, 171905.0]","(61812.893, 101799.419]"
53-6011,Bridge and Lock Tenders,2022,46910.0,Very Low,Q2,"(40715.0, 60460.0]","(-inf, 61812.893]"
53-6021,Parking Attendants,2022,31230.0,Very Low,Q1,"(-inf, 40715.0]","(-inf, 61812.893]"
53-6031,Automotive and Watercraft Service Attendants,2022,32340.0,Very Low,Q1,"(-inf, 40715.0]","(-inf, 61812.893]"
53-6032,Aircraft Service Attendants,2022,39400.0,Very Low,Q1,"(-inf, 40715.0]","(-inf, 61812.893]"
53-6041,Traffic Technicians,2022,54720.0,Very Low,Q3,"(40715.0, 60460.0]","(-inf, 61812.893]"
53-6051,Transportation Inspectors,2022,79770.0,Very Low,Q4,"(60460.0, 87500.0]","(61812.893, 101799.419]"
53-6061,Passenger Attendants,2022,36230.0,Very Low,Q1,"(-inf, 40715.0]","(-inf, 61812.893]"
53-6099,"Transportation Workers, All Other",2022,40290.0,Very Low,Q1,"(-inf, 40715.0]","(-inf, 61812.893]"
53-7011,Conveyor Operators and Tenders,2022,40060.0,Very Low,Q1,"(-inf, 40715.0]","(-inf, 61812.893]"
53-7021,Crane and Tower Operators,2022,65220.0,Very Low,Q3,"(60460.0, 87500.0]","(61812.893, 101799.419]"
53-7031,Dredge Operators,2022,51770.0,Very Low,Q2,"(40715.0, 60460.0]","(-inf, 61812.893]"
53-7041,Hoist and Winch Operators,2022,69120.0,Very Low,Q4,"(60460.0, 87500.0]","(61812.893, 101799.419]"
53-7051,Industrial Truck and Tractor Operators,2022,43240.0,Very Low,Q2,"(40715.0, 60460.0]","(-inf, 61812.893]"
53-7061,Cleaners of Vehicles and Equipment,2022,32730.0,Very Low,Q1,"(-inf, 40715.0]","(-inf, 61812.893]"
53-7062,"Laborers and Freight, Stock, and Material Movers, Hand",2022,37510.0,Very Low,Q1,"(-inf, 40715.0]","(-inf, 61812.893]"
53-7063,Machine Feeders and Offbearers,2022,39100.0,Very Low,Q1,"(-inf, 40715.0]","(-inf, 61812.893]"
53-7064,"Packers and Packagers, Hand",2022,33310.0,Very Low,Q1,"(-inf, 40715.0]","(-inf, 61812.893]"
53-7065,Stockers and Order Fillers,2022,35550.0,Very Low,Q1,"(-inf, 40715.0]","(-inf, 61812.893]"
53-7071,Gas Compressor and Gas Pumping Station Operators,2022,61500.0,Very Low,Q3,"(60460.0, 87500.0]","(-inf, 61812.893]"
53-7072,"Pump Operators, Except Wellhead Pumpers",2022,59150.0,Very Low,Q3,"(40715.0, 60460.0]","(-inf, 61812.893]"
53-7073,Wellhead Pumpers,2022,65510.0,Very Low,Q3,"(60460.0, 87500.0]","(61812.893, 101799.419]"
53-7081,Refuse and Recyclable Material Collectors,2022,45560.0,Very Low,Q2,"(40715.0, 60460.0]","(-inf, 61812.893]"
53-7121,"Tank Car, Truck, and Ship Loaders",2022,58680.0,Very Low,Q3,"(40715.0, 60460.0]","(-inf, 61812.893]"
53-7199,"Material Moving Workers, All Other",2022,43290.0,Very Low,Q2,"(40715.0, 60460.0]","(-inf, 61812.893]"
11-1011,Chief Executives,2024,262930.0,Mid,Q5,"(171905.0, inf]","(179850.373, 294651.12]"
11-1021,General and Operations Managers,2024,133120.0,Low,Q5,"(87500.0, 171905.0]","(101799.419, 179850.373]"
11-1031,Legislators,2024,67390.0,Very Low,Q4,"(60460.0, 87500.0]","(61812.893, 101799.419]"
11-2011,Advertising and Promotions Managers,2024,149270.0,Low,Q5,"(87500.0, 171905.0]","(101799.419, 179850.373]"
11-2021,Marketing Managers,2024,171520.0,Low,Q5,"(87500.0, 171905.0]","(101799.419, 179850.373]"
11-2022,Sales Managers,2024,160930.0,Low,Q5,"(87500.0, 171905.0]","(101799.419, 179850.373]"
11-2032,Public Relations Managers,2024,163520.0,Low,Q5,"(87500.0, 171905.0]","(101799.419, 179850.373]"
11-2033,Fundraising Managers,2024,137290.0,Low,Q5,"(87500.0, 171905.0]","(101799.419, 179850.373]"
11-3012,Administrative Services Managers,2024,126030.0,Low,Q5,"(87500.0, 171905.0]","(101799.419, 179850.373]"
11-3013,Facilities Managers,2024,114520.0,Low,Q5,"(87500.0, 171905.0]","(101799.419, 179850.373]"
11-3021,Computer and Information Systems Managers,2024,187990.0,Low,Q5,"(171905.0, inf]","(179850.373, 294651.12]"
11-3031,Financial Managers,2024,180470.0,Low,Q5,"(171905.0, inf]","(179850.373, 294651.12]"
11-3051,Industrial Production Managers,2024,129180.0,Low,Q5,"(87500.0, 171905.0]","(101799.419, 179850.373]"
11-3061,Purchasing Managers,2024,150630.0,Low,Q5,"(87500.0, 171905.0]","(101799.419, 179850.373]"
11-3071,"Transportation, Storage, and Distribution Managers",2024,116010.0,Low,Q5,"(87500.0, 171905.0]","(101799.419, 179850.373]"
11-3111,Compensation and Benefits Managers,2024,156230.0,Low,Q5,"(87500.0, 171905.0]","(101799.419, 179850.373]"
11-3121,Human Resources Managers,2024,160480.0,Low,Q5,"(87500.0, 171905.0]","(101799.419, 179850.373]"
11-3131,Training and Development Managers,2024,140590.0,Low,Q5,"(87500.0, 171905.0]","(101799.419, 179850.373]"
11-9013,"Farmers, Ranchers, and Other Agricultural Managers",2024,97240.0,Very Low,Q5,"(87500.0, 171905.0]","(61812.893, 101799.419]"
11-9021,Construction Managers,2024,119660.0,Low,Q5,"(87500.0, 171905.0]","(101799.419, 179850.373]"
11-9031,"Education and Childcare Administrators, Preschool and Daycare",2024,62640.0,Very Low,Q3,"(60460.0, 87500.0]","(61812.893, 101799.419]"
11-9032,"Education Administrators, Kindergarten through Secondary",2024,113360.0,Low,Q5,"(87500.0, 171905.0]","(101799.419, 179850.373]"
11-9033,"Education Administrators, Postsecondary",2024,124450.0,Low,Q5,"(87500.0, 171905.0]","(101799.419, 179850.373]"
11-9039,"Education Administrators, All Other",2024,99460.0,Very Low,Q5,"(87500.0, 171905.0]","(61812.893, 101799.419]"
11-9041,Architectural and Engineering Managers,2024,175710.0,Low,Q5,"(171905.0, inf]","(101799.419, 179850.373]"
11-9051,Food Service Managers,2024,72370.0,Very Low,Q4,"(60460.0, 87500.0]","(61812.893, 101799.419]"
11-9071,Gambling Managers,2024,102480.0,Very Low,Q5,"(87500.0, 171905.0]","(101799.419, 179850.373]"
11-9072,"Entertainment and Recreation Managers, Except Gambling",2024,87060.0,Very Low,Q4,"(60460.0, 87500.0]","(61812.893, 101799.419]"
11-9081,Lodging Managers,2024,77460.0,Very Low,Q4,"(60460.0, 87500.0]","(61812.893, 101799.419]"
11-9111,Medical and Health Services Managers,2024,137730.0,Low,Q5,"(87500.0, 171905.0]","(101799.419, 179850.373]"
11-9121,Natural Sciences Managers,2024,173500.0,Low,Q5,"(171905.0, inf]","(101799.419, 179850.373]"
11-9131,Postmasters and Mail Superintendents,2024,93760.0,Very Low,Q5,"(87500.0, 171905.0]","(61812.893, 101799.419]"
11-9141,"Property, Real Estate, and Community Association Managers",2024,82720.0,Very Low,Q4,"(60460.0, 87500.0]","(61812.893, 101799.419]"
11-9151,Social and Community Service Managers,2024,86100.0,Very Low,Q4,"(60460.0, 87500.0]","(61812.893, 101799.419]"
11-9161,Emergency Management Directors,2024,97700.0,Very Low,Q5,"(87500.0, 171905.0]","(61812.893, 101799.419]"
11-9171,Funeral Home Managers,2024,85650.0,Very Low,Q4,"(60460.0, 87500.0]","(61812.893, 101799.419]"
11-9179,"Personal Service Managers, All Other",2024,70620.0,Very Low,Q4,"(60460.0, 87500.0]","(61812.893, 101799.419]"
11-9199,"Managers, All Other",2024,149890.0,Low,Q5,"(87500.0, 171905.0]","(101799.419, 179850.373]"
13-1011,"Agents and Business Managers of Artists, Performers, and Athletes",2024,165600.0,Low,Q5,"(87500.0, 171905.0]","(101799.419, 179850.373]"
13-1020,Buyers and Purchasing Agents,2024,81720.0,Very Low,Q4,"(60460.0, 87500.0]","(61812.893, 101799.419]"
13-1031,"Claims Adjusters, Examiners, and Investigators",2024,78770.0,Very Low,Q4,"(60460.0, 87500.0]","(61812.893, 101799.419]"
13-1032,"Insurance Appraisers, Auto Damage",2024,77050.0,Very Low,Q4,"(60460.0, 87500.0]","(61812.893, 101799.419]"
13-1041,Compliance Officers,2024,84980.0,Very Low,Q4,"(60460.0, 87500.0]","(61812.893, 101799.419]"
13-1051,Cost Estimators,2024,83160.0,Very Low,Q4,"(60460.0, 87500.0]","(61812.893, 101799.419]"
13-1071,Human Resources Specialists,2024,79730.0,Very Low,Q4,"(60460.0, 87500.0]","(61812.893, 101799.419]"
13-1074,Farm Labor Contractors,2024,51910.0,Very Low,Q2,"(40715.0, 60460.0]","(-inf, 61812.893]"
13-1075,Labor Relations Specialists,2024,97130.0,Very Low,Q5,"(87500.0, 171905.0]","(61812.893, 101799.419]"
13-1081,Logisticians,2024,87600.0,Very Low,Q4,"(87500.0, 171905.0]","(61812.893, 101799.419]"
13-1082,Project Management Specialists,2024,108100.0,Very Low,Q5,"(87500.0, 171905.0]","(101799.419, 179850.373]"
13-1111,Management Analysts,2024,114710.0,Low,Q5,"(87500.0, 171905.0]","(101799.419, 179850.373]"
13-1121,"Meeting, Convention, and Event Planners",2024,65090.0,Very Low,Q3,"(60460.0, 87500.0]","(61812.893, 101799.419]"
13-1131,Fundraisers,2024,73130.0,Very Low,Q4,"(60460.0, 87500.0]","(61812.893, 101799.419]"
13-1141,"Compensation, Benefits, and Job Analysis Specialists",2024,82920.0,Very Low,Q4,"(60460.0, 87500.0]","(61812.893, 101799.419]"
13-1151,Training and Development Specialists,2024,73760.0,Very Low,Q4,"(60460.0, 87500.0]","(61812.893, 101799.419]"
13-1161,Market Research Analysts and Marketing Specialists,2024,86480.0,Very Low,Q4,"(60460.0, 87500.0]","(61812.893, 101799.419]"
13-1199,"Business Operations Specialists, All Other",2024,92380.0,Very Low,Q5,"(87500.0, 171905.0]","(61812.893, 101799.419]"
13-2011,Accountants and Auditors,2024,93520.0,Very Low,Q5,"(87500.0, 171905.0]","(61812.893, 101799.419]"
13-2020,Property Appraisers and Assessors,2024,77160.0,Very Low,Q4,"(60460.0, 87500.0]","(61812.893, 101799.419]"
13-2031,Budget Analysts,2024,93920.0,Very Low,Q5,"(87500.0, 171905.0]","(61812.893, 101799.419]"
13-2041,Credit Analysts,2024,98040.0,Very Low,Q5,"(87500.0, 171905.0]","(61812.893, 101799.419]"
13-2051,Financial and Investment Analysts,2024,116490.0,Low,Q5,"(87500.0, 171905.0]","(101799.419, 179850.373]"
13-2052,Personal Financial Advisors,2024,160210.0,Low,Q5,"(87500.0, 171905.0]","(101799.419, 179850.373]"
13-2053,Insurance Underwriters,2024,90830.0,Very Low,Q4,"(87500.0, 171905.0]","(61812.893, 101799.419]"
13-2054,Financial Risk Specialists,2024,119930.0,Low,Q5,"(87500.0, 171905.0]","(101799.419, 179850.373]"
13-2061,Financial Examiners,2024,103650.0,Very Low,Q5,"(87500.0, 171905.0]","(101799.419, 179850.373]"
13-2071,Credit Counselors,2024,55890.0,Very Low,Q3,"(40715.0, 60460.0]","(-inf, 61812.893]"
13-2072,Loan Officers,2024,86020.0,Very Low,Q4,"(60460.0, 87500.0]","(61812.893, 101799.419]"
13-2081,"Tax Examiners and Collectors, and Revenue Agents",2024,67570.0,Very Low,Q4,"(60460.0, 87500.0]","(61812.893, 101799.419]"
13-2082,Tax Preparers,2024,58860.0,Very Low,Q3,"(40715.0, 60460.0]","(-inf, 61812.893]"
13-2099,"Financial Specialists, All Other",2024,93890.0,Very Low,Q5,"(87500.0, 171905.0]","(61812.893, 101799.419]"
15-1211,Computer Systems Analysts,2024,111960.0,Low,Q5,"(87500.0, 171905.0]","(101799.419, 179850.373]"
15-1212,Information Security Analysts,2024,127730.0,Low,Q5,"(87500.0, 171905.0]","(101799.419, 179850.373]"
15-1221,Computer and Information Research Scientists,2024,152310.0,Low,Q5,"(87500.0, 171905.0]","(101799.419, 179850.373]"
15-1231,Computer Network Support Specialists,2024,79610.0,Very Low,Q4,"(60460.0, 87500.0]","(61812.893, 101799.419]"
15-1232,Computer User Support Specialists,2024,64990.0,Very Low,Q3,"(60460.0, 87500.0]","(61812.893, 101799.419]"
15-1241,Computer Network Architects,2024,135890.0,Low,Q5,"(87500.0, 171905.0]","(101799.419, 179850.373]"
15-1242,Database Administrators,2024,107440.0,Very Low,Q5,"(87500.0, 171905.0]","(101799.419, 179850.373]"
15-1243,Database Architects,2024,142620.0,Low,Q5,"(87500.0, 171905.0]","(101799.419, 179850.373]"
15-1244,Network and Computer Systems Administrators,2024,101190.0,Very Low,Q5,"(87500.0, 171905.0]","(61812.893, 101799.419]"
15-1251,Computer Programmers,2024,103640.0,Very Low,Q5,"(87500.0, 171905.0]","(101799.419, 179850.373]"
15-1252,Software Developers,2024,144570.0,Low,Q5,"(87500.0, 171905.0]","(101799.419, 179850.373]"
15-1253,Software Quality Assurance Analysts and Testers,2024,110260.0,Low,Q5,"(87500.0, 171905.0]","(101799.419, 179850.373]"
15-1254,Web Developers,2024,98790.0,Very Low,Q5,"(87500.0, 171905.0]","(61812.893, 101799.419]"
15-1255,Web and Digital Interface Designers,2024,111450.0,Low,Q5,"(87500.0, 171905.0]","(101799.419, 179850.373]"
15-1299,"Computer Occupations, All Other",2024,116700.0,Low,Q5,"(87500.0, 171905.0]","(101799.419, 179850.373]"
15-2011,Actuaries,2024,134990.0,Low,Q5,"(87500.0, 171905.0]","(101799.419, 179850.373]"
15-2021,Mathematicians,2024,122520.0,Low,Q5,"(87500.0, 171905.0]","(101799.419, 179850.373]"
15-2031,Operations Research Analysts,2024,99120.0,Very Low,Q5,"(87500.0, 171905.0]","(61812.893, 101799.419]"
15-2041,Statisticians,2024,112330.0,Low,Q5,"(87500.0, 171905.0]","(101799.419, 179850.373]"
15-2051,Data Scientists,2024,124590.0,Low,Q5,"(87500.0, 171905.0]","(101799.419, 179850.373]"
15-2099,"Mathematical Science Occupations, All Other",2024,84700.0,Very Low,Q4,"(60460.0, 87500.0]","(61812.893, 101799.419]"
17-1011,"Architects, Except Landscape and Naval",2024,103390.0,Very Low,Q5,"(87500.0, 171905.0]","(101799.419, 179850.373]"
17-1012,Landscape Architects,2024,88000.0,Very Low,Q4,"(87500.0, 171905.0]","(61812.893, 101799.419]"
17-1021,Cartographers and Photogrammetrists,2024,82860.0,Very Low,Q4,"(60460.0, 87500.0]","(61812.893, 101799.419]"
17-1022,Surveyors,2024,76730.0,Very Low,Q4,"(60460.0, 87500.0]","(61812.893, 101799.419]"
17-2011,Aerospace Engineers,2024,141180.0,Low,Q5,"(87500.0, 171905.0]","(101799.419, 179850.373]"
17-2021,Agricultural Engineers,2024,84240.0,Very Low,Q4,"(60460.0, 87500.0]","(61812.893, 101799.419]"
17-2031,Bioengineers and Biomedical Engineers,2024,115020.0,Low,Q5,"(87500.0, 171905.0]","(101799.419, 179850.373]"
17-2041,Chemical Engineers,2024,128430.0,Low,Q5,"(87500.0, 171905.0]","(101799.419, 179850.373]"
17-2051,Civil Engineers,2024,107050.0,Very Low,Q5,"(87500.0, 171905.0]","(101799.419, 179850.373]"
17-2061,Computer Hardware Engineers,2024,156770.0,Low,Q5,"(87500.0, 171905.0]","(101799.419, 179850.373]"
17-2071,Electrical Engineers,2024,120980.0,Low,Q5,"(87500.0, 171905.0]","(101799.419, 179850.373]"
17-2072,"Electronics Engineers, Except Computer",2024,132500.0,Low,Q5,"(87500.0, 171905.0]","(101799.419, 179850.373]"
17-2081,Environmental Engineers,2024,110570.0,Low,Q5,"(87500.0, 171905.0]","(101799.419, 179850.373]"
17-2111,"Health and Safety Engineers, Except Mining Safety Engineers and Inspectors",2024,113770.0,Low,Q5,"(87500.0, 171905.0]","(101799.419, 179850.373]"
17-2112,Industrial Engineers,2024,107900.0,Very Low,Q5,"(87500.0, 171905.0]","(101799.419, 179850.373]"
17-2121,Marine Engineers and Naval Architects,2024,116680.0,Low,Q5,"(87500.0, 171905.0]","(101799.419, 179850.373]"
17-2131,Materials Engineers,2024,116380.0,Low,Q5,"(87500.0, 171905.0]","(101799.419, 179850.373]"
17-2141,Mechanical Engineers,2024,110080.0,Low,Q5,"(87500.0, 171905.0]","(101799.419, 179850.373]"
17-2151,"Mining and Geological Engineers, Including Mining Safety Engineers",2024,108940.0,Low,Q5,"(87500.0, 171905.0]","(101799.419, 179850.373]"
17-2161,Nuclear Engineers,2024,134980.0,Low,Q5,"(87500.0, 171905.0]","(101799.419, 179850.373]"
17-2171,Petroleum Engineers,2024,153560.0,Low,Q5,"(87500.0, 171905.0]","(101799.419, 179850.373]"
17-2199,"Engineers, All Other",2024,121720.0,Low,Q5,"(87500.0, 171905.0]","(101799.419, 179850.373]"
17-3011,Architectural and Civil Drafters,2024,68860.0,Very Low,Q4,"(60460.0, 87500.0]","(61812.893, 101799.419]"
17-3012,Electrical and Electronics Drafters,2024,77960.0,Very Low,Q4,"(60460.0, 87500.0]","(61812.893, 101799.419]"
17-3013,Mechanical Drafters,2024,74040.0,Very Low,Q4,"(60460.0, 87500.0]","(61812.893, 101799.419]"
17-3019,"Drafters, All Other",2024,66530.0,Very Low,Q4,"(60460.0, 87500.0]","(61812.893, 101799.419]"
17-3021,Aerospace Engineering and Operations Technologists and Technicians,2024,86330.0,Very Low,Q4,"(60460.0, 87500.0]","(61812.893, 101799.419]"
17-3022,Civil Engineering Technologists and Technicians,2024,68450.0,Very Low,Q4,"(60460.0, 87500.0]","(61812.893, 101799.419]"
17-3023,Electrical and Electronic Engineering Technologists and Technicians,2024,78580.0,Very Low,Q4,"(60460.0, 87500.0]","(61812.893, 101799.419]"
17-3024,Electro-Mechanical and Mechatronics Technologists and Technicians,2024,75710.0,Very Low,Q4,"(60460.0, 87500.0]","(61812.893, 101799.419]"
17-3025,Environmental Engineering Technologists and Technicians,2024,63070.0,Very Low,Q3,"(60460.0, 87500.0]","(61812.893, 101799.419]"
17-3026,Industrial Engineering Technologists and Technicians,2024,69780.0,Very Low,Q4,"(60460.0, 87500.0]","(61812.893, 101799.419]"
17-3027,Mechanical Engineering Technologists and Technicians,2024,72450.0,Very Low,Q4,"(60460.0, 87500.0]","(61812.893, 101799.419]"
17-3028,Calibration Technologists and Technicians,2024,71080.0,Very Low,Q4,"(60460.0, 87500.0]","(61812.893, 101799.419]"
17-3029,"Engineering Technologists and Technicians, Except Drafters, All Other",2024,79740.0,Very Low,Q4,"(60460.0, 87500.0]","(61812.893, 101799.419]"
17-3031,Surveying and Mapping Technicians,2024,56890.0,Very Low,Q3,"(40715.0, 60460.0]","(-inf, 61812.893]"
19-1011,Animal Scientists,2024,104970.0,Very Low,Q5,"(87500.0, 171905.0]","(101799.419, 179850.373]"
19-1012,Food Scientists and Technologists,2024,92190.0,Very Low,Q5,"(87500.0, 171905.0]","(61812.893, 101799.419]"
19-1013,Soil and Plant Scientists,2024,83040.0,Very Low,Q4,"(60460.0, 87500.0]","(61812.893, 101799.419]"
19-1021,Biochemists and Biophysicists,2024,115570.0,Low,Q5,"(87500.0, 171905.0]","(101799.419, 179850.373]"
19-1022,Microbiologists,2024,95200.0,Very Low,Q5,"(87500.0, 171905.0]","(61812.893, 101799.419]"
19-1023,Zoologists and Wildlife Biologists,2024,77920.0,Very Low,Q4,"(60460.0, 87500.0]","(61812.893, 101799.419]"
19-1029,"Biological Scientists, All Other",2024,100440.0,Very Low,Q5,"(87500.0, 171905.0]","(61812.893, 101799.419]"
19-1031,Conservation Scientists,2024,74310.0,Very Low,Q4,"(60460.0, 87500.0]","(61812.893, 101799.419]"
19-1032,Foresters,2024,74670.0,Very Low,Q4,"(60460.0, 87500.0]","(61812.893, 101799.419]"
19-1041,Epidemiologists,2024,94160.0,Very Low,Q5,"(87500.0, 171905.0]","(61812.893, 101799.419]"
19-1042,"Medical Scientists, Except Epidemiologists",2024,112690.0,Low,Q5,"(87500.0, 171905.0]","(101799.419, 179850.373]"
19-1099,"Life Scientists, All Other",2024,101940.0,Very Low,Q5,"(87500.0, 171905.0]","(101799.419, 179850.373]"
19-2011,Astronomers,2024,134430.0,Low,Q5,"(87500.0, 171905.0]","(101799.419, 179850.373]"
19-2012,Physicists,2024,166000.0,Low,Q5,"(87500.0, 171905.0]","(101799.419, 179850.373]"
19-2021,Atmospheric and Space Scientists,2024,103980.0,Very Low,Q5,"(87500.0, 171905.0]","(101799.419, 179850.373]"
19-2031,Chemists,2024,95940.0,Very Low,Q5,"(87500.0, 171905.0]","(61812.893, 101799.419]"
19-2032,Materials Scientists,2024,111410.0,Low,Q5,"(87500.0, 171905.0]","(101799.419, 179850.373]"
19-2041,"Environmental Scientists and Specialists, Including Health",2024,88640.0,Very Low,Q4,"(87500.0, 171905.0]","(61812.893, 101799.419]"
19-2042,"Geoscientists, Except Hydrologists and Geographers",2024,111310.0,Low,Q5,"(87500.0, 171905.0]","(101799.419, 179850.373]"
19-2043,Hydrologists,2024,98130.0,Very Low,Q5,"(87500.0, 171905.0]","(61812.893, 101799.419]"
19-2099,"Physical Scientists, All Other",2024,123070.0,Low,Q5,"(87500.0, 171905.0]","(101799.419, 179850.373]"
19-3011,Economists,2024,130910.0,Low,Q5,"(87500.0, 171905.0]","(101799.419, 179850.373]"
19-3022,Survey Researchers,2024,73470.0,Very Low,Q4,"(60460.0, 87500.0]","(61812.893, 101799.419]"
19-3032,Industrial-Organizational Psychologists,2024,134400.0,Low,Q5,"(87500.0, 171905.0]","(101799.419, 179850.373]"
19-3033,Clinical and Counseling Psychologists,2024,106850.0,Very Low,Q5,"(87500.0, 171905.0]","(101799.419, 179850.373]"
19-3034,School Psychologists,2024,93610.0,Very Low,Q5,"(87500.0, 171905.0]","(61812.893, 101799.419]"
19-3039,"Psychologists, All Other",2024,111340.0,Low,Q5,"(87500.0, 171905.0]","(101799.419, 179850.373]"
19-3041,Sociologists,2024,111670.0,Low,Q5,"(87500.0, 171905.0]","(101799.419, 179850.373]"
19-3051,Urban and Regional Planners,2024,89730.0,Very Low,Q4,"(87500.0, 171905.0]","(61812.893, 101799.419]"
19-3091,Anthropologists and Archeologists,2024,71070.0,Very Low,Q4,"(60460.0, 87500.0]","(61812.893, 101799.419]"
19-3092,Geographers,2024,98160.0,Very Low,Q5,"(87500.0, 171905.0]","(61812.893, 101799.419]"
19-3093,Historians,2024,78470.0,Very Low,Q4,"(60460.0, 87500.0]","(61812.893, 101799.419]"
19-3094,Political Scientists,2024,137600.0,Low,Q5,"(87500.0, 171905.0]","(101799.419, 179850.373]"
19-3099,"Social Scientists and Related Workers, All Other",2024,106440.0,Very Low,Q5,"(87500.0, 171905.0]","(101799.419, 179850.373]"
19-4012,Agricultural Technicians,2024,49680.0,Very Low,Q2,"(40715.0, 60460.0]","(-inf, 61812.893]"
19-4013,Food Science Technicians,2024,54400.0,Very Low,Q3,"(40715.0, 60460.0]","(-inf, 61812.893]"
19-4021,Biological Technicians,2024,58020.0,Very Low,Q3,"(40715.0, 60460.0]","(-inf, 61812.893]"
19-4031,Chemical Technicians,2024,61300.0,Very Low,Q3,"(60460.0, 87500.0]","(-inf, 61812.893]"
19-4042,"Environmental Science and Protection Technicians, Including Health",2024,56770.0,Very Low,Q3,"(40715.0, 60460.0]","(-inf, 61812.893]"
19-4043,"Geological Technicians, Except Hydrologic Technicians",2024,58220.0,Very Low,Q3,"(40715.0, 60460.0]","(-inf, 61812.893]"
19-4044,Hydrologic Technicians,2024,64410.0,Very Low,Q3,"(60460.0, 87500.0]","(61812.893, 101799.419]"
19-4051,Nuclear Technicians,2024,100730.0,Very Low,Q5,"(87500.0, 171905.0]","(61812.893, 101799.419]"
19-4061,Social Science Research Assistants,2024,63560.0,Very Low,Q3,"(60460.0, 87500.0]","(61812.893, 101799.419]"
19-4071,Forest and Conservation Technicians,2024,56660.0,Very Low,Q3,"(40715.0, 60460.0]","(-inf, 61812.893]"
19-4092,Forensic Science Technicians,2024,75260.0,Very Low,Q4,"(60460.0, 87500.0]","(61812.893, 101799.419]"
19-4099,"Life, Physical, and Social Science Technicians, All Other",2024,64640.0,Very Low,Q3,"(60460.0, 87500.0]","(61812.893, 101799.419]"
19-5011,Occupational Health and Safety Specialists,2024,88660.0,Very Low,Q4,"(87500.0, 171905.0]","(61812.893, 101799.419]"
19-5012,Occupational Health and Safety Technicians,2024,63800.0,Very Low,Q3,"(60460.0, 87500.0]","(61812.893, 101799.419]"
21-1012,"Educational, Guidance, and Career Counselors and Advisors",2024,71520.0,Very Low,Q4,"(60460.0, 87500.0]","(61812.893, 101799.419]"
21-1013,Marriage and Family Therapists,2024,72720.0,Very Low,Q4,"(60460.0, 87500.0]","(61812.893, 101799.419]"
21-1015,Rehabilitation Counselors,2024,51260.0,Very Low,Q2,"(40715.0, 60460.0]","(-inf, 61812.893]"
21-1018,"Substance Abuse, Behavioral Disorder, and Mental Health Counselors",2024,65100.0,Very Low,Q3,"(60460.0, 87500.0]","(61812.893, 101799.419]"
21-1019,"Counselors, All Other",2024,58070.0,Very Low,Q3,"(40715.0, 60460.0]","(-inf, 61812.893]"
21-1021,"Child, Family, and School Social Workers",2024,62920.0,Very Low,Q3,"(60460.0, 87500.0]","(61812.893, 101799.419]"
21-1022,Healthcare Social Workers,2024,72030.0,Very Low,Q4,"(60460.0, 87500.0]","(61812.893, 101799.419]"
21-1023,Mental Health and Substance Abuse Social Workers,2024,68290.0,Very Low,Q4,"(60460.0, 87500.0]","(61812.893, 101799.419]"
21-1029,"Social Workers, All Other",2024,74680.0,Very Low,Q4,"(60460.0, 87500.0]","(61812.893, 101799.419]"
21-1091,Health Education Specialists,2024,71700.0,Very Low,Q4,"(60460.0, 87500.0]","(61812.893, 101799.419]"
21-1092,Probation Officers and Correctional Treatment Specialists,2024,71530.0,Very Low,Q4,"(60460.0, 87500.0]","(61812.893, 101799.419]"
21-1093,Social and Human Service Assistants,2024,47090.0,Very Low,Q2,"(40715.0, 60460.0]","(-inf, 61812.893]"
21-1094,Community Health Workers,2024,55970.0,Very Low,Q3,"(40715.0, 60460.0]","(-inf, 61812.893]"
21-1099,"Community and Social Service Specialists, All Other",2024,58360.0,Very Low,Q3,"(40715.0, 60460.0]","(-inf, 61812.893]"
21-2011,Clergy,2024,67160.0,Very Low,Q4,"(60460.0, 87500.0]","(61812.893, 101799.419]"
21-2021,"Directors, Religious Activities and Education",2024,65040.0,Very Low,Q3,"(60460.0, 87500.0]","(61812.893, 101799.419]"
21-2099,"Religious Workers, All Other",2024,49830.0,Very Low,Q2,"(40715.0, 60460.0]","(-inf, 61812.893]"
23-1011,Lawyers,2024,182760.0,Low,Q5,"(171905.0, inf]","(179850.373, 294651.12]"
23-1012,Judicial Law Clerks,2024,69850.0,Very Low,Q4,"(60460.0, 87500.0]","(61812.893, 101799.419]"
23-1021,"Administrative Law Judges, Adjudicators, and Hearing Officers",2024,122620.0,Low,Q5,"(87500.0, 171905.0]","(101799.419, 179850.373]"
23-1022,"Arbitrators, Mediators, and Conciliators",2024,91170.0,Very Low,Q4,"(87500.0, 171905.0]","(61812.893, 101799.419]"
23-1023,"Judges, Magistrate Judges, and Magistrates",2024,143110.0,Low,Q5,"(87500.0, 171905.0]","(101799.419, 179850.373]"
23-2011,Paralegals and Legal Assistants,2024,66510.0,Very Low,Q3,"(60460.0, 87500.0]","(61812.893, 101799.419]"
23-2093,"Title Examiners, Abstractors, and Searchers",2024,59600.0,Very Low,Q3,"(40715.0, 60460.0]","(-inf, 61812.893]"
23-2099,"Legal Support Workers, All Other",2024,86220.0,Very Low,Q4,"(60460.0, 87500.0]","(61812.893, 101799.419]"
25-1011,"Business Teachers, Postsecondary",2024,113840.0,Low,Q5,"(87500.0, 171905.0]","(101799.419, 179850.373]"
25-1021,"Computer Science Teachers, Postsecondary",2024,105830.0,Very Low,Q5,"(87500.0, 171905.0]","(101799.419, 179850.373]"
25-1022,"Mathematical Science Teachers, Postsecondary",2024,92880.0,Very Low,Q5,"(87500.0, 171905.0]","(61812.893, 101799.419]"
25-1031,"Architecture Teachers, Postsecondary",2024,110360.0,Low,Q5,"(87500.0, 171905.0]","(101799.419, 179850.373]"
25-1032,"Engineering Teachers, Postsecondary",2024,119340.0,Low,Q5,"(87500.0, 171905.0]","(101799.419, 179850.373]"
25-1041,"Agricultural Sciences Teachers, Postsecondary",2024,97790.0,Very Low,Q5,"(87500.0, 171905.0]","(61812.893, 101799.419]"
25-1042,"Biological Science Teachers, Postsecondary",2024,101340.0,Very Low,Q5,"(87500.0, 171905.0]","(61812.893, 101799.419]"
25-1043,"Forestry and Conservation Science Teachers, Postsecondary",2024,103780.0,Very Low,Q5,"(87500.0, 171905.0]","(101799.419, 179850.373]"
25-1051,"Atmospheric, Earth, Marine, and Space Sciences Teachers, Postsecondary",2024,112950.0,Low,Q5,"(87500.0, 171905.0]","(101799.419, 179850.373]"
25-1052,"Chemistry Teachers, Postsecondary",2024,103030.0,Very Low,Q5,"(87500.0, 171905.0]","(101799.419, 179850.373]"
25-1053,"Environmental Science Teachers, Postsecondary",2024,100360.0,Very Low,Q5,"(87500.0, 171905.0]","(61812.893, 101799.419]"
25-1054,"Physics Teachers, Postsecondary",2024,105460.0,Very Low,Q5,"(87500.0, 171905.0]","(101799.419, 179850.373]"
25-1061,"Anthropology and Archeology Teachers, Postsecondary",2024,102530.0,Very Low,Q5,"(87500.0, 171905.0]","(101799.419, 179850.373]"
25-1062,"Area, Ethnic, and Cultural Studies Teachers, Postsecondary",2024,97350.0,Very Low,Q5,"(87500.0, 171905.0]","(61812.893, 101799.419]"
25-1063,"Economics Teachers, Postsecondary",2024,133140.0,Low,Q5,"(87500.0, 171905.0]","(101799.419, 179850.373]"
25-1064,"Geography Teachers, Postsecondary",2024,99020.0,Very Low,Q5,"(87500.0, 171905.0]","(61812.893, 101799.419]"
25-1065,"Political Science Teachers, Postsecondary",2024,105160.0,Very Low,Q5,"(87500.0, 171905.0]","(101799.419, 179850.373]"
25-1066,"Psychology Teachers, Postsecondary",2024,93530.0,Very Low,Q5,"(87500.0, 171905.0]","(61812.893, 101799.419]"
25-1067,"Sociology Teachers, Postsecondary",2024,97270.0,Very Low,Q5,"(87500.0, 171905.0]","(61812.893, 101799.419]"
25-1069,"Social Sciences Teachers, Postsecondary, All Other",2024,92950.0,Very Low,Q5,"(87500.0, 171905.0]","(61812.893, 101799.419]"
25-1071,"Health Specialties Teachers, Postsecondary",2024,137900.0,Low,Q5,"(87500.0, 171905.0]","(101799.419, 179850.373]"
25-1072,"Nursing Instructors and Teachers, Postsecondary",2024,87090.0,Very Low,Q4,"(60460.0, 87500.0]","(61812.893, 101799.419]"
25-1081,"Education Teachers, Postsecondary",2024,78500.0,Very Low,Q4,"(60460.0, 87500.0]","(61812.893, 101799.419]"
25-1082,"Library Science Teachers, Postsecondary",2024,84320.0,Very Low,Q4,"(60460.0, 87500.0]","(61812.893, 101799.419]"
25-1111,"Criminal Justice and Law Enforcement Teachers, Postsecondary",2024,84820.0,Very Low,Q4,"(60460.0, 87500.0]","(61812.893, 101799.419]"
25-1112,"Law Teachers, Postsecondary",2024,139950.0,Low,Q5,"(87500.0, 171905.0]","(101799.419, 179850.373]"
25-1113,"Social Work Teachers, Postsecondary",2024,81880.0,Very Low,Q4,"(60460.0, 87500.0]","(61812.893, 101799.419]"
25-1121,"Art, Drama, and Music Teachers, Postsecondary",2024,102240.0,Very Low,Q5,"(87500.0, 171905.0]","(101799.419, 179850.373]"
25-1122,"Communications Teachers, Postsecondary",2024,90340.0,Very Low,Q4,"(87500.0, 171905.0]","(61812.893, 101799.419]"
25-1123,"English Language and Literature Teachers, Postsecondary",2024,90400.0,Very Low,Q4,"(87500.0, 171905.0]","(61812.893, 101799.419]"
25-1124,"Foreign Language and Literature Teachers, Postsecondary",2024,87670.0,Very Low,Q4,"(87500.0, 171905.0]","(61812.893, 101799.419]"
25-1125,"History Teachers, Postsecondary",2024,93710.0,Very Low,Q5,"(87500.0, 171905.0]","(61812.893, 101799.419]"
25-1126,"Philosophy and Religion Teachers, Postsecondary",2024,88210.0,Very Low,Q4,"(87500.0, 171905.0]","(61812.893, 101799.419]"
25-1192,"Family and Consumer Sciences Teachers, Postsecondary",2024,84450.0,Very Low,Q4,"(60460.0, 87500.0]","(61812.893, 101799.419]"
25-1193,"Recreation and Fitness Studies Teachers, Postsecondary",2024,87980.0,Very Low,Q4,"(87500.0, 171905.0]","(61812.893, 101799.419]"
25-1194,"Career/Technical Education Teachers, Postsecondary",2024,68710.0,Very Low,Q4,"(60460.0, 87500.0]","(61812.893, 101799.419]"
25-1199,"Postsecondary Teachers, All Other",2024,94470.0,Very Low,Q5,"(87500.0, 171905.0]","(61812.893, 101799.419]"
25-2011,"Preschool Teachers, Except Special Education",2024,41450.0,Very Low,Q1,"(40715.0, 60460.0]","(-inf, 61812.893]"
25-2012,"Kindergarten Teachers, Except Special Education",2024,67020.0,Very Low,Q4,"(60460.0, 87500.0]","(61812.893, 101799.419]"
25-2021,"Elementary School Teachers, Except Special Education",2024,69790.0,Very Low,Q4,"(60460.0, 87500.0]","(61812.893, 101799.419]"
25-2022,"Middle School Teachers, Except Special and Career/Technical Education",2024,70040.0,Very Low,Q4,"(60460.0, 87500.0]","(61812.893, 101799.419]"
25-2023,"Career/Technical Education Teachers, Middle School",2024,68690.0,Very Low,Q4,"(60460.0, 87500.0]","(61812.893, 101799.419]"
25-2031,"Secondary School Teachers, Except Special and Career/Technical Education",2024,73700.0,Very Low,Q4,"(60460.0, 87500.0]","(61812.893, 101799.419]"
25-2032,"Career/Technical Education Teachers, Secondary School",2024,70550.0,Very Low,Q4,"(60460.0, 87500.0]","(61812.893, 101799.419]"
25-2051,"Special Education Teachers, Preschool",2024,72610.0,Very Low,Q4,"(60460.0, 87500.0]","(61812.893, 101799.419]"
25-2052,"Special Education Teachers, Kindergarten and Elementary School",2024,70150.0,Very Low,Q4,"(60460.0, 87500.0]","(61812.893, 101799.419]"
25-2057,"Special Education Teachers, Middle School",2024,72310.0,Very Low,Q4,"(60460.0, 87500.0]","(61812.893, 101799.419]"
25-2058,"Special Education Teachers, Secondary School",2024,74610.0,Very Low,Q4,"(60460.0, 87500.0]","(61812.893, 101799.419]"
25-2059,"Special Education Teachers, All Other",2024,74180.0,Very Low,Q4,"(60460.0, 87500.0]","(61812.893, 101799.419]"
25-3011,"Adult Basic Education, Adult Secondary Education, and English as a Second Language Instructors",2024,64660.0,Very Low,Q3,"(60460.0, 87500.0]","(61812.893, 101799.419]"
25-3021,Self-Enrichment Teachers,2024,53330.0,Very Low,Q3,"(40715.0, 60460.0]","(-inf, 61812.893]"
25-3031,"Substitute Teachers, Short-Term",2024,44930.0,Very Low,Q2,"(40715.0, 60460.0]","(-inf, 61812.893]"
25-3041,Tutors,2024,47780.0,Very Low,Q2,"(40715.0, 60460.0]","(-inf, 61812.893]"
25-3099,"Teachers and Instructors, All Other",2024,71610.0,Very Low,Q4,"(60460.0, 87500.0]","(61812.893, 101799.419]"
25-4011,Archivists,2024,67620.0,Very Low,Q4,"(60460.0, 87500.0]","(61812.893, 101799.419]"
25-4012,Curators,2024,70060.0,Very Low,Q4,"(60460.0, 87500.0]","(61812.893, 101799.419]"
25-4013,Museum Technicians and Conservators,2024,53630.0,Very Low,Q3,"(40715.0, 60460.0]","(-inf, 61812.893]"
25-4022,Librarians and Media Collections Specialists,2024,69180.0,Very Low,Q4,"(60460.0, 87500.0]","(61812.893, 101799.419]"
25-4031,Library Technicians,2024,43050.0,Very Low,Q2,"(40715.0, 60460.0]","(-inf, 61812.893]"
25-9021,Farm and Home Management Educators,2024,60470.0,Very Low,Q3,"(60460.0, 87500.0]","(-inf, 61812.893]"
25-9031,Instructional Coordinators,2024,77600.0,Very Low,Q4,"(60460.0, 87500.0]","(61812.893, 101799.419]"
25-9044,"Teaching Assistants, Postsecondary",2024,47560.0,Very Low,Q2,"(40715.0, 60460.0]","(-inf, 61812.893]"
25-9045,"Teaching Assistants, Except Postsecondary",2024,35960.0,Very Low,Q1,"(-inf, 40715.0]","(-inf, 61812.893]"
25-9099,"Educational Instruction and Library Workers, All Other",2024,55700.0,Very Low,Q3,"(40715.0, 60460.0]","(-inf, 61812.893]"
27-1011,Art Directors,2024,128100.0,Low,Q5,"(87500.0, 171905.0]","(101799.419, 179850.373]"
27-1012,Craft Artists,2024,45340.0,Very Low,Q2,"(40715.0, 60460.0]","(-inf, 61812.893]"
27-1013,"Fine Artists, Including Painters, Sculptors, and Illustrators",2024,76450.0,Very Low,Q4,"(60460.0, 87500.0]","(61812.893, 101799.419]"
27-1014,Special Effects Artists and Animators,2024,110110.0,Low,Q5,"(87500.0, 171905.0]","(101799.419, 179850.373]"
27-1019,"Artists and Related Workers, All Other",2024,79490.0,Very Low,Q4,"(60460.0, 87500.0]","(61812.893, 101799.419]"
27-1021,Commercial and Industrial Designers,2024,88000.0,Very Low,Q4,"(87500.0, 171905.0]","(61812.893, 101799.419]"
27-1022,Fashion Designers,2024,122430.0,Low,Q5,"(87500.0, 171905.0]","(101799.419, 179850.373]"
27-1023,Floral Designers,2024,37700.0,Very Low,Q1,"(-inf, 40715.0]","(-inf, 61812.893]"
27-1024,Graphic Designers,2024,68610.0,Very Low,Q4,"(60460.0, 87500.0]","(61812.893, 101799.419]"
27-1025,Interior Designers,2024,71430.0,Very Low,Q4,"(60460.0, 87500.0]","(61812.893, 101799.419]"
27-1026,Merchandise Displayers and Window Trimmers,2024,40540.0,Very Low,Q1,"(-inf, 40715.0]","(-inf, 61812.893]"
27-1027,Set and Exhibit Designers,2024,78450.0,Very Low,Q4,"(60460.0, 87500.0]","(61812.893, 101799.419]"
27-1029,"Designers, All Other",2024,78000.0,Very Low,Q4,"(60460.0, 87500.0]","(61812.893, 101799.419]"
27-2011,Actors,2024,,,,,
27-2012,Producers and Directors,2024,114280.0,Low,Q5,"(87500.0, 171905.0]","(101799.419, 179850.373]"
27-2021,Athletes and Sports Competitors,2024,259750.0,Mid,Q5,"(171905.0, inf]","(179850.373, 294651.12]"
27-2022,Coaches and Scouts,2024,58910.0,Very Low,Q3,"(40715.0, 60460.0]","(-inf, 61812.893]"
27-2023,"Umpires, Referees, and Other Sports Officials",2024,52800.0,Very Low,Q3,"(40715.0, 60460.0]","(-inf, 61812.893]"
27-2031,Dancers,2024,,,,,
27-2032,Choreographers,2024,62020.0,Very Low,Q3,"(60460.0, 87500.0]","(61812.893, 101799.419]"
27-2041,Music Directors and Composers,2024,84230.0,Very Low,Q4,"(60460.0, 87500.0]","(61812.893, 101799.419]"
27-2042,Musicians and Singers,2024,,,,,
27-2091,"Disc Jockeys, Except Radio",2024,,,,,
27-2099,"Entertainers and Performers, Sports and Related Workers, All Other",2024,,,,,
27-3011,Broadcast Announcers and Radio Disc Jockeys,2024,80110.0,Very Low,Q4,"(60460.0, 87500.0]","(61812.893, 101799.419]"
27-3023,"News Analysts, Reporters, and Journalists",2024,106030.0,Very Low,Q5,"(87500.0, 171905.0]","(101799.419, 179850.373]"
27-3031,Public Relations Specialists,2024,80310.0,Very Low,Q4,"(60460.0, 87500.0]","(61812.893, 101799.419]"
27-3041,Editors,2024,85700.0,Very Low,Q4,"(60460.0, 87500.0]","(61812.893, 101799.419]"
27-3042,Technical Writers,2024,92330.0,Very Low,Q5,"(87500.0, 171905.0]","(61812.893, 101799.419]"
27-3043,Writers and Authors,2024,85780.0,Very Low,Q4,"(60460.0, 87500.0]","(61812.893, 101799.419]"
27-3091,Interpreters and Translators,2024,64950.0,Very Low,Q3,"(60460.0, 87500.0]","(61812.893, 101799.419]"
27-3092,Court Reporters and Simultaneous Captioners,2024,74630.0,Very Low,Q4,"(60460.0, 87500.0]","(61812.893, 101799.419]"
27-3099,"Media and Communication Workers, All Other",2024,84870.0,Very Low,Q4,"(60460.0, 87500.0]","(61812.893, 101799.419]"
27-4011,Audio and Video Technicians,2024,61370.0,Very Low,Q3,"(60460.0, 87500.0]","(-inf, 61812.893]"
27-4012,Broadcast Technicians,2024,64220.0,Very Low,Q3,"(60460.0, 87500.0]","(61812.893, 101799.419]"
27-4014,Sound Engineering Technicians,2024,79280.0,Very Low,Q4,"(60460.0, 87500.0]","(61812.893, 101799.419]"
27-4015,Lighting Technicians,2024,70000.0,Very Low,Q4,"(60460.0, 87500.0]","(61812.893, 101799.419]"
27-4021,Photographers,2024,55650.0,Very Low,Q3,"(40715.0, 60460.0]","(-inf, 61812.893]"
27-4031,"Camera Operators, Television, Video, and Film",2024,79870.0,Very Low,Q4,"(60460.0, 87500.0]","(61812.893, 101799.419]"
27-4032,Film and Video Editors,2024,83530.0,Very Low,Q4,"(60460.0, 87500.0]","(61812.893, 101799.419]"
27-4099,"Media and Communication Equipment Workers, All Other",2024,78350.0,Very Low,Q4,"(60460.0, 87500.0]","(61812.893, 101799.419]"
29-1011,Chiropractors,2024,91830.0,Very Low,Q5,"(87500.0, 171905.0]","(61812.893, 101799.419]"
29-1021,"Dentists, General",2024,196100.0,Mid,Q5,"(171905.0, inf]","(179850.373, 294651.12]"
29-1022,Oral and Maxillofacial Surgeons,2024,360240.0,High,Q5,"(171905.0, inf]","(294651.12, inf]"
29-1023,Orthodontists,2024,254620.0,Mid,Q5,"(171905.0, inf]","(179850.373, 294651.12]"
29-1024,Prosthodontists,2024,258660.0,Mid,Q5,"(171905.0, inf]","(179850.373, 294651.12]"
29-1029,"Dentists, All Other Specialists",2024,246530.0,Mid,Q5,"(171905.0, inf]","(179850.373, 294651.12]"
29-1031,Dietitians and Nutritionists,2024,74770.0,Very Low,Q4,"(60460.0, 87500.0]","(61812.893, 101799.419]"
29-1041,Optometrists,2024,140940.0,Low,Q5,"(87500.0, 171905.0]","(101799.419, 179850.373]"
29-1051,Pharmacists,2024,137210.0,Low,Q5,"(87500.0, 171905.0]","(101799.419, 179850.373]"
29-1071,Physician Assistants,2024,136900.0,Low,Q5,"(87500.0, 171905.0]","(101799.419, 179850.373]"
29-1081,Podiatrists,2024,163960.0,Low,Q5,"(87500.0, 171905.0]","(101799.419, 179850.373]"
29-1122,Occupational Therapists,2024,98240.0,Very Low,Q5,"(87500.0, 171905.0]","(61812.893, 101799.419]"
29-1123,Physical Therapists,2024,102400.0,Very Low,Q5,"(87500.0, 171905.0]","(101799.419, 179850.373]"
29-1124,Radiation Therapists,2024,110820.0,Low,Q5,"(87500.0, 171905.0]","(101799.419, 179850.373]"
29-1125,Recreational Therapists,2024,65350.0,Very Low,Q3,"(60460.0, 87500.0]","(61812.893, 101799.419]"
29-1126,Respiratory Therapists,2024,84260.0,Very Low,Q4,"(60460.0, 87500.0]","(61812.893, 101799.419]"
29-1127,Speech-Language Pathologists,2024,95840.0,Very Low,Q5,"(87500.0, 171905.0]","(61812.893, 101799.419]"
29-1128,Exercise Physiologists,2024,59620.0,Very Low,Q3,"(40715.0, 60460.0]","(-inf, 61812.893]"
29-1129,"Therapists, All Other",2024,73800.0,Very Low,Q4,"(60460.0, 87500.0]","(61812.893, 101799.419]"
29-1131,Veterinarians,2024,140270.0,Low,Q5,"(87500.0, 171905.0]","(101799.419, 179850.373]"
29-1141,Registered Nurses,2024,98430.0,Very Low,Q5,"(87500.0, 171905.0]","(61812.893, 101799.419]"
29-1151,Nurse Anesthetists,2024,231700.0,Mid,Q5,"(171905.0, inf]","(179850.373, 294651.12]"
29-1161,Nurse Midwives,2024,128110.0,Low,Q5,"(87500.0, 171905.0]","(101799.419, 179850.373]"
29-1171,Nurse Practitioners,2024,132000.0,Low,Q5,"(87500.0, 171905.0]","(101799.419, 179850.373]"
29-1181,Audiologists,2024,95320.0,Very Low,Q5,"(87500.0, 171905.0]","(61812.893, 101799.419]"
29-1211,Anesthesiologists,2024,336640.0,High,Q5,"(171905.0, inf]","(294651.12, inf]"
29-1212,Cardiologists,2024,432490.0,Very High,Q5,"(171905.0, inf]","(294651.12, inf]"
29-1213,Dermatologists,2024,347810.0,High,Q5,"(171905.0, inf]","(294651.12, inf]"
29-1214,Emergency Medicine Physicians,2024,320700.0,High,Q5,"(171905.0, inf]","(294651.12, inf]"
29-1215,Family Medicine Physicians,2024,256830.0,Mid,Q5,"(171905.0, inf]","(179850.373, 294651.12]"
29-1216,General Internal Medicine Physicians,2024,262710.0,Mid,Q5,"(171905.0, inf]","(179850.373, 294651.12]"
29-1217,Neurologists,2024,286310.0,High,Q5,"(171905.0, inf]","(179850.373, 294651.12]"
29-1218,Obstetricians and Gynecologists,2024,281130.0,High,Q5,"(171905.0, inf]","(179850.373, 294651.12]"
29-1221,"Pediatricians, General",2024,222340.0,Mid,Q5,"(171905.0, inf]","(179850.373, 294651.12]"
29-1222,"Physicians, Pathologists",2024,266020.0,Mid,Q5,"(171905.0, inf]","(179850.373, 294651.12]"
29-1223,Psychiatrists,2024,269120.0,Mid,Q5,"(171905.0, inf]","(179850.373, 294651.12]"
29-1224,Radiologists,2024,359820.0,High,Q5,"(171905.0, inf]","(294651.12, inf]"
29-1229,"Physicians, All Other",2024,253470.0,Mid,Q5,"(171905.0, inf]","(179850.373, 294651.12]"
29-1241,"Ophthalmologists, Except Pediatric",2024,301500.0,High,Q5,"(171905.0, inf]","(294651.12, inf]"
29-1242,"Orthopedic Surgeons, Except Pediatric",2024,365060.0,High,Q5,"(171905.0, inf]","(294651.12, inf]"
29-1243,Pediatric Surgeons,2024,450810.0,Very High,Q5,"(171905.0, inf]","(294651.12, inf]"
29-1249,"Surgeons, All Other",2024,371280.0,Very High,Q5,"(171905.0, inf]","(294651.12, inf]"
29-1291,Acupuncturists,2024,89750.0,Very Low,Q4,"(87500.0, 171905.0]","(61812.893, 101799.419]"
29-1292,Dental Hygienists,2024,93890.0,Very Low,Q5,"(87500.0, 171905.0]","(61812.893, 101799.419]"
29-1299,"Healthcare Diagnosing or Treating Practitioners, All Other",2024,128680.0,Low,Q5,"(87500.0, 171905.0]","(101799.419, 179850.373]"
29-2010,Clinical Laboratory Technologists and Technicians,2024,65320.0,Very Low,Q3,"(60460.0, 87500.0]","(61812.893, 101799.419]"
29-2031,Cardiovascular Technologists and Technicians,2024,72890.0,Very Low,Q4,"(60460.0, 87500.0]","(61812.893, 101799.419]"
29-2032,Diagnostic Medical Sonographers,2024,92550.0,Very Low,Q5,"(87500.0, 171905.0]","(61812.893, 101799.419]"
29-2033,Nuclear Medicine Technologists,2024,99690.0,Very Low,Q5,"(87500.0, 171905.0]","(61812.893, 101799.419]"
29-2034,Radiologic Technologists and Technicians,2024,79760.0,Very Low,Q4,"(60460.0, 87500.0]","(61812.893, 101799.419]"
29-2035,Magnetic Resonance Imaging Technologists,2024,91020.0,Very Low,Q4,"(87500.0, 171905.0]","(61812.893, 101799.419]"
29-2036,Medical Dosimetrists,2024,141420.0,Low,Q5,"(87500.0, 171905.0]","(101799.419, 179850.373]"
29-2042,Emergency Medical Technicians,2024,44790.0,Very Low,Q2,"(40715.0, 60460.0]","(-inf, 61812.893]"
29-2043,Paramedics,2024,60610.0,Very Low,Q3,"(60460.0, 87500.0]","(-inf, 61812.893]"
29-2051,Dietetic Technicians,2024,39560.0,Very Low,Q1,"(-inf, 40715.0]","(-inf, 61812.893]"
29-2052,Pharmacy Technicians,2024,44800.0,Very Low,Q2,"(40715.0, 60460.0]","(-inf, 61812.893]"
29-2053,Psychiatric Technicians,2024,45000.0,Very Low,Q2,"(40715.0, 60460.0]","(-inf, 61812.893]"
29-2055,Surgical Technologists,2024,65810.0,Very Low,Q3,"(60460.0, 87500.0]","(61812.893, 101799.419]"
29-2056,Veterinary Technologists and Technicians,2024,46280.0,Very Low,Q2,"(40715.0, 60460.0]","(-inf, 61812.893]"
29-2057,Ophthalmic Medical Technicians,2024,45360.0,Very Low,Q2,"(40715.0, 60460.0]","(-inf, 61812.893]"
29-2061,Licensed Practical and Licensed Vocational Nurses,2024,64150.0,Very Low,Q3,"(60460.0, 87500.0]","(61812.893, 101799.419]"
29-2072,Medical Records Specialists,2024,55970.0,Very Low,Q3,"(40715.0, 60460.0]","(-inf, 61812.893]"
29-2081,"Opticians, Dispensing",2024,49970.0,Very Low,Q2,"(40715.0, 60460.0]","(-inf, 61812.893]"
29-2091,Orthotists and Prosthetists,2024,81330.0,Very Low,Q4,"(60460.0, 87500.0]","(61812.893, 101799.419]"
29-2092,Hearing Aid Specialists,2024,63930.0,Very Low,Q3,"(60460.0, 87500.0]","(61812.893, 101799.419]"
29-2099,"Health Technologists and Technicians, All Other",2024,56370.0,Very Low,Q3,"(40715.0, 60460.0]","(-inf, 61812.893]"
29-9021,Health Information Technologists and Medical Registrars,2024,73410.0,Very Low,Q4,"(60460.0, 87500.0]","(61812.893, 101799.419]"
29-9091,Athletic Trainers,2024,63960.0,Very Low,Q3,"(60460.0, 87500.0]","(61812.893, 101799.419]"
29-9092,Genetic Counselors,2024,102890.0,Very Low,Q5,"(87500.0, 171905.0]","(101799.419, 179850.373]"
29-9093,Surgical Assistants,2024,67190.0,Very Low,Q4,"(60460.0, 87500.0]","(61812.893, 101799.419]"
29-9099,"Healthcare Practitioners and Technical Workers, All Other",2024,73200.0,Very Low,Q4,"(60460.0, 87500.0]","(61812.893, 101799.419]"
31-1120,Home Health and Personal Care Aides,2024,34990.0,Very Low,Q1,"(-inf, 40715.0]","(-inf, 61812.893]"
31-1131,Nursing Assistants,2024,41270.0,Very Low,Q1,"(40715.0, 60460.0]","(-inf, 61812.893]"
31-1132,Orderlies,2024,40070.0,Very Low,Q1,"(-inf, 40715.0]","(-inf, 61812.893]"
31-1133,Psychiatric Aides,2024,43610.0,Very Low,Q2,"(40715.0, 60460.0]","(-inf, 61812.893]"
31-2011,Occupational Therapy Assistants,2024,68540.0,Very Low,Q4,"(60460.0, 87500.0]","(61812.893, 101799.419]"
31-2012,Occupational Therapy Aides,2024,41850.0,Very Low,Q2,"(40715.0, 60460.0]","(-inf, 61812.893]"
31-2021,Physical Therapist Assistants,2024,67160.0,Very Low,Q4,"(60460.0, 87500.0]","(61812.893, 101799.419]"
31-2022,Physical Therapist Aides,2024,35510.0,Very Low,Q1,"(-inf, 40715.0]","(-inf, 61812.893]"
31-9011,Massage Therapists,2024,63430.0,Very Low,Q3,"(60460.0, 87500.0]","(61812.893, 101799.419]"
31-9091,Dental Assistants,2024,48860.0,Very Low,Q2,"(40715.0, 60460.0]","(-inf, 61812.893]"
31-9092,Medical Assistants,2024,44720.0,Very Low,Q2,"(40715.0, 60460.0]","(-inf, 61812.893]"
31-9093,Medical Equipment Preparers,2024,48990.0,Very Low,Q2,"(40715.0, 60460.0]","(-inf, 61812.893]"
31-9094,Medical Transcriptionists,2024,39210.0,Very Low,Q1,"(-inf, 40715.0]","(-inf, 61812.893]"
31-9095,Pharmacy Aides,2024,40290.0,Very Low,Q1,"(-inf, 40715.0]","(-inf, 61812.893]"
31-9096,Veterinary Assistants and Laboratory Animal Caretakers,2024,38990.0,Very Low,Q1,"(-inf, 40715.0]","(-inf, 61812.893]"
31-9097,Phlebotomists,2024,44390.0,Very Low,Q2,"(40715.0, 60460.0]","(-inf, 61812.893]"
31-9099,"Healthcare Support Workers, All Other",2024,48760.0,Very Low,Q2,"(40715.0, 60460.0]","(-inf, 61812.893]"
33-1011,First-Line Supervisors of Correctional Officers,2024,82260.0,Very Low,Q4,"(60460.0, 87500.0]","(61812.893, 101799.419]"
33-1012,First-Line Supervisors of Police and Detectives,2024,110990.0,Low,Q5,"(87500.0, 171905.0]","(101799.419, 179850.373]"
33-1021,First-Line Supervisors of Firefighting and Prevention Workers,2024,97030.0,Very Low,Q5,"(87500.0, 171905.0]","(61812.893, 101799.419]"
33-1091,First-Line Supervisors of Security Workers,2024,62990.0,Very Low,Q3,"(60460.0, 87500.0]","(61812.893, 101799.419]"
33-1099,"First-Line Supervisors of Protective Service Workers, All Other",2024,73320.0,Very Low,Q4,"(60460.0, 87500.0]","(61812.893, 101799.419]"
33-2011,Firefighters,2024,63890.0,Very Low,Q3,"(60460.0, 87500.0]","(61812.893, 101799.419]"
33-2021,Fire Inspectors and Investigators,2024,87440.0,Very Low,Q4,"(60460.0, 87500.0]","(61812.893, 101799.419]"
33-2022,Forest Fire Inspectors and Prevention Specialists,2024,61820.0,Very Low,Q3,"(60460.0, 87500.0]","(61812.893, 101799.419]"
33-3011,Bailiffs,2024,62180.0,Very Low,Q3,"(60460.0, 87500.0]","(61812.893, 101799.419]"
33-3012,Correctional Officers and Jailers,2024,62760.0,Very Low,Q3,"(60460.0, 87500.0]","(61812.893, 101799.419]"
33-3021,Detectives and Criminal Investigators,2024,98770.0,Very Low,Q5,"(87500.0, 171905.0]","(61812.893, 101799.419]"
33-3031,Fish and Game Wardens,2024,67990.0,Very Low,Q4,"(60460.0, 87500.0]","(61812.893, 101799.419]"
33-3041,Parking Enforcement Workers,2024,51840.0,Very Low,Q2,"(40715.0, 60460.0]","(-inf, 61812.893]"
33-3051,Police and Sheriff's Patrol Officers,2024,79320.0,Very Low,Q4,"(60460.0, 87500.0]","(61812.893, 101799.419]"
33-3052,Transit and Railroad Police,2024,91820.0,Very Low,Q5,"(87500.0, 171905.0]","(61812.893, 101799.419]"
33-9011,Animal Control Workers,2024,49240.0,Very Low,Q2,"(40715.0, 60460.0]","(-inf, 61812.893]"
33-9021,Private Detectives and Investigators,2024,61680.0,Very Low,Q3,"(60460.0, 87500.0]","(-inf, 61812.893]"
33-9031,Gambling Surveillance Officers and Gambling Investigators,2024,46710.0,Very Low,Q2,"(40715.0, 60460.0]","(-inf, 61812.893]"
33-9032,Security Guards,2024,42890.0,Very Low,Q2,"(40715.0, 60460.0]","(-inf, 61812.893]"
33-9091,Crossing Guards and Flaggers,2024,42910.0,Very Low,Q2,"(40715.0, 60460.0]","(-inf, 61812.893]"
33-9092,"Lifeguards, Ski Patrol, and Other Recreational Protective Service Workers",2024,34700.0,Very Low,Q1,"(-inf, 40715.0]","(-inf, 61812.893]"
33-9093,Transportation Security Screeners,2024,61840.0,Very Low,Q3,"(60460.0, 87500.0]","(61812.893, 101799.419]"
33-9094,School Bus Monitors,2024,35270.0,Very Low,Q1,"(-inf, 40715.0]","(-inf, 61812.893]"
33-9099,"Protective Service Workers, All Other",2024,48210.0,Very Low,Q2,"(40715.0, 60460.0]","(-inf, 61812.893]"
35-1011,Chefs and Head Cooks,2024,64720.0,Very Low,Q3,"(60460.0, 87500.0]","(61812.893, 101799.419]"
35-1012,First-Line Supervisors of Food Preparation and Serving Workers,2024,44900.0,Very Low,Q2,"(40715.0, 60460.0]","(-inf, 61812.893]"
35-2011,"Cooks, Fast Food",2024,31140.0,Very Low,Q1,"(-inf, 40715.0]","(-inf, 61812.893]"
35-2012,"Cooks, Institution and Cafeteria",2024,37310.0,Very Low,Q1,"(-inf, 40715.0]","(-inf, 61812.893]"
35-2013,"Cooks, Private Household",2024,51290.0,Very Low,Q2,"(40715.0, 60460.0]","(-inf, 61812.893]"
35-2014,"Cooks, Restaurant",2024,37730.0,Very Low,Q1,"(-inf, 40715.0]","(-inf, 61812.893]"
35-2015,"Cooks, Short Order",2024,35660.0,Very Low,Q1,"(-inf, 40715.0]","(-inf, 61812.893]"
35-2019,"Cooks, All Other",2024,38000.0,Very Low,Q1,"(-inf, 40715.0]","(-inf, 61812.893]"
35-2021,Food Preparation Workers,2024,33940.0,Very Low,Q1,"(-inf, 40715.0]","(-inf, 61812.893]"
35-3011,Bartenders,2024,39880.0,Very Low,Q1,"(-inf, 40715.0]","(-inf, 61812.893]"
35-3023,Fast Food and Counter Workers,2024,31350.0,Very Low,Q1,"(-inf, 40715.0]","(-inf, 61812.893]"
35-3031,Waiters and Waitresses,2024,38360.0,Very Low,Q1,"(-inf, 40715.0]","(-inf, 61812.893]"
35-3041,"Food Servers, Nonrestaurant",2024,35030.0,Very Low,Q1,"(-inf, 40715.0]","(-inf, 61812.893]"
35-9011,Dining Room and Cafeteria Attendants and Bartender Helpers,2024,34190.0,Very Low,Q1,"(-inf, 40715.0]","(-inf, 61812.893]"
35-9021,Dishwashers,2024,33220.0,Very Low,Q1,"(-inf, 40715.0]","(-inf, 61812.893]"
35-9031,"Hosts and Hostesses, Restaurant, Lounge, and Coffee Shop",2024,32030.0,Very Low,Q1,"(-inf, 40715.0]","(-inf, 61812.893]"
35-9099,"Food Preparation and Serving Related Workers, All Other",2024,35990.0,Very Low,Q1,"(-inf, 40715.0]","(-inf, 61812.893]"
37-1011,First-Line Supervisors of Housekeeping and Janitorial Workers,2024,51170.0,Very Low,Q2,"(40715.0, 60460.0]","(-inf, 61812.893]"
37-1012,"First-Line Supervisors of Landscaping, Lawn Service, and Groundskeeping Workers",2024,59380.0,Very Low,Q3,"(40715.0, 60460.0]","(-inf, 61812.893]"
37-2011,"Janitors and Cleaners, Except Maids and Housekeeping Cleaners",2024,37460.0,Very Low,Q1,"(-inf, 40715.0]","(-inf, 61812.893]"
37-2012,Maids and Housekeeping Cleaners,2024,36180.0,Very Low,Q1,"(-inf, 40715.0]","(-inf, 61812.893]"
37-2019,"Building Cleaning Workers, All Other",2024,44150.0,Very Low,Q2,"(40715.0, 60460.0]","(-inf, 61812.893]"
37-2021,Pest Control Workers,2024,45800.0,Very Low,Q2,"(40715.0, 60460.0]","(-inf, 61812.893]"
37-3011,Landscaping and Groundskeeping Workers,2024,40880.0,Very Low,Q1,"(40715.0, 60460.0]","(-inf, 61812.893]"
37-3012,"Pesticide Handlers, Sprayers, and Applicators, Vegetation",2024,45960.0,Very Low,Q2,"(40715.0, 60460.0]","(-inf, 61812.893]"
37-3013,Tree Trimmers and Pruners,2024,54970.0,Very Low,Q3,"(40715.0, 60460.0]","(-inf, 61812.893]"
37-3019,"Grounds Maintenance Workers, All Other",2024,47180.0,Very Low,Q2,"(40715.0, 60460.0]","(-inf, 61812.893]"
39-1013,First-Line Supervisors of Gambling Services Workers,2024,62600.0,Very Low,Q3,"(60460.0, 87500.0]","(61812.893, 101799.419]"
39-1014,"First-Line Supervisors of Entertainment and Recreation Workers, Except Gambling Services",2024,51400.0,Very Low,Q2,"(40715.0, 60460.0]","(-inf, 61812.893]"
39-1022,First-Line Supervisors of Personal Service Workers,2024,50920.0,Very Low,Q2,"(40715.0, 60460.0]","(-inf, 61812.893]"
39-2011,Animal Trainers,2024,45780.0,Very Low,Q2,"(40715.0, 60460.0]","(-inf, 61812.893]"
39-2021,Animal Caretakers,2024,34750.0,Very Low,Q1,"(-inf, 40715.0]","(-inf, 61812.893]"
39-3011,Gambling Dealers,2024,40420.0,Very Low,Q1,"(-inf, 40715.0]","(-inf, 61812.893]"
39-3012,Gambling and Sports Book Writers and Runners,2024,32570.0,Very Low,Q1,"(-inf, 40715.0]","(-inf, 61812.893]"
39-3019,"Gambling Service Workers, All Other",2024,37590.0,Very Low,Q1,"(-inf, 40715.0]","(-inf, 61812.893]"
39-3021,Motion Picture Projectionists,2024,50290.0,Very Low,Q2,"(40715.0, 60460.0]","(-inf, 61812.893]"
39-3031,"Ushers, Lobby Attendants, and Ticket Takers",2024,31770.0,Very Low,Q1,"(-inf, 40715.0]","(-inf, 61812.893]"
39-3091,Amusement and Recreation Attendants,2024,31350.0,Very Low,Q1,"(-inf, 40715.0]","(-inf, 61812.893]"
39-3092,Costume Attendants,2024,65890.0,Very Low,Q3,"(60460.0, 87500.0]","(61812.893, 101799.419]"
39-3093,"Locker Room, Coatroom, and Dressing Room Attendants",2024,36490.0,Very Low,Q1,"(-inf, 40715.0]","(-inf, 61812.893]"
39-3099,"Entertainment Attendants and Related Workers, All Other",2024,36180.0,Very Low,Q1,"(-inf, 40715.0]","(-inf, 61812.893]"
39-4011,Embalmers,2024,57520.0,Very Low,Q3,"(40715.0, 60460.0]","(-inf, 61812.893]"
39-4012,Crematory Operators,2024,44790.0,Very Low,Q2,"(40715.0, 60460.0]","(-inf, 61812.893]"
39-4021,Funeral Attendants,2024,35900.0,Very Low,Q1,"(-inf, 40715.0]","(-inf, 61812.893]"
39-4031,"Morticians, Undertakers, and Funeral Arrangers",2024,56340.0,Very Low,Q3,"(40715.0, 60460.0]","(-inf, 61812.893]"
39-5011,Barbers,2024,47800.0,Very Low,Q2,"(40715.0, 60460.0]","(-inf, 61812.893]"
39-5012,"Hairdressers, Hairstylists, and Cosmetologists",2024,43460.0,Very Low,Q2,"(40715.0, 60460.0]","(-inf, 61812.893]"
39-5091,"Makeup Artists, Theatrical and Performance",2024,75410.0,Very Low,Q4,"(60460.0, 87500.0]","(61812.893, 101799.419]"
39-5092,Manicurists and Pedicurists,2024,36910.0,Very Low,Q1,"(-inf, 40715.0]","(-inf, 61812.893]"
39-5093,Shampooers,2024,30830.0,Very Low,Q1,"(-inf, 40715.0]","(-inf, 61812.893]"
39-5094,Skincare Specialists,2024,48670.0,Very Low,Q2,"(40715.0, 60460.0]","(-inf, 61812.893]"
39-6011,Baggage Porters and Bellhops,2024,36960.0,Very Low,Q1,"(-inf, 40715.0]","(-inf, 61812.893]"
39-6012,Concierges,2024,40770.0,Very Low,Q1,"(40715.0, 60460.0]","(-inf, 61812.893]"
39-7010,Tour and Travel Guides,2024,43090.0,Very Low,Q2,"(40715.0, 60460.0]","(-inf, 61812.893]"
39-9011,Childcare Workers,2024,33140.0,Very Low,Q1,"(-inf, 40715.0]","(-inf, 61812.893]"
39-9031,Exercise Trainers and Group Fitness Instructors,2024,51360.0,Very Low,Q2,"(40715.0, 60460.0]","(-inf, 61812.893]"
39-9032,Recreation Workers,2024,37170.0,Very Low,Q1,"(-inf, 40715.0]","(-inf, 61812.893]"
39-9041,Residential Advisors,2024,41590.0,Very Low,Q2,"(40715.0, 60460.0]","(-inf, 61812.893]"
39-9099,"Personal Care and Service Workers, All Other",2024,37990.0,Very Low,Q1,"(-inf, 40715.0]","(-inf, 61812.893]"
41-1011,First-Line Supervisors of Retail Sales Workers,2024,52350.0,Very Low,Q3,"(40715.0, 60460.0]","(-inf, 61812.893]"
41-1012,First-Line Supervisors of Non-Retail Sales Workers,2024,97870.0,Very Low,Q5,"(87500.0, 171905.0]","(61812.893, 101799.419]"
41-2011,Cashiers,2024,31810.0,Very Low,Q1,"(-inf, 40715.0]","(-inf, 61812.893]"
41-2012,Gambling Change Persons and Booth Cashiers,2024,36820.0,Very Low,Q1,"(-inf, 40715.0]","(-inf, 61812.893]"
41-2021,Counter and Rental Clerks,2024,43700.0,Very Low,Q2,"(40715.0, 60460.0]","(-inf, 61812.893]"
41-2022,Parts Salespersons,2024,42390.0,Very Low,Q2,"(40715.0, 60460.0]","(-inf, 61812.893]"
41-2031,Retail Salespersons,2024,37150.0,Very Low,Q1,"(-inf, 40715.0]","(-inf, 61812.893]"
41-3011,Advertising Sales Agents,2024,76350.0,Very Low,Q4,"(60460.0, 87500.0]","(61812.893, 101799.419]"
41-3021,Insurance Sales Agents,2024,81510.0,Very Low,Q4,"(60460.0, 87500.0]","(61812.893, 101799.419]"
41-3031,"Securities, Commodities, and Financial Services Sales Agents",2024,110400.0,Low,Q5,"(87500.0, 171905.0]","(101799.419, 179850.373]"
41-3041,Travel Agents,2024,52690.0,Very Low,Q3,"(40715.0, 60460.0]","(-inf, 61812.893]"
41-3091,"Sales Representatives of Services, Except Advertising, Insurance, Financial Services, and Travel",2024,81260.0,Very Low,Q4,"(60460.0, 87500.0]","(61812.893, 101799.419]"
41-4011,"Sales Representatives, Wholesale and Manufacturing, Technical and Scientific Products",2024,114520.0,Low,Q5,"(87500.0, 171905.0]","(101799.419, 179850.373]"
41-4012,"Sales Representatives, Wholesale and Manufacturing, Except Technical and Scientific Products",2024,81470.0,Very Low,Q4,"(60460.0, 87500.0]","(61812.893, 101799.419]"
41-9011,Demonstrators and Product Promoters,2024,43730.0,Very Low,Q2,"(40715.0, 60460.0]","(-inf, 61812.893]"
41-9012,Models,2024,81540.0,Very Low,Q4,"(60460.0, 87500.0]","(61812.893, 101799.419]"
41-9021,Real Estate Brokers,2024,91660.0,Very Low,Q5,"(87500.0, 171905.0]","(61812.893, 101799.419]"
41-9022,Real Estate Sales Agents,2024,70970.0,Very Low,Q4,"(60460.0, 87500.0]","(61812.893, 101799.419]"
41-9031,Sales Engineers,2024,130410.0,Low,Q5,"(87500.0, 171905.0]","(101799.419, 179850.373]"
41-9041,Telemarketers,2024,36340.0,Very Low,Q1,"(-inf, 40715.0]","(-inf, 61812.893]"
41-9091,"Door-to-Door Sales Workers, News and Street Vendors, and Related Workers",2024,39890.0,Very Low,Q1,"(-inf, 40715.0]","(-inf, 61812.893]"
41-9099,"Sales and Related Workers, All Other",2024,57030.0,Very Low,Q3,"(40715.0, 60460.0]","(-inf, 61812.893]"
43-1011,First-Line Supervisors of Office and Administrative Support Workers,2024,71560.0,Very Low,Q4,"(60460.0, 87500.0]","(61812.893, 101799.419]"
43-2011,"Switchboard Operators, Including Answering Service",2024,42130.0,Very Low,Q2,"(40715.0, 60460.0]","(-inf, 61812.893]"
43-2021,Telephone Operators,2024,42880.0,Very Low,Q2,"(40715.0, 60460.0]","(-inf, 61812.893]"
43-2099,"Communications Equipment Operators, All Other",2024,55890.0,Very Low,Q3,"(40715.0, 60460.0]","(-inf, 61812.893]"
43-3011,Bill and Account Collectors,2024,48370.0,Very Low,Q2,"(40715.0, 60460.0]","(-inf, 61812.893]"
43-3021,Billing and Posting Clerks,2024,49490.0,Very Low,Q2,"(40715.0, 60460.0]","(-inf, 61812.893]"
43-3031,"Bookkeeping, Accounting, and Auditing Clerks",2024,52020.0,Very Low,Q2,"(40715.0, 60460.0]","(-inf, 61812.893]"
43-3041,Gambling Cage Workers,2024,38600.0,Very Low,Q1,"(-inf, 40715.0]","(-inf, 61812.893]"
43-3051,Payroll and Timekeeping Clerks,2024,56870.0,Very Low,Q3,"(40715.0, 60460.0]","(-inf, 61812.893]"
43-3061,Procurement Clerks,2024,50430.0,Very Low,Q2,"(40715.0, 60460.0]","(-inf, 61812.893]"
43-3071,Tellers,2024,40940.0,Very Low,Q1,"(40715.0, 60460.0]","(-inf, 61812.893]"
43-3099,"Financial Clerks, All Other",2024,55330.0,Very Low,Q3,"(40715.0, 60460.0]","(-inf, 61812.893]"
43-4011,Brokerage Clerks,2024,67680.0,Very Low,Q4,"(60460.0, 87500.0]","(61812.893, 101799.419]"
43-4021,Correspondence Clerks,2024,46610.0,Very Low,Q2,"(40715.0, 60460.0]","(-inf, 61812.893]"
43-4031,"Court, Municipal, and License Clerks",2024,51200.0,Very Low,Q2,"(40715.0, 60460.0]","(-inf, 61812.893]"
43-4041,"Credit Authorizers, Checkers, and Clerks",2024,51270.0,Very Low,Q2,"(40715.0, 60460.0]","(-inf, 61812.893]"
43-4051,Customer Service Representatives,2024,45380.0,Very Low,Q2,"(40715.0, 60460.0]","(-inf, 61812.893]"
43-4061,"Eligibility Interviewers, Government Programs",2024,53970.0,Very Low,Q3,"(40715.0, 60460.0]","(-inf, 61812.893]"
43-4071,File Clerks,2024,43700.0,Very Low,Q2,"(40715.0, 60460.0]","(-inf, 61812.893]"
43-4081,"Hotel, Motel, and Resort Desk Clerks",2024,34740.0,Very Low,Q1,"(-inf, 40715.0]","(-inf, 61812.893]"
43-4111,"Interviewers, Except Eligibility and Loan",2024,45400.0,Very Low,Q2,"(40715.0, 60460.0]","(-inf, 61812.893]"
43-4121,"Library Assistants, Clerical",2024,37910.0,Very Low,Q1,"(-inf, 40715.0]","(-inf, 61812.893]"
43-4131,Loan Interviewers and Clerks,2024,51050.0,Very Low,Q2,"(40715.0, 60460.0]","(-inf, 61812.893]"
43-4141,New Accounts Clerks,2024,47610.0,Very Low,Q2,"(40715.0, 60460.0]","(-inf, 61812.893]"
43-4151,Order Clerks,2024,46270.0,Very Low,Q2,"(40715.0, 60460.0]","(-inf, 61812.893]"
43-4161,"Human Resources Assistants, Except Payroll and Timekeeping",2024,50950.0,Very Low,Q2,"(40715.0, 60460.0]","(-inf, 61812.893]"
43-4171,Receptionists and Information Clerks,2024,38480.0,Very Low,Q1,"(-inf, 40715.0]","(-inf, 61812.893]"
43-4181,Reservation and Transportation Ticket Agents and Travel Clerks,2024,47720.0,Very Low,Q2,"(40715.0, 60460.0]","(-inf, 61812.893]"
43-4199,"Information and Record Clerks, All Other",2024,50200.0,Very Low,Q2,"(40715.0, 60460.0]","(-inf, 61812.893]"
43-5011,Cargo and Freight Agents,2024,55420.0,Very Low,Q3,"(40715.0, 60460.0]","(-inf, 61812.893]"
43-5021,Couriers and Messengers,2024,40060.0,Very Low,Q1,"(-inf, 40715.0]","(-inf, 61812.893]"
43-5031,Public Safety Telecommunicators,2024,54800.0,Very Low,Q3,"(40715.0, 60460.0]","(-inf, 61812.893]"
43-5032,"Dispatchers, Except Police, Fire, and Ambulance",2024,53150.0,Very Low,Q3,"(40715.0, 60460.0]","(-inf, 61812.893]"
43-5041,"Meter Readers, Utilities",2024,55810.0,Very Low,Q3,"(40715.0, 60460.0]","(-inf, 61812.893]"
43-5051,Postal Service Clerks,2024,61070.0,Very Low,Q3,"(60460.0, 87500.0]","(-inf, 61812.893]"
43-5052,Postal Service Mail Carriers,2024,59880.0,Very Low,Q3,"(40715.0, 60460.0]","(-inf, 61812.893]"
43-5053,"Postal Service Mail Sorters, Processors, and Processing Machine Operators",2024,58310.0,Very Low,Q3,"(40715.0, 60460.0]","(-inf, 61812.893]"
43-5061,"Production, Planning, and Expediting Clerks",2024,60420.0,Very Low,Q3,"(40715.0, 60460.0]","(-inf, 61812.893]"
43-5071,"Shipping, Receiving, and Inventory Clerks",2024,44890.0,Very Low,Q2,"(40715.0, 60460.0]","(-inf, 61812.893]"
43-5111,"Weighers, Measurers, Checkers, and Samplers, Recordkeeping",2024,46660.0,Very Low,Q2,"(40715.0, 60460.0]","(-inf, 61812.893]"
43-6011,Executive Secretaries and Executive Administrative Assistants,2024,77060.0,Very Low,Q4,"(60460.0, 87500.0]","(61812.893, 101799.419]"
43-6012,Legal Secretaries and Administrative Assistants,2024,60320.0,Very Low,Q3,"(40715.0, 60460.0]","(-inf, 61812.893]"
43-6013,Medical Secretaries and Administrative Assistants,2024,45580.0,Very Low,Q2,"(40715.0, 60460.0]","(-inf, 61812.893]"
43-6014,"Secretaries and Administrative Assistants, Except Legal, Medical, and Executive",2024,47640.0,Very Low,Q2,"(40715.0, 60460.0]","(-inf, 61812.893]"
43-9021,Data Entry Keyers,2024,42070.0,Very Low,Q2,"(40715.0, 60460.0]","(-inf, 61812.893]"
43-9022,Word Processors and Typists,2024,49730.0,Very Low,Q2,"(40715.0, 60460.0]","(-inf, 61812.893]"
43-9031,Desktop Publishers,2024,60250.0,Very Low,Q3,"(40715.0, 60460.0]","(-inf, 61812.893]"
43-9041,Insurance Claims and Policy Processing Clerks,2024,51980.0,Very Low,Q2,"(40715.0, 60460.0]","(-inf, 61812.893]"
43-9051,"Mail Clerks and Mail Machine Operators, Except Postal Service",2024,40200.0,Very Low,Q1,"(-inf, 40715.0]","(-inf, 61812.893]"
43-9061,"Office Clerks, General",2024,45470.0,Very Low,Q2,"(40715.0, 60460.0]","(-inf, 61812.893]"
43-9071,"Office Machine Operators, Except Computer",2024,41620.0,Very Low,Q2,"(40715.0, 60460.0]","(-inf, 61812.893]"
43-9081,Proofreaders and Copy Markers,2024,52730.0,Very Low,Q3,"(40715.0, 60460.0]","(-inf, 61812.893]"
43-9111,Statistical Assistants,2024,55470.0,Very Low,Q3,"(40715.0, 60460.0]","(-inf, 61812.893]"
43-9199,"Office and Administrative Support Workers, All Other",2024,48700.0,Very Low,Q2,"(40715.0, 60460.0]","(-inf, 61812.893]"
45-1011,"First-Line Supervisors of Farming, Fishing, and Forestry Workers",2024,63360.0,Very Low,Q3,"(60460.0, 87500.0]","(61812.893, 101799.419]"
45-2011,Agricultural Inspectors,2024,55650.0,Very Low,Q3,"(40715.0, 60460.0]","(-inf, 61812.893]"
45-2021,Animal Breeders,2024,56150.0,Very Low,Q3,"(40715.0, 60460.0]","(-inf, 61812.893]"
45-2041,"Graders and Sorters, Agricultural Products",2024,36080.0,Very Low,Q1,"(-inf, 40715.0]","(-inf, 61812.893]"
45-2091,Agricultural Equipment Operators,2024,43920.0,Very Low,Q2,"(40715.0, 60460.0]","(-inf, 61812.893]"
45-2092,"Farmworkers and Laborers, Crop, Nursery, and Greenhouse",2024,37850.0,Very Low,Q1,"(-inf, 40715.0]","(-inf, 61812.893]"
45-2093,"Farmworkers, Farm, Ranch, and Aquacultural Animals",2024,38580.0,Very Low,Q1,"(-inf, 40715.0]","(-inf, 61812.893]"
45-2099,"Agricultural Workers, All Other",2024,45780.0,Very Low,Q2,"(40715.0, 60460.0]","(-inf, 61812.893]"
45-4011,Forest and Conservation Workers,2024,42830.0,Very Low,Q2,"(40715.0, 60460.0]","(-inf, 61812.893]"
45-4021,Fallers,2024,59120.0,Very Low,Q3,"(40715.0, 60460.0]","(-inf, 61812.893]"
45-4022,Logging Equipment Operators,2024,52020.0,Very Low,Q2,"(40715.0, 60460.0]","(-inf, 61812.893]"
45-4023,Log Graders and Scalers,2024,48130.0,Very Low,Q2,"(40715.0, 60460.0]","(-inf, 61812.893]"
45-4029,"Logging Workers, All Other",2024,53820.0,Very Low,Q3,"(40715.0, 60460.0]","(-inf, 61812.893]"
47-1011,First-Line Supervisors of Construction Trades and Extraction Workers,2024,84500.0,Very Low,Q4,"(60460.0, 87500.0]","(61812.893, 101799.419]"
47-2011,Boilermakers,2024,76900.0,Very Low,Q4,"(60460.0, 87500.0]","(61812.893, 101799.419]"
47-2021,Brickmasons and Blockmasons,2024,65390.0,Very Low,Q3,"(60460.0, 87500.0]","(61812.893, 101799.419]"
47-2022,Stonemasons,2024,57220.0,Very Low,Q3,"(40715.0, 60460.0]","(-inf, 61812.893]"
47-2031,Carpenters,2024,64040.0,Very Low,Q3,"(60460.0, 87500.0]","(61812.893, 101799.419]"
47-2041,Carpet Installers,2024,55860.0,Very Low,Q3,"(40715.0, 60460.0]","(-inf, 61812.893]"
47-2042,"Floor Layers, Except Carpet, Wood, and Hard Tiles",2024,60550.0,Very Low,Q3,"(60460.0, 87500.0]","(-inf, 61812.893]"
47-2043,Floor Sanders and Finishers,2024,50880.0,Very Low,Q2,"(40715.0, 60460.0]","(-inf, 61812.893]"
47-2044,Tile and Stone Setters,2024,57590.0,Very Low,Q3,"(40715.0, 60460.0]","(-inf, 61812.893]"
47-2051,Cement Masons and Concrete Finishers,2024,59360.0,Very Low,Q3,"(40715.0, 60460.0]","(-inf, 61812.893]"
47-2053,Terrazzo Workers and Finishers,2024,62330.0,Very Low,Q3,"(60460.0, 87500.0]","(61812.893, 101799.419]"
47-2061,Construction Laborers,2024,51260.0,Very Low,Q2,"(40715.0, 60460.0]","(-inf, 61812.893]"
47-2071,"Paving, Surfacing, and Tamping Equipment Operators",2024,58660.0,Very Low,Q3,"(40715.0, 60460.0]","(-inf, 61812.893]"
47-2072,Pile Driver Operators,2024,79000.0,Very Low,Q4,"(60460.0, 87500.0]","(61812.893, 101799.419]"
47-2073,Operating Engineers and Other Construction Equipment Operators,2024,65180.0,Very Low,Q3,"(60460.0, 87500.0]","(61812.893, 101799.419]"
47-2081,Drywall and Ceiling Tile Installers,2024,62810.0,Very Low,Q3,"(60460.0, 87500.0]","(61812.893, 101799.419]"
47-2082,Tapers,2024,70390.0,Very Low,Q4,"(60460.0, 87500.0]","(61812.893, 101799.419]"
47-2111,Electricians,2024,69630.0,Very Low,Q4,"(60460.0, 87500.0]","(61812.893, 101799.419]"
47-2121,Glaziers,2024,60260.0,Very Low,Q3,"(40715.0, 60460.0]","(-inf, 61812.893]"
47-2131,"Insulation Workers, Floor, Ceiling, and Wall",2024,53440.0,Very Low,Q3,"(40715.0, 60460.0]","(-inf, 61812.893]"
47-2132,"Insulation Workers, Mechanical",2024,63540.0,Very Low,Q3,"(60460.0, 87500.0]","(61812.893, 101799.419]"
47-2141,"Painters, Construction and Maintenance",2024,53710.0,Very Low,Q3,"(40715.0, 60460.0]","(-inf, 61812.893]"
47-2142,Paperhangers,2024,51900.0,Very Low,Q2,"(40715.0, 60460.0]","(-inf, 61812.893]"
47-2151,Pipelayers,2024,54270.0,Very Low,Q3,"(40715.0, 60460.0]","(-inf, 61812.893]"
47-2152,"Plumbers, Pipefitters, and Steamfitters",2024,69940.0,Very Low,Q4,"(60460.0, 87500.0]","(61812.893, 101799.419]"
47-2161,Plasterers and Stucco Masons,2024,61000.0,Very Low,Q3,"(60460.0, 87500.0]","(-inf, 61812.893]"
47-2171,Reinforcing Iron and Rebar Workers,2024,62640.0,Very Low,Q3,"(60460.0, 87500.0]","(61812.893, 101799.419]"
47-2181,Roofers,2024,57090.0,Very Low,Q3,"(40715.0, 60460.0]","(-inf, 61812.893]"
47-2211,Sheet Metal Workers,2024,66110.0,Very Low,Q3,"(60460.0, 87500.0]","(61812.893, 101799.419]"
47-2221,Structural Iron and Steel Workers,2024,69270.0,Very Low,Q4,"(60460.0, 87500.0]","(61812.893, 101799.419]"
47-2231,Solar Photovoltaic Installers,2024,57380.0,Very Low,Q3,"(40715.0, 60460.0]","(-inf, 61812.893]"
47-3011,"Helpers--Brickmasons, Blockmasons, Stonemasons, and Tile and Marble Setters",2024,49730.0,Very Low,Q2,"(40715.0, 60460.0]","(-inf, 61812.893]"
47-3012,Helpers--Carpenters,2024,42080.0,Very Low,Q2,"(40715.0, 60460.0]","(-inf, 61812.893]"
47-3013,Helpers--Electricians,2024,42900.0,Very Low,Q2,"(40715.0, 60460.0]","(-inf, 61812.893]"
47-3014,"Helpers--Painters, Paperhangers, Plasterers, and Stucco Masons",2024,40880.0,Very Low,Q1,"(40715.0, 60460.0]","(-inf, 61812.893]"
47-3015,"Helpers--Pipelayers, Plumbers, Pipefitters, and Steamfitters",2024,41720.0,Very Low,Q2,"(40715.0, 60460.0]","(-inf, 61812.893]"
47-3016,Helpers--Roofers,2024,42070.0,Very Low,Q2,"(40715.0, 60460.0]","(-inf, 61812.893]"
47-3019,"Helpers, Construction Trades, All Other",2024,44040.0,Very Low,Q2,"(40715.0, 60460.0]","(-inf, 61812.893]"
47-4011,Construction and Building Inspectors,2024,76430.0,Very Low,Q4,"(60460.0, 87500.0]","(61812.893, 101799.419]"
47-4021,Elevator and Escalator Installers and Repairers,2024,104860.0,Very Low,Q5,"(87500.0, 171905.0]","(101799.419, 179850.373]"
47-4031,Fence Erectors,2024,50550.0,Very Low,Q2,"(40715.0, 60460.0]","(-inf, 61812.893]"
47-4041,Hazardous Materials Removal Workers,2024,55740.0,Very Low,Q3,"(40715.0, 60460.0]","(-inf, 61812.893]"
47-4051,Highway Maintenance Workers,2024,51410.0,Very Low,Q2,"(40715.0, 60460.0]","(-inf, 61812.893]"
47-4061,Rail-Track Laying and Maintenance Equipment Operators,2024,68270.0,Very Low,Q4,"(60460.0, 87500.0]","(61812.893, 101799.419]"
47-4071,Septic Tank Servicers and Sewer Pipe Cleaners,2024,52730.0,Very Low,Q3,"(40715.0, 60460.0]","(-inf, 61812.893]"
47-4090,Miscellaneous Construction and Related Workers,2024,52910.0,Very Low,Q3,"(40715.0, 60460.0]","(-inf, 61812.893]"
47-5011,"Derrick Operators, Oil and Gas",2024,62490.0,Very Low,Q3,"(60460.0, 87500.0]","(61812.893, 101799.419]"
47-5012,"Rotary Drill Operators, Oil and Gas",2024,70080.0,Very Low,Q4,"(60460.0, 87500.0]","(61812.893, 101799.419]"
47-5013,"Service Unit Operators, Oil and Gas",2024,61530.0,Very Low,Q3,"(60460.0, 87500.0]","(-inf, 61812.893]"
47-5022,"Excavating and Loading Machine and Dragline Operators, Surface Mining",2024,57860.0,Very Low,Q3,"(40715.0, 60460.0]","(-inf, 61812.893]"
47-5023,"Earth Drillers, Except Oil and Gas",2024,63260.0,Very Low,Q3,"(60460.0, 87500.0]","(61812.893, 101799.419]"
47-5032,"Explosives Workers, Ordnance Handling Experts, and Blasters",2024,66840.0,Very Low,Q4,"(60460.0, 87500.0]","(61812.893, 101799.419]"
47-5041,Continuous Mining Machine Operators,2024,63920.0,Very Low,Q3,"(60460.0, 87500.0]","(61812.893, 101799.419]"
47-5043,"Roof Bolters, Mining",2024,74760.0,Very Low,Q4,"(60460.0, 87500.0]","(61812.893, 101799.419]"
47-5044,"Loading and Moving Machine Operators, Underground Mining",2024,68470.0,Very Low,Q4,"(60460.0, 87500.0]","(61812.893, 101799.419]"
47-5049,"Underground Mining Machine Operators, All Other",2024,67830.0,Very Low,Q4,"(60460.0, 87500.0]","(61812.893, 101799.419]"
47-5051,"Rock Splitters, Quarry",2024,50540.0,Very Low,Q2,"(40715.0, 60460.0]","(-inf, 61812.893]"
47-5071,"Roustabouts, Oil and Gas",2024,49060.0,Very Low,Q2,"(40715.0, 60460.0]","(-inf, 61812.893]"
47-5081,Helpers--Extraction Workers,2024,50330.0,Very Low,Q2,"(40715.0, 60460.0]","(-inf, 61812.893]"
47-5099,"Extraction Workers, All Other",2024,54780.0,Very Low,Q3,"(40715.0, 60460.0]","(-inf, 61812.893]"
49-1011,"First-Line Supervisors of Mechanics, Installers, and Repairers",2024,82930.0,Very Low,Q4,"(60460.0, 87500.0]","(61812.893, 101799.419]"
49-2011,"Computer, Automated Teller, and Office Machine Repairers",2024,49820.0,Very Low,Q2,"(40715.0, 60460.0]","(-inf, 61812.893]"
49-2021,"Radio, Cellular, and Tower Equipment Installers and Repairers",2024,69180.0,Very Low,Q4,"(60460.0, 87500.0]","(61812.893, 101799.419]"
49-2022,"Telecommunications Equipment Installers and Repairers, Except Line Installers",2024,66650.0,Very Low,Q4,"(60460.0, 87500.0]","(61812.893, 101799.419]"
49-2091,Avionics Technicians,2024,82350.0,Very Low,Q4,"(60460.0, 87500.0]","(61812.893, 101799.419]"
49-2092,"Electric Motor, Power Tool, and Related Repairers",2024,56820.0,Very Low,Q3,"(40715.0, 60460.0]","(-inf, 61812.893]"
49-2093,"Electrical and Electronics Installers and Repairers, Transportation Equipment",2024,80980.0,Very Low,Q4,"(60460.0, 87500.0]","(61812.893, 101799.419]"
49-2094,"Electrical and Electronics Repairers, Commercial and Industrial Equipment",2024,72950.0,Very Low,Q4,"(60460.0, 87500.0]","(61812.893, 101799.419]"
49-2095,"Electrical and Electronics Repairers, Powerhouse, Substation, and Relay",2024,97460.0,Very Low,Q5,"(87500.0, 171905.0]","(61812.893, 101799.419]"
49-2096,"Electronic Equipment Installers and Repairers, Motor Vehicles",2024,50240.0,Very Low,Q2,"(40715.0, 60460.0]","(-inf, 61812.893]"
49-2097,Audiovisual Equipment Installers and Repairers,2024,55740.0,Very Low,Q3,"(40715.0, 60460.0]","(-inf, 61812.893]"
49-2098,Security and Fire Alarm Systems Installers,2024,60040.0,Very Low,Q3,"(40715.0, 60460.0]","(-inf, 61812.893]"
49-3011,Aircraft Mechanics and Service Technicians,2024,80780.0,Very Low,Q4,"(60460.0, 87500.0]","(61812.893, 101799.419]"
49-3021,Automotive Body and Related Repairers,2024,58830.0,Very Low,Q3,"(40715.0, 60460.0]","(-inf, 61812.893]"
49-3022,Automotive Glass Installers and Repairers,2024,49580.0,Very Low,Q2,"(40715.0, 60460.0]","(-inf, 61812.893]"
49-3023,Automotive Service Technicians and Mechanics,2024,55260.0,Very Low,Q3,"(40715.0, 60460.0]","(-inf, 61812.893]"
49-3031,Bus and Truck Mechanics and Diesel Engine Specialists,2024,62480.0,Very Low,Q3,"(60460.0, 87500.0]","(61812.893, 101799.419]"
49-3041,Farm Equipment Mechanics and Service Technicians,2024,55290.0,Very Low,Q3,"(40715.0, 60460.0]","(-inf, 61812.893]"
49-3042,"Mobile Heavy Equipment Mechanics, Except Engines",2024,67580.0,Very Low,Q4,"(60460.0, 87500.0]","(61812.893, 101799.419]"
49-3043,Rail Car Repairers,2024,67610.0,Very Low,Q4,"(60460.0, 87500.0]","(61812.893, 101799.419]"
49-3051,Motorboat Mechanics and Service Technicians,2024,56450.0,Very Low,Q3,"(40715.0, 60460.0]","(-inf, 61812.893]"
49-3052,Motorcycle Mechanics,2024,49650.0,Very Low,Q2,"(40715.0, 60460.0]","(-inf, 61812.893]"
49-3053,Outdoor Power Equipment and Other Small Engine Mechanics,2024,48200.0,Very Low,Q2,"(40715.0, 60460.0]","(-inf, 61812.893]"
49-3091,Bicycle Repairers,2024,41550.0,Very Low,Q1,"(40715.0, 60460.0]","(-inf, 61812.893]"
49-3092,Recreational Vehicle Service Technicians,2024,55380.0,Very Low,Q3,"(40715.0, 60460.0]","(-inf, 61812.893]"
49-3093,Tire Repairers and Changers,2024,39140.0,Very Low,Q1,"(-inf, 40715.0]","(-inf, 61812.893]"
49-9011,Mechanical Door Repairers,2024,54110.0,Very Low,Q3,"(40715.0, 60460.0]","(-inf, 61812.893]"
49-9012,"Control and Valve Installers and Repairers, Except Mechanical Door",2024,75970.0,Very Low,Q4,"(60460.0, 87500.0]","(61812.893, 101799.419]"
49-9021,"Heating, Air Conditioning, and Refrigeration Mechanics and Installers",2024,62690.0,Very Low,Q3,"(60460.0, 87500.0]","(61812.893, 101799.419]"
49-9031,Home Appliance Repairers,2024,53580.0,Very Low,Q3,"(40715.0, 60460.0]","(-inf, 61812.893]"
49-9041,Industrial Machinery Mechanics,2024,67160.0,Very Low,Q4,"(60460.0, 87500.0]","(61812.893, 101799.419]"
49-9043,"Maintenance Workers, Machinery",2024,61820.0,Very Low,Q3,"(60460.0, 87500.0]","(61812.893, 101799.419]"
49-9044,Millwrights,2024,68640.0,Very Low,Q4,"(60460.0, 87500.0]","(61812.893, 101799.419]"
49-9045,"Refractory Materials Repairers, Except Brickmasons",2024,61480.0,Very Low,Q3,"(60460.0, 87500.0]","(-inf, 61812.893]"
49-9051,Electrical Power-Line Installers and Repairers,2024,90110.0,Very Low,Q4,"(87500.0, 171905.0]","(61812.893, 101799.419]"
49-9052,Telecommunications Line Installers and Repairers,2024,72440.0,Very Low,Q4,"(60460.0, 87500.0]","(61812.893, 101799.419]"
49-9061,Camera and Photographic Equipment Repairers,2024,53420.0,Very Low,Q3,"(40715.0, 60460.0]","(-inf, 61812.893]"
49-9062,Medical Equipment Repairers,2024,66810.0,Very Low,Q4,"(60460.0, 87500.0]","(61812.893, 101799.419]"
49-9063,Musical Instrument Repairers and Tuners,2024,49020.0,Very Low,Q2,"(40715.0, 60460.0]","(-inf, 61812.893]"
49-9064,Watch and Clock Repairers,2024,62450.0,Very Low,Q3,"(60460.0, 87500.0]","(61812.893, 101799.419]"
49-9069,"Precision Instrument and Equipment Repairers, All Other",2024,70420.0,Very Low,Q4,"(60460.0, 87500.0]","(61812.893, 101799.419]"
49-9071,"Maintenance and Repair Workers, General",2024,52430.0,Very Low,Q3,"(40715.0, 60460.0]","(-inf, 61812.893]"
49-9081,Wind Turbine Service Technicians,2024,67580.0,Very Low,Q4,"(60460.0, 87500.0]","(61812.893, 101799.419]"
49-9091,"Coin, Vending, and Amusement Machine Servicers and Repairers",2024,48530.0,Very Low,Q2,"(40715.0, 60460.0]","(-inf, 61812.893]"
49-9092,Commercial Divers,2024,78110.0,Very Low,Q4,"(60460.0, 87500.0]","(61812.893, 101799.419]"
49-9094,Locksmiths and Safe Repairers,2024,55200.0,Very Low,Q3,"(40715.0, 60460.0]","(-inf, 61812.893]"
49-9095,Manufactured Building and Mobile Home Installers,2024,42620.0,Very Low,Q2,"(40715.0, 60460.0]","(-inf, 61812.893]"
49-9096,Riggers,2024,66600.0,Very Low,Q4,"(60460.0, 87500.0]","(61812.893, 101799.419]"
49-9097,Signal and Track Switch Repairers,2024,84940.0,Very Low,Q4,"(60460.0, 87500.0]","(61812.893, 101799.419]"
49-9098,"Helpers--Installation, Maintenance, and Repair Workers",2024,40750.0,Very Low,Q1,"(40715.0, 60460.0]","(-inf, 61812.893]"
49-9099,"Installation, Maintenance, and Repair Workers, All Other",2024,53270.0,Very Low,Q3,"(40715.0, 60460.0]","(-inf, 61812.893]"
51-1011,First-Line Supervisors of Production and Operating Workers,2024,74540.0,Very Low,Q4,"(60460.0, 87500.0]","(61812.893, 101799.419]"
51-2011,"Aircraft Structure, Surfaces, Rigging, and Systems Assemblers",2024,66510.0,Very Low,Q3,"(60460.0, 87500.0]","(61812.893, 101799.419]"
51-2021,"Coil Winders, Tapers, and Finishers",2024,48940.0,Very Low,Q2,"(40715.0, 60460.0]","(-inf, 61812.893]"
51-2028,"Electrical, Electronic, and Electromechanical Assemblers, Except Coil Winders, Tapers, and Finishers",2024,45930.0,Very Low,Q2,"(40715.0, 60460.0]","(-inf, 61812.893]"
51-2031,Engine and Other Machine Assemblers,2024,56040.0,Very Low,Q3,"(40715.0, 60460.0]","(-inf, 61812.893]"
51-2041,Structural Metal Fabricators and Fitters,2024,52740.0,Very Low,Q3,"(40715.0, 60460.0]","(-inf, 61812.893]"
51-2051,Fiberglass Laminators and Fabricators,2024,47320.0,Very Low,Q2,"(40715.0, 60460.0]","(-inf, 61812.893]"
51-2061,Timing Device Assemblers and Adjusters,2024,42410.0,Very Low,Q2,"(40715.0, 60460.0]","(-inf, 61812.893]"
51-2090,Miscellaneous Assemblers and Fabricators,2024,44860.0,Very Low,Q2,"(40715.0, 60460.0]","(-inf, 61812.893]"
51-3011,Bakers,2024,37670.0,Very Low,Q1,"(-inf, 40715.0]","(-inf, 61812.893]"
51-3021,Butchers and Meat Cutters,2024,41300.0,Very Low,Q1,"(40715.0, 60460.0]","(-inf, 61812.893]"
51-3022,"Meat, Poultry, and Fish Cutters and Trimmers",2024,38640.0,Very Low,Q1,"(-inf, 40715.0]","(-inf, 61812.893]"
51-3023,Slaughterers and Meat Packers,2024,40710.0,Very Low,Q1,"(-inf, 40715.0]","(-inf, 61812.893]"
51-3091,"Food and Tobacco Roasting, Baking, and Drying Machine Operators and Tenders",2024,44140.0,Very Low,Q2,"(40715.0, 60460.0]","(-inf, 61812.893]"
51-3092,Food Batchmakers,2024,42830.0,Very Low,Q2,"(40715.0, 60460.0]","(-inf, 61812.893]"
51-3093,Food Cooking Machine Operators and Tenders,2024,41930.0,Very Low,Q2,"(40715.0, 60460.0]","(-inf, 61812.893]"
51-3099,"Food Processing Workers, All Other",2024,39260.0,Very Low,Q1,"(-inf, 40715.0]","(-inf, 61812.893]"
51-4021,"Extruding and Drawing Machine Setters, Operators, and Tenders, Metal and Plastic",2024,48170.0,Very Low,Q2,"(40715.0, 60460.0]","(-inf, 61812.893]"
51-4022,"Forging Machine Setters, Operators, and Tenders, Metal and Plastic",2024,50900.0,Very Low,Q2,"(40715.0, 60460.0]","(-inf, 61812.893]"
51-4023,"Rolling Machine Setters, Operators, and Tenders, Metal and Plastic",2024,50940.0,Very Low,Q2,"(40715.0, 60460.0]","(-inf, 61812.893]"
51-4031,"Cutting, Punching, and Press Machine Setters, Operators, and Tenders, Metal and Plastic",2024,47060.0,Very Low,Q2,"(40715.0, 60460.0]","(-inf, 61812.893]"
51-4032,"Drilling and Boring Machine Tool Setters, Operators, and Tenders, Metal and Plastic",2024,50330.0,Very Low,Q2,"(40715.0, 60460.0]","(-inf, 61812.893]"
51-4033,"Grinding, Lapping, Polishing, and Buffing Machine Tool Setters, Operators, and Tenders, Metal and Plastic",2024,46600.0,Very Low,Q2,"(40715.0, 60460.0]","(-inf, 61812.893]"
51-4034,"Lathe and Turning Machine Tool Setters, Operators, and Tenders, Metal and Plastic",2024,50190.0,Very Low,Q2,"(40715.0, 60460.0]","(-inf, 61812.893]"
51-4035,"Milling and Planing Machine Setters, Operators, and Tenders, Metal and Plastic",2024,52940.0,Very Low,Q3,"(40715.0, 60460.0]","(-inf, 61812.893]"
51-4041,Machinists,2024,57390.0,Very Low,Q3,"(40715.0, 60460.0]","(-inf, 61812.893]"
51-4051,Metal-Refining Furnace Operators and Tenders,2024,57290.0,Very Low,Q3,"(40715.0, 60460.0]","(-inf, 61812.893]"
51-4052,"Pourers and Casters, Metal",2024,51320.0,Very Low,Q2,"(40715.0, 60460.0]","(-inf, 61812.893]"
51-4061,"Model Makers, Metal and Plastic",2024,65840.0,Very Low,Q3,"(60460.0, 87500.0]","(61812.893, 101799.419]"
51-4062,"Patternmakers, Metal and Plastic",2024,57930.0,Very Low,Q3,"(40715.0, 60460.0]","(-inf, 61812.893]"
51-4071,Foundry Mold and Coremakers,2024,46910.0,Very Low,Q2,"(40715.0, 60460.0]","(-inf, 61812.893]"
51-4072,"Molding, Coremaking, and Casting Machine Setters, Operators, and Tenders, Metal and Plastic",2024,44130.0,Very Low,Q2,"(40715.0, 60460.0]","(-inf, 61812.893]"
51-4081,"Multiple Machine Tool Setters, Operators, and Tenders, Metal and Plastic",2024,48590.0,Very Low,Q2,"(40715.0, 60460.0]","(-inf, 61812.893]"
51-4111,Tool and Die Makers,2024,65100.0,Very Low,Q3,"(60460.0, 87500.0]","(61812.893, 101799.419]"
51-4121,"Welders, Cutters, Solderers, and Brazers",2024,55100.0,Very Low,Q3,"(40715.0, 60460.0]","(-inf, 61812.893]"
51-4122,"Welding, Soldering, and Brazing Machine Setters, Operators, and Tenders",2024,49270.0,Very Low,Q2,"(40715.0, 60460.0]","(-inf, 61812.893]"
51-4191,"Heat Treating Equipment Setters, Operators, and Tenders, Metal and Plastic",2024,49030.0,Very Low,Q2,"(40715.0, 60460.0]","(-inf, 61812.893]"
51-4192,"Layout Workers, Metal and Plastic",2024,65770.0,Very Low,Q3,"(60460.0, 87500.0]","(61812.893, 101799.419]"
51-4193,"Plating Machine Setters, Operators, and Tenders, Metal and Plastic",2024,43820.0,Very Low,Q2,"(40715.0, 60460.0]","(-inf, 61812.893]"
51-4194,"Tool Grinders, Filers, and Sharpeners",2024,51790.0,Very Low,Q2,"(40715.0, 60460.0]","(-inf, 61812.893]"
51-4199,"Metal Workers and Plastic Workers, All Other",2024,45850.0,Very Low,Q2,"(40715.0, 60460.0]","(-inf, 61812.893]"
51-5111,Prepress Technicians and Workers,2024,49130.0,Very Low,Q2,"(40715.0, 60460.0]","(-inf, 61812.893]"
51-5112,Printing Press Operators,2024,46620.0,Very Low,Q2,"(40715.0, 60460.0]","(-inf, 61812.893]"
51-5113,Print Binding and Finishing Workers,2024,43040.0,Very Low,Q2,"(40715.0, 60460.0]","(-inf, 61812.893]"
51-6011,Laundry and Dry-Cleaning Workers,2024,33990.0,Very Low,Q1,"(-inf, 40715.0]","(-inf, 61812.893]"
51-6021,"Pressers, Textile, Garment, and Related Materials",2024,33370.0,Very Low,Q1,"(-inf, 40715.0]","(-inf, 61812.893]"
51-6031,Sewing Machine Operators,2024,36680.0,Very Low,Q1,"(-inf, 40715.0]","(-inf, 61812.893]"
51-6041,Shoe and Leather Workers and Repairers,2024,36280.0,Very Low,Q1,"(-inf, 40715.0]","(-inf, 61812.893]"
51-6042,Shoe Machine Operators and Tenders,2024,37230.0,Very Low,Q1,"(-inf, 40715.0]","(-inf, 61812.893]"
51-6051,"Sewers, Hand",2024,34810.0,Very Low,Q1,"(-inf, 40715.0]","(-inf, 61812.893]"
51-6052,"Tailors, Dressmakers, and Custom Sewers",2024,44050.0,Very Low,Q2,"(40715.0, 60460.0]","(-inf, 61812.893]"
51-6061,Textile Bleaching and Dyeing Machine Operators and Tenders,2024,39000.0,Very Low,Q1,"(-inf, 40715.0]","(-inf, 61812.893]"
51-6062,"Textile Cutting Machine Setters, Operators, and Tenders",2024,38500.0,Very Low,Q1,"(-inf, 40715.0]","(-inf, 61812.893]"
51-6063,"Textile Knitting and Weaving Machine Setters, Operators, and Tenders",2024,39470.0,Very Low,Q1,"(-inf, 40715.0]","(-inf, 61812.893]"
51-6064,"Textile Winding, Twisting, and Drawing Out Machine Setters, Operators, and Tenders",2024,38440.0,Very Low,Q1,"(-inf, 40715.0]","(-inf, 61812.893]"
51-6091,"Extruding and Forming Machine Setters, Operators, and Tenders, Synthetic and Glass Fibers",2024,47420.0,Very Low,Q2,"(40715.0, 60460.0]","(-inf, 61812.893]"
51-6092,Fabric and Apparel Patternmakers,2024,71630.0,Very Low,Q4,"(60460.0, 87500.0]","(61812.893, 101799.419]"
51-6093,Upholsterers,2024,46960.0,Very Low,Q2,"(40715.0, 60460.0]","(-inf, 61812.893]"
51-6099,"Textile, Apparel, and Furnishings Workers, All Other",2024,40410.0,Very Low,Q1,"(-inf, 40715.0]","(-inf, 61812.893]"
51-7011,Cabinetmakers and Bench Carpenters,2024,47460.0,Very Low,Q2,"(40715.0, 60460.0]","(-inf, 61812.893]"
51-7021,Furniture Finishers,2024,44310.0,Very Low,Q2,"(40715.0, 60460.0]","(-inf, 61812.893]"
51-7031,"Model Makers, Wood",2024,59780.0,Very Low,Q3,"(40715.0, 60460.0]","(-inf, 61812.893]"
51-7032,"Patternmakers, Wood",2024,57920.0,Very Low,Q3,"(40715.0, 60460.0]","(-inf, 61812.893]"
51-7041,"Sawing Machine Setters, Operators, and Tenders, Wood",2024,42390.0,Very Low,Q2,"(40715.0, 60460.0]","(-inf, 61812.893]"
51-7042,"Woodworking Machine Setters, Operators, and Tenders, Except Sawing",2024,42290.0,Very Low,Q2,"(40715.0, 60460.0]","(-inf, 61812.893]"
51-7099,"Woodworkers, All Other",2024,43730.0,Very Low,Q2,"(40715.0, 60460.0]","(-inf, 61812.893]"
51-8011,Nuclear Power Reactor Operators,2024,122830.0,Low,Q5,"(87500.0, 171905.0]","(101799.419, 179850.373]"
51-8012,Power Distributors and Dispatchers,2024,109620.0,Low,Q5,"(87500.0, 171905.0]","(101799.419, 179850.373]"
51-8013,Power Plant Operators,2024,95990.0,Very Low,Q5,"(87500.0, 171905.0]","(61812.893, 101799.419]"
51-8021,Stationary Engineers and Boiler Operators,2024,79710.0,Very Low,Q4,"(60460.0, 87500.0]","(61812.893, 101799.419]"
51-8031,Water and Wastewater Treatment Plant and System Operators,2024,60620.0,Very Low,Q3,"(60460.0, 87500.0]","(-inf, 61812.893]"
51-8091,Chemical Plant and System Operators,2024,76290.0,Very Low,Q4,"(60460.0, 87500.0]","(61812.893, 101799.419]"
51-8092,Gas Plant Operators,2024,85470.0,Very Low,Q4,"(60460.0, 87500.0]","(61812.893, 101799.419]"
51-8093,"Petroleum Pump System Operators, Refinery Operators, and Gaugers",2024,90970.0,Very Low,Q4,"(87500.0, 171905.0]","(61812.893, 101799.419]"
51-8099,"Plant and System Operators, All Other",2024,64490.0,Very Low,Q3,"(60460.0, 87500.0]","(61812.893, 101799.419]"
51-9011,Chemical Equipment Operators and Tenders,2024,59800.0,Very Low,Q3,"(40715.0, 60460.0]","(-inf, 61812.893]"
51-9012,"Separating, Filtering, Clarifying, Precipitating, and Still Machine Setters, Operators, and Tenders",2024,53830.0,Very Low,Q3,"(40715.0, 60460.0]","(-inf, 61812.893]"
51-9021,"Crushing, Grinding, and Polishing Machine Setters, Operators, and Tenders",2024,49400.0,Very Low,Q2,"(40715.0, 60460.0]","(-inf, 61812.893]"
51-9022,"Grinding and Polishing Workers, Hand",2024,43550.0,Very Low,Q2,"(40715.0, 60460.0]","(-inf, 61812.893]"
51-9023,"Mixing and Blending Machine Setters, Operators, and Tenders",2024,49990.0,Very Low,Q2,"(40715.0, 60460.0]","(-inf, 61812.893]"
51-9031,"Cutters and Trimmers, Hand",2024,41960.0,Very Low,Q2,"(40715.0, 60460.0]","(-inf, 61812.893]"
51-9032,"Cutting and Slicing Machine Setters, Operators, and Tenders",2024,46420.0,Very Low,Q2,"(40715.0, 60460.0]","(-inf, 61812.893]"
51-9041,"Extruding, Forming, Pressing, and Compacting Machine Setters, Operators, and Tenders",2024,47040.0,Very Low,Q2,"(40715.0, 60460.0]","(-inf, 61812.893]"
51-9051,"Furnace, Kiln, Oven, Drier, and Kettle Operators and Tenders",2024,49250.0,Very Low,Q2,"(40715.0, 60460.0]","(-inf, 61812.893]"
51-9061,"Inspectors, Testers, Sorters, Samplers, and Weighers",2024,51670.0,Very Low,Q2,"(40715.0, 60460.0]","(-inf, 61812.893]"
51-9071,Jewelers and Precious Stone and Metal Workers,2024,55030.0,Very Low,Q3,"(40715.0, 60460.0]","(-inf, 61812.893]"
51-9081,Dental Laboratory Technicians,2024,54060.0,Very Low,Q3,"(40715.0, 60460.0]","(-inf, 61812.893]"
51-9082,Medical Appliance Technicians,2024,51410.0,Very Low,Q2,"(40715.0, 60460.0]","(-inf, 61812.893]"
51-9083,Ophthalmic Laboratory Technicians,2024,41760.0,Very Low,Q2,"(40715.0, 60460.0]","(-inf, 61812.893]"
51-9111,Packaging and Filling Machine Operators and Tenders,2024,43630.0,Very Low,Q2,"(40715.0, 60460.0]","(-inf, 61812.893]"
51-9123,"Painting, Coating, and Decorating Workers",2024,44130.0,Very Low,Q2,"(40715.0, 60460.0]","(-inf, 61812.893]"
51-9124,"Coating, Painting, and Spraying Machine Setters, Operators, and Tenders",2024,51610.0,Very Low,Q2,"(40715.0, 60460.0]","(-inf, 61812.893]"
51-9141,Semiconductor Processing Technicians,2024,59640.0,Very Low,Q3,"(40715.0, 60460.0]","(-inf, 61812.893]"
51-9151,Photographic Process Workers and Processing Machine Operators,2024,46050.0,Very Low,Q2,"(40715.0, 60460.0]","(-inf, 61812.893]"
51-9161,Computer Numerically Controlled Tool Operators,2024,52900.0,Very Low,Q3,"(40715.0, 60460.0]","(-inf, 61812.893]"
51-9162,Computer Numerically Controlled Tool Programmers,2024,69880.0,Very Low,Q4,"(60460.0, 87500.0]","(61812.893, 101799.419]"
51-9191,Adhesive Bonding Machine Operators and Tenders,2024,45670.0,Very Low,Q2,"(40715.0, 60460.0]","(-inf, 61812.893]"
51-9192,"Cleaning, Washing, and Metal Pickling Equipment Operators and Tenders",2024,43380.0,Very Low,Q2,"(40715.0, 60460.0]","(-inf, 61812.893]"
51-9193,Cooling and Freezing Equipment Operators and Tenders,2024,44290.0,Very Low,Q2,"(40715.0, 60460.0]","(-inf, 61812.893]"
51-9194,Etchers and Engravers,2024,43280.0,Very Low,Q2,"(40715.0, 60460.0]","(-inf, 61812.893]"
51-9195,"Molders, Shapers, and Casters, Except Metal and Plastic",2024,46730.0,Very Low,Q2,"(40715.0, 60460.0]","(-inf, 61812.893]"
51-9196,"Paper Goods Machine Setters, Operators, and Tenders",2024,51750.0,Very Low,Q2,"(40715.0, 60460.0]","(-inf, 61812.893]"
51-9197,Tire Builders,2024,56230.0,Very Low,Q3,"(40715.0, 60460.0]","(-inf, 61812.893]"
51-9198,Helpers--Production Workers,2024,40080.0,Very Low,Q1,"(-inf, 40715.0]","(-inf, 61812.893]"
51-9199,"Production Workers, All Other",2024,42940.0,Very Low,Q2,"(40715.0, 60460.0]","(-inf, 61812.893]"
53-1041,Aircraft Cargo Handling Supervisors,2024,66190.0,Very Low,Q3,"(60460.0, 87500.0]","(61812.893, 101799.419]"
53-1047,"First-Line Supervisors of Transportation and Material Moving Workers, Except Aircraft Cargo Handling Supervisors",2024,65670.0,Very Low,Q3,"(60460.0, 87500.0]","(61812.893, 101799.419]"
53-2011,"Airline Pilots, Copilots, and Flight Engineers",2024,280570.0,High,Q5,"(171905.0, inf]","(179850.373, 294651.12]"
53-2012,Commercial Pilots,2024,142960.0,Low,Q5,"(87500.0, 171905.0]","(101799.419, 179850.373]"
53-2021,Air Traffic Controllers,2024,142740.0,Low,Q5,"(87500.0, 171905.0]","(101799.419, 179850.373]"
53-2022,Airfield Operations Specialists,2024,67120.0,Very Low,Q4,"(60460.0, 87500.0]","(61812.893, 101799.419]"
53-2031,Flight Attendants,2024,78950.0,Very Low,Q4,"(60460.0, 87500.0]","(61812.893, 101799.419]"
53-3011,"Ambulance Drivers and Attendants, Except Emergency Medical Technicians",2024,35550.0,Very Low,Q1,"(-inf, 40715.0]","(-inf, 61812.893]"
53-3031,Driver/Sales Workers,2024,39670.0,Very Low,Q1,"(-inf, 40715.0]","(-inf, 61812.893]"
53-3032,Heavy and Tractor-Trailer Truck Drivers,2024,58400.0,Very Low,Q3,"(40715.0, 60460.0]","(-inf, 61812.893]"
53-3033,Light Truck Drivers,2024,47950.0,Very Low,Q2,"(40715.0, 60460.0]","(-inf, 61812.893]"
53-3051,"Bus Drivers, School",2024,46660.0,Very Low,Q2,"(40715.0, 60460.0]","(-inf, 61812.893]"
53-3052,"Bus Drivers, Transit and Intercity",2024,58390.0,Very Low,Q3,"(40715.0, 60460.0]","(-inf, 61812.893]"
53-3053,Shuttle Drivers and Chauffeurs,2024,39070.0,Very Low,Q1,"(-inf, 40715.0]","(-inf, 61812.893]"
53-3054,Taxi Drivers,2024,39310.0,Very Low,Q1,"(-inf, 40715.0]","(-inf, 61812.893]"
53-3099,"Motor Vehicle Operators, All Other",2024,40980.0,Very Low,Q1,"(40715.0, 60460.0]","(-inf, 61812.893]"
53-4011,Locomotive Engineers,2024,81540.0,Very Low,Q4,"(60460.0, 87500.0]","(61812.893, 101799.419]"
53-4013,"Rail Yard Engineers, Dinkey Operators, and Hostlers",2024,60810.0,Very Low,Q3,"(60460.0, 87500.0]","(-inf, 61812.893]"
53-4022,"Railroad Brake, Signal, and Switch Operators and Locomotive Firers",2024,63170.0,Very Low,Q3,"(60460.0, 87500.0]","(61812.893, 101799.419]"
53-4031,Railroad Conductors and Yardmasters,2024,75490.0,Very Low,Q4,"(60460.0, 87500.0]","(61812.893, 101799.419]"
53-4041,Subway and Streetcar Operators,2024,75620.0,Very Low,Q4,"(60460.0, 87500.0]","(61812.893, 101799.419]"
53-4099,"Rail Transportation Workers, All Other",2024,53500.0,Very Low,Q3,"(40715.0, 60460.0]","(-inf, 61812.893]"
53-5011,Sailors and Marine Oilers,2024,55320.0,Very Low,Q3,"(40715.0, 60460.0]","(-inf, 61812.893]"
53-5021,"Captains, Mates, and Pilots of Water Vessels",2024,97660.0,Very Low,Q5,"(87500.0, 171905.0]","(61812.893, 101799.419]"
53-5022,Motorboat Operators,2024,55370.0,Very Low,Q3,"(40715.0, 60460.0]","(-inf, 61812.893]"
53-5031,Ship Engineers,2024,105600.0,Very Low,Q5,"(87500.0, 171905.0]","(101799.419, 179850.373]"
53-6011,Bridge and Lock Tenders,2024,56520.0,Very Low,Q3,"(40715.0, 60460.0]","(-inf, 61812.893]"
53-6021,Parking Attendants,2024,34190.0,Very Low,Q1,"(-inf, 40715.0]","(-inf, 61812.893]"
53-6031,Automotive and Watercraft Service Attendants,2024,35800.0,Very Low,Q1,"(-inf, 40715.0]","(-inf, 61812.893]"
53-6032,Aircraft Service Attendants,2024,43630.0,Very Low,Q2,"(40715.0, 60460.0]","(-inf, 61812.893]"
53-6041,Traffic Technicians,2024,61310.0,Very Low,Q3,"(60460.0, 87500.0]","(-inf, 61812.893]"
53-6051,Transportation Inspectors,2024,86490.0,Very Low,Q4,"(60460.0, 87500.0]","(61812.893, 101799.419]"
53-6061,Passenger Attendants,2024,38480.0,Very Low,Q1,"(-inf, 40715.0]","(-inf, 61812.893]"
53-6099,"Transportation Workers, All Other",2024,45040.0,Very Low,Q2,"(40715.0, 60460.0]","(-inf, 61812.893]"
53-7011,Conveyor Operators and Tenders,2024,44800.0,Very Low,Q2,"(40715.0, 60460.0]","(-inf, 61812.893]"
53-7021,Crane and Tower Operators,2024,71560.0,Very Low,Q4,"(60460.0, 87500.0]","(61812.893, 101799.419]"
53-7031,Dredge Operators,2024,55820.0,Very Low,Q3,"(40715.0, 60460.0]","(-inf, 61812.893]"
53-7041,Hoist and Winch Operators,2024,64070.0,Very Low,Q3,"(60460.0, 87500.0]","(61812.893, 101799.419]"
53-7051,Industrial Truck and Tractor Operators,2024,47830.0,Very Low,Q2,"(40715.0, 60460.0]","(-inf, 61812.893]"
53-7061,Cleaners of Vehicles and Equipment,2024,36290.0,Very Low,Q1,"(-inf, 40715.0]","(-inf, 61812.893]"
53-7062,"Laborers and Freight, Stock, and Material Movers, Hand",2024,41420.0,Very Low,Q1,"(40715.0, 60460.0]","(-inf, 61812.893]"
53-7063,Machine Feeders and Offbearers,2024,42840.0,Very Low,Q2,"(40715.0, 60460.0]","(-inf, 61812.893]"
53-7064,"Packers and Packagers, Hand",2024,36600.0,Very Low,Q1,"(-inf, 40715.0]","(-inf, 61812.893]"
53-7065,Stockers and Order Fillers,2024,38910.0,Very Low,Q1,"(-inf, 40715.0]","(-inf, 61812.893]"
53-7071,Gas Compressor and Gas Pumping Station Operators,2024,71750.0,Very Low,Q4,"(60460.0, 87500.0]","(61812.893, 101799.419]"
53-7072,"Pump Operators, Except Wellhead Pumpers",2024,61950.0,Very Low,Q3,"(60460.0, 87500.0]","(61812.893, 101799.419]"
53-7073,Wellhead Pumpers,2024,70070.0,Very Low,Q4,"(60460.0, 87500.0]","(61812.893, 101799.419]"
53-7081,Refuse and Recyclable Material Collectors,2024,51210.0,Very Low,Q2,"(40715.0, 60460.0]","(-inf, 61812.893]"
53-7121,"Tank Car, Truck, and Ship Loaders",2024,60010.0,Very Low,Q3,"(40715.0, 60460.0]","(-inf, 61812.893]"
53-7199,"Material Moving Workers, All Other",2024,46650.0,Very Low,Q2,"(40715.0, 60460.0]","(-inf, 61812.893]"
